t,name,wakeAlongAxis_cm_s,backgroundAlongAxis_cm_s,cycle
0.0167,JELLY_A,0.0000,0.4414,0.1352
0.0167,JELLY_B,0.0002,-0.2292,0.6161
0.0167,JELLY_C,0.0003,0.0718,0.3768
0.0333,JELLY_A,0.0000,0.4405,0.1404
0.0333,JELLY_B,0.0023,-0.2300,0.6222
0.0333,JELLY_C,0.0034,0.0712,0.3836
0.0500,JELLY_A,0.0000,0.4396,0.1456
0.0500,JELLY_B,0.0069,-0.2308,0.6283
0.0500,JELLY_C,0.0105,0.0706,0.3904
0.0667,JELLY_A,0.0000,0.4388,0.1507
0.0667,JELLY_B,0.0146,-0.2316,0.6344
0.0667,JELLY_C,0.0225,0.0700,0.3972
0.0833,JELLY_A,0.0000,0.4379,0.1559
0.0833,JELLY_B,0.0256,-0.2324,0.6405
0.0833,JELLY_C,0.0402,0.0694,0.4040
0.1000,JELLY_A,0.0000,0.4370,0.1611
0.1000,JELLY_B,0.0404,-0.2333,0.6466
0.1000,JELLY_C,0.0640,0.0688,0.4108
0.1167,JELLY_A,0.0000,0.4362,0.1663
0.1167,JELLY_B,0.0590,-0.2341,0.6527
0.1167,JELLY_C,0.0941,0.0683,0.4176
0.1333,JELLY_A,0.0000,0.4353,0.1715
0.1333,JELLY_B,0.0816,-0.2349,0.6588
0.1333,JELLY_C,0.1309,0.0677,0.4244
0.1500,JELLY_A,0.0000,0.4344,0.1767
0.1500,JELLY_B,0.1083,-0.2357,0.6649
0.1500,JELLY_C,0.1741,0.0671,0.4311
0.1667,JELLY_A,0.0000,0.4336,0.1818
0.1667,JELLY_B,0.1390,-0.2365,0.6709
0.1667,JELLY_C,0.2236,0.0665,0.4379
0.1833,JELLY_A,0.0000,0.4327,0.1870
0.1833,JELLY_B,0.1737,-0.2374,0.6770
0.1833,JELLY_C,0.2792,0.0659,0.4447
0.2000,JELLY_A,0.0000,0.4318,0.1922
0.2000,JELLY_B,0.2121,-0.2382,0.6831
0.2000,JELLY_C,0.3402,0.0653,0.4515
0.2167,JELLY_A,0.0000,0.4309,0.1974
0.2167,JELLY_B,0.2541,-0.2390,0.6892
0.2167,JELLY_C,0.4061,0.0647,0.4583
0.2333,JELLY_A,0.0000,0.4301,0.2026
0.2333,JELLY_B,0.2994,-0.2398,0.6953
0.2333,JELLY_C,0.4763,0.0641,0.4651
0.2500,JELLY_A,0.0000,0.4292,0.2078
0.2500,JELLY_B,0.3477,-0.2406,0.7014
0.2500,JELLY_C,0.5498,0.0635,0.4719
0.2667,JELLY_A,0.0000,0.4283,0.2129
0.2667,JELLY_B,0.3985,-0.2414,0.7075
0.2667,JELLY_C,0.6259,0.0630,0.4787
0.2833,JELLY_A,0.0000,0.4274,0.2181
0.2833,JELLY_B,0.4515,-0.2423,0.7136
0.2833,JELLY_C,0.7036,0.0624,0.4855
0.3000,JELLY_A,0.0000,0.4266,0.2233
0.3000,JELLY_B,0.5063,-0.2431,0.7196
0.3000,JELLY_C,0.7818,0.0618,0.4923
0.3167,JELLY_A,0.0000,0.4257,0.2285
0.3167,JELLY_B,0.5622,-0.2439,0.7257
0.3167,JELLY_C,0.8596,0.0612,0.4990
0.3333,JELLY_A,0.0000,0.4248,0.2337
0.3333,JELLY_B,0.6189,-0.2447,0.7318
0.3333,JELLY_C,0.9359,0.0606,0.5058
0.3500,JELLY_A,0.0000,0.4239,0.2388
0.3500,JELLY_B,0.6757,-0.2455,0.7379
0.3500,JELLY_C,1.0095,0.0600,0.5126
0.3667,JELLY_A,0.0000,0.4231,0.2440
0.3667,JELLY_B,0.7321,-0.2463,0.7440
0.3667,JELLY_C,1.0795,0.0594,0.5194
0.3833,JELLY_A,0.0000,0.4222,0.2492
0.3833,JELLY_B,0.7874,-0.2472,0.7501
0.3833,JELLY_C,1.1447,0.0588,0.5262
0.4000,JELLY_A,0.0000,0.4213,0.2544
0.4000,JELLY_B,0.8412,-0.2480,0.7561
0.4000,JELLY_C,1.2041,0.0582,0.5330
0.4167,JELLY_A,0.0000,0.4204,0.2596
0.4167,JELLY_B,0.8927,-0.2488,0.7622
0.4167,JELLY_C,1.2566,0.0577,0.5397
0.4333,JELLY_A,0.0000,0.4195,0.2647
0.4333,JELLY_B,0.9414,-0.2496,0.7683
0.4333,JELLY_C,1.3014,0.0571,0.5465
0.4500,JELLY_A,0.0000,0.4187,0.2699
0.4500,JELLY_B,0.9867,-0.2504,0.7744
0.4500,JELLY_C,1.3374,0.0565,0.5533
0.4667,JELLY_A,0.0000,0.4178,0.2751
0.4667,JELLY_B,1.0279,-0.2512,0.7805
0.4667,JELLY_C,1.3639,0.0559,0.5601
0.4833,JELLY_A,0.0000,0.4169,0.2803
0.4833,JELLY_B,1.0645,-0.2520,0.7865
0.4833,JELLY_C,1.3801,0.0553,0.5669
0.5000,JELLY_A,0.0000,0.4160,0.2855
0.5000,JELLY_B,1.0959,-0.2528,0.7926
0.5000,JELLY_C,1.3852,0.0547,0.5737
0.5167,JELLY_A,0.0000,0.4151,0.2906
0.5167,JELLY_B,1.1214,-0.2536,0.7987
0.5167,JELLY_C,1.3842,0.0541,0.5804
0.5333,JELLY_A,0.0000,0.4143,0.2958
0.5333,JELLY_B,1.1406,-0.2545,0.8048
0.5333,JELLY_C,1.3813,0.0535,0.5872
0.5500,JELLY_A,0.0000,0.4134,0.3010
0.5500,JELLY_B,1.1530,-0.2553,0.8108
0.5500,JELLY_C,1.3765,0.0529,0.5940
0.5667,JELLY_A,0.0000,0.4125,0.3062
0.5667,JELLY_B,1.1595,-0.2561,0.8169
0.5667,JELLY_C,1.3699,0.0523,0.6008
0.5833,JELLY_A,0.0000,0.4116,0.3114
0.5833,JELLY_B,1.1647,-0.2569,0.8230
0.5833,JELLY_C,1.3615,0.0517,0.6076
0.6000,JELLY_A,0.0000,0.4107,0.3165
0.6000,JELLY_B,1.1689,-0.2577,0.8291
0.6000,JELLY_C,1.3516,0.0511,0.6143
0.6167,JELLY_A,0.0000,0.4098,0.3217
0.6167,JELLY_B,1.1720,-0.2585,0.8351
0.6167,JELLY_C,1.3401,0.0505,0.6211
0.6333,JELLY_A,0.0000,0.4090,0.3269
0.6333,JELLY_B,1.1741,-0.2593,0.8412
0.6333,JELLY_C,1.3271,0.0499,0.6279
0.6500,JELLY_A,0.0000,0.4081,0.3321
0.6500,JELLY_B,1.1752,-0.2601,0.8473
0.6500,JELLY_C,1.3128,0.0493,0.6347
0.6667,JELLY_A,0.0000,0.4072,0.3372
0.6667,JELLY_B,1.1754,-0.2609,0.8533
0.6667,JELLY_C,1.2971,0.0487,0.6414
0.6833,JELLY_A,0.0000,0.4063,0.3424
0.6833,JELLY_B,1.1747,-0.2617,0.8594
0.6833,JELLY_C,1.2803,0.0481,0.6482
0.7000,JELLY_A,0.0000,0.4054,0.3476
0.7000,JELLY_B,1.1731,-0.2625,0.8655
0.7000,JELLY_C,1.2623,0.0475,0.6550
0.7167,JELLY_A,0.0000,0.4045,0.3528
0.7167,JELLY_B,1.1706,-0.2633,0.8715
0.7167,JELLY_C,1.2433,0.0469,0.6618
0.7333,JELLY_A,0.0000,0.4036,0.3579
0.7333,JELLY_B,1.1672,-0.2641,0.8776
0.7333,JELLY_C,1.2233,0.0463,0.6685
0.7500,JELLY_A,0.0000,0.4028,0.3631
0.7500,JELLY_B,1.1630,-0.2649,0.8837
0.7500,JELLY_C,1.2025,0.0457,0.6753
0.7667,JELLY_A,0.0000,0.4019,0.3683
0.7667,JELLY_B,1.1581,-0.2657,0.8897
0.7667,JELLY_C,1.1809,0.0451,0.6821
0.7833,JELLY_A,0.0000,0.4010,0.3735
0.7833,JELLY_B,1.1524,-0.2665,0.8958
0.7833,JELLY_C,1.1585,0.0445,0.6888
0.8000,JELLY_A,0.0000,0.4001,0.3786
0.8000,JELLY_B,1.1460,-0.2673,0.9019
0.8000,JELLY_C,1.1356,0.0439,0.6956
0.8167,JELLY_A,0.0000,0.3992,0.3838
0.8167,JELLY_B,1.1389,-0.2681,0.9079
0.8167,JELLY_C,1.1120,0.0433,0.7024
0.8333,JELLY_A,0.0000,0.3983,0.3890
0.8333,JELLY_B,1.1311,-0.2689,0.9140
0.8333,JELLY_C,1.0880,0.0427,0.7091
0.8500,JELLY_A,0.0000,0.3974,0.3942
0.8500,JELLY_B,1.1227,-0.2697,0.9200
0.8500,JELLY_C,1.0636,0.0421,0.7159
0.8667,JELLY_A,0.0000,0.3965,0.3993
0.8667,JELLY_B,1.1137,-0.2705,0.9261
0.8667,JELLY_C,1.0388,0.0414,0.7227
0.8833,JELLY_A,0.0000,0.3956,0.4045
0.8833,JELLY_B,1.1041,-0.2713,0.9322
0.8833,JELLY_C,1.0137,0.0408,0.7294
0.9000,JELLY_A,0.0000,0.3947,0.4097
0.9000,JELLY_B,1.0939,-0.2721,0.9382
0.9000,JELLY_C,0.9885,0.0402,0.7362
0.9167,JELLY_A,0.0000,0.3938,0.4149
0.9167,JELLY_B,1.0833,-0.2729,0.9443
0.9167,JELLY_C,0.9630,0.0396,0.7430
0.9333,JELLY_A,0.0000,0.3930,0.4200
0.9333,JELLY_B,1.0722,-0.2737,0.9503
0.9333,JELLY_C,0.9375,0.0390,0.7497
0.9500,JELLY_A,0.0000,0.3921,0.4252
0.9500,JELLY_B,1.0606,-0.2744,0.9564
0.9500,JELLY_C,0.9119,0.0384,0.7565
0.9667,JELLY_A,0.0000,0.3912,0.4304
0.9667,JELLY_B,1.0486,-0.2752,0.9625
0.9667,JELLY_C,0.8863,0.0378,0.7633
0.9833,JELLY_A,0.0000,0.3903,0.4356
0.9833,JELLY_B,1.0362,-0.2760,0.9685
0.9833,JELLY_C,0.8607,0.0372,0.7700
1.0000,JELLY_A,0.0000,0.3894,0.4407
1.0000,JELLY_B,1.0234,-0.2768,0.9746
1.0000,JELLY_C,0.8352,0.0366,0.7768
1.0167,JELLY_A,0.0000,0.3885,0.4459
1.0167,JELLY_B,1.0103,-0.2776,0.9806
1.0167,JELLY_C,0.8099,0.0360,0.7836
1.0333,JELLY_A,0.0000,0.3876,0.4511
1.0333,JELLY_B,0.9968,-0.2784,0.9867
1.0333,JELLY_C,0.7847,0.0353,0.7903
1.0500,JELLY_A,0.0000,0.3867,0.4562
1.0500,JELLY_B,0.9831,-0.2792,0.9927
1.0500,JELLY_C,0.7597,0.0347,0.7971
1.0667,JELLY_A,0.0000,0.3858,0.4614
1.0667,JELLY_B,0.9691,-0.2800,0.9988
1.0667,JELLY_C,0.7349,0.0341,0.8038
1.0833,JELLY_A,0.0000,0.3849,0.4666
1.0833,JELLY_B,0.9566,-0.2807,0.0048
1.0833,JELLY_C,0.7104,0.0335,0.8106
1.1000,JELLY_A,0.0000,0.3840,0.4718
1.1000,JELLY_B,0.9557,-0.2815,0.0109
1.1000,JELLY_C,0.6861,0.0329,0.8174
1.1167,JELLY_A,0.0000,0.3831,0.4769
1.1167,JELLY_B,0.9677,-0.2823,0.0169
1.1167,JELLY_C,0.6622,0.0323,0.8241
1.1333,JELLY_A,0.0000,0.3822,0.4821
1.1333,JELLY_B,0.9921,-0.2831,0.0230
1.1333,JELLY_C,0.6386,0.0317,0.8309
1.1500,JELLY_A,0.0000,0.3813,0.4873
1.1500,JELLY_B,1.0281,-0.2838,0.0290
1.1500,JELLY_C,0.6154,0.0311,0.8376
1.1667,JELLY_A,0.0000,0.3804,0.4925
1.1667,JELLY_B,1.0753,-0.2846,0.0351
1.1667,JELLY_C,0.5925,0.0304,0.8444
1.1833,JELLY_A,0.0000,0.3795,0.4976
1.1833,JELLY_B,1.1328,-0.2853,0.0411
1.1833,JELLY_C,0.5700,0.0298,0.8511
1.2000,JELLY_A,0.0000,0.3786,0.5028
1.2000,JELLY_B,1.2000,-0.2860,0.0472
1.2000,JELLY_C,0.5479,0.0292,0.8579
1.2167,JELLY_A,0.0000,0.3777,0.5080
1.2167,JELLY_B,1.2760,-0.2867,0.0532
1.2167,JELLY_C,0.5262,0.0286,0.8646
1.2333,JELLY_A,0.0000,0.3768,0.5131
1.2333,JELLY_B,1.3600,-0.2874,0.0593
1.2333,JELLY_C,0.5049,0.0280,0.8714
1.2500,JELLY_A,0.0000,0.3759,0.5183
1.2500,JELLY_B,1.4513,-0.2881,0.0653
1.2500,JELLY_C,0.4840,0.0274,0.8781
1.2667,JELLY_A,0.0000,0.3750,0.5235
1.2667,JELLY_B,1.5487,-0.2887,0.0713
1.2667,JELLY_C,0.4636,0.0268,0.8849
1.2833,JELLY_A,0.0000,0.3741,0.5286
1.2833,JELLY_B,1.6516,-0.2893,0.0774
1.2833,JELLY_C,0.4436,0.0261,0.8916
1.3000,JELLY_A,0.0000,0.3732,0.5338
1.3000,JELLY_B,1.7587,-0.2899,0.0834
1.3000,JELLY_C,0.4241,0.0255,0.8984
1.3167,JELLY_A,0.0000,0.3723,0.5390
1.3167,JELLY_B,1.8693,-0.2905,0.0895
1.3167,JELLY_C,0.4050,0.0249,0.9051
1.3333,JELLY_A,0.0000,0.3714,0.5442
1.3333,JELLY_B,1.9822,-0.2911,0.0955
1.3333,JELLY_C,0.3864,0.0243,0.9119
1.3500,JELLY_A,0.0000,0.3705,0.5493
1.3500,JELLY_B,2.0965,-0.2916,0.1016
1.3500,JELLY_C,0.3682,0.0237,0.9186
1.3667,JELLY_A,0.0000,0.3696,0.5545
1.3667,JELLY_B,2.2110,-0.2921,0.1076
1.3667,JELLY_C,0.3504,0.0231,0.9254
1.3833,JELLY_A,0.0000,0.3687,0.5597
1.3833,JELLY_B,2.3247,-0.2926,0.1136
1.3833,JELLY_C,0.3331,0.0225,0.9321
1.4000,JELLY_A,0.0000,0.3678,0.5648
1.4000,JELLY_B,2.4366,-0.2931,0.1197
1.4000,JELLY_C,0.3163,0.0219,0.9389
1.4167,JELLY_A,0.0000,0.3669,0.5700
1.4167,JELLY_B,2.5456,-0.2936,0.1257
1.4167,JELLY_C,0.2998,0.0212,0.9456
1.4333,JELLY_A,0.0000,0.3660,0.5752
1.4333,JELLY_B,2.6505,-0.2940,0.1317
1.4333,JELLY_C,0.2839,0.0206,0.9524
1.4500,JELLY_A,0.0000,0.3651,0.5803
1.4500,JELLY_B,2.7503,-0.2944,0.1378
1.4500,JELLY_C,0.2683,0.0200,0.9591
1.4667,JELLY_A,0.0000,0.3642,0.5855
1.4667,JELLY_B,2.8440,-0.2948,0.1438
1.4667,JELLY_C,0.2532,0.0194,0.9658
1.4833,JELLY_A,0.0000,0.3633,0.5907
1.4833,JELLY_B,2.9305,-0.2952,0.1498
1.4833,JELLY_C,0.2386,0.0188,0.9726
1.5000,JELLY_A,0.0000,0.3624,0.5959
1.5000,JELLY_B,3.0087,-0.2956,0.1559
1.5000,JELLY_C,0.2243,0.0182,0.9793
1.5167,JELLY_A,0.0000,0.3615,0.6010
1.5167,JELLY_B,3.0776,-0.2960,0.1619
1.5167,JELLY_C,0.2105,0.0176,0.9861
1.5333,JELLY_A,0.0000,0.3606,0.6062
1.5333,JELLY_B,3.1363,-0.2963,0.1679
1.5333,JELLY_C,0.1970,0.0170,0.9928
1.5500,JELLY_A,0.0000,0.3597,0.6114
1.5500,JELLY_B,3.1836,-0.2966,0.1740
1.5500,JELLY_C,0.1840,0.0163,0.9995
1.5667,JELLY_A,0.0000,0.3588,0.6165
1.5667,JELLY_B,3.2188,-0.2970,0.1800
1.5667,JELLY_C,0.1738,0.0157,0.0063
1.5833,JELLY_A,0.0000,0.3579,0.6217
1.5833,JELLY_B,3.2409,-0.2973,0.1860
1.5833,JELLY_C,0.1803,0.0151,0.0130
1.6000,JELLY_A,0.0000,0.3570,0.6269
1.6000,JELLY_B,3.2489,-0.2976,0.1921
1.6000,JELLY_C,0.2055,0.0146,0.0197
1.6167,JELLY_A,0.0000,0.3560,0.6320
1.6167,JELLY_B,3.2422,-0.2980,0.1981
1.6167,JELLY_C,0.2486,0.0140,0.0265
1.6333,JELLY_A,0.0000,0.3551,0.6372
1.6333,JELLY_B,3.2200,-0.2983,0.2041
1.6333,JELLY_C,0.3086,0.0135,0.0332
1.6500,JELLY_A,0.0000,0.3542,0.6424
1.6500,JELLY_B,3.1847,-0.2986,0.2102
1.6500,JELLY_C,0.3846,0.0130,0.0399
1.6667,JELLY_A,0.0000,0.3533,0.6475
1.6667,JELLY_B,3.1381,-0.2990,0.2162
1.6667,JELLY_C,0.4756,0.0125,0.0467
1.6833,JELLY_A,0.0000,0.3524,0.6527
1.6833,JELLY_B,3.0814,-0.2993,0.2222
1.6833,JELLY_C,0.5802,0.0121,0.0534
1.7000,JELLY_A,0.0000,0.3515,0.6579
1.7000,JELLY_B,3.0153,-0.2996,0.2282
1.7000,JELLY_C,0.6972,0.0118,0.0601
1.7167,JELLY_A,0.0000,0.3506,0.6630
1.7167,JELLY_B,2.9410,-0.3000,0.2343
1.7167,JELLY_C,0.8251,0.0115,0.0669
1.7333,JELLY_A,0.0000,0.3497,0.6682
1.7333,JELLY_B,2.8593,-0.3003,0.2403
1.7333,JELLY_C,0.9624,0.0112,0.0736
1.7500,JELLY_A,0.0000,0.3488,0.6734
1.7500,JELLY_B,2.7711,-0.3007,0.2463
1.7500,JELLY_C,1.1075,0.0110,0.0803
1.7667,JELLY_A,0.0000,0.3479,0.6786
1.7667,JELLY_B,2.6773,-0.3010,0.2523
1.7667,JELLY_C,1.2587,0.0109,0.0871
1.7833,JELLY_A,0.0000,0.3470,0.6837
1.7833,JELLY_B,2.5788,-0.3013,0.2584
1.7833,JELLY_C,1.4143,0.0108,0.0938
1.8000,JELLY_A,0.0000,0.3461,0.6889
1.8000,JELLY_B,2.4763,-0.3017,0.2644
1.8000,JELLY_C,1.5726,0.0108,0.1005
1.8167,JELLY_A,0.0000,0.3451,0.6941
1.8167,JELLY_B,2.3707,-0.3020,0.2704
1.8167,JELLY_C,1.7315,0.0109,0.1072
1.8333,JELLY_A,0.0000,0.3442,0.6992
1.8333,JELLY_B,2.2627,-0.3024,0.2764
1.8333,JELLY_C,1.8894,0.0110,0.1140
1.8500,JELLY_A,0.0000,0.3433,0.7044
1.8500,JELLY_B,2.1530,-0.3028,0.2824
1.8500,JELLY_C,2.0444,0.0112,0.1207
1.8667,JELLY_A,0.0000,0.3424,0.7096
1.8667,JELLY_B,2.0425,-0.3031,0.2885
1.8667,JELLY_C,2.1945,0.0114,0.1274
1.8833,JELLY_A,0.0000,0.3415,0.7147
1.8833,JELLY_B,1.9317,-0.3035,0.2945
1.8833,JELLY_C,2.3379,0.0117,0.1341
1.9000,JELLY_A,0.0000,0.3406,0.7199
1.9000,JELLY_B,1.8214,-0.3038,0.3005
1.9000,JELLY_C,2.4728,0.0120,0.1409
1.9167,JELLY_A,0.0000,0.3397,0.7251
1.9167,JELLY_B,1.7122,-0.3042,0.3065
1.9167,JELLY_C,2.5974,0.0123,0.1476
1.9333,JELLY_A,0.0000,0.3388,0.7302
1.9333,JELLY_B,1.6047,-0.3046,0.3125
1.9333,JELLY_C,2.7099,0.0127,0.1543
1.9500,JELLY_A,0.0000,0.3379,0.7354
1.9500,JELLY_B,1.4995,-0.3049,0.3185
1.9500,JELLY_C,2.8087,0.0132,0.1610
1.9667,JELLY_A,0.0000,0.3369,0.7406
1.9667,JELLY_B,1.3973,-0.3053,0.3246
1.9667,JELLY_C,2.8921,0.0136,0.1677
1.9833,JELLY_A,0.0000,0.3360,0.7457
1.9833,JELLY_B,1.2986,-0.3057,0.3306
1.9833,JELLY_C,2.9588,0.0141,0.1744
2.0000,JELLY_A,0.0000,0.3351,0.7509
2.0000,JELLY_B,1.2038,-0.3061,0.3366
2.0000,JELLY_C,3.0072,0.0146,0.1812
2.0167,JELLY_A,0.0000,0.3342,0.7561
2.0167,JELLY_B,1.1136,-0.3064,0.3426
2.0167,JELLY_C,3.0361,0.0151,0.1879
2.0333,JELLY_A,0.0000,0.3333,0.7612
2.0333,JELLY_B,1.0285,-0.3068,0.3486
2.0333,JELLY_C,3.0444,0.0156,0.1946
2.0500,JELLY_A,0.0000,0.3324,0.7664
2.0500,JELLY_B,0.9488,-0.3072,0.3546
2.0500,JELLY_C,3.0309,0.0161,0.2013
2.0667,JELLY_A,0.0000,0.3315,0.7716
2.0667,JELLY_B,0.8752,-0.3076,0.3606
2.0667,JELLY_C,2.9938,0.0165,0.2080
2.0833,JELLY_A,0.0000,0.3306,0.7767
2.0833,JELLY_B,0.8079,-0.3080,0.3666
2.0833,JELLY_C,2.9398,0.0170,0.2147
2.1000,JELLY_A,0.0000,0.3296,0.7819
2.1000,JELLY_B,0.7475,-0.3084,0.3726
2.1000,JELLY_C,2.8707,0.0174,0.2214
2.1167,JELLY_A,0.0000,0.3287,0.7871
2.1167,JELLY_B,0.6943,-0.3088,0.3787
2.1167,JELLY_C,2.7884,0.0179,0.2281
2.1333,JELLY_A,0.0000,0.3278,0.7922
2.1333,JELLY_B,0.6487,-0.3091,0.3847
2.1333,JELLY_C,2.6942,0.0183,0.2349
2.1500,JELLY_A,0.0000,0.3269,0.7974
2.1500,JELLY_B,0.6112,-0.3095,0.3907
2.1500,JELLY_C,2.5898,0.0187,0.2416
2.1667,JELLY_A,0.0000,0.3260,0.8026
2.1667,JELLY_B,0.5819,-0.3099,0.3967
2.1667,JELLY_C,2.4765,0.0191,0.2483
2.1833,JELLY_A,0.0000,0.3251,0.8077
2.1833,JELLY_B,0.5609,-0.3103,0.4027
2.1833,JELLY_C,2.3559,0.0195,0.2550
2.2000,JELLY_A,0.0000,0.3242,0.8129
2.2000,JELLY_B,0.5419,-0.3107,0.4087
2.2000,JELLY_C,2.2292,0.0199,0.2617
2.2167,JELLY_A,0.0000,0.3232,0.8181
2.2167,JELLY_B,0.5229,-0.3111,0.4147
2.2167,JELLY_C,2.0977,0.0203,0.2684
2.2333,JELLY_A,0.0000,0.3223,0.8232
2.2333,JELLY_B,0.5040,-0.3115,0.4207
2.2333,JELLY_C,1.9627,0.0206,0.2751
2.2500,JELLY_A,0.0000,0.3214,0.8284
2.2500,JELLY_B,0.4852,-0.3120,0.4267
2.2500,JELLY_C,1.8255,0.0210,0.2818
2.2667,JELLY_A,0.0000,0.3205,0.8336
2.2667,JELLY_B,0.4665,-0.3124,0.4327
2.2667,JELLY_C,1.6871,0.0213,0.2885
2.2833,JELLY_A,0.0000,0.3196,0.8387
2.2833,JELLY_B,0.4479,-0.3128,0.4387
2.2833,JELLY_C,1.5486,0.0217,0.2952
2.3000,JELLY_A,0.0000,0.3187,0.8439
2.3000,JELLY_B,0.4294,-0.3132,0.4447
2.3000,JELLY_C,1.4112,0.0220,0.3019
2.3167,JELLY_A,0.0000,0.3177,0.8491
2.3167,JELLY_B,0.4111,-0.3136,0.4507
2.3167,JELLY_C,1.2759,0.0223,0.3086
2.3333,JELLY_A,0.0000,0.3168,0.8542
2.3333,JELLY_B,0.3929,-0.3140,0.4567
2.3333,JELLY_C,1.1435,0.0226,0.3153
2.3500,JELLY_A,0.0000,0.3159,0.8594
2.3500,JELLY_B,0.3749,-0.3144,0.4627
2.3500,JELLY_C,1.0151,0.0229,0.3220
2.3667,JELLY_A,0.0000,0.3150,0.8646
2.3667,JELLY_B,0.3570,-0.3149,0.4687
2.3667,JELLY_C,0.8914,0.0232,0.3287
2.3833,JELLY_A,0.0000,0.3141,0.8697
2.3833,JELLY_B,0.3393,-0.3153,0.4747
2.3833,JELLY_C,0.7734,0.0235,0.3354
2.4000,JELLY_A,0.0000,0.3132,0.8749
2.4000,JELLY_B,0.3218,-0.3157,0.4807
2.4000,JELLY_C,0.6619,0.0237,0.3421
2.4167,JELLY_A,0.0000,0.3122,0.8801
2.4167,JELLY_B,0.3045,-0.3161,0.4867
2.4167,JELLY_C,0.5575,0.0240,0.3488
2.4333,JELLY_A,0.0000,0.3113,0.8852
2.4333,JELLY_B,0.2874,-0.3166,0.4927
2.4333,JELLY_C,0.4610,0.0242,0.3555
2.4500,JELLY_A,0.0000,0.3104,0.8904
2.4500,JELLY_B,0.2705,-0.3170,0.4987
2.4500,JELLY_C,0.3730,0.0245,0.3622
2.4667,JELLY_A,0.0000,0.3095,0.8956
2.4667,JELLY_B,0.2538,-0.3174,0.5047
2.4667,JELLY_C,0.2943,0.0247,0.3689
2.4833,JELLY_A,0.0000,0.3086,0.9007
2.4833,JELLY_B,0.2373,-0.3179,0.5107
2.4833,JELLY_C,0.2253,0.0249,0.3755
2.5000,JELLY_A,0.0000,0.3077,0.9059
2.5000,JELLY_B,0.2211,-0.3183,0.5167
2.5000,JELLY_C,0.1667,0.0251,0.3822
2.5167,JELLY_A,0.0000,0.3067,0.9111
2.5167,JELLY_B,0.2050,-0.3187,0.5227
2.5167,JELLY_C,0.1189,0.0253,0.3889
2.5333,JELLY_A,0.0000,0.3058,0.9163
2.5333,JELLY_B,0.1892,-0.3192,0.5287
2.5333,JELLY_C,0.0825,0.0255,0.3956
2.5500,JELLY_A,0.0000,0.3049,0.9214
2.5500,JELLY_B,0.1736,-0.3196,0.5347
2.5500,JELLY_C,0.0576,0.0257,0.4023
2.5667,JELLY_A,0.0000,0.3040,0.9266
2.5667,JELLY_B,0.1583,-0.3201,0.5407
2.5667,JELLY_C,0.0368,0.0259,0.4090
2.5833,JELLY_A,0.0000,0.3031,0.9318
2.5833,JELLY_B,0.1431,-0.3205,0.5467
2.5833,JELLY_C,0.0163,0.0261,0.4157
2.6000,JELLY_A,0.0000,0.3022,0.9369
2.6000,JELLY_B,0.1282,-0.3210,0.5527
2.6000,JELLY_C,-0.0037,0.0262,0.4224
2.6167,JELLY_A,0.0000,0.3012,0.9421
2.6167,JELLY_B,0.1136,-0.3214,0.5587
2.6167,JELLY_C,-0.0233,0.0264,0.4290
2.6333,JELLY_A,0.0000,0.3003,0.9473
2.6333,JELLY_B,0.0991,-0.3219,0.5646
2.6333,JELLY_C,-0.0425,0.0266,0.4357
2.6500,JELLY_A,0.0000,0.2994,0.9524
2.6500,JELLY_B,0.0850,-0.3223,0.5706
2.6500,JELLY_C,-0.0612,0.0267,0.4424
2.6667,JELLY_A,0.0000,0.2985,0.9576
2.6667,JELLY_B,0.0710,-0.3228,0.5766
2.6667,JELLY_C,-0.0795,0.0268,0.4491
2.6833,JELLY_A,0.0000,0.2976,0.9628
2.6833,JELLY_B,0.0573,-0.3232,0.5826
2.6833,JELLY_C,-0.0973,0.0270,0.4558
2.7000,JELLY_A,0.0000,0.2966,0.9679
2.7000,JELLY_B,0.0438,-0.3237,0.5886
2.7000,JELLY_C,-0.1146,0.0271,0.4624
2.7167,JELLY_A,0.0000,0.2957,0.9731
2.7167,JELLY_B,0.0306,-0.3242,0.5946
2.7167,JELLY_C,-0.1314,0.0272,0.4691
2.7333,JELLY_A,0.0000,0.2948,0.9783
2.7333,JELLY_B,0.0176,-0.3246,0.6006
2.7333,JELLY_C,-0.1477,0.0273,0.4758
2.7500,JELLY_A,0.0000,0.2939,0.9834
2.7500,JELLY_B,0.0048,-0.3251,0.6066
2.7500,JELLY_C,-0.1636,0.0274,0.4825
2.7667,JELLY_A,0.0000,0.2930,0.9886
2.7667,JELLY_B,-0.0077,-0.3256,0.6126
2.7667,JELLY_C,-0.1790,0.0275,0.4892
2.7833,JELLY_A,0.0000,0.2921,0.9938
2.7833,JELLY_B,-0.0200,-0.3260,0.6185
2.7833,JELLY_C,-0.1939,0.0275,0.4958
2.8000,JELLY_A,0.0000,0.2911,0.9989
2.8000,JELLY_B,-0.0320,-0.3265,0.6245
2.8000,JELLY_C,-0.2084,0.0276,0.5025
2.8167,JELLY_A,0.0011,0.2902,0.0041
2.8167,JELLY_B,-0.0438,-0.3270,0.6305
2.8167,JELLY_C,-0.2223,0.0277,0.5092
2.8333,JELLY_A,0.0095,0.2893,0.0093
2.8333,JELLY_B,-0.0554,-0.3275,0.6365
2.8333,JELLY_C,-0.2358,0.0277,0.5158
2.8500,JELLY_A,0.0259,0.2884,0.0145
2.8500,JELLY_B,-0.0667,-0.3279,0.6425
2.8500,JELLY_C,-0.2489,0.0278,0.5225
2.8667,JELLY_A,0.0501,0.2875,0.0196
2.8667,JELLY_B,-0.0777,-0.3284,0.6485
2.8667,JELLY_C,-0.2615,0.0278,0.5292
2.8833,JELLY_A,0.0816,0.2867,0.0248
2.8833,JELLY_B,-0.0886,-0.3289,0.6544
2.8833,JELLY_C,-0.2737,0.0278,0.5359
2.9000,JELLY_A,0.1200,0.2858,0.0300
2.9000,JELLY_B,-0.0991,-0.3294,0.6604
2.9000,JELLY_C,-0.2855,0.0279,0.5425
2.9167,JELLY_A,0.1648,0.2850,0.0351
2.9167,JELLY_B,-0.1095,-0.3299,0.6664
2.9167,JELLY_C,-0.2968,0.0279,0.5492
2.9333,JELLY_A,0.2158,0.2843,0.0403
2.9333,JELLY_B,-0.1196,-0.3303,0.6724
2.9333,JELLY_C,-0.3077,0.0279,0.5559
2.9500,JELLY_A,0.2723,0.2835,0.0455
2.9500,JELLY_B,-0.1295,-0.3308,0.6784
2.9500,JELLY_C,-0.3183,0.0279,0.5625
2.9667,JELLY_A,0.3341,0.2829,0.0506
2.9667,JELLY_B,-0.1392,-0.3313,0.6844
2.9667,JELLY_C,-0.3284,0.0279,0.5692
2.9833,JELLY_A,0.4006,0.2822,0.0558
2.9833,JELLY_B,-0.1486,-0.3318,0.6903
2.9833,JELLY_C,-0.3381,0.0279,0.5758
3.0000,JELLY_A,0.4713,0.2816,0.0610
3.0000,JELLY_B,-0.1578,-0.3323,0.6963
3.0000,JELLY_C,-0.3475,0.0279,0.5825
3.0167,JELLY_A,0.5459,0.2811,0.0662
3.0167,JELLY_B,-0.1668,-0.3328,0.7023
3.0167,JELLY_C,-0.3565,0.0279,0.5892
3.0333,JELLY_A,0.6238,0.2806,0.0713
3.0333,JELLY_B,-0.1755,-0.3333,0.7083
3.0333,JELLY_C,-0.3651,0.0278,0.5958
3.0500,JELLY_A,0.7045,0.2802,0.0765
3.0500,JELLY_B,-0.1840,-0.3338,0.7142
3.0500,JELLY_C,-0.3733,0.0278,0.6025
3.0667,JELLY_A,0.7876,0.2798,0.0817
3.0667,JELLY_B,-0.1924,-0.3343,0.7202
3.0667,JELLY_C,-0.3813,0.0277,0.6092
3.0833,JELLY_A,0.8725,0.2795,0.0868
3.0833,JELLY_B,-0.2005,-0.3348,0.7262
3.0833,JELLY_C,-0.3888,0.0277,0.6158
3.1000,JELLY_A,0.9588,0.2793,0.0920
3.1000,JELLY_B,-0.2083,-0.3353,0.7322
3.1000,JELLY_C,-0.3960,0.0276,0.6225
3.1167,JELLY_A,1.0460,0.2791,0.0972
3.1167,JELLY_B,-0.2160,-0.3358,0.7382
3.1167,JELLY_C,-0.4029,0.0276,0.6291
3.1333,JELLY_A,1.1335,0.2790,0.1024
3.1333,JELLY_B,-0.2235,-0.3363,0.7441
3.1333,JELLY_C,-0.4095,0.0275,0.6358
3.1500,JELLY_A,1.2209,0.2789,0.1075
3.1500,JELLY_B,-0.2307,-0.3368,0.7501
3.1500,JELLY_C,-0.4158,0.0274,0.6424
3.1667,JELLY_A,1.3076,0.2789,0.1127
3.1667,JELLY_B,-0.2378,-0.3373,0.7561
3.1667,JELLY_C,-0.4217,0.0273,0.6491
3.1833,JELLY_A,1.3932,0.2789,0.1179
3.1833,JELLY_B,-0.2446,-0.3378,0.7621
3.1833,JELLY_C,-0.4274,0.0272,0.6557
3.2000,JELLY_A,1.4772,0.2790,0.1230
3.2000,JELLY_B,-0.2513,-0.3383,0.7680
3.2000,JELLY_C,-0.4327,0.0271,0.6624
3.2167,JELLY_A,1.5590,0.2791,0.1282
3.2167,JELLY_B,-0.2577,-0.3388,0.7740
3.2167,JELLY_C,-0.4378,0.0270,0.6690
3.2333,JELLY_A,1.6381,0.2792,0.1334
3.2333,JELLY_B,-0.2640,-0.3393,0.7800
3.2333,JELLY_C,-0.4426,0.0269,0.6757
3.2500,JELLY_A,1.7141,0.2794,0.1386
3.2500,JELLY_B,-0.2700,-0.3399,0.7859
3.2500,JELLY_C,-0.4471,0.0268,0.6823
3.2667,JELLY_A,1.7865,0.2797,0.1437
3.2667,JELLY_B,-0.2759,-0.3404,0.7919
3.2667,JELLY_C,-0.4514,0.0267,0.6890
3.2833,JELLY_A,1.8547,0.2799,0.1489
3.2833,JELLY_B,-0.2816,-0.3409,0.7979
3.2833,JELLY_C,-0.4554,0.0266,0.6956
3.3000,JELLY_A,1.9183,0.2802,0.1541
3.3000,JELLY_B,-0.2871,-0.3414,0.8039
3.3000,JELLY_C,-0.4591,0.0264,0.7023
3.3167,JELLY_A,1.9767,0.2805,0.1593
3.3167,JELLY_B,-0.2924,-0.3419,0.8098
3.3167,JELLY_C,-0.4626,0.0263,0.7089
3.3333,JELLY_A,2.0296,0.2809,0.1644
3.3333,JELLY_B,-0.2975,-0.3424,0.8158
3.3333,JELLY_C,-0.4659,0.0261,0.7156
3.3500,JELLY_A,2.0764,0.2812,0.1696
3.3500,JELLY_B,-0.3025,-0.3429,0.8218
3.3500,JELLY_C,-0.4689,0.0260,0.7222
3.3667,JELLY_A,2.1167,0.2816,0.1748
3.3667,JELLY_B,-0.3073,-0.3435,0.8277
3.3667,JELLY_C,-0.4717,0.0258,0.7288
3.3833,JELLY_A,2.1500,0.2819,0.1800
3.3833,JELLY_B,-0.3119,-0.3440,0.8337
3.3833,JELLY_C,-0.4743,0.0257,0.7355
3.4000,JELLY_A,2.1759,0.2823,0.1851
3.4000,JELLY_B,-0.3164,-0.3445,0.8397
3.4000,JELLY_C,-0.4767,0.0255,0.7421
3.4167,JELLY_A,2.1940,0.2826,0.1903
3.4167,JELLY_B,-0.3207,-0.3450,0.8456
3.4167,JELLY_C,-0.4789,0.0253,0.7488
3.4333,JELLY_A,2.2037,0.2829,0.1955
3.4333,JELLY_B,-0.3248,-0.3456,0.8516
3.4333,JELLY_C,-0.4809,0.0251,0.7554
3.4500,JELLY_A,2.2047,0.2833,0.2007
3.4500,JELLY_B,-0.3288,-0.3461,0.8576
3.4500,JELLY_C,-0.4826,0.0250,0.7620
3.4667,JELLY_A,2.1958,0.2835,0.2058
3.4667,JELLY_B,-0.3326,-0.3466,0.8635
3.4667,JELLY_C,-0.4842,0.0248,0.7687
3.4833,JELLY_A,2.1795,0.2838,0.2110
3.4833,JELLY_B,-0.3363,-0.3471,0.8695
3.4833,JELLY_C,-0.4856,0.0246,0.7753
3.5000,JELLY_A,2.1564,0.2841,0.2162
3.5000,JELLY_B,-0.3398,-0.3477,0.8755
3.5000,JELLY_C,-0.4869,0.0244,0.7819
3.5167,JELLY_A,2.1271,0.2843,0.2214
3.5167,JELLY_B,-0.3431,-0.3482,0.8814
3.5167,JELLY_C,-0.4879,0.0242,0.7886
3.5333,JELLY_A,2.0922,0.2845,0.2265
3.5333,JELLY_B,-0.3464,-0.3487,0.8874
3.5333,JELLY_C,-0.4888,0.0240,0.7952
3.5500,JELLY_A,2.0522,0.2847,0.2317
3.5500,JELLY_B,-0.3495,-0.3492,0.8934
3.5500,JELLY_C,-0.4895,0.0237,0.8018
3.5667,JELLY_A,2.0076,0.2849,0.2369
3.5667,JELLY_B,-0.3524,-0.3498,0.8993
3.5667,JELLY_C,-0.4901,0.0235,0.8085
3.5833,JELLY_A,1.9589,0.2851,0.2421
3.5833,JELLY_B,-0.3552,-0.3503,0.9053
3.5833,JELLY_C,-0.4905,0.0233,0.8151
3.6000,JELLY_A,1.9066,0.2852,0.2472
3.6000,JELLY_B,-0.3579,-0.3508,0.9113
3.6000,JELLY_C,-0.4907,0.0231,0.8217
3.6167,JELLY_A,1.8511,0.2854,0.2524
3.6167,JELLY_B,-0.3605,-0.3514,0.9172
3.6167,JELLY_C,-0.4908,0.0228,0.8284
3.6333,JELLY_A,1.7929,0.2855,0.2576
3.6333,JELLY_B,-0.3629,-0.3519,0.9232
3.6333,JELLY_C,-0.4908,0.0226,0.8350
3.6500,JELLY_A,1.7324,0.2856,0.2628
3.6500,JELLY_B,-0.3652,-0.3524,0.9291
3.6500,JELLY_C,-0.4906,0.0223,0.8416
3.6667,JELLY_A,1.6701,0.2857,0.2680
3.6667,JELLY_B,-0.3674,-0.3529,0.9351
3.6667,JELLY_C,-0.4904,0.0221,0.8482
3.6833,JELLY_A,1.6064,0.2857,0.2731
3.6833,JELLY_B,-0.3694,-0.3535,0.9411
3.6833,JELLY_C,-0.4899,0.0218,0.8549
3.7000,JELLY_A,1.5415,0.2858,0.2783
3.7000,JELLY_B,-0.3714,-0.3540,0.9470
3.7000,JELLY_C,-0.4894,0.0216,0.8615
3.7167,JELLY_A,1.4761,0.2858,0.2835
3.7167,JELLY_B,-0.3732,-0.3545,0.9530
3.7167,JELLY_C,-0.4887,0.0213,0.8681
3.7333,JELLY_A,1.4103,0.2859,0.2887
3.7333,JELLY_B,-0.3749,-0.3551,0.9590
3.7333,JELLY_C,-0.4880,0.0211,0.8747
3.7500,JELLY_A,1.3446,0.2859,0.2938
3.7500,JELLY_B,-0.3765,-0.3556,0.9649
3.7500,JELLY_C,-0.4871,0.0208,0.8813
3.7667,JELLY_A,1.2792,0.2859,0.2990
3.7667,JELLY_B,-0.3780,-0.3562,0.9709
3.7667,JELLY_C,-0.4861,0.0205,0.8880
3.7833,JELLY_A,1.2146,0.2859,0.3042
3.7833,JELLY_B,-0.3794,-0.3567,0.9768
3.7833,JELLY_C,-0.4850,0.0202,0.8946
3.8000,JELLY_A,1.1510,0.2858,0.3094
3.8000,JELLY_B,-0.3807,-0.3572,0.9828
3.8000,JELLY_C,-0.4839,0.0199,0.9012
3.8167,JELLY_A,1.0888,0.2858,0.3146
3.8167,JELLY_B,-0.3819,-0.3578,0.9887
3.8167,JELLY_C,-0.4826,0.0197,0.9078
3.8333,JELLY_A,1.0282,0.2858,0.3197
3.8333,JELLY_B,-0.3830,-0.3583,0.9947
3.8333,JELLY_C,-0.4812,0.0194,0.9144
3.8500,JELLY_A,0.9695,0.2857,0.3249
3.8500,JELLY_B,-0.3840,-0.3588,0.0007
3.8500,JELLY_C,-0.4798,0.0191,0.9210
3.8667,JELLY_A,0.9130,0.2856,0.3301
3.8667,JELLY_B,-0.3849,-0.3594,0.0066
3.8667,JELLY_C,-0.4782,0.0188,0.9276
3.8833,JELLY_A,0.8590,0.2855,0.3353
3.8833,JELLY_B,-0.3857,-0.3599,0.0126
3.8833,JELLY_C,-0.4766,0.0185,0.9343
3.9000,JELLY_A,0.8077,0.2854,0.3405
3.9000,JELLY_B,-0.3864,-0.3604,0.0185
3.9000,JELLY_C,-0.4749,0.0182,0.9409
3.9167,JELLY_A,0.7593,0.2853,0.3457
3.9167,JELLY_B,-0.3870,-0.3610,0.0245
3.9167,JELLY_C,-0.4732,0.0178,0.9475
3.9333,JELLY_A,0.7141,0.2852,0.3508
3.9333,JELLY_B,-0.3875,-0.3615,0.0304
3.9333,JELLY_C,-0.4713,0.0175,0.9541
3.9500,JELLY_A,0.6722,0.2851,0.3560
3.9500,JELLY_B,-0.3879,-0.3621,0.0364
3.9500,JELLY_C,-0.4695,0.0172,0.9607
3.9667,JELLY_A,0.6340,0.2849,0.3612
3.9667,JELLY_B,-0.3882,-0.3626,0.0424
3.9667,JELLY_C,-0.4675,0.0169,0.9673
3.9833,JELLY_A,0.5996,0.2848,0.3664
3.9833,JELLY_B,-0.3884,-0.3631,0.0483
3.9833,JELLY_C,-0.4655,0.0166,0.9739
4.0000,JELLY_A,0.5691,0.2846,0.3716
4.0000,JELLY_B,-0.3885,-0.3637,0.0543
4.0000,JELLY_C,-0.4634,0.0162,0.9805
4.0167,JELLY_A,0.5429,0.2845,0.3768
4.0167,JELLY_B,-0.3885,-0.3642,0.0602
4.0167,JELLY_C,-0.4612,0.0159,0.9871
4.0333,JELLY_A,0.5210,0.2843,0.3819
4.0333,JELLY_B,-0.3885,-0.3648,0.0662
4.0333,JELLY_C,-0.4590,0.0156,0.9937
4.0500,JELLY_A,0.5036,0.2841,0.3871
4.0500,JELLY_B,-0.3884,-0.3653,0.0721
4.0500,JELLY_C,-0.4568,0.0152,0.0003
4.0667,JELLY_A,0.4909,0.2839,0.3923
4.0667,JELLY_B,-0.3882,-0.3658,0.0781
4.0667,JELLY_C,-0.4456,0.0149,0.0069
4.0833,JELLY_A,0.4830,0.2837,0.3975
4.0833,JELLY_B,-0.3879,-0.3664,0.0840
4.0833,JELLY_C,-0.4168,0.0145,0.0135
4.1000,JELLY_A,0.4797,0.2835,0.4027
4.1000,JELLY_B,-0.3876,-0.3669,0.0900
4.1000,JELLY_C,-0.3711,0.0142,0.0201
4.1167,JELLY_A,0.4773,0.2832,0.4079
4.1167,JELLY_B,-0.3872,-0.3674,0.0959
4.1167,JELLY_C,-0.3092,0.0139,0.0267
4.1333,JELLY_A,0.4748,0.2830,0.4131
4.1333,JELLY_B,-0.3867,-0.3680,0.1019
4.1333,JELLY_C,-0.2319,0.0135,0.0333
4.1500,JELLY_A,0.4720,0.2827,0.4182
4.1500,JELLY_B,-0.3862,-0.3685,0.1079
4.1500,JELLY_C,-0.1400,0.0132,0.0399
4.1667,JELLY_A,0.4691,0.2825,0.4234
4.1667,JELLY_B,-0.3856,-0.3691,0.1138
4.1667,JELLY_C,-0.0348,0.0129,0.0465
4.1833,JELLY_A,0.4659,0.2822,0.4286
4.1833,JELLY_B,-0.3849,-0.3696,0.1198
4.1833,JELLY_C,0.0828,0.0126,0.0531
4.2000,JELLY_A,0.4627,0.2820,0.4338
4.2000,JELLY_B,-0.3842,-0.3701,0.1257
4.2000,JELLY_C,0.2113,0.0123,0.0597
4.2167,JELLY_A,0.4593,0.2817,0.4390
4.2167,JELLY_B,-0.3834,-0.3707,0.1317
4.2167,JELLY_C,0.3495,0.0121,0.0663
4.2333,JELLY_A,0.4557,0.2814,0.4442
4.2333,JELLY_B,-0.3826,-0.3712,0.1376
4.2333,JELLY_C,0.4960,0.0118,0.0729
4.2500,JELLY_A,0.4520,0.2811,0.4494
4.2500,JELLY_B,-0.3817,-0.3717,0.1436
4.2500,JELLY_C,0.6492,0.0116,0.0795
4.2667,JELLY_A,0.4482,0.2808,0.4546
4.2667,JELLY_B,-0.3808,-0.3723,0.1495
4.2667,JELLY_C,0.8075,0.0114,0.0861
4.2833,JELLY_A,0.4442,0.2805,0.4597
4.2833,JELLY_B,-0.3798,-0.3728,0.1555
4.2833,JELLY_C,0.9693,0.0112,0.0927
4.3000,JELLY_A,0.4402,0.2802,0.4649
4.3000,JELLY_B,-0.3788,-0.3734,0.1614
4.3000,JELLY_C,1.1329,0.0110,0.0992
4.3167,JELLY_A,0.4360,0.2798,0.4701
4.3167,JELLY_B,-0.3777,-0.3739,0.1674
4.3167,JELLY_C,1.2967,0.0109,0.1058
4.3333,JELLY_A,0.4317,0.2795,0.4753
4.3333,JELLY_B,-0.3766,-0.3744,0.1733
4.3333,JELLY_C,1.4588,0.0108,0.1124
4.3500,JELLY_A,0.4274,0.2791,0.4805
4.3500,JELLY_B,-0.3754,-0.3750,0.1793
4.3500,JELLY_C,1.6175,0.0106,0.1190
4.3667,JELLY_A,0.4229,0.2788,0.4857
4.3667,JELLY_B,-0.3742,-0.3755,0.1852
4.3667,JELLY_C,1.7711,0.0105,0.1256
4.3833,JELLY_A,0.4184,0.2784,0.4909
4.3833,JELLY_B,-0.3730,-0.3760,0.1912
4.3833,JELLY_C,1.9178,0.0105,0.1322
4.4000,JELLY_A,0.4138,0.2781,0.4961
4.4000,JELLY_B,-0.3717,-0.3766,0.1971
4.4000,JELLY_C,2.0559,0.0104,0.1388
4.4167,JELLY_A,0.4091,0.2777,0.5013
4.4167,JELLY_B,-0.3704,-0.3771,0.2031
4.4167,JELLY_C,2.1837,0.0103,0.1453
4.4333,JELLY_A,0.4044,0.2773,0.5065
4.4333,JELLY_B,-0.3690,-0.3776,0.2090
4.4333,JELLY_C,2.2997,0.0103,0.1519
4.4500,JELLY_A,0.3996,0.2769,0.5117
4.4500,JELLY_B,-0.3676,-0.3782,0.2150
4.4500,JELLY_C,2.4023,0.0102,0.1585
4.4667,JELLY_A,0.3947,0.2766,0.5168
4.4667,JELLY_B,-0.3662,-0.3787,0.2209
4.4667,JELLY_C,2.4900,0.0102,0.1651
4.4833,JELLY_A,0.3899,0.2762,0.5220
4.4833,JELLY_B,-0.3648,-0.3792,0.2269
4.4833,JELLY_C,2.5614,0.0102,0.1717
4.5000,JELLY_A,0.3849,0.2757,0.5272
4.5000,JELLY_B,-0.3633,-0.3798,0.2328
4.5000,JELLY_C,2.6154,0.0102,0.1782
4.5167,JELLY_A,0.3800,0.2753,0.5324
4.5167,JELLY_B,-0.3618,-0.3803,0.2388
4.5167,JELLY_C,2.6506,0.0101,0.1848
4.5333,JELLY_A,0.3749,0.2749,0.5376
4.5333,JELLY_B,-0.3603,-0.3808,0.2447
4.5333,JELLY_C,2.6662,0.0101,0.1914
4.5500,JELLY_A,0.3699,0.2745,0.5428
4.5500,JELLY_B,-0.3587,-0.3814,0.2506
4.5500,JELLY_C,2.6610,0.0101,0.1980
4.5667,JELLY_A,0.3649,0.2741,0.5480
4.5667,JELLY_B,-0.3571,-0.3819,0.2566
4.5667,JELLY_C,2.6374,0.0100,0.2045
4.5833,JELLY_A,0.3598,0.2736,0.5532
4.5833,JELLY_B,-0.3555,-0.3824,0.2625
4.5833,JELLY_C,2.5983,0.0100,0.2111
4.6000,JELLY_A,0.3547,0.2732,0.5584
4.6000,JELLY_B,-0.3539,-0.3830,0.2685
4.6000,JELLY_C,2.5441,0.0099,0.2177
4.6167,JELLY_A,0.3496,0.2727,0.5636
4.6167,JELLY_B,-0.3522,-0.3835,0.2744
4.6167,JELLY_C,2.4764,0.0099,0.2243
4.6333,JELLY_A,0.3445,0.2723,0.5688
4.6333,JELLY_B,-0.3506,-0.3840,0.2804
4.6333,JELLY_C,2.3966,0.0098,0.2308
4.6500,JELLY_A,0.3393,0.2718,0.5740
4.6500,JELLY_B,-0.3489,-0.3846,0.2863
4.6500,JELLY_C,2.3061,0.0097,0.2374
4.6667,JELLY_A,0.3342,0.2713,0.5792
4.6667,JELLY_B,-0.3472,-0.3851,0.2923
4.6667,JELLY_C,2.2062,0.0096,0.2440
4.6833,JELLY_A,0.3291,0.2709,0.5844
4.6833,JELLY_B,-0.3454,-0.3856,0.2982
4.6833,JELLY_C,2.0984,0.0096,0.2505
4.7000,JELLY_A,0.3240,0.2704,0.5896
4.7000,JELLY_B,-0.3437,-0.3861,0.3042
4.7000,JELLY_C,1.9839,0.0095,0.2571
4.7167,JELLY_A,0.3189,0.2699,0.5948
4.7167,JELLY_B,-0.3419,-0.3867,0.3101
4.7167,JELLY_C,1.8640,0.0094,0.2637
4.7333,JELLY_A,0.3138,0.2694,0.6000
4.7333,JELLY_B,-0.3401,-0.3872,0.3161
4.7333,JELLY_C,1.7398,0.0093,0.2702
4.7500,JELLY_A,0.3087,0.2689,0.6052
4.7500,JELLY_B,-0.3383,-0.3877,0.3220
4.7500,JELLY_C,1.6125,0.0091,0.2768
4.7667,JELLY_A,0.3037,0.2684,0.6104
4.7667,JELLY_B,-0.3365,-0.3883,0.3279
4.7667,JELLY_C,1.4832,0.0090,0.2833
4.7833,JELLY_A,0.2986,0.2679,0.6156
4.7833,JELLY_B,-0.3347,-0.3888,0.3339
4.7833,JELLY_C,1.3530,0.0089,0.2899
4.8000,JELLY_A,0.2936,0.2674,0.6208
4.8000,JELLY_B,-0.3329,-0.3893,0.3398
4.8000,JELLY_C,1.2229,0.0088,0.2965
4.8167,JELLY_A,0.2886,0.2668,0.6260
4.8167,JELLY_B,-0.3311,-0.3898,0.3458
4.8167,JELLY_C,1.0938,0.0086,0.3030
4.8333,JELLY_A,0.2836,0.2663,0.6312
4.8333,JELLY_B,-0.3292,-0.3904,0.3517
4.8333,JELLY_C,0.9668,0.0085,0.3096
4.8500,JELLY_A,0.2787,0.2658,0.6364
4.8500,JELLY_B,-0.3273,-0.3909,0.3577
4.8500,JELLY_C,0.8427,0.0083,0.3161
4.8667,JELLY_A,0.2738,0.2652,0.6416
4.8667,JELLY_B,-0.3255,-0.3914,0.3636
4.8667,JELLY_C,0.7223,0.0082,0.3227
4.8833,JELLY_A,0.2689,0.2647,0.6468
4.8833,JELLY_B,-0.3236,-0.3919,0.3696
4.8833,JELLY_C,0.6065,0.0080,0.3293
4.9000,JELLY_A,0.2641,0.2642,0.6520
4.9000,JELLY_B,-0.3217,-0.3925,0.3755
4.9000,JELLY_C,0.4961,0.0078,0.3358
4.9167,JELLY_A,0.2593,0.2636,0.6572
4.9167,JELLY_B,-0.3198,-0.3930,0.3815
4.9167,JELLY_C,0.3918,0.0076,0.3424
4.9333,JELLY_A,0.2545,0.2630,0.6624
4.9333,JELLY_B,-0.3179,-0.3935,0.3874
4.9333,JELLY_C,0.2942,0.0075,0.3489
4.9500,JELLY_A,0.2498,0.2625,0.6676
4.9500,JELLY_B,-0.3160,-0.3940,0.3933
4.9500,JELLY_C,0.2042,0.0073,0.3555
4.9667,JELLY_A,0.2451,0.2619,0.6728
4.9667,JELLY_B,-0.3141,-0.3945,0.3993
4.9667,JELLY_C,0.1222,0.0071,0.3620
4.9833,JELLY_A,0.2405,0.2613,0.6780
4.9833,JELLY_B,-0.3122,-0.3951,0.4052
4.9833,JELLY_C,0.0490,0.0069,0.3686
5.0000,JELLY_A,0.2359,0.2608,0.6832
5.0000,JELLY_B,-0.3103,-0.3956,0.4112
5.0000,JELLY_C,-0.0150,0.0067,0.3751
5.0167,JELLY_A,0.2314,0.2602,0.6884
5.0167,JELLY_B,-0.3083,-0.3961,0.4171
5.0167,JELLY_C,-0.0693,0.0065,0.3817
5.0333,JELLY_A,0.2269,0.2596,0.6936
5.0333,JELLY_B,-0.3064,-0.3966,0.4231
5.0333,JELLY_C,-0.1132,0.0063,0.3882
5.0500,JELLY_A,0.2224,0.2590,0.6988
5.0500,JELLY_B,-0.3045,-0.3971,0.4290
5.0500,JELLY_C,-0.1464,0.0060,0.3948
5.0667,JELLY_A,0.2180,0.2584,0.7041
5.0667,JELLY_B,-0.3025,-0.3976,0.4350
5.0667,JELLY_C,-0.1685,0.0058,0.4013
5.0833,JELLY_A,0.2137,0.2578,0.7093
5.0833,JELLY_B,-0.3006,-0.3982,0.4409
5.0833,JELLY_C,-0.1855,0.0056,0.4079
5.1000,JELLY_A,0.2093,0.2572,0.7145
5.1000,JELLY_B,-0.2987,-0.3987,0.4468
5.1000,JELLY_C,-0.2021,0.0053,0.4144
5.1167,JELLY_A,0.2051,0.2566,0.7197
5.1167,JELLY_B,-0.2967,-0.3992,0.4528
5.1167,JELLY_C,-0.2183,0.0051,0.4210
5.1333,JELLY_A,0.2008,0.2560,0.7249
5.1333,JELLY_B,-0.2948,-0.3997,0.4587
5.1333,JELLY_C,-0.2342,0.0048,0.4275
5.1500,JELLY_A,0.1967,0.2553,0.7301
5.1500,JELLY_B,-0.2929,-0.4002,0.4647
5.1500,JELLY_C,-0.2497,0.0046,0.4340
5.1667,JELLY_A,0.1925,0.2547,0.7353
5.1667,JELLY_B,-0.2909,-0.4007,0.4706
5.1667,JELLY_C,-0.2648,0.0043,0.4406
5.1833,JELLY_A,0.1885,0.2541,0.7405
5.1833,JELLY_B,-0.2890,-0.4012,0.4766
5.1833,JELLY_C,-0.2794,0.0041,0.4471
5.2000,JELLY_A,0.1844,0.2535,0.7457
5.2000,JELLY_B,-0.2871,-0.4018,0.4825
5.2000,JELLY_C,-0.2936,0.0038,0.4537
5.2167,JELLY_A,0.1805,0.2528,0.7509
5.2167,JELLY_B,-0.2851,-0.4023,0.4884
5.2167,JELLY_C,-0.3075,0.0035,0.4602
5.2333,JELLY_A,0.1765,0.2522,0.7562
5.2333,JELLY_B,-0.2832,-0.4028,0.4944
5.2333,JELLY_C,-0.3208,0.0033,0.4667
5.2500,JELLY_A,0.1727,0.2515,0.7614
5.2500,JELLY_B,-0.2813,-0.4033,0.5003
5.2500,JELLY_C,-0.3338,0.0030,0.4733
5.2667,JELLY_A,0.1688,0.2509,0.7666
5.2667,JELLY_B,-0.2793,-0.4038,0.5063
5.2667,JELLY_C,-0.3463,0.0027,0.4798
5.2833,JELLY_A,0.1651,0.2502,0.7718
5.2833,JELLY_B,-0.2774,-0.4043,0.5122
5.2833,JELLY_C,-0.3584,0.0024,0.4864
5.3000,JELLY_A,0.1613,0.2496,0.7770
5.3000,JELLY_B,-0.2755,-0.4048,0.5182
5.3000,JELLY_C,-0.3701,0.0021,0.4929
5.3167,JELLY_A,0.1577,0.2489,0.7822
5.3167,JELLY_B,-0.2736,-0.4053,0.5241
5.3167,JELLY_C,-0.3814,0.0018,0.4994
5.3333,JELLY_A,0.1540,0.2482,0.7874
5.3333,JELLY_B,-0.2717,-0.4058,0.5301
5.3333,JELLY_C,-0.3923,0.0015,0.5060
5.3500,JELLY_A,0.1505,0.2476,0.7927
5.3500,JELLY_B,-0.2698,-0.4063,0.5360
5.3500,JELLY_C,-0.4027,0.0012,0.5125
5.3667,JELLY_A,0.1470,0.2469,0.7979
5.3667,JELLY_B,-0.2679,-0.4068,0.5419
5.3667,JELLY_C,-0.4128,0.0009,0.5190
5.3833,JELLY_A,0.1435,0.2462,0.8031
5.3833,JELLY_B,-0.2660,-0.4073,0.5479
5.3833,JELLY_C,-0.4225,0.0006,0.5256
5.4000,JELLY_A,0.1401,0.2455,0.8083
5.4000,JELLY_B,-0.2641,-0.4078,0.5538
5.4000,JELLY_C,-0.4318,0.0002,0.5321
5.4167,JELLY_A,0.1367,0.2448,0.8135
5.4167,JELLY_B,-0.2622,-0.4083,0.5598
5.4167,JELLY_C,-0.4407,-0.0001,0.5386
5.4333,JELLY_A,0.1334,0.2441,0.8187
5.4333,JELLY_B,-0.2603,-0.4088,0.5657
5.4333,JELLY_C,-0.4493,-0.0004,0.5451
5.4500,JELLY_A,0.1301,0.2435,0.8240
5.4500,JELLY_B,-0.2584,-0.4093,0.5717
5.4500,JELLY_C,-0.4575,-0.0008,0.5517
5.4667,JELLY_A,0.1269,0.2428,0.8292
5.4667,JELLY_B,-0.2565,-0.4098,0.5776
5.4667,JELLY_C,-0.4654,-0.0011,0.5582
5.4833,JELLY_A,0.1238,0.2421,0.8344
5.4833,JELLY_B,-0.2547,-0.4103,0.5835
5.4833,JELLY_C,-0.4729,-0.0014,0.5647
5.5000,JELLY_A,0.1207,0.2414,0.8396
5.5000,JELLY_B,-0.2528,-0.4108,0.5895
5.5000,JELLY_C,-0.4801,-0.0018,0.5712
5.5167,JELLY_A,0.1176,0.2406,0.8448
5.5167,JELLY_B,-0.2510,-0.4113,0.5954
5.5167,JELLY_C,-0.4869,-0.0022,0.5778
5.5333,JELLY_A,0.1146,0.2399,0.8501
5.5333,JELLY_B,-0.2491,-0.4118,0.6014
5.5333,JELLY_C,-0.4935,-0.0025,0.5843
5.5500,JELLY_A,0.1116,0.2392,0.8553
5.5500,JELLY_B,-0.2473,-0.4123,0.6073
5.5500,JELLY_C,-0.4997,-0.0029,0.5908
5.5667,JELLY_A,0.1087,0.2385,0.8605
5.5667,JELLY_B,-0.2455,-0.4128,0.6133
5.5667,JELLY_C,-0.5055,-0.0032,0.5973
5.5833,JELLY_A,0.1059,0.2378,0.8657
5.5833,JELLY_B,-0.2436,-0.4133,0.6192
5.5833,JELLY_C,-0.5111,-0.0036,0.6039
5.6000,JELLY_A,0.1030,0.2371,0.8710
5.6000,JELLY_B,-0.2418,-0.4138,0.6252
5.6000,JELLY_C,-0.5164,-0.0040,0.6104
5.6167,JELLY_A,0.1003,0.2363,0.8762
5.6167,JELLY_B,-0.2400,-0.4143,0.6311
5.6167,JELLY_C,-0.5213,-0.0044,0.6169
5.6333,JELLY_A,0.0976,0.2356,0.8814
5.6333,JELLY_B,-0.2382,-0.4148,0.6371
5.6333,JELLY_C,-0.5259,-0.0048,0.6234
5.6500,JELLY_A,0.0949,0.2349,0.8866
5.6500,JELLY_B,-0.2364,-0.4152,0.6430
5.6500,JELLY_C,-0.5303,-0.0051,0.6299
5.6667,JELLY_A,0.0923,0.2341,0.8919
5.6667,JELLY_B,-0.2346,-0.4157,0.6489
5.6667,JELLY_C,-0.5344,-0.0055,0.6364
5.6833,JELLY_A,0.0897,0.2334,0.8971
5.6833,JELLY_B,-0.2328,-0.4162,0.6549
5.6833,JELLY_C,-0.5382,-0.0059,0.6430
5.7000,JELLY_A,0.0871,0.2326,0.9023
5.7000,JELLY_B,-0.2311,-0.4167,0.6608
5.7000,JELLY_C,-0.5417,-0.0063,0.6495
5.7167,JELLY_A,0.0846,0.2319,0.9075
5.7167,JELLY_B,-0.2293,-0.4172,0.6668
5.7167,JELLY_C,-0.5450,-0.0067,0.6560
5.7333,JELLY_A,0.0822,0.2311,0.9128
5.7333,JELLY_B,-0.2275,-0.4177,0.6727
5.7333,JELLY_C,-0.5480,-0.0072,0.6625
5.7500,JELLY_A,0.0798,0.2304,0.9180
5.7500,JELLY_B,-0.2258,-0.4182,0.6787
5.7500,JELLY_C,-0.5508,-0.0076,0.6690
5.7667,JELLY_A,0.0774,0.2296,0.9232
5.7667,JELLY_B,-0.2241,-0.4186,0.6846
5.7667,JELLY_C,-0.5533,-0.0080,0.6755
5.7833,JELLY_A,0.0751,0.2289,0.9285
5.7833,JELLY_B,-0.2223,-0.4191,0.6906
5.7833,JELLY_C,-0.5556,-0.0084,0.6820
5.8000,JELLY_A,0.0729,0.2281,0.9337
5.8000,JELLY_B,-0.2206,-0.4196,0.6965
5.8000,JELLY_C,-0.5577,-0.0088,0.6886
5.8167,JELLY_A,0.0706,0.2273,0.9389
5.8167,JELLY_B,-0.2189,-0.4201,0.7025
5.8167,JELLY_C,-0.5595,-0.0093,0.6951
5.8333,JELLY_A,0.0684,0.2266,0.9441
5.8333,JELLY_B,-0.2172,-0.4206,0.7084
5.8333,JELLY_C,-0.5612,-0.0097,0.7016
5.8500,JELLY_A,0.0663,0.2258,0.9494
5.8500,JELLY_B,-0.2155,-0.4210,0.7143
5.8500,JELLY_C,-0.5626,-0.0101,0.7081
5.8667,JELLY_A,0.0642,0.2250,0.9546
5.8667,JELLY_B,-0.2138,-0.4215,0.7203
5.8667,JELLY_C,-0.5638,-0.0106,0.7146
5.8833,JELLY_A,0.0621,0.2243,0.9598
5.8833,JELLY_B,-0.2121,-0.4220,0.7262
5.8833,JELLY_C,-0.5649,-0.0110,0.7211
5.9000,JELLY_A,0.0601,0.2235,0.9651
5.9000,JELLY_B,-0.2105,-0.4225,0.7322
5.9000,JELLY_C,-0.5657,-0.0114,0.7276
5.9167,JELLY_A,0.0581,0.2227,0.9703
5.9167,JELLY_B,-0.2088,-0.4229,0.7381
5.9167,JELLY_C,-0.5664,-0.0119,0.7341
5.9333,JELLY_A,0.0562,0.2219,0.9755
5.9333,JELLY_B,-0.2072,-0.4234,0.7441
5.9333,JELLY_C,-0.5668,-0.0123,0.7406
5.9500,JELLY_A,0.0543,0.2211,0.9808
5.9500,JELLY_B,-0.2055,-0.4239,0.7500
5.9500,JELLY_C,-0.5672,-0.0128,0.7471
5.9667,JELLY_A,0.0524,0.2204,0.9860
5.9667,JELLY_B,-0.2039,-0.4244,0.7560
5.9667,JELLY_C,-0.5673,-0.0133,0.7536
5.9833,JELLY_A,0.0506,0.2196,0.9913
5.9833,JELLY_B,-0.2023,-0.4248,0.7619
5.9833,JELLY_C,-0.5673,-0.0137,0.7601
6.0000,JELLY_A,0.0488,0.2188,0.9965
6.0000,JELLY_B,-0.2006,-0.4253,0.7679
6.0000,JELLY_C,-0.5671,-0.0142,0.7666
6.0167,JELLY_A,0.0470,0.2180,0.0017
6.0167,JELLY_B,-0.1990,-0.4258,0.7738
6.0167,JELLY_C,-0.5668,-0.0147,0.7731
6.0333,JELLY_A,0.0497,0.2172,0.0070
6.0333,JELLY_B,-0.1974,-0.4262,0.7798
6.0333,JELLY_C,-0.5663,-0.0151,0.7796
6.0500,JELLY_A,0.0610,0.2164,0.0122
6.0500,JELLY_B,-0.1959,-0.4267,0.7857
6.0500,JELLY_C,-0.5657,-0.0156,0.7861
6.0667,JELLY_A,0.0806,0.2156,0.0174
6.0667,JELLY_B,-0.1943,-0.4272,0.7917
6.0667,JELLY_C,-0.5649,-0.0161,0.7926
6.0833,JELLY_A,0.1081,0.2148,0.0227
6.0833,JELLY_B,-0.1927,-0.4276,0.7976
6.0833,JELLY_C,-0.5640,-0.0166,0.7991
6.1000,JELLY_A,0.1430,0.2140,0.0279
6.1000,JELLY_B,-0.1912,-0.4281,0.8036
6.1000,JELLY_C,-0.5630,-0.0170,0.8056
6.1167,JELLY_A,0.1850,0.2132,0.0332
6.1167,JELLY_B,-0.1896,-0.4285,0.8095
6.1167,JELLY_C,-0.5619,-0.0175,0.8121
6.1333,JELLY_A,0.2336,0.2123,0.0384
6.1333,JELLY_B,-0.1881,-0.4290,0.8155
6.1333,JELLY_C,-0.5606,-0.0180,0.8186
6.1500,JELLY_A,0.2884,0.2115,0.0436
6.1500,JELLY_B,-0.1865,-0.4295,0.8214
6.1500,JELLY_C,-0.5592,-0.0185,0.8251
6.1667,JELLY_A,0.3489,0.2107,0.0489
6.1667,JELLY_B,-0.1850,-0.4299,0.8274
6.1667,JELLY_C,-0.5577,-0.0190,0.8316
6.1833,JELLY_A,0.4146,0.2099,0.0541
6.1833,JELLY_B,-0.1835,-0.4304,0.8333
6.1833,JELLY_C,-0.5561,-0.0195,0.8381
6.2000,JELLY_A,0.4852,0.2091,0.0594
6.2000,JELLY_B,-0.1820,-0.4308,0.8393
6.2000,JELLY_C,-0.5544,-0.0200,0.8446
6.2167,JELLY_A,0.5600,0.2083,0.0646
6.2167,JELLY_B,-0.1804,-0.4313,0.8452
6.2167,JELLY_C,-0.5526,-0.0205,0.8511
6.2333,JELLY_A,0.6385,0.2074,0.0699
6.2333,JELLY_B,-0.1789,-0.4317,0.8512
6.2333,JELLY_C,-0.5507,-0.0210,0.8576
6.2500,JELLY_A,0.7204,0.2066,0.0751
6.2500,JELLY_B,-0.1773,-0.4322,0.8571
6.2500,JELLY_C,-0.5488,-0.0215,0.8641
6.2667,JELLY_A,0.8049,0.2058,0.0804
6.2667,JELLY_B,-0.1757,-0.4326,0.8631
6.2667,JELLY_C,-0.5467,-0.0220,0.8706
6.2833,JELLY_A,0.8917,0.2049,0.0856
6.2833,JELLY_B,-0.1742,-0.4331,0.8690
6.2833,JELLY_C,-0.5445,-0.0225,0.8771
6.3000,JELLY_A,0.9802,0.2041,0.0908
6.3000,JELLY_B,-0.1726,-0.4335,0.8750
6.3000,JELLY_C,-0.5423,-0.0231,0.8836
6.3167,JELLY_A,1.0698,0.2032,0.0961
6.3167,JELLY_B,-0.1710,-0.4340,0.8809
6.3167,JELLY_C,-0.5400,-0.0236,0.8900
6.3333,JELLY_A,1.1601,0.2024,0.1013
6.3333,JELLY_B,-0.1695,-0.4344,0.8869
6.3333,JELLY_C,-0.5376,-0.0241,0.8965
6.3500,JELLY_A,1.2504,0.2015,0.1066
6.3500,JELLY_B,-0.1679,-0.4349,0.8928
6.3500,JELLY_C,-0.5352,-0.0246,0.9030
6.3667,JELLY_A,1.3403,0.2007,0.1118
6.3667,JELLY_B,-0.1663,-0.4353,0.8988
6.3667,JELLY_C,-0.5327,-0.0251,0.9095
6.3833,JELLY_A,1.4291,0.1998,0.1171
6.3833,JELLY_B,-0.1647,-0.4358,0.9048
6.3833,JELLY_C,-0.5301,-0.0257,0.9160
6.4000,JELLY_A,1.5164,0.1990,0.1223
6.4000,JELLY_B,-0.1632,-0.4362,0.9107
6.4000,JELLY_C,-0.5275,-0.0262,0.9225
6.4167,JELLY_A,1.6016,0.1981,0.1276
6.4167,JELLY_B,-0.1616,-0.4366,0.9167
6.4167,JELLY_C,-0.5248,-0.0267,0.9290
6.4333,JELLY_A,1.6841,0.1973,0.1328
6.4333,JELLY_B,-0.1600,-0.4371,0.9226
6.4333,JELLY_C,-0.5220,-0.0273,0.9354
6.4500,JELLY_A,1.7634,0.1964,0.1381
6.4500,JELLY_B,-0.1584,-0.4375,0.9286
6.4500,JELLY_C,-0.5192,-0.0278,0.9419
6.4667,JELLY_A,1.8389,0.1955,0.1434
6.4667,JELLY_B,-0.1569,-0.4380,0.9345
6.4667,JELLY_C,-0.5164,-0.0284,0.9484
6.4833,JELLY_A,1.9102,0.1947,0.1486
6.4833,JELLY_B,-0.1553,-0.4384,0.9405
6.4833,JELLY_C,-0.5135,-0.0289,0.9549
6.5000,JELLY_A,1.9766,0.1938,0.1539
6.5000,JELLY_B,-0.1537,-0.4388,0.9464
6.5000,JELLY_C,-0.5106,-0.0294,0.9614
6.5167,JELLY_A,2.0377,0.1929,0.1591
6.5167,JELLY_B,-0.1521,-0.4393,0.9524
6.5167,JELLY_C,-0.5076,-0.0300,0.9679
6.5333,JELLY_A,2.0929,0.1921,0.1644
6.5333,JELLY_B,-0.1506,-0.4397,0.9584
6.5333,JELLY_C,-0.5046,-0.0305,0.9743
6.5500,JELLY_A,2.1418,0.1912,0.1696
6.5500,JELLY_B,-0.1490,-0.4401,0.9643
6.5500,JELLY_C,-0.5015,-0.0311,0.9808
6.5667,JELLY_A,2.1837,0.1903,0.1749
6.5667,JELLY_B,-0.1475,-0.4405,0.9703
6.5667,JELLY_C,-0.4985,-0.0316,0.9873
6.5833,JELLY_A,2.2183,0.1894,0.1801
6.5833,JELLY_B,-0.1459,-0.4410,0.9762
6.5833,JELLY_C,-0.4953,-0.0322,0.9938
6.6000,JELLY_A,2.2451,0.1886,0.1854
6.6000,JELLY_B,-0.1444,-0.4414,0.9822
6.6000,JELLY_C,-0.4922,-0.0327,0.0003
6.6167,JELLY_A,2.2635,0.1877,0.1907
6.6167,JELLY_B,-0.1428,-0.4418,0.9881
6.6167,JELLY_C,-0.4890,-0.0333,0.0067
6.6333,JELLY_A,2.2732,0.1868,0.1959
6.6333,JELLY_B,-0.1413,-0.4423,0.9941
6.6333,JELLY_C,-0.4858,-0.0339,0.0132
6.6500,JELLY_A,2.2736,0.1859,0.2012
6.6500,JELLY_B,-0.1398,-0.4427,0.0001
6.6500,JELLY_C,-0.4825,-0.0344,0.0197
6.6667,JELLY_A,2.2636,0.1850,0.2064
6.6667,JELLY_B,-0.1317,-0.4431,0.0060
6.6667,JELLY_C,-0.4792,-0.0350,0.0262
6.6833,JELLY_A,2.2458,0.1842,0.2117
6.6833,JELLY_B,-0.1110,-0.4435,0.0120
6.6833,JELLY_C,-0.4759,-0.0356,0.0326
6.7000,JELLY_A,2.2208,0.1833,0.2170
6.7000,JELLY_B,-0.0780,-0.4439,0.0179
6.7000,JELLY_C,-0.4725,-0.0361,0.0391
6.7167,JELLY_A,2.1894,0.1824,0.2222
6.7167,JELLY_B,-0.0333,-0.4443,0.0239
6.7167,JELLY_C,-0.4691,-0.0367,0.0456
6.7333,JELLY_A,2.1520,0.1815,0.2275
6.7333,JELLY_B,0.0225,-0.4448,0.0299
6.7333,JELLY_C,-0.4657,-0.0373,0.0521
6.7500,JELLY_A,2.1092,0.1806,0.2328
6.7500,JELLY_B,0.0888,-0.4452,0.0358
6.7500,JELLY_C,-0.4623,-0.0378,0.0585
6.7667,JELLY_A,2.0615,0.1798,0.2380
6.7667,JELLY_B,0.1649,-0.4455,0.0418
6.7667,JELLY_C,-0.4589,-0.0384,0.0650
6.7833,JELLY_A,2.0095,0.1789,0.2433
6.7833,JELLY_B,0.2500,-0.4459,0.0477
6.7833,JELLY_C,-0.4554,-0.0390,0.0715
6.8000,JELLY_A,1.9536,0.1780,0.2485
6.8000,JELLY_B,0.3434,-0.4463,0.0537
6.8000,JELLY_C,-0.4519,-0.0395,0.0780
6.8167,JELLY_A,1.8944,0.1771,0.2538
6.8167,JELLY_B,0.4443,-0.4467,0.0597
6.8167,JELLY_C,-0.4484,-0.0401,0.0844
6.8333,JELLY_A,1.8324,0.1762,0.2591
6.8333,JELLY_B,0.5518,-0.4470,0.0656
6.8333,JELLY_C,-0.4449,-0.0407,0.0909
6.8500,JELLY_A,1.7679,0.1753,0.2643
6.8500,JELLY_B,0.6651,-0.4474,0.0716
6.8500,JELLY_C,-0.4414,-0.0413,0.0974
6.8667,JELLY_A,1.7015,0.1745,0.2696
6.8667,JELLY_B,0.7833,-0.4477,0.0776
6.8667,JELLY_C,-0.4379,-0.0419,0.1038
6.8833,JELLY_A,1.6336,0.1736,0.2749
6.8833,JELLY_B,0.9054,-0.4481,0.0835
6.8833,JELLY_C,-0.4344,-0.0424,0.1103
6.9000,JELLY_A,1.5645,0.1727,0.2802
6.9000,JELLY_B,1.0305,-0.4484,0.0895
6.9000,JELLY_C,-0.4308,-0.0430,0.1168
6.9167,JELLY_A,1.4948,0.1718,0.2854
6.9167,JELLY_B,1.1576,-0.4487,0.0955
6.9167,JELLY_C,-0.4273,-0.0436,0.1232
6.9333,JELLY_A,1.4248,0.1709,0.2907
6.9333,JELLY_B,1.2857,-0.4490,0.1014
6.9333,JELLY_C,-0.4238,-0.0442,0.1297
6.9500,JELLY_A,1.3549,0.1700,0.2960
6.9500,JELLY_B,1.4138,-0.4493,0.1074
6.9500,JELLY_C,-0.4203,-0.0448,0.1362
6.9667,JELLY_A,1.2854,0.1691,0.3012
6.9667,JELLY_B,1.5408,-0.4496,0.1134
6.9667,JELLY_C,-0.4168,-0.0454,0.1426
6.9833,JELLY_A,1.2167,0.1682,0.3065
6.9833,JELLY_B,1.6658,-0.4499,0.1193
6.9833,JELLY_C,-0.4132,-0.0460,0.1491
7.0000,JELLY_A,1.1492,0.1674,0.3118
7.0000,JELLY_B,1.7877,-0.4502,0.1253
7.0000,JELLY_C,-0.4097,-0.0466,0.1556
7.0167,JELLY_A,1.0832,0.1665,0.3171
7.0167,JELLY_B,1.9054,-0.4505,0.1313
7.0167,JELLY_C,-0.4062,-0.0472,0.1620
7.0333,JELLY_A,1.0190,0.1656,0.3223
7.0333,JELLY_B,2.0180,-0.4507,0.1372
7.0333,JELLY_C,-0.4027,-0.0477,0.1685
7.0500,JELLY_A,0.9569,0.1647,0.3276
7.0500,JELLY_B,2.1243,-0.4510,0.1432
7.0500,JELLY_C,-0.3992,-0.0483,0.1750
7.0667,JELLY_A,0.8973,0.1638,0.3329
7.0667,JELLY_B,2.2234,-0.4512,0.1492
7.0667,JELLY_C,-0.3958,-0.0489,0.1814
7.0833,JELLY_A,0.8403,0.1629,0.3382
7.0833,JELLY_B,2.3143,-0.4515,0.1551
7.0833,JELLY_C,-0.3923,-0.0495,0.1879
7.1000,JELLY_A,0.7864,0.1620,0.3434
7.1000,JELLY_B,2.3960,-0.4517,0.1611
7.1000,JELLY_C,-0.3888,-0.0501,0.1944
7.1167,JELLY_A,0.7357,0.1611,0.3487
7.1167,JELLY_B,2.4675,-0.4519,0.1671
7.1167,JELLY_C,-0.3854,-0.0507,0.2008
7.1333,JELLY_A,0.6885,0.1602,0.3540
7.1333,JELLY_B,2.5279,-0.4522,0.1730
7.1333,JELLY_C,-0.3820,-0.0513,0.2073
7.1500,JELLY_A,0.6451,0.1594,0.3593
7.1500,JELLY_B,2.5763,-0.4524,0.1790
7.1500,JELLY_C,-0.3786,-0.0519,0.2137
7.1667,JELLY_A,0.6057,0.1585,0.3646
7.1667,JELLY_B,2.6118,-0.4526,0.1850
7.1667,JELLY_C,-0.3752,-0.0525,0.2202
7.1833,JELLY_A,0.5705,0.1576,0.3698
7.1833,JELLY_B,2.6337,-0.4529,0.1910
7.1833,JELLY_C,-0.3718,-0.0532,0.2267
7.2000,JELLY_A,0.5398,0.1567,0.3751
7.2000,JELLY_B,2.6412,-0.4531,0.1969
7.2000,JELLY_C,-0.3685,-0.0538,0.2331
7.2167,JELLY_A,0.5137,0.1558,0.3804
7.2167,JELLY_B,2.6348,-0.4533,0.2029
7.2167,JELLY_C,-0.3652,-0.0544,0.2396
7.2333,JELLY_A,0.4925,0.1549,0.3857
7.2333,JELLY_B,2.6195,-0.4535,0.2089
7.2333,JELLY_C,-0.3619,-0.0550,0.2460
7.2500,JELLY_A,0.4763,0.1540,0.3910
7.2500,JELLY_B,2.5925,-0.4538,0.2149
7.2500,JELLY_C,-0.3586,-0.0556,0.2525
7.2667,JELLY_A,0.4654,0.1531,0.3962
7.2667,JELLY_B,2.5549,-0.4540,0.2208
7.2667,JELLY_C,-0.3554,-0.0562,0.2590
7.2833,JELLY_A,0.4598,0.1522,0.4015
7.2833,JELLY_B,2.5074,-0.4542,0.2268
7.2833,JELLY_C,-0.3522,-0.0568,0.2654
7.3000,JELLY_A,0.4571,0.1513,0.4068
7.3000,JELLY_B,2.4512,-0.4545,0.2328
7.3000,JELLY_C,-0.3490,-0.0574,0.2719
7.3167,JELLY_A,0.4541,0.1505,0.4121
7.3167,JELLY_B,2.3869,-0.4547,0.2388
7.3167,JELLY_C,-0.3458,-0.0580,0.2783
7.3333,JELLY_A,0.4511,0.1496,0.4174
7.3333,JELLY_B,2.3157,-0.4549,0.2447
7.3333,JELLY_C,-0.3427,-0.0586,0.2848
7.3500,JELLY_A,0.4479,0.1487,0.4227
7.3500,JELLY_B,2.2382,-0.4552,0.2507
7.3500,JELLY_C,-0.3396,-0.0593,0.2912
7.3667,JELLY_A,0.4445,0.1478,0.4280
7.3667,JELLY_B,2.1553,-0.4554,0.2567
7.3667,JELLY_C,-0.3365,-0.0599,0.2977
7.3833,JELLY_A,0.4410,0.1469,0.4333
7.3833,JELLY_B,2.0679,-0.4557,0.2627
7.3833,JELLY_C,-0.3335,-0.0605,0.3042
7.4000,JELLY_A,0.4374,0.1460,0.4385
7.4000,JELLY_B,1.9767,-0.4559,0.2687
7.4000,JELLY_C,-0.3304,-0.0611,0.3106
7.4167,JELLY_A,0.4337,0.1451,0.4438
7.4167,JELLY_B,1.8824,-0.4561,0.2746
7.4167,JELLY_C,-0.3274,-0.0617,0.3171
7.4333,JELLY_A,0.4298,0.1442,0.4491
7.4333,JELLY_B,1.7859,-0.4564,0.2806
7.4333,JELLY_C,-0.3244,-0.0623,0.3235
7.4500,JELLY_A,0.4259,0.1433,0.4544
7.4500,JELLY_B,1.6877,-0.4566,0.2866
7.4500,JELLY_C,-0.3214,-0.0630,0.3300
7.4667,JELLY_A,0.4218,0.1424,0.4597
7.4667,JELLY_B,1.5887,-0.4569,0.2926
7.4667,JELLY_C,-0.3185,-0.0636,0.3364
7.4833,JELLY_A,0.4177,0.1415,0.4650
7.4833,JELLY_B,1.4894,-0.4571,0.2986
7.4833,JELLY_C,-0.3155,-0.0642,0.3429
7.5000,JELLY_A,0.4134,0.1406,0.4703
7.5000,JELLY_B,1.3906,-0.4574,0.3045
7.5000,JELLY_C,-0.3126,-0.0648,0.3493
7.5167,JELLY_A,0.4091,0.1398,0.4756
7.5167,JELLY_B,1.2928,-0.4576,0.3105
7.5167,JELLY_C,-0.3097,-0.0655,0.3558
7.5333,JELLY_A,0.4047,0.1389,0.4809
7.5333,JELLY_B,1.1967,-0.4578,0.3165
7.5333,JELLY_C,-0.3068,-0.0661,0.3622
7.5500,JELLY_A,0.4002,0.1380,0.4862
7.5500,JELLY_B,1.1029,-0.4581,0.3225
7.5500,JELLY_C,-0.3040,-0.0667,0.3687
7.5667,JELLY_A,0.3956,0.1371,0.4915
7.5667,JELLY_B,1.0118,-0.4583,0.3285
7.5667,JELLY_C,-0.3011,-0.0673,0.3751
7.5833,JELLY_A,0.3909,0.1362,0.4968
7.5833,JELLY_B,0.9242,-0.4586,0.3345
7.5833,JELLY_C,-0.2983,-0.0680,0.3816
7.6000,JELLY_A,0.3862,0.1353,0.5021
7.6000,JELLY_B,0.8404,-0.4588,0.3405
7.6000,JELLY_C,-0.2955,-0.0686,0.3880
7.6167,JELLY_A,0.3815,0.1344,0.5074
7.6167,JELLY_B,0.7610,-0.4591,0.3464
7.6167,JELLY_C,-0.2927,-0.0692,0.3945
7.6333,JELLY_A,0.3766,0.1335,0.5127
7.6333,JELLY_B,0.6864,-0.4593,0.3524
7.6333,JELLY_C,-0.2900,-0.0699,0.4009
7.6500,JELLY_A,0.3717,0.1326,0.5180
7.6500,JELLY_B,0.6173,-0.4596,0.3584
7.6500,JELLY_C,-0.2872,-0.0705,0.4074
7.6667,JELLY_A,0.3668,0.1317,0.5233
7.6667,JELLY_B,0.5539,-0.4598,0.3644
7.6667,JELLY_C,-0.2845,-0.0711,0.4138
7.6833,JELLY_A,0.3618,0.1308,0.5286
7.6833,JELLY_B,0.4968,-0.4601,0.3704
7.6833,JELLY_C,-0.2817,-0.0717,0.4203
7.7000,JELLY_A,0.3568,0.1299,0.5339
7.7000,JELLY_B,0.4463,-0.4603,0.3764
7.7000,JELLY_C,-0.2789,-0.0724,0.4267
7.7167,JELLY_A,0.3518,0.1290,0.5392
7.7167,JELLY_B,0.4029,-0.4606,0.3824
7.7167,JELLY_C,-0.2761,-0.0730,0.4332
7.7333,JELLY_A,0.3467,0.1281,0.5445
7.7333,JELLY_B,0.3669,-0.4608,0.3884
7.7333,JELLY_C,-0.2734,-0.0736,0.4396
7.7500,JELLY_A,0.3415,0.1272,0.5498
7.7500,JELLY_B,0.3387,-0.4611,0.3944
7.7500,JELLY_C,-0.2706,-0.0743,0.4461
7.7667,JELLY_A,0.3364,0.1263,0.5551
7.7667,JELLY_B,0.3187,-0.4613,0.4003
7.7667,JELLY_C,-0.2678,-0.0749,0.4525
7.7833,JELLY_A,0.3312,0.1254,0.5604
7.7833,JELLY_B,0.3059,-0.4616,0.4063
7.7833,JELLY_C,-0.2650,-0.0755,0.4590
7.8000,JELLY_A,0.3259,0.1245,0.5657
7.8000,JELLY_B,0.2940,-0.4619,0.4123
7.8000,JELLY_C,-0.2622,-0.0762,0.4654
7.8167,JELLY_A,0.3207,0.1236,0.5710
7.8167,JELLY_B,0.2821,-0.4621,0.4183
7.8167,JELLY_C,-0.2594,-0.0768,0.4719
7.8333,JELLY_A,0.3154,0.1227,0.5763
7.8333,JELLY_B,0.2700,-0.4624,0.4243
7.8333,JELLY_C,-0.2567,-0.0775,0.4783
7.8500,JELLY_A,0.3102,0.1218,0.5816
7.8500,JELLY_B,0.2579,-0.4626,0.4303
7.8500,JELLY_C,-0.2539,-0.0781,0.4847
7.8667,JELLY_A,0.3049,0.1209,0.5869
7.8667,JELLY_B,0.2458,-0.4629,0.4363
7.8667,JELLY_C,-0.2511,-0.0787,0.4912
7.8833,JELLY_A,0.2996,0.1200,0.5922
7.8833,JELLY_B,0.2337,-0.4631,0.4423
7.8833,JELLY_C,-0.2484,-0.0794,0.4976
7.9000,JELLY_A,0.2943,0.1191,0.5975
7.9000,JELLY_B,0.2216,-0.4634,0.4483
7.9000,JELLY_C,-0.2456,-0.0800,0.5041
7.9167,JELLY_A,0.2890,0.1182,0.6028
7.9167,JELLY_B,0.2096,-0.4636,0.4543
7.9167,JELLY_C,-0.2429,-0.0807,0.5105
7.9333,JELLY_A,0.2836,0.1173,0.6081
7.9333,JELLY_B,0.1976,-0.4639,0.4603
7.9333,JELLY_C,-0.2402,-0.0813,0.5170
7.9500,JELLY_A,0.2783,0.1164,0.6135
7.9500,JELLY_B,0.1857,-0.4641,0.4663
7.9500,JELLY_C,-0.2374,-0.0819,0.5234
7.9667,JELLY_A,0.2730,0.1155,0.6188
7.9667,JELLY_B,0.1738,-0.4644,0.4723
7.9667,JELLY_C,-0.2347,-0.0826,0.5299
7.9833,JELLY_A,0.2677,0.1146,0.6241
7.9833,JELLY_B,0.1620,-0.4646,0.4783
7.9833,JELLY_C,-0.2320,-0.0832,0.5363
8.0000,JELLY_A,0.2624,0.1137,0.6294
8.0000,JELLY_B,0.1503,-0.4649,0.4843
8.0000,JELLY_C,-0.2293,-0.0839,0.5427
8.0167,JELLY_A,0.2571,0.1128,0.6347
8.0167,JELLY_B,0.1387,-0.4652,0.4903
8.0167,JELLY_C,-0.2267,-0.0845,0.5492
8.0333,JELLY_A,0.2518,0.1119,0.6400
8.0333,JELLY_B,0.1271,-0.4654,0.4963
8.0333,JELLY_C,-0.2240,-0.0852,0.5556
8.0500,JELLY_A,0.2466,0.1110,0.6453
8.0500,JELLY_B,0.1157,-0.4657,0.5023
8.0500,JELLY_C,-0.2214,-0.0858,0.5621
8.0667,JELLY_A,0.2413,0.1101,0.6507
8.0667,JELLY_B,0.1044,-0.4659,0.5083
8.0667,JELLY_C,-0.2187,-0.0864,0.5685
8.0833,JELLY_A,0.2361,0.1092,0.6560
8.0833,JELLY_B,0.0933,-0.4662,0.5143
8.0833,JELLY_C,-0.2161,-0.0871,0.5750
8.1000,JELLY_A,0.2309,0.1083,0.6613
8.1000,JELLY_B,0.0822,-0.4664,0.5203
8.1000,JELLY_C,-0.2135,-0.0877,0.5814
8.1167,JELLY_A,0.2257,0.1074,0.6666
8.1167,JELLY_B,0.0713,-0.4667,0.5263
8.1167,JELLY_C,-0.2109,-0.0884,0.5878
8.1333,JELLY_A,0.2205,0.1064,0.6719
8.1333,JELLY_B,0.0605,-0.4669,0.5323
8.1333,JELLY_C,-0.2084,-0.0890,0.5943
8.1500,JELLY_A,0.2154,0.1055,0.6772
8.1500,JELLY_B,0.0498,-0.4672,0.5383
8.1500,JELLY_C,-0.2058,-0.0897,0.6007
8.1667,JELLY_A,0.2102,0.1046,0.6826
8.1667,JELLY_B,0.0393,-0.4674,0.5443
8.1667,JELLY_C,-0.2033,-0.0903,0.6072
8.1833,JELLY_A,0.2051,0.1037,0.6879
8.1833,JELLY_B,0.0289,-0.4677,0.5504
8.1833,JELLY_C,-0.2008,-0.0910,0.6136
8.2000,JELLY_A,0.2001,0.1028,0.6932
8.2000,JELLY_B,0.0186,-0.4679,0.5564
8.2000,JELLY_C,-0.1983,-0.0916,0.6200
8.2167,JELLY_A,0.1950,0.1019,0.6985
8.2167,JELLY_B,0.0085,-0.4682,0.5624
8.2167,JELLY_C,-0.1958,-0.0923,0.6265
8.2333,JELLY_A,0.1900,0.1010,0.7039
8.2333,JELLY_B,-0.0015,-0.4684,0.5684
8.2333,JELLY_C,-0.1933,-0.0929,0.6329
8.2500,JELLY_A,0.1851,0.1001,0.7092
8.2500,JELLY_B,-0.0112,-0.4687,0.5744
8.2500,JELLY_C,-0.1909,-0.0936,0.6394
8.2667,JELLY_A,0.1801,0.0992,0.7145
8.2667,JELLY_B,-0.0209,-0.4690,0.5804
8.2667,JELLY_C,-0.1885,-0.0942,0.6458
8.2833,JELLY_A,0.1752,0.0983,0.7198
8.2833,JELLY_B,-0.0304,-0.4692,0.5864
8.2833,JELLY_C,-0.1861,-0.0949,0.6522
8.3000,JELLY_A,0.1704,0.0974,0.7252
8.3000,JELLY_B,-0.0397,-0.4695,0.5924
8.3000,JELLY_C,-0.1837,-0.0955,0.6587
8.3167,JELLY_A,0.1655,0.0964,0.7305
8.3167,JELLY_B,-0.0488,-0.4697,0.5984
8.3167,JELLY_C,-0.1814,-0.0962,0.6651
8.3333,JELLY_A,0.1608,0.0955,0.7358
8.3333,JELLY_B,-0.0578,-0.4700,0.6045
8.3333,JELLY_C,-0.1790,-0.0968,0.6716
8.3500,JELLY_A,0.1560,0.0946,0.7411
8.3500,JELLY_B,-0.0667,-0.4702,0.6105
8.3500,JELLY_C,-0.1767,-0.0975,0.6780
8.3667,JELLY_A,0.1513,0.0937,0.7465
8.3667,JELLY_B,-0.0753,-0.4705,0.6165
8.3667,JELLY_C,-0.1744,-0.0981,0.6844
8.3833,JELLY_A,0.1466,0.0928,0.7518
8.3833,JELLY_B,-0.0838,-0.4707,0.6225
8.3833,JELLY_C,-0.1722,-0.0988,0.6909
8.4000,JELLY_A,0.1420,0.0919,0.7571
8.4000,JELLY_B,-0.0921,-0.4710,0.6285
8.4000,JELLY_C,-0.1699,-0.0994,0.6973
8.4167,JELLY_A,0.1374,0.0910,0.7624
8.4167,JELLY_B,-0.1003,-0.4712,0.6345
8.4167,JELLY_C,-0.1677,-0.1001,0.7038
8.4333,JELLY_A,0.1329,0.0901,0.7678
8.4333,JELLY_B,-0.1083,-0.4715,0.6406
8.4333,JELLY_C,-0.1655,-0.1008,0.7102
8.4500,JELLY_A,0.1284,0.0892,0.7731
8.4500,JELLY_B,-0.1161,-0.4717,0.6466
8.4500,JELLY_C,-0.1633,-0.1014,0.7166
8.4667,JELLY_A,0.1240,0.0883,0.7784
8.4667,JELLY_B,-0.1238,-0.4720,0.6526
8.4667,JELLY_C,-0.1612,-0.1021,0.7231
8.4833,JELLY_A,0.1196,0.0873,0.7838
8.4833,JELLY_B,-0.1312,-0.4722,0.6586
8.4833,JELLY_C,-0.1590,-0.1027,0.7295
8.5000,JELLY_A,0.1152,0.0864,0.7891
8.5000,JELLY_B,-0.1386,-0.4725,0.6646
8.5000,JELLY_C,-0.1569,-0.1034,0.7360
8.5167,JELLY_A,0.1109,0.0855,0.7944
8.5167,JELLY_B,-0.1457,-0.4727,0.6707
8.5167,JELLY_C,-0.1548,-0.1040,0.7424
8.5333,JELLY_A,0.1067,0.0846,0.7998
8.5333,JELLY_B,-0.1527,-0.4730,0.6767
8.5333,JELLY_C,-0.1528,-0.1047,0.7488
8.5500,JELLY_A,0.1025,0.0837,0.8051
8.5500,JELLY_B,-0.1595,-0.4732,0.6827
8.5500,JELLY_C,-0.1507,-0.1053,0.7553
8.5667,JELLY_A,0.0983,0.0828,0.8104
8.5667,JELLY_B,-0.1661,-0.4734,0.6887
8.5667,JELLY_C,-0.1487,-0.1060,0.7617
8.5833,JELLY_A,0.0942,0.0819,0.8158
8.5833,JELLY_B,-0.1726,-0.4737,0.6948
8.5833,JELLY_C,-0.1467,-0.1067,0.7681
8.6000,JELLY_A,0.0902,0.0810,0.8211
8.6000,JELLY_B,-0.1790,-0.4739,0.7008
8.6000,JELLY_C,-0.1447,-0.1073,0.7746
8.6167,JELLY_A,0.0862,0.0801,0.8265
8.6167,JELLY_B,-0.1851,-0.4742,0.7068
8.6167,JELLY_C,-0.1428,-0.1080,0.7810
8.6333,JELLY_A,0.0822,0.0792,0.8318
8.6333,JELLY_B,-0.1911,-0.4744,0.7128
8.6333,JELLY_C,-0.1409,-0.1086,0.7875
8.6500,JELLY_A,0.0783,0.0783,0.8371
8.6500,JELLY_B,-0.1970,-0.4747,0.7189
8.6500,JELLY_C,-0.1390,-0.1093,0.7939
8.6667,JELLY_A,0.0745,0.0773,0.8425
8.6667,JELLY_B,-0.2027,-0.4749,0.7249
8.6667,JELLY_C,-0.1371,-0.1099,0.8003
8.6833,JELLY_A,0.0707,0.0764,0.8478
8.6833,JELLY_B,-0.2082,-0.4752,0.7309
8.6833,JELLY_C,-0.1352,-0.1106,0.8068
8.7000,JELLY_A,0.0669,0.0755,0.8532
8.7000,JELLY_B,-0.2136,-0.4754,0.7370
8.7000,JELLY_C,-0.1334,-0.1113,0.8132
8.7167,JELLY_A,0.0632,0.0746,0.8585
8.7167,JELLY_B,-0.2188,-0.4756,0.7430
8.7167,JELLY_C,-0.1316,-0.1119,0.8196
8.7333,JELLY_A,0.0596,0.0737,0.8638
8.7333,JELLY_B,-0.2239,-0.4759,0.7490
8.7333,JELLY_C,-0.1298,-0.1126,0.8261
8.7500,JELLY_A,0.0560,0.0728,0.8692
8.7500,JELLY_B,-0.2288,-0.4761,0.7551
8.7500,JELLY_C,-0.1280,-0.1132,0.8325
8.7667,JELLY_A,0.0524,0.0719,0.8745
8.7667,JELLY_B,-0.2336,-0.4764,0.7611
8.7667,JELLY_C,-0.1263,-0.1139,0.8389
8.7833,JELLY_A,0.0489,0.0710,0.8799
8.7833,JELLY_B,-0.2382,-0.4766,0.7671
8.7833,JELLY_C,-0.1245,-0.1146,0.8454
8.8000,JELLY_A,0.0455,0.0701,0.8852
8.8000,JELLY_B,-0.2427,-0.4768,0.7732
8.8000,JELLY_C,-0.1228,-0.1152,0.8518
8.8167,JELLY_A,0.0421,0.0692,0.8906
8.8167,JELLY_B,-0.2470,-0.4771,0.7792
8.8167,JELLY_C,-0.1212,-0.1159,0.8583
8.8333,JELLY_A,0.0388,0.0683,0.8959
8.8333,JELLY_B,-0.2512,-0.4773,0.7852
8.8333,JELLY_C,-0.1195,-0.1165,0.8647
8.8500,JELLY_A,0.0355,0.0674,0.9013
8.8500,JELLY_B,-0.2552,-0.4775,0.7913
8.8500,JELLY_C,-0.1179,-0.1172,0.8711
8.8667,JELLY_A,0.0322,0.0665,0.9066
8.8667,JELLY_B,-0.2592,-0.4778,0.7973
8.8667,JELLY_C,-0.1163,-0.1178,0.8776
8.8833,JELLY_A,0.0290,0.0656,0.9120
8.8833,JELLY_B,-0.2629,-0.4780,0.8033
8.8833,JELLY_C,-0.1147,-0.1185,0.8840
8.9000,JELLY_A,0.0259,0.0647,0.9173
8.9000,JELLY_B,-0.2666,-0.4782,0.8094
8.9000,JELLY_C,-0.1131,-0.1192,0.8904
8.9167,JELLY_A,0.0228,0.0638,0.9227
8.9167,JELLY_B,-0.2701,-0.4785,0.8154
8.9167,JELLY_C,-0.1116,-0.1198,0.8969
8.9333,JELLY_A,0.0198,0.0629,0.9280
8.9333,JELLY_B,-0.2735,-0.4787,0.8215
8.9333,JELLY_C,-0.1101,-0.1205,0.9033
8.9500,JELLY_A,0.0168,0.0620,0.9334
8.9500,JELLY_B,-0.2767,-0.4789,0.8275
8.9500,JELLY_C,-0.1086,-0.1212,0.9098
8.9667,JELLY_A,0.0138,0.0611,0.9387
8.9667,JELLY_B,-0.2799,-0.4792,0.8336
8.9667,JELLY_C,-0.1071,-0.1218,0.9162
8.9833,JELLY_A,0.0110,0.0602,0.9441
8.9833,JELLY_B,-0.2829,-0.4794,0.8396
8.9833,JELLY_C,-0.1056,-0.1225,0.9226
9.0000,JELLY_A,0.0081,0.0593,0.9494
9.0000,JELLY_B,-0.2858,-0.4796,0.8456
9.0000,JELLY_C,-0.1042,-0.1231,0.9291
9.0167,JELLY_A,0.0053,0.0584,0.9548
9.0167,JELLY_B,-0.2885,-0.4798,0.8517
9.0167,JELLY_C,-0.1028,-0.1238,0.9355
9.0333,JELLY_A,0.0026,0.0575,0.9601
9.0333,JELLY_B,-0.2912,-0.4801,0.8577
9.0333,JELLY_C,-0.1014,-0.1245,0.9419
9.0500,JELLY_A,-0.0001,0.0566,0.9655
9.0500,JELLY_B,-0.2937,-0.4803,0.8638
9.0500,JELLY_C,-0.1000,-0.1251,0.9484
9.0667,JELLY_A,-0.0028,0.0557,0.9708
9.0667,JELLY_B,-0.2962,-0.4805,0.8698
9.0667,JELLY_C,-0.0987,-0.1258,0.9548
9.0833,JELLY_A,-0.0054,0.0548,0.9762
9.0833,JELLY_B,-0.2985,-0.4807,0.8759
9.0833,JELLY_C,-0.0974,-0.1264,0.9612
9.1000,JELLY_A,-0.0079,0.0539,0.9816
9.1000,JELLY_B,-0.3007,-0.4810,0.8819
9.1000,JELLY_C,-0.0961,-0.1271,0.9677
9.1167,JELLY_A,-0.0104,0.0530,0.9869
9.1167,JELLY_B,-0.3028,-0.4812,0.8880
9.1167,JELLY_C,-0.0948,-0.1278,0.9741
9.1333,JELLY_A,-0.0129,0.0521,0.9923
9.1333,JELLY_B,-0.3048,-0.4814,0.8940
9.1333,JELLY_C,-0.0935,-0.1284,0.9806
9.1500,JELLY_A,-0.0153,0.0512,0.9976
9.1500,JELLY_B,-0.3067,-0.4816,0.9001
9.1500,JELLY_C,-0.0923,-0.1291,0.9870
9.1667,JELLY_A,-0.0165,0.0503,0.0030
9.1667,JELLY_B,-0.3085,-0.4818,0.9061
9.1667,JELLY_C,-0.0911,-0.1297,0.9934
9.1833,JELLY_A,-0.0094,0.0494,0.0084
9.1833,JELLY_B,-0.3102,-0.4820,0.9122
9.1833,JELLY_C,-0.0899,-0.1304,0.9999
9.2000,JELLY_A,0.0068,0.0485,0.0137
9.2000,JELLY_B,-0.3118,-0.4823,0.9182
9.2000,JELLY_C,-0.0867,-0.1311,0.0063
9.2167,JELLY_A,0.0317,0.0477,0.0191
9.2167,JELLY_B,-0.3133,-0.4825,0.9243
9.2167,JELLY_C,-0.0692,-0.1317,0.0127
9.2333,JELLY_A,0.0650,0.0468,0.0244
9.2333,JELLY_B,-0.3147,-0.4827,0.9304
9.2333,JELLY_C,-0.0360,-0.1324,0.0192
9.2500,JELLY_A,0.1061,0.0459,0.0298
9.2500,JELLY_B,-0.3161,-0.4829,0.9364
9.2500,JELLY_C,0.0124,-0.1330,0.0256
9.2667,JELLY_A,0.1546,0.0450,0.0352
9.2667,JELLY_B,-0.3173,-0.4831,0.9425
9.2667,JELLY_C,0.0752,-0.1337,0.0321
9.2833,JELLY_A,0.2101,0.0441,0.0405
9.2833,JELLY_B,-0.3185,-0.4833,0.9485
9.2833,JELLY_C,0.1514,-0.1343,0.0385
9.3000,JELLY_A,0.2720,0.0433,0.0459
9.3000,JELLY_B,-0.3196,-0.4835,0.9546
9.3000,JELLY_C,0.2403,-0.1349,0.0449
9.3167,JELLY_A,0.3400,0.0424,0.0513
9.3167,JELLY_B,-0.3206,-0.4837,0.9607
9.3167,JELLY_C,0.3408,-0.1355,0.0514
9.3333,JELLY_A,0.4134,0.0416,0.0566
9.3333,JELLY_B,-0.3215,-0.4839,0.9667
9.3333,JELLY_C,0.4517,-0.1361,0.0578
9.3500,JELLY_A,0.4917,0.0407,0.0620
9.3500,JELLY_B,-0.3223,-0.4841,0.9728
9.3500,JELLY_C,0.5721,-0.1366,0.0642
9.3667,JELLY_A,0.5744,0.0398,0.0674
9.3667,JELLY_B,-0.3231,-0.4843,0.9788
9.3667,JELLY_C,0.7005,-0.1372,0.0707
9.3833,JELLY_A,0.6609,0.0390,0.0727
9.3833,JELLY_B,-0.3238,-0.4845,0.9849
9.3833,JELLY_C,0.8357,-0.1377,0.0771
9.4000,JELLY_A,0.7506,0.0382,0.0781
9.4000,JELLY_B,-0.3244,-0.4847,0.9910
9.4000,JELLY_C,0.9765,-0.1382,0.0836
9.4167,JELLY_A,0.8431,0.0373,0.0835
9.4167,JELLY_B,-0.3250,-0.4849,0.9970
9.4167,JELLY_C,1.1213,-0.1387,0.0900
9.4333,JELLY_A,0.9375,0.0365,0.0888
9.4333,JELLY_B,-0.3237,-0.4851,0.0031
9.4333,JELLY_C,1.2689,-0.1392,0.0964
9.4500,JELLY_A,1.0335,0.0357,0.0942
9.4500,JELLY_B,-0.3105,-0.4853,0.0092
9.4500,JELLY_C,1.4176,-0.1397,0.1029
9.4667,JELLY_A,1.1303,0.0349,0.0996
9.4667,JELLY_B,-0.2838,-0.4855,0.0152
9.4667,JELLY_C,1.5662,-0.1401,0.1093
9.4833,JELLY_A,1.2274,0.0340,0.1049
9.4833,JELLY_B,-0.2444,-0.4857,0.0213
9.4833,JELLY_C,1.7130,-0.1405,0.1158
9.5000,JELLY_A,1.3242,0.0332,0.1103
9.5000,JELLY_B,-0.1927,-0.4859,0.0274
9.5000,JELLY_C,1.8566,-0.1409,0.1222
9.5167,JELLY_A,1.4199,0.0324,0.1157
9.5167,JELLY_B,-0.1293,-0.4861,0.0335
9.5167,JELLY_C,1.9955,-0.1413,0.1286
9.5333,JELLY_A,1.5140,0.0316,0.1211
9.5333,JELLY_B,-0.0551,-0.4863,0.0395
9.5333,JELLY_C,2.1283,-0.1417,0.1351
9.5500,JELLY_A,1.6059,0.0308,0.1264
9.5500,JELLY_B,0.0294,-0.4864,0.0456
9.5500,JELLY_C,2.2534,-0.1421,0.1415
9.5667,JELLY_A,1.6950,0.0301,0.1318
9.5667,JELLY_B,0.1232,-0.4866,0.0517
9.5667,JELLY_C,2.3696,-0.1424,0.1479
9.5833,JELLY_A,1.7805,0.0293,0.1372
9.5833,JELLY_B,0.2257,-0.4868,0.0577
9.5833,JELLY_C,2.4753,-0.1428,0.1544
9.6000,JELLY_A,1.8619,0.0285,0.1426
9.6000,JELLY_B,0.3357,-0.4869,0.0638
9.6000,JELLY_C,2.5694,-0.1431,0.1608
9.6167,JELLY_A,1.9387,0.0277,0.1479
9.6167,JELLY_B,0.4525,-0.4871,0.0699
9.6167,JELLY_C,2.6505,-0.1434,0.1673
9.6333,JELLY_A,2.0100,0.0269,0.1533
9.6333,JELLY_B,0.5751,-0.4872,0.0760
9.6333,JELLY_C,2.7174,-0.1437,0.1737
9.6500,JELLY_A,2.0754,0.0262,0.1587
9.6500,JELLY_B,0.7024,-0.4873,0.0820
9.6500,JELLY_C,2.7691,-0.1441,0.1802
9.6667,JELLY_A,2.1343,0.0254,0.1641
9.6667,JELLY_B,0.8334,-0.4875,0.0881
9.6667,JELLY_C,2.8044,-0.1444,0.1866
9.6833,JELLY_A,2.1861,0.0246,0.1695
9.6833,JELLY_B,0.9670,-0.4876,0.0942
9.6833,JELLY_C,2.8225,-0.1447,0.1930
9.7000,JELLY_A,2.2301,0.0239,0.1748
9.7000,JELLY_B,1.1021,-0.4877,0.1003
9.7000,JELLY_C,2.8223,-0.1450,0.1995
9.7167,JELLY_A,2.2658,0.0231,0.1802
9.7167,JELLY_B,1.2376,-0.4878,0.1064
9.7167,JELLY_C,2.8032,-0.1453,0.2059
9.7333,JELLY_A,2.2927,0.0224,0.1856
9.7333,JELLY_B,1.3723,-0.4879,0.1125
9.7333,JELLY_C,2.7677,-0.1457,0.2124
9.7500,JELLY_A,2.3103,0.0216,0.1910
9.7500,JELLY_B,1.5051,-0.4880,0.1185
9.7500,JELLY_C,2.7184,-0.1460,0.2188
9.7667,JELLY_A,2.3179,0.0209,0.1964
9.7667,JELLY_B,1.6348,-0.4881,0.1246
9.7667,JELLY_C,2.6567,-0.1464,0.2252
9.7833,JELLY_A,2.3154,0.0201,0.2017
9.7833,JELLY_B,1.7603,-0.4881,0.1307
9.7833,JELLY_C,2.5840,-0.1467,0.2317
9.8000,JELLY_A,2.3048,0.0193,0.2071
9.8000,JELLY_B,1.8803,-0.4882,0.1368
9.8000,JELLY_C,2.5018,-0.1471,0.2381
9.8167,JELLY_A,2.2859,0.0186,0.2125
9.8167,JELLY_B,1.9937,-0.4883,0.1429
9.8167,JELLY_C,2.4112,-0.1474,0.2446
9.8333,JELLY_A,2.2592,0.0178,0.2179
9.8333,JELLY_B,2.0994,-0.4883,0.1490
9.8333,JELLY_C,2.3135,-0.1478,0.2510
9.8500,JELLY_A,2.2255,0.0171,0.2233
9.8500,JELLY_B,2.1962,-0.4884,0.1551
9.8500,JELLY_C,2.2099,-0.1482,0.2575
9.8667,JELLY_A,2.1852,0.0163,0.2287
9.8667,JELLY_B,2.2831,-0.4884,0.1611
9.8667,JELLY_C,2.1015,-0.1485,0.2639
9.8833,JELLY_A,2.1390,0.0156,0.2341
9.8833,JELLY_B,2.3589,-0.4885,0.1672
9.8833,JELLY_C,1.9895,-0.1489,0.2703
9.9000,JELLY_A,2.0875,0.0148,0.2394
9.9000,JELLY_B,2.4226,-0.4885,0.1733
9.9000,JELLY_C,1.8748,-0.1493,0.2768
9.9167,JELLY_A,2.0312,0.0141,0.2448
9.9167,JELLY_B,2.4732,-0.4886,0.1794
9.9167,JELLY_C,1.7585,-0.1497,0.2832
9.9333,JELLY_A,1.9707,0.0133,0.2502
9.9333,JELLY_B,2.5098,-0.4886,0.1855
9.9333,JELLY_C,1.6414,-0.1501,0.2897
9.9500,JELLY_A,1.9065,0.0126,0.2556
9.9500,JELLY_B,2.5315,-0.4887,0.1916
9.9500,JELLY_C,1.5246,-0.1504,0.2961
9.9667,JELLY_A,1.8391,0.0118,0.2610
9.9667,JELLY_B,2.5373,-0.4887,0.1977
9.9667,JELLY_C,1.4088,-0.1508,0.3026
9.9833,JELLY_A,1.7690,0.0110,0.2664
9.9833,JELLY_B,2.5273,-0.4888,0.2038
9.9833,JELLY_C,1.2949,-0.1512,0.3090
10.0000,JELLY_A,1.6967,0.0103,0.2718
10.0000,JELLY_B,2.5041,-0.4888,0.2099
10.0000,JELLY_C,1.1837,-0.1517,0.3155
10.0167,JELLY_A,1.6227,0.0095,0.2772
10.0167,JELLY_B,2.4688,-0.4889,0.2160
10.0167,JELLY_C,1.0758,-0.1521,0.3219
10.0333,JELLY_A,1.5475,0.0088,0.2826
10.0333,JELLY_B,2.4224,-0.4889,0.2221
10.0333,JELLY_C,0.9721,-0.1525,0.3283
10.0500,JELLY_A,1.4715,0.0080,0.2879
10.0500,JELLY_B,2.3660,-0.4889,0.2282
10.0500,JELLY_C,0.8730,-0.1529,0.3348
10.0667,JELLY_A,1.3951,0.0073,0.2933
10.0667,JELLY_B,2.3004,-0.4890,0.2343
10.0667,JELLY_C,0.7793,-0.1533,0.3412
10.0833,JELLY_A,1.3187,0.0065,0.2987
10.0833,JELLY_B,2.2267,-0.4890,0.2404
10.0833,JELLY_C,0.6916,-0.1537,0.3477
10.1000,JELLY_A,1.2429,0.0058,0.3041
10.1000,JELLY_B,2.1457,-0.4891,0.2465
10.1000,JELLY_C,0.6103,-0.1542,0.3541
10.1167,JELLY_A,1.1679,0.0050,0.3095
10.1167,JELLY_B,2.0584,-0.4891,0.2526
10.1167,JELLY_C,0.5361,-0.1546,0.3606
10.1333,JELLY_A,1.0941,0.0043,0.3149
10.1333,JELLY_B,1.9656,-0.4892,0.2587
10.1333,JELLY_C,0.4693,-0.1550,0.3670
10.1500,JELLY_A,1.0220,0.0035,0.3203
10.1500,JELLY_B,1.8682,-0.4892,0.2648
10.1500,JELLY_C,0.4105,-0.1555,0.3735
10.1667,JELLY_A,0.9520,0.0028,0.3257
10.1667,JELLY_B,1.7670,-0.4893,0.2709
10.1667,JELLY_C,0.3600,-0.1559,0.3799
10.1833,JELLY_A,0.8842,0.0020,0.3311
10.1833,JELLY_B,1.6629,-0.4893,0.2770
10.1833,JELLY_C,0.3182,-0.1563,0.3864
10.2000,JELLY_A,0.8192,0.0013,0.3365
10.2000,JELLY_B,1.5566,-0.4894,0.2831
10.2000,JELLY_C,0.2856,-0.1568,0.3928
10.2167,JELLY_A,0.7572,0.0005,0.3419
10.2167,JELLY_B,1.4489,-0.4894,0.2892
10.2167,JELLY_C,0.2623,-0.1572,0.3993
10.2333,JELLY_A,0.6986,-0.0002,0.3473
10.2333,JELLY_B,1.3406,-0.4895,0.2953
10.2333,JELLY_C,0.2478,-0.1577,0.4057
10.2500,JELLY_A,0.6437,-0.0009,0.3527
10.2500,JELLY_B,1.2324,-0.4895,0.3014
10.2500,JELLY_C,0.2349,-0.1582,0.4122
10.2667,JELLY_A,0.5927,-0.0017,0.3581
10.2667,JELLY_B,1.1250,-0.4896,0.3076
10.2667,JELLY_C,0.2220,-0.1586,0.4186
10.2833,JELLY_A,0.5460,-0.0024,0.3635
10.2833,JELLY_B,1.0192,-0.4896,0.3137
10.2833,JELLY_C,0.2093,-0.1591,0.4251
10.3000,JELLY_A,0.5039,-0.0032,0.3689
10.3000,JELLY_B,0.9155,-0.4897,0.3198
10.3000,JELLY_C,0.1968,-0.1596,0.4315
10.3167,JELLY_A,0.4666,-0.0039,0.3743
10.3167,JELLY_B,0.8147,-0.4897,0.3259
10.3167,JELLY_C,0.1844,-0.1600,0.4380
10.3333,JELLY_A,0.4343,-0.0047,0.3797
10.3333,JELLY_B,0.7173,-0.4898,0.3320
10.3333,JELLY_C,0.1722,-0.1605,0.4444
10.3500,JELLY_A,0.4074,-0.0054,0.3851
10.3500,JELLY_B,0.6241,-0.4898,0.3381
10.3500,JELLY_C,0.1603,-0.1610,0.4509
10.3667,JELLY_A,0.3861,-0.0061,0.3905
10.3667,JELLY_B,0.5355,-0.4899,0.3442
10.3667,JELLY_C,0.1486,-0.1614,0.4573
10.3833,JELLY_A,0.3705,-0.0069,0.3959
10.3833,JELLY_B,0.4522,-0.4899,0.3504
10.3833,JELLY_C,0.1370,-0.1619,0.4638
10.4000,JELLY_A,0.3610,-0.0076,0.4013
10.4000,JELLY_B,0.3747,-0.4900,0.3565
10.4000,JELLY_C,0.1257,-0.1624,0.4702
10.4167,JELLY_A,0.3554,-0.0084,0.4067
10.4167,JELLY_B,0.3035,-0.4901,0.3626
10.4167,JELLY_C,0.1147,-0.1629,0.4767
10.4333,JELLY_A,0.3497,-0.0091,0.4121
10.4333,JELLY_B,0.2392,-0.4901,0.3687
10.4333,JELLY_C,0.1038,-0.1634,0.4831
10.4500,JELLY_A,0.3439,-0.0098,0.4175
10.4500,JELLY_B,0.1823,-0.4902,0.3748
10.4500,JELLY_C,0.0932,-0.1639,0.4896
10.4667,JELLY_A,0.3380,-0.0106,0.4229
10.4667,JELLY_B,0.1332,-0.4902,0.3810
10.4667,JELLY_C,0.0829,-0.1644,0.4960
10.4833,JELLY_A,0.3319,-0.0113,0.4283
10.4833,JELLY_B,0.0924,-0.4903,0.3871
10.4833,JELLY_C,0.0728,-0.1649,0.5025
10.5000,JELLY_A,0.3257,-0.0121,0.4337
10.5000,JELLY_B,0.0604,-0.4903,0.3932
10.5000,JELLY_C,0.0629,-0.1654,0.5090
10.5167,JELLY_A,0.3194,-0.0128,0.4391
10.5167,JELLY_B,0.0375,-0.4904,0.3993
10.5167,JELLY_C,0.0533,-0.1659,0.5154
10.5333,JELLY_A,0.3130,-0.0135,0.4446
10.5333,JELLY_B,0.0219,-0.4904,0.4054
10.5333,JELLY_C,0.0439,-0.1664,0.5219
10.5500,JELLY_A,0.3065,-0.0143,0.4500
10.5500,JELLY_B,0.0068,-0.4905,0.4116
10.5500,JELLY_C,0.0347,-0.1669,0.5283
10.5667,JELLY_A,0.2999,-0.0150,0.4554
10.5667,JELLY_B,-0.0083,-0.4905,0.4177
10.5667,JELLY_C,0.0258,-0.1674,0.5348
10.5833,JELLY_A,0.2932,-0.0157,0.4608
10.5833,JELLY_B,-0.0234,-0.4906,0.4238
10.5833,JELLY_C,0.0171,-0.1679,0.5412
10.6000,JELLY_A,0.2865,-0.0165,0.4662
10.6000,JELLY_B,-0.0384,-0.4906,0.4300
10.6000,JELLY_C,0.0086,-0.1684,0.5477
10.6167,JELLY_A,0.2797,-0.0172,0.4716
10.6167,JELLY_B,-0.0534,-0.4906,0.4361
10.6167,JELLY_C,0.0004,-0.1690,0.5542
10.6333,JELLY_A,0.2728,-0.0179,0.4770
10.6333,JELLY_B,-0.0682,-0.4907,0.4422
10.6333,JELLY_C,-0.0076,-0.1695,0.5606
10.6500,JELLY_A,0.2659,-0.0187,0.4824
10.6500,JELLY_B,-0.0829,-0.4907,0.4483
10.6500,JELLY_C,-0.0154,-0.1700,0.5671
10.6667,JELLY_A,0.2589,-0.0194,0.4878
10.6667,JELLY_B,-0.0975,-0.4908,0.4545
10.6667,JELLY_C,-0.0230,-0.1705,0.5735
10.6833,JELLY_A,0.2519,-0.0201,0.4932
10.6833,JELLY_B,-0.1120,-0.4908,0.4606
10.6833,JELLY_C,-0.0304,-0.1711,0.5800
10.7000,JELLY_A,0.2449,-0.0208,0.4987
10.7000,JELLY_B,-0.1263,-0.4909,0.4667
10.7000,JELLY_C,-0.0375,-0.1716,0.5864
10.7167,JELLY_A,0.2378,-0.0216,0.5041
10.7167,JELLY_B,-0.1404,-0.4909,0.4729
10.7167,JELLY_C,-0.0444,-0.1721,0.5929
10.7333,JELLY_A,0.2307,-0.0223,0.5095
10.7333,JELLY_B,-0.1544,-0.4910,0.4790
10.7333,JELLY_C,-0.0512,-0.1727,0.5994
10.7500,JELLY_A,0.2236,-0.0230,0.5149
10.7500,JELLY_B,-0.1682,-0.4910,0.4852
10.7500,JELLY_C,-0.0577,-0.1732,0.6058
10.7667,JELLY_A,0.2165,-0.0238,0.5203
10.7667,JELLY_B,-0.1818,-0.4911,0.4913
10.7667,JELLY_C,-0.0640,-0.1737,0.6123
10.7833,JELLY_A,0.2094,-0.0245,0.5257
10.7833,JELLY_B,-0.1952,-0.4911,0.4974
10.7833,JELLY_C,-0.0701,-0.1743,0.6187
10.8000,JELLY_A,0.2023,-0.0252,0.5311
10.8000,JELLY_B,-0.2084,-0.4912,0.5036
10.8000,JELLY_C,-0.0760,-0.1748,0.6252
10.8167,JELLY_A,0.1952,-0.0259,0.5366
10.8167,JELLY_B,-0.2214,-0.4912,0.5097
10.8167,JELLY_C,-0.0817,-0.1754,0.6317
10.8333,JELLY_A,0.1881,-0.0267,0.5420
10.8333,JELLY_B,-0.2342,-0.4912,0.5159
10.8333,JELLY_C,-0.0872,-0.1759,0.6381
10.8500,JELLY_A,0.1810,-0.0274,0.5474
10.8500,JELLY_B,-0.2468,-0.4913,0.5220
10.8500,JELLY_C,-0.0926,-0.1765,0.6446
10.8667,JELLY_A,0.1740,-0.0281,0.5528
10.8667,JELLY_B,-0.2591,-0.4913,0.5281
10.8667,JELLY_C,-0.0977,-0.1770,0.6511
10.8833,JELLY_A,0.1669,-0.0288,0.5582
10.8833,JELLY_B,-0.2712,-0.4914,0.5343
10.8833,JELLY_C,-0.1027,-0.1776,0.6575
10.9000,JELLY_A,0.1599,-0.0296,0.5637
10.9000,JELLY_B,-0.2831,-0.4914,0.5404
10.9000,JELLY_C,-0.1075,-0.1781,0.6640
10.9167,JELLY_A,0.1529,-0.0303,0.5691
10.9167,JELLY_B,-0.2948,-0.4914,0.5466
10.9167,JELLY_C,-0.1121,-0.1787,0.6705
10.9333,JELLY_A,0.1459,-0.0310,0.5745
10.9333,JELLY_B,-0.3063,-0.4915,0.5527
10.9333,JELLY_C,-0.1165,-0.1792,0.6769
10.9500,JELLY_A,0.1390,-0.0317,0.5799
10.9500,JELLY_B,-0.3175,-0.4915,0.5589
10.9500,JELLY_C,-0.1208,-0.1798,0.6834
10.9667,JELLY_A,0.1321,-0.0325,0.5853
10.9667,JELLY_B,-0.3285,-0.4916,0.5650
10.9667,JELLY_C,-0.1249,-0.1804,0.6899
10.9833,JELLY_A,0.1252,-0.0332,0.5908
10.9833,JELLY_B,-0.3393,-0.4916,0.5712
10.9833,JELLY_C,-0.1288,-0.1809,0.6963
11.0000,JELLY_A,0.1183,-0.0339,0.5962
11.0000,JELLY_B,-0.3498,-0.4916,0.5773
11.0000,JELLY_C,-0.1326,-0.1815,0.7028
11.0167,JELLY_A,0.1115,-0.0346,0.6016
11.0167,JELLY_B,-0.3601,-0.4917,0.5835
11.0167,JELLY_C,-0.1363,-0.1821,0.7093
11.0333,JELLY_A,0.1048,-0.0354,0.6070
11.0333,JELLY_B,-0.3702,-0.4917,0.5896
11.0333,JELLY_C,-0.1398,-0.1826,0.7157
11.0500,JELLY_A,0.0980,-0.0361,0.6124
11.0500,JELLY_B,-0.3800,-0.4917,0.5958
11.0500,JELLY_C,-0.1432,-0.1832,0.7222
11.0667,JELLY_A,0.0914,-0.0368,0.6179
11.0667,JELLY_B,-0.3896,-0.4918,0.6019
11.0667,JELLY_C,-0.1464,-0.1838,0.7287
11.0833,JELLY_A,0.0848,-0.0375,0.6233
11.0833,JELLY_B,-0.3990,-0.4918,0.6081
11.0833,JELLY_C,-0.1496,-0.1843,0.7351
11.1000,JELLY_A,0.0782,-0.0382,0.6287
11.1000,JELLY_B,-0.4081,-0.4919,0.6142
11.1000,JELLY_C,-0.1526,-0.1849,0.7416
11.1167,JELLY_A,0.0717,-0.0390,0.6341
11.1167,JELLY_B,-0.4170,-0.4919,0.6204
11.1167,JELLY_C,-0.1554,-0.1855,0.7481
11.1333,JELLY_A,0.0652,-0.0397,0.6396
11.1333,JELLY_B,-0.4256,-0.4919,0.6266
11.1333,JELLY_C,-0.1582,-0.1861,0.7545
11.1500,JELLY_A,0.0588,-0.0404,0.6450
11.1500,JELLY_B,-0.4341,-0.4919,0.6327
11.1500,JELLY_C,-0.1608,-0.1867,0.7610
11.1667,JELLY_A,0.0525,-0.0411,0.6504
11.1667,JELLY_B,-0.4423,-0.4920,0.6389
11.1667,JELLY_C,-0.1634,-0.1872,0.7675
11.1833,JELLY_A,0.0462,-0.0419,0.6558
11.1833,JELLY_B,-0.4502,-0.4920,0.6450
11.1833,JELLY_C,-0.1658,-0.1878,0.7740
11.2000,JELLY_A,0.0400,-0.0426,0.6613
11.2000,JELLY_B,-0.4579,-0.4920,0.6512
11.2000,JELLY_C,-0.1681,-0.1884,0.7804
11.2167,JELLY_A,0.0339,-0.0433,0.6667
11.2167,JELLY_B,-0.4654,-0.4921,0.6574
11.2167,JELLY_C,-0.1702,-0.1890,0.7869
11.2333,JELLY_A,0.0278,-0.0440,0.6721
11.2333,JELLY_B,-0.4727,-0.4921,0.6635
11.2333,JELLY_C,-0.1723,-0.1896,0.7934
11.2500,JELLY_A,0.0218,-0.0447,0.6776
11.2500,JELLY_B,-0.4797,-0.4921,0.6697
11.2500,JELLY_C,-0.1743,-0.1902,0.7999
11.2667,JELLY_A,0.0158,-0.0455,0.6830
11.2667,JELLY_B,-0.4865,-0.4921,0.6758
11.2667,JELLY_C,-0.1762,-0.1908,0.8063
11.2833,JELLY_A,0.0099,-0.0462,0.6884
11.2833,JELLY_B,-0.4931,-0.4922,0.6820
11.2833,JELLY_C,-0.1779,-0.1914,0.8128
11.3000,JELLY_A,0.0041,-0.0469,0.6938
11.3000,JELLY_B,-0.4995,-0.4922,0.6882
11.3000,JELLY_C,-0.1796,-0.1919,0.8193
11.3167,JELLY_A,-0.0016,-0.0476,0.6993
11.3167,JELLY_B,-0.5057,-0.4922,0.6943
11.3167,JELLY_C,-0.1812,-0.1925,0.8258
11.3333,JELLY_A,-0.0073,-0.0483,0.7047
11.3333,JELLY_B,-0.5116,-0.4922,0.7005
11.3333,JELLY_C,-0.1827,-0.1931,0.8322
11.3500,JELLY_A,-0.0128,-0.0490,0.7101
11.3500,JELLY_B,-0.5173,-0.4923,0.7067
11.3500,JELLY_C,-0.1841,-0.1937,0.8387
11.3667,JELLY_A,-0.0184,-0.0498,0.7156
11.3667,JELLY_B,-0.5228,-0.4923,0.7129
11.3667,JELLY_C,-0.1854,-0.1943,0.8452
11.3833,JELLY_A,-0.0238,-0.0505,0.7210
11.3833,JELLY_B,-0.5281,-0.4923,0.7190
11.3833,JELLY_C,-0.1866,-0.1949,0.8517
11.4000,JELLY_A,-0.0292,-0.0512,0.7264
11.4000,JELLY_B,-0.5332,-0.4923,0.7252
11.4000,JELLY_C,-0.1878,-0.1955,0.8581
11.4167,JELLY_A,-0.0344,-0.0519,0.7319
11.4167,JELLY_B,-0.5381,-0.4923,0.7314
11.4167,JELLY_C,-0.1888,-0.1961,0.8646
11.4333,JELLY_A,-0.0396,-0.0526,0.7373
11.4333,JELLY_B,-0.5428,-0.4923,0.7375
11.4333,JELLY_C,-0.1898,-0.1967,0.8711
11.4500,JELLY_A,-0.0448,-0.0533,0.7427
11.4500,JELLY_B,-0.5473,-0.4924,0.7437
11.4500,JELLY_C,-0.1907,-0.1973,0.8776
11.4667,JELLY_A,-0.0498,-0.0540,0.7482
11.4667,JELLY_B,-0.5516,-0.4924,0.7499
11.4667,JELLY_C,-0.1915,-0.1979,0.8841
11.4833,JELLY_A,-0.0548,-0.0548,0.7536
11.4833,JELLY_B,-0.5557,-0.4924,0.7561
11.4833,JELLY_C,-0.1923,-0.1985,0.8905
11.5000,JELLY_A,-0.0597,-0.0555,0.7590
11.5000,JELLY_B,-0.5597,-0.4924,0.7622
11.5000,JELLY_C,-0.1930,-0.1991,0.8970
11.5167,JELLY_A,-0.0645,-0.0562,0.7645
11.5167,JELLY_B,-0.5634,-0.4924,0.7684
11.5167,JELLY_C,-0.1936,-0.1998,0.9035
11.5333,JELLY_A,-0.0692,-0.0569,0.7699
11.5333,JELLY_B,-0.5669,-0.4924,0.7746
11.5333,JELLY_C,-0.1942,-0.2004,0.9100
11.5500,JELLY_A,-0.0739,-0.0576,0.7753
11.5500,JELLY_B,-0.5703,-0.4924,0.7808
11.5500,JELLY_C,-0.1947,-0.2010,0.9165
11.5667,JELLY_A,-0.0784,-0.0583,0.7808
11.5667,JELLY_B,-0.5735,-0.4924,0.7870
11.5667,JELLY_C,-0.1951,-0.2016,0.9230
11.5833,JELLY_A,-0.0829,-0.0590,0.7862
11.5833,JELLY_B,-0.5765,-0.4924,0.7931
11.5833,JELLY_C,-0.1955,-0.2022,0.9294
11.6000,JELLY_A,-0.0873,-0.0597,0.7916
11.6000,JELLY_B,-0.5793,-0.4924,0.7993
11.6000,JELLY_C,-0.1958,-0.2028,0.9359
11.6167,JELLY_A,-0.0917,-0.0604,0.7971
11.6167,JELLY_B,-0.5820,-0.4924,0.8055
11.6167,JELLY_C,-0.1960,-0.2034,0.9424
11.6333,JELLY_A,-0.0959,-0.0612,0.8025
11.6333,JELLY_B,-0.5845,-0.4924,0.8117
11.6333,JELLY_C,-0.1962,-0.2040,0.9489
11.6500,JELLY_A,-0.1001,-0.0619,0.8080
11.6500,JELLY_B,-0.5868,-0.4924,0.8179
11.6500,JELLY_C,-0.1964,-0.2046,0.9554
11.6667,JELLY_A,-0.1041,-0.0626,0.8134
11.6667,JELLY_B,-0.5890,-0.4924,0.8241
11.6667,JELLY_C,-0.1965,-0.2053,0.9619
11.6833,JELLY_A,-0.1081,-0.0633,0.8188
11.6833,JELLY_B,-0.5910,-0.4924,0.8303
11.6833,JELLY_C,-0.1966,-0.2059,0.9684
11.7000,JELLY_A,-0.1121,-0.0640,0.8243
11.7000,JELLY_B,-0.5928,-0.4924,0.8364
11.7000,JELLY_C,-0.1966,-0.2065,0.9749
11.7167,JELLY_A,-0.1159,-0.0647,0.8297
11.7167,JELLY_B,-0.5945,-0.4924,0.8426
11.7167,JELLY_C,-0.1965,-0.2071,0.9813
11.7333,JELLY_A,-0.1197,-0.0654,0.8352
11.7333,JELLY_B,-0.5961,-0.4924,0.8488
11.7333,JELLY_C,-0.1965,-0.2077,0.9878
11.7500,JELLY_A,-0.1234,-0.0661,0.8406
11.7500,JELLY_B,-0.5975,-0.4924,0.8550
11.7500,JELLY_C,-0.1963,-0.2083,0.9943
11.7667,JELLY_A,-0.1270,-0.0668,0.8460
11.7667,JELLY_B,-0.5988,-0.4924,0.8612
11.7667,JELLY_C,-0.1962,-0.2089,0.0008
11.7833,JELLY_A,-0.1305,-0.0675,0.8515
11.7833,JELLY_B,-0.5999,-0.4924,0.8674
11.7833,JELLY_C,-0.1875,-0.2096,0.0073
11.8000,JELLY_A,-0.1339,-0.0682,0.8569
11.8000,JELLY_B,-0.6009,-0.4924,0.8736
11.8000,JELLY_C,-0.1623,-0.2102,0.0138
11.8167,JELLY_A,-0.1373,-0.0689,0.8624
11.8167,JELLY_B,-0.6017,-0.4924,0.8798
11.8167,JELLY_C,-0.1211,-0.2108,0.0203
11.8333,JELLY_A,-0.1406,-0.0696,0.8678
11.8333,JELLY_B,-0.6025,-0.4924,0.8860
11.8333,JELLY_C,-0.0646,-0.2114,0.0268
11.8500,JELLY_A,-0.1438,-0.0703,0.8732
11.8500,JELLY_B,-0.6031,-0.4924,0.8922
11.8500,JELLY_C,0.0063,-0.2120,0.0333
11.8667,JELLY_A,-0.1470,-0.0710,0.8787
11.8667,JELLY_B,-0.6036,-0.4924,0.8984
11.8667,JELLY_C,0.0908,-0.2126,0.0398
11.8833,JELLY_A,-0.1500,-0.0717,0.8841
11.8833,JELLY_B,-0.6039,-0.4923,0.9046
11.8833,JELLY_C,0.1878,-0.2132,0.0463
11.9000,JELLY_A,-0.1530,-0.0724,0.8896
11.9000,JELLY_B,-0.6041,-0.4923,0.9108
11.9000,JELLY_C,0.2964,-0.2137,0.0528
11.9167,JELLY_A,-0.1559,-0.0731,0.8950
11.9167,JELLY_B,-0.6043,-0.4923,0.9170
11.9167,JELLY_C,0.4153,-0.2143,0.0593
11.9333,JELLY_A,-0.1588,-0.0737,0.9005
11.9333,JELLY_B,-0.6043,-0.4923,0.9232
11.9333,JELLY_C,0.5432,-0.2148,0.0658
11.9500,JELLY_A,-0.1616,-0.0744,0.9059
11.9500,JELLY_B,-0.6042,-0.4923,0.9294
11.9500,JELLY_C,0.6789,-0.2154,0.0723
11.9667,JELLY_A,-0.1643,-0.0751,0.9113
11.9667,JELLY_B,-0.6039,-0.4923,0.9356
11.9667,JELLY_C,0.8211,-0.2159,0.0787
11.9833,JELLY_A,-0.1669,-0.0758,0.9168
11.9833,JELLY_B,-0.6036,-0.4922,0.9418
11.9833,JELLY_C,0.9682,-0.2164,0.0852
12.0000,JELLY_A,-0.1695,-0.0765,0.9222
12.0000,JELLY_B,-0.6032,-0.4922,0.9480
12.0000,JELLY_C,1.1188,-0.2169,0.0917
12.0167,JELLY_A,-0.1719,-0.0772,0.9277
12.0167,JELLY_B,-0.6027,-0.4922,0.9542
12.0167,JELLY_C,1.2713,-0.2173,0.0982
12.0333,JELLY_A,-0.1744,-0.0779,0.9331
12.0333,JELLY_B,-0.6021,-0.4922,0.9604
12.0333,JELLY_C,1.4243,-0.2178,0.1047
12.0500,JELLY_A,-0.1767,-0.0786,0.9386
12.0500,JELLY_B,-0.6014,-0.4921,0.9666
12.0500,JELLY_C,1.5762,-0.2183,0.1112
12.0667,JELLY_A,-0.1790,-0.0792,0.9440
12.0667,JELLY_B,-0.6006,-0.4921,0.9728
12.0667,JELLY_C,1.7254,-0.2187,0.1177
12.0833,JELLY_A,-0.1812,-0.0799,0.9495
12.0833,JELLY_B,-0.5997,-0.4921,0.9790
12.0833,JELLY_C,1.8704,-0.2191,0.1242
12.1000,JELLY_A,-0.1834,-0.0806,0.9549
12.1000,JELLY_B,-0.5987,-0.4920,0.9852
12.1000,JELLY_C,2.0095,-0.2195,0.1307
12.1167,JELLY_A,-0.1855,-0.0813,0.9604
12.1167,JELLY_B,-0.5976,-0.4920,0.9914
12.1167,JELLY_C,2.1412,-0.2199,0.1373
12.1333,JELLY_A,-0.1875,-0.0820,0.9658
12.1333,JELLY_B,-0.5965,-0.4920,0.9976
12.1333,JELLY_C,2.2640,-0.2203,0.1438
12.1500,JELLY_A,-0.1895,-0.0827,0.9713
12.1500,JELLY_B,-0.5934,-0.4919,0.0038
12.1500,JELLY_C,2.3765,-0.2207,0.1503
12.1667,JELLY_A,-0.1914,-0.0833,0.9767
12.1667,JELLY_B,-0.5774,-0.4919,0.0100
12.1667,JELLY_C,2.4773,-0.2211,0.1568
12.1833,JELLY_A,-0.1932,-0.0840,0.9822
12.1833,JELLY_B,-0.5470,-0.4918,0.0162
12.1833,JELLY_C,2.5649,-0.2214,0.1633
12.2000,JELLY_A,-0.1950,-0.0847,0.9876
12.2000,JELLY_B,-0.5028,-0.4918,0.0225
12.2000,JELLY_C,2.6381,-0.2218,0.1698
12.2167,JELLY_A,-0.1967,-0.0854,0.9931
12.2167,JELLY_B,-0.4454,-0.4918,0.0287
12.2167,JELLY_C,2.6956,-0.2222,0.1763
12.2333,JELLY_A,-0.1984,-0.0860,0.9985
12.2333,JELLY_B,-0.3755,-0.4917,0.0349
12.2333,JELLY_C,2.7365,-0.2225,0.1828
12.2500,JELLY_A,-0.2000,-0.0867,0.0040
12.2500,JELLY_B,-0.2938,-0.4917,0.0411
12.2500,JELLY_C,2.7596,-0.2229,0.1893
12.2667,JELLY_A,-0.2015,-0.0874,0.0094
12.2667,JELLY_B,-0.2012,-0.4916,0.0473
12.2667,JELLY_C,2.7639,-0.2232,0.1958
12.2833,JELLY_A,-0.2030,-0.0881,0.0149
12.2833,JELLY_B,-0.0985,-0.4915,0.0535
12.2833,JELLY_C,2.7491,-0.2236,0.2023
12.3000,JELLY_A,-0.2044,-0.0887,0.0203
12.3000,JELLY_B,0.0134,-0.4915,0.0598
12.3000,JELLY_C,2.7193,-0.2240,0.2088
12.3167,JELLY_A,-0.2057,-0.0894,0.0258
12.3167,JELLY_B,0.1334,-0.4914,0.0660
12.3167,JELLY_C,2.6744,-0.2244,0.2153
12.3333,JELLY_A,-0.2070,-0.0901,0.0312
12.3333,JELLY_B,0.2605,-0.4913,0.0722
12.3333,JELLY_C,2.6159,-0.2247,0.2218
12.3500,JELLY_A,-0.2082,-0.0907,0.0367
12.3500,JELLY_B,0.3937,-0.4912,0.0784
12.3500,JELLY_C,2.5452,-0.2251,0.2284
12.3667,JELLY_A,-0.2093,-0.0914,0.0421
12.3667,JELLY_B,0.5317,-0.4911,0.0846
12.3667,JELLY_C,2.4637,-0.2255,0.2349
12.3833,JELLY_A,-0.2104,-0.0920,0.0476
12.3833,JELLY_B,0.6735,-0.4910,0.0909
12.3833,JELLY_C,2.3727,-0.2259,0.2414
12.4000,JELLY_A,-0.2114,-0.0927,0.0530
12.4000,JELLY_B,0.8178,-0.4909,0.0971
12.4000,JELLY_C,2.2737,-0.2263,0.2479
12.4167,JELLY_A,-0.2124,-0.0934,0.0585
12.4167,JELLY_B,0.9633,-0.4908,0.1033
12.4167,JELLY_C,2.1677,-0.2267,0.2544
12.4333,JELLY_A,-0.2133,-0.0940,0.0639
12.4333,JELLY_B,1.1088,-0.4907,0.1095
12.4333,JELLY_C,2.0561,-0.2271,0.2609
12.4500,JELLY_A,-0.2142,-0.0947,0.0694
12.4500,JELLY_B,1.2531,-0.4906,0.1157
12.4500,JELLY_C,1.9399,-0.2275,0.2674
12.4667,JELLY_A,-0.2150,-0.0953,0.0748
12.4667,JELLY_B,1.3947,-0.4904,0.1220
12.4667,JELLY_C,1.8204,-0.2279,0.2739
12.4833,JELLY_A,-0.2157,-0.0960,0.0803
12.4833,JELLY_B,1.5325,-0.4903,0.1282
12.4833,JELLY_C,1.6984,-0.2283,0.2805
12.5000,JELLY_A,-0.2165,-0.0966,0.0857
12.5000,JELLY_B,1.6650,-0.4902,0.1344
12.5000,JELLY_C,1.5752,-0.2288,0.2870
12.5167,JELLY_A,-0.2171,-0.0973,0.0912
12.5167,JELLY_B,1.7910,-0.4900,0.1407
12.5167,JELLY_C,1.4516,-0.2292,0.2935
12.5333,JELLY_A,-0.2177,-0.0979,0.0966
12.5333,JELLY_B,1.9091,-0.4899,0.1469
12.5333,JELLY_C,1.3286,-0.2296,0.3000
12.5500,JELLY_A,-0.2183,-0.0986,0.1021
12.5500,JELLY_B,2.0182,-0.4897,0.1531
12.5500,JELLY_C,1.2071,-0.2300,0.3065
12.5667,JELLY_A,-0.2189,-0.0992,0.1075
12.5667,JELLY_B,2.1169,-0.4896,0.1593
12.5667,JELLY_C,1.0879,-0.2305,0.3130
12.5833,JELLY_A,-0.2194,-0.0999,0.1130
12.5833,JELLY_B,2.2041,-0.4894,0.1656
12.5833,JELLY_C,0.9718,-0.2309,0.3196
12.6000,JELLY_A,-0.2198,-0.1005,0.1185
12.6000,JELLY_B,2.2785,-0.4892,0.1718
12.6000,JELLY_C,0.8597,-0.2313,0.3261
12.6167,JELLY_A,-0.2202,-0.1011,0.1239
12.6167,JELLY_B,2.3390,-0.4891,0.1780
12.6167,JELLY_C,0.7522,-0.2318,0.3326
12.6333,JELLY_A,-0.2206,-0.1018,0.1294
12.6333,JELLY_B,2.3845,-0.4889,0.1843
12.6333,JELLY_C,0.6500,-0.2322,0.3391
12.6500,JELLY_A,-0.2210,-0.1024,0.1348
12.6500,JELLY_B,2.4141,-0.4888,0.1905
12.6500,JELLY_C,0.5539,-0.2327,0.3457
12.6667,JELLY_A,-0.2213,-0.1031,0.1403
12.6667,JELLY_B,2.4267,-0.4886,0.1967
12.6667,JELLY_C,0.4643,-0.2331,0.3522
12.6833,JELLY_A,-0.2215,-0.1037,0.1457
12.6833,JELLY_B,2.4221,-0.4884,0.2030
12.6833,JELLY_C,0.3820,-0.2336,0.3587
12.7000,JELLY_A,-0.2218,-0.1043,0.1512
12.7000,JELLY_B,2.4055,-0.4883,0.2092
12.7000,JELLY_C,0.3075,-0.2340,0.3652
12.7167,JELLY_A,-0.2220,-0.1049,0.1566
12.7167,JELLY_B,2.3754,-0.4881,0.2154
12.7167,JELLY_C,0.2413,-0.2345,0.3717
12.7333,JELLY_A,-0.2221,-0.1056,0.1621
12.7333,JELLY_B,2.3328,-0.4880,0.2217
12.7333,JELLY_C,0.1838,-0.2350,0.3783
12.7500,JELLY_A,-0.2223,-0.1062,0.1676
12.7500,JELLY_B,2.2788,-0.4878,0.2279
12.7500,JELLY_C,0.1356,-0.2354,0.3848
12.7667,JELLY_A,-0.2224,-0.1068,0.1730
12.7667,JELLY_B,2.2145,-0.4876,0.2342
12.7667,JELLY_C,0.0971,-0.2359,0.3913
12.7833,JELLY_A,-0.2225,-0.1075,0.1785
12.7833,JELLY_B,2.1409,-0.4875,0.2404
12.7833,JELLY_C,0.0687,-0.2364,0.3979
12.8000,JELLY_A,-0.2225,-0.1081,0.1839
12.8000,JELLY_B,2.0590,-0.4873,0.2466
12.8000,JELLY_C,0.0503,-0.2368,0.4044
12.8167,JELLY_A,-0.2225,-0.1087,0.1894
12.8167,JELLY_B,1.9698,-0.4872,0.2529
12.8167,JELLY_C,0.0349,-0.2373,0.4109
12.8333,JELLY_A,-0.2225,-0.1093,0.1948
12.8333,JELLY_B,1.8743,-0.4870,0.2591
12.8333,JELLY_C,0.0197,-0.2378,0.4174
12.8500,JELLY_A,-0.2225,-0.1099,0.2003
12.8500,JELLY_B,1.7735,-0.4868,0.2654
12.8500,JELLY_C,0.0047,-0.2383,0.4240
12.8667,JELLY_A,-0.2224,-0.1106,0.2058
12.8667,JELLY_B,1.6682,-0.4867,0.2716
12.8667,JELLY_C,-0.0101,-0.2388,0.4305
12.8833,JELLY_A,-0.2223,-0.1112,0.2112
12.8833,JELLY_B,1.5594,-0.4865,0.2778
12.8833,JELLY_C,-0.0245,-0.2393,0.4370
12.9000,JELLY_A,-0.2222,-0.1118,0.2167
12.9000,JELLY_B,1.4479,-0.4863,0.2841
12.9000,JELLY_C,-0.0388,-0.2397,0.4436
12.9167,JELLY_A,-0.2221,-0.1124,0.2221
12.9167,JELLY_B,1.3347,-0.4862,0.2903
12.9167,JELLY_C,-0.0527,-0.2402,0.4501
12.9333,JELLY_A,-0.2219,-0.1130,0.2276
12.9333,JELLY_B,1.2205,-0.4860,0.2966
12.9333,JELLY_C,-0.0664,-0.2407,0.4566
12.9500,JELLY_A,-0.2217,-0.1136,0.2331
12.9500,JELLY_B,1.1062,-0.4859,0.3028
12.9500,JELLY_C,-0.0797,-0.2412,0.4632
12.9667,JELLY_A,-0.2215,-0.1142,0.2385
12.9667,JELLY_B,0.9926,-0.4857,0.3091
12.9667,JELLY_C,-0.0928,-0.2417,0.4697
12.9833,JELLY_A,-0.2213,-0.1149,0.2440
12.9833,JELLY_B,0.8804,-0.4855,0.3153
12.9833,JELLY_C,-0.1055,-0.2422,0.4762
13.0000,JELLY_A,-0.2211,-0.1155,0.2494
13.0000,JELLY_B,0.7705,-0.4854,0.3216
13.0000,JELLY_C,-0.1180,-0.2427,0.4828
13.0167,JELLY_A,-0.2208,-0.1161,0.2549
13.0167,JELLY_B,0.6635,-0.4852,0.3278
13.0167,JELLY_C,-0.1301,-0.2432,0.4893
13.0333,JELLY_A,-0.2205,-0.1167,0.2604
13.0333,JELLY_B,0.5601,-0.4851,0.3341
13.0333,JELLY_C,-0.1419,-0.2437,0.4958
13.0500,JELLY_A,-0.2202,-0.1173,0.2658
13.0500,JELLY_B,0.4612,-0.4849,0.3403
13.0500,JELLY_C,-0.1534,-0.2442,0.5024
13.0667,JELLY_A,-0.2199,-0.1179,0.2713
13.0667,JELLY_B,0.3672,-0.4847,0.3466
13.0667,JELLY_C,-0.1646,-0.2447,0.5089
13.0833,JELLY_A,-0.2196,-0.1185,0.2767
13.0833,JELLY_B,0.2789,-0.4846,0.3528
13.0833,JELLY_C,-0.1755,-0.2452,0.5154
13.1000,JELLY_A,-0.2192,-0.1191,0.2822
13.1000,JELLY_B,0.1969,-0.4844,0.3591
13.1000,JELLY_C,-0.1861,-0.2458,0.5220
13.1167,JELLY_A,-0.2188,-0.1197,0.2877
13.1167,JELLY_B,0.1218,-0.4842,0.3653
13.1167,JELLY_C,-0.1964,-0.2463,0.5285
13.1333,JELLY_A,-0.2184,-0.1203,0.2931
13.1333,JELLY_B,0.0542,-0.4841,0.3716
13.1333,JELLY_C,-0.2064,-0.2468,0.5351
13.1500,JELLY_A,-0.2180,-0.1209,0.2986
13.1500,JELLY_B,-0.0053,-0.4839,0.3778
13.1500,JELLY_C,-0.2161,-0.2473,0.5416
13.1667,JELLY_A,-0.2176,-0.1215,0.3040
13.1667,JELLY_B,-0.0562,-0.4838,0.3841
13.1667,JELLY_C,-0.2255,-0.2478,0.5481
13.1833,JELLY_A,-0.2171,-0.1221,0.3095
13.1833,JELLY_B,-0.0980,-0.4836,0.3904
13.1833,JELLY_C,-0.2347,-0.2484,0.5547
13.2000,JELLY_A,-0.2167,-0.1226,0.3150
13.2000,JELLY_B,-0.1302,-0.4834,0.3966
13.2000,JELLY_C,-0.2435,-0.2489,0.5612
13.2167,JELLY_A,-0.2162,-0.1232,0.3204
13.2167,JELLY_B,-0.1523,-0.4833,0.4029
13.2167,JELLY_C,-0.2521,-0.2494,0.5678
13.2333,JELLY_A,-0.2157,-0.1238,0.3259
13.2333,JELLY_B,-0.1684,-0.4831,0.4091
13.2333,JELLY_C,-0.2604,-0.2499,0.5743
13.2500,JELLY_A,-0.2153,-0.1244,0.3314
13.2500,JELLY_B,-0.1844,-0.4829,0.4154
13.2500,JELLY_C,-0.2684,-0.2505,0.5809
13.2667,JELLY_A,-0.2148,-0.1250,0.3368
13.2667,JELLY_B,-0.2004,-0.4828,0.4216
13.2667,JELLY_C,-0.2762,-0.2510,0.5874
13.2833,JELLY_A,-0.2143,-0.1256,0.3423
13.2833,JELLY_B,-0.2163,-0.4826,0.4279
13.2833,JELLY_C,-0.2837,-0.2515,0.5939
13.3000,JELLY_A,-0.2138,-0.1262,0.3477
13.3000,JELLY_B,-0.2320,-0.4824,0.4342
13.3000,JELLY_C,-0.2909,-0.2520,0.6005
13.3167,JELLY_A,-0.2133,-0.1267,0.3532
13.3167,JELLY_B,-0.2476,-0.4823,0.4404
13.3167,JELLY_C,-0.2979,-0.2526,0.6070
13.3333,JELLY_A,-0.2128,-0.1273,0.3587
13.3333,JELLY_B,-0.2631,-0.4821,0.4467
13.3333,JELLY_C,-0.3046,-0.2531,0.6136
13.3500,JELLY_A,-0.2122,-0.1279,0.3641
13.3500,JELLY_B,-0.2784,-0.4819,0.4530
13.3500,JELLY_C,-0.3111,-0.2537,0.6201
13.3667,JELLY_A,-0.2117,-0.1285,0.3696
13.3667,JELLY_B,-0.2935,-0.4817,0.4592
13.3667,JELLY_C,-0.3173,-0.2542,0.6267
13.3833,JELLY_A,-0.2112,-0.1291,0.3751
13.3833,JELLY_B,-0.3085,-0.4816,0.4655
13.3833,JELLY_C,-0.3233,-0.2547,0.6332
13.4000,JELLY_A,-0.2106,-0.1296,0.3805
13.4000,JELLY_B,-0.3232,-0.4814,0.4717
13.4000,JELLY_C,-0.3291,-0.2553,0.6398
13.4167,JELLY_A,-0.2101,-0.1302,0.3860
13.4167,JELLY_B,-0.3377,-0.4812,0.4780
13.4167,JELLY_C,-0.3346,-0.2558,0.6463
13.4333,JELLY_A,-0.2096,-0.1308,0.3914
13.4333,JELLY_B,-0.3520,-0.4811,0.4843
13.4333,JELLY_C,-0.3399,-0.2564,0.6529
13.4500,JELLY_A,-0.2090,-0.1313,0.3969
13.4500,JELLY_B,-0.3660,-0.4809,0.4905
13.4500,JELLY_C,-0.3450,-0.2569,0.6594
13.4667,JELLY_A,-0.2084,-0.1319,0.4024
13.4667,JELLY_B,-0.3798,-0.4807,0.4968
13.4667,JELLY_C,-0.3499,-0.2575,0.6660
13.4833,JELLY_A,-0.2079,-0.1325,0.4078
13.4833,JELLY_B,-0.3934,-0.4805,0.5031
13.4833,JELLY_C,-0.3545,-0.2580,0.6725
13.5000,JELLY_A,-0.2073,-0.1331,0.4133
13.5000,JELLY_B,-0.4067,-0.4804,0.5093
13.5000,JELLY_C,-0.3590,-0.2585,0.6791
13.5167,JELLY_A,-0.2067,-0.1336,0.4188
13.5167,JELLY_B,-0.4197,-0.4802,0.5156
13.5167,JELLY_C,-0.3632,-0.2591,0.6856
13.5333,JELLY_A,-0.2061,-0.1342,0.4242
13.5333,JELLY_B,-0.4324,-0.4800,0.5219
13.5333,JELLY_C,-0.3672,-0.2596,0.6922
13.5500,JELLY_A,-0.2055,-0.1347,0.4297
13.5500,JELLY_B,-0.4449,-0.4798,0.5282
13.5500,JELLY_C,-0.3711,-0.2602,0.6988
13.5667,JELLY_A,-0.2050,-0.1353,0.4352
13.5667,JELLY_B,-0.4570,-0.4797,0.5344
13.5667,JELLY_C,-0.3747,-0.2608,0.7053
13.5833,JELLY_A,-0.2043,-0.1359,0.4406
13.5833,JELLY_B,-0.4689,-0.4795,0.5407
13.5833,JELLY_C,-0.3782,-0.2613,0.7119
13.6000,JELLY_A,-0.2037,-0.1364,0.4461
13.6000,JELLY_B,-0.4804,-0.4793,0.5470
13.6000,JELLY_C,-0.3815,-0.2619,0.7184
13.6167,JELLY_A,-0.2031,-0.1370,0.4516
13.6167,JELLY_B,-0.4917,-0.4791,0.5532
13.6167,JELLY_C,-0.3845,-0.2624,0.7250
13.6333,JELLY_A,-0.2025,-0.1375,0.4570
13.6333,JELLY_B,-0.5026,-0.4789,0.5595
13.6333,JELLY_C,-0.3875,-0.2630,0.7315
13.6500,JELLY_A,-0.2019,-0.1381,0.4625
13.6500,JELLY_B,-0.5133,-0.4788,0.5658
13.6500,JELLY_C,-0.3902,-0.2635,0.7381
13.6667,JELLY_A,-0.2013,-0.1386,0.4679
13.6667,JELLY_B,-0.5237,-0.4786,0.5721
13.6667,JELLY_C,-0.3928,-0.2641,0.7447
13.6833,JELLY_A,-0.2006,-0.1392,0.4734
13.6833,JELLY_B,-0.5337,-0.4784,0.5783
13.6833,JELLY_C,-0.3952,-0.2646,0.7512
13.7000,JELLY_A,-0.2000,-0.1398,0.4789
13.7000,JELLY_B,-0.5435,-0.4782,0.5846
13.7000,JELLY_C,-0.3974,-0.2652,0.7578
13.7167,JELLY_A,-0.1993,-0.1403,0.4843
13.7167,JELLY_B,-0.5530,-0.4780,0.5909
13.7167,JELLY_C,-0.3995,-0.2658,0.7643
13.7333,JELLY_A,-0.1987,-0.1409,0.4898
13.7333,JELLY_B,-0.5622,-0.4779,0.5972
13.7333,JELLY_C,-0.4014,-0.2663,0.7709
13.7500,JELLY_A,-0.1980,-0.1414,0.4953
13.7500,JELLY_B,-0.5711,-0.4777,0.6034
13.7500,JELLY_C,-0.4032,-0.2669,0.7775
13.7667,JELLY_A,-0.1974,-0.1419,0.5007
13.7667,JELLY_B,-0.5798,-0.4775,0.6097
13.7667,JELLY_C,-0.4048,-0.2675,0.7840
13.7833,JELLY_A,-0.1967,-0.1425,0.5062
13.7833,JELLY_B,-0.5881,-0.4773,0.6160
13.7833,JELLY_C,-0.4063,-0.2680,0.7906
13.8000,JELLY_A,-0.1960,-0.1430,0.5117
13.8000,JELLY_B,-0.5962,-0.4771,0.6223
13.8000,JELLY_C,-0.4077,-0.2686,0.7972
13.8167,JELLY_A,-0.1953,-0.1436,0.5171
13.8167,JELLY_B,-0.6039,-0.4769,0.6286
13.8167,JELLY_C,-0.4089,-0.2691,0.8037
13.8333,JELLY_A,-0.1946,-0.1441,0.5226
13.8333,JELLY_B,-0.6114,-0.4767,0.6348
13.8333,JELLY_C,-0.4100,-0.2697,0.8103
13.8500,JELLY_A,-0.1938,-0.1447,0.5281
13.8500,JELLY_B,-0.6186,-0.4765,0.6411
13.8500,JELLY_C,-0.4109,-0.2703,0.8169
13.8667,JELLY_A,-0.1931,-0.1452,0.5335
13.8667,JELLY_B,-0.6256,-0.4763,0.6474
13.8667,JELLY_C,-0.4117,-0.2708,0.8234
13.8833,JELLY_A,-0.1922,-0.1457,0.5390
13.8833,JELLY_B,-0.6322,-0.4762,0.6537
13.8833,JELLY_C,-0.4124,-0.2714,0.8300
13.9000,JELLY_A,-0.1914,-0.1463,0.5445
13.9000,JELLY_B,-0.6386,-0.4760,0.6600
13.9000,JELLY_C,-0.4130,-0.2720,0.8366
13.9167,JELLY_A,-0.1906,-0.1468,0.5499
13.9167,JELLY_B,-0.6447,-0.4758,0.6663
13.9167,JELLY_C,-0.4135,-0.2725,0.8431
13.9333,JELLY_A,-0.1897,-0.1474,0.5554
13.9333,JELLY_B,-0.6506,-0.4756,0.6725
13.9333,JELLY_C,-0.4138,-0.2731,0.8497
13.9500,JELLY_A,-0.1888,-0.1479,0.5609
13.9500,JELLY_B,-0.6562,-0.4754,0.6788
13.9500,JELLY_C,-0.4141,-0.2737,0.8563
13.9667,JELLY_A,-0.1879,-0.1484,0.5663
13.9667,JELLY_B,-0.6616,-0.4752,0.6851
13.9667,JELLY_C,-0.4142,-0.2742,0.8628
13.9833,JELLY_A,-0.1870,-0.1490,0.5718
13.9833,JELLY_B,-0.6667,-0.4750,0.6914
13.9833,JELLY_C,-0.4142,-0.2748,0.8694
14.0000,JELLY_A,-0.1861,-0.1495,0.5773
14.0000,JELLY_B,-0.6715,-0.4748,0.6977
14.0000,JELLY_C,-0.4142,-0.2754,0.8760
14.0167,JELLY_A,-0.1851,-0.1500,0.5827
14.0167,JELLY_B,-0.6762,-0.4746,0.7040
14.0167,JELLY_C,-0.4140,-0.2760,0.8826
14.0333,JELLY_A,-0.1842,-0.1505,0.5882
14.0333,JELLY_B,-0.6805,-0.4744,0.7102
14.0333,JELLY_C,-0.4138,-0.2765,0.8891
14.0500,JELLY_A,-0.1832,-0.1511,0.5937
14.0500,JELLY_B,-0.6847,-0.4742,0.7165
14.0500,JELLY_C,-0.4134,-0.2771,0.8957
14.0667,JELLY_A,-0.1822,-0.1516,0.5991
14.0667,JELLY_B,-0.6886,-0.4740,0.7228
14.0667,JELLY_C,-0.4130,-0.2777,0.9023
14.0833,JELLY_A,-0.1812,-0.1521,0.6046
14.0833,JELLY_B,-0.6923,-0.4738,0.7291
14.0833,JELLY_C,-0.4125,-0.2782,0.9089
14.1000,JELLY_A,-0.1802,-0.1526,0.6100
14.1000,JELLY_B,-0.6957,-0.4736,0.7354
14.1000,JELLY_C,-0.4119,-0.2788,0.9154
14.1167,JELLY_A,-0.1791,-0.1532,0.6155
14.1167,JELLY_B,-0.6989,-0.4734,0.7417
14.1167,JELLY_C,-0.4112,-0.2794,0.9220
14.1333,JELLY_A,-0.1781,-0.1537,0.6210
14.1333,JELLY_B,-0.7020,-0.4732,0.7480
14.1333,JELLY_C,-0.4104,-0.2800,0.9286
14.1500,JELLY_A,-0.1770,-0.1542,0.6264
14.1500,JELLY_B,-0.7048,-0.4730,0.7543
14.1500,JELLY_C,-0.4096,-0.2805,0.9352
14.1667,JELLY_A,-0.1759,-0.1547,0.6319
14.1667,JELLY_B,-0.7074,-0.4728,0.7606
14.1667,JELLY_C,-0.4087,-0.2811,0.9417
14.1833,JELLY_A,-0.1749,-0.1552,0.6374
14.1833,JELLY_B,-0.7097,-0.4725,0.7668
14.1833,JELLY_C,-0.4077,-0.2817,0.9483
14.2000,JELLY_A,-0.1738,-0.1558,0.6428
14.2000,JELLY_B,-0.7119,-0.4723,0.7731
14.2000,JELLY_C,-0.4067,-0.2822,0.9549
14.2167,JELLY_A,-0.1727,-0.1563,0.6483
14.2167,JELLY_B,-0.7139,-0.4721,0.7794
14.2167,JELLY_C,-0.4056,-0.2828,0.9615
14.2333,JELLY_A,-0.1716,-0.1568,0.6538
14.2333,JELLY_B,-0.7157,-0.4719,0.7857
14.2333,JELLY_C,-0.4044,-0.2834,0.9681
14.2500,JELLY_A,-0.1705,-0.1573,0.6592
14.2500,JELLY_B,-0.7173,-0.4717,0.7920
14.2500,JELLY_C,-0.4032,-0.2840,0.9746
14.2667,JELLY_A,-0.1693,-0.1578,0.6647
14.2667,JELLY_B,-0.7187,-0.4715,0.7983
14.2667,JELLY_C,-0.4019,-0.2845,0.9812
14.2833,JELLY_A,-0.1682,-0.1583,0.6702
14.2833,JELLY_B,-0.7200,-0.4713,0.8046
14.2833,JELLY_C,-0.4006,-0.2851,0.9878
14.3000,JELLY_A,-0.1671,-0.1588,0.6756
14.3000,JELLY_B,-0.7210,-0.4711,0.8109
14.3000,JELLY_C,-0.3992,-0.2857,0.9944
14.3167,JELLY_A,-0.1659,-0.1594,0.6811
14.3167,JELLY_B,-0.7219,-0.4708,0.8172
14.3167,JELLY_C,-0.3977,-0.2863,0.0010
14.3333,JELLY_A,-0.1648,-0.1599,0.6866
14.3333,JELLY_B,-0.7227,-0.4706,0.8235
14.3333,JELLY_C,-0.3874,-0.2868,0.0075
14.3500,JELLY_A,-0.1636,-0.1604,0.6920
14.3500,JELLY_B,-0.7232,-0.4704,0.8298
14.3500,JELLY_C,-0.3597,-0.2874,0.0141
14.3667,JELLY_A,-0.1625,-0.1609,0.6975
14.3667,JELLY_B,-0.7236,-0.4702,0.8361
14.3667,JELLY_C,-0.3151,-0.2880,0.0207
14.3833,JELLY_A,-0.1613,-0.1614,0.7030
14.3833,JELLY_B,-0.7239,-0.4700,0.8424
14.3833,JELLY_C,-0.2545,-0.2885,0.0273
14.4000,JELLY_A,-0.1601,-0.1619,0.7084
14.4000,JELLY_B,-0.7239,-0.4697,0.8487
14.4000,JELLY_C,-0.1785,-0.2891,0.0339
14.4167,JELLY_A,-0.1590,-0.1624,0.7139
14.4167,JELLY_B,-0.7239,-0.4695,0.8550
14.4167,JELLY_C,-0.0882,-0.2896,0.0405
14.4333,JELLY_A,-0.1578,-0.1629,0.7194
14.4333,JELLY_B,-0.7237,-0.4693,0.8613
14.4333,JELLY_C,0.0156,-0.2902,0.0471
14.4500,JELLY_A,-0.1566,-0.1634,0.7248
14.4500,JELLY_B,-0.7233,-0.4691,0.8676
14.4500,JELLY_C,0.1315,-0.2907,0.0536
14.4667,JELLY_A,-0.1555,-0.1639,0.7303
14.4667,JELLY_B,-0.7228,-0.4688,0.8739
14.4667,JELLY_C,0.2584,-0.2912,0.0602
14.4833,JELLY_A,-0.1543,-0.1644,0.7358
14.4833,JELLY_B,-0.7222,-0.4686,0.8802
14.4833,JELLY_C,0.3950,-0.2917,0.0668
14.5000,JELLY_A,-0.1531,-0.1649,0.7412
14.5000,JELLY_B,-0.7215,-0.4684,0.8865
14.5000,JELLY_C,0.5398,-0.2922,0.0734
14.5167,JELLY_A,-0.1519,-0.1654,0.7467
14.5167,JELLY_B,-0.7206,-0.4682,0.8928
14.5167,JELLY_C,0.6914,-0.2927,0.0800
14.5333,JELLY_A,-0.1507,-0.1659,0.7522
14.5333,JELLY_B,-0.7196,-0.4679,0.8991
14.5333,JELLY_C,0.8481,-0.2932,0.0866
14.5500,JELLY_A,-0.1495,-0.1664,0.7576
14.5500,JELLY_B,-0.7185,-0.4677,0.9054
14.5500,JELLY_C,1.0084,-0.2936,0.0932
14.5667,JELLY_A,-0.1484,-0.1669,0.7631
14.5667,JELLY_B,-0.7173,-0.4675,0.9117
14.5667,JELLY_C,1.1706,-0.2941,0.0998
14.5833,JELLY_A,-0.1472,-0.1674,0.7686
14.5833,JELLY_B,-0.7159,-0.4672,0.9180
14.5833,JELLY_C,1.3330,-0.2945,0.1064
14.6000,JELLY_A,-0.1460,-0.1679,0.7740
14.6000,JELLY_B,-0.7145,-0.4670,0.9243
14.6000,JELLY_C,1.4938,-0.2949,0.1130
14.6167,JELLY_A,-0.1448,-0.1684,0.7795
14.6167,JELLY_B,-0.7129,-0.4668,0.9306
14.6167,JELLY_C,1.6514,-0.2953,0.1196
14.6333,JELLY_A,-0.1436,-0.1688,0.7849
14.6333,JELLY_B,-0.7113,-0.4665,0.9369
14.6333,JELLY_C,1.8040,-0.2957,0.1261
14.6500,JELLY_A,-0.1424,-0.1693,0.7904
14.6500,JELLY_B,-0.7095,-0.4663,0.9432
14.6500,JELLY_C,1.9498,-0.2961,0.1327
14.6667,JELLY_A,-0.1413,-0.1698,0.7959
14.6667,JELLY_B,-0.7077,-0.4660,0.9495
14.6667,JELLY_C,2.0872,-0.2965,0.1393
14.6833,JELLY_A,-0.1401,-0.1703,0.8013
14.6833,JELLY_B,-0.7057,-0.4658,0.9558
14.6833,JELLY_C,2.2146,-0.2969,0.1459
14.7000,JELLY_A,-0.1389,-0.1708,0.8068
14.7000,JELLY_B,-0.7037,-0.4656,0.9621
14.7000,JELLY_C,2.3302,-0.2973,0.1525
14.7167,JELLY_A,-0.1377,-0.1713,0.8123
14.7167,JELLY_B,-0.7016,-0.4653,0.9684
14.7167,JELLY_C,2.4326,-0.2976,0.1591
14.7333,JELLY_A,-0.1365,-0.1718,0.8177
14.7333,JELLY_B,-0.6994,-0.4651,0.9747
14.7333,JELLY_C,2.5204,-0.2980,0.1657
14.7500,JELLY_A,-0.1354,-0.1723,0.8232
14.7500,JELLY_B,-0.6971,-0.4648,0.9810
14.7500,JELLY_C,2.5920,-0.2983,0.1723
14.7667,JELLY_A,-0.1342,-0.1727,0.8287
14.7667,JELLY_B,-0.6947,-0.4646,0.9873
14.7667,JELLY_C,2.6464,-0.2987,0.1789
14.7833,JELLY_A,-0.1330,-0.1732,0.8341
14.7833,JELLY_B,-0.6923,-0.4643,0.9936
14.7833,JELLY_C,2.6823,-0.2990,0.1855
14.8000,JELLY_A,-0.1319,-0.1737,0.8396
14.8000,JELLY_B,-0.6898,-0.4641,0.9999
14.8000,JELLY_C,2.6987,-0.2994,0.1921
14.8167,JELLY_A,-0.1307,-0.1742,0.8451
14.8167,JELLY_B,-0.6872,-0.4638,0.0062
14.8167,JELLY_C,2.6945,-0.2997,0.1987
14.8333,JELLY_A,-0.1296,-0.1747,0.8505
14.8333,JELLY_B,-0.6845,-0.4636,0.0125
14.8333,JELLY_C,2.6710,-0.3001,0.2053
14.8500,JELLY_A,-0.1284,-0.1751,0.8560
14.8500,JELLY_B,-0.6818,-0.4633,0.0188
14.8500,JELLY_C,2.6312,-0.3005,0.2119
14.8667,JELLY_A,-0.1273,-0.1756,0.8614
14.8667,JELLY_B,-0.6789,-0.4631,0.0251
14.8667,JELLY_C,2.5762,-0.3008,0.2185
14.8833,JELLY_A,-0.1261,-0.1761,0.8669
14.8833,JELLY_B,-0.6760,-0.4628,0.0315
14.8833,JELLY_C,2.5074,-0.3012,0.2251
14.9000,JELLY_A,-0.1250,-0.1766,0.8724
14.9000,JELLY_B,-0.6731,-0.4626,0.0378
14.9000,JELLY_C,2.4263,-0.3016,0.2317
14.9167,JELLY_A,-0.1239,-0.1770,0.8778
14.9167,JELLY_B,-0.6700,-0.4623,0.0441
14.9167,JELLY_C,2.3344,-0.3019,0.2383
14.9333,JELLY_A,-0.1227,-0.1775,0.8833
14.9333,JELLY_B,-0.6669,-0.4621,0.0504
14.9333,JELLY_C,2.2331,-0.3023,0.2449
14.9500,JELLY_A,-0.1216,-0.1780,0.8888
14.9500,JELLY_B,-0.6638,-0.4618,0.0567
14.9500,JELLY_C,2.1237,-0.3027,0.2515
14.9667,JELLY_A,-0.1205,-0.1785,0.8942
14.9667,JELLY_B,-0.6606,-0.4615,0.0630
14.9667,JELLY_C,2.0075,-0.3031,0.2581
14.9833,JELLY_A,-0.1194,-0.1789,0.8997
14.9833,JELLY_B,-0.6573,-0.4613,0.0693
14.9833,JELLY_C,1.8857,-0.3035,0.2647
15.0000,JELLY_A,-0.1183,-0.1794,0.9052
15.0000,JELLY_B,-0.6540,-0.4610,0.0756
15.0000,JELLY_C,1.7596,-0.3039,0.2713
15.0167,JELLY_A,-0.1172,-0.1799,0.9106
15.0167,JELLY_B,-0.6506,-0.4607,0.0819
15.0167,JELLY_C,1.6304,-0.3042,0.2779
15.0333,JELLY_A,-0.1161,-0.1803,0.9161
15.0333,JELLY_B,-0.6472,-0.4605,0.0882
15.0333,JELLY_C,1.4991,-0.3046,0.2845
15.0500,JELLY_A,-0.1150,-0.1808,0.9215
15.0500,JELLY_B,-0.6438,-0.4602,0.0946
15.0500,JELLY_C,1.3668,-0.3050,0.2912
15.0667,JELLY_A,-0.1139,-0.1813,0.9270
15.0667,JELLY_B,-0.6403,-0.4600,0.1009
15.0667,JELLY_C,1.2346,-0.3054,0.2978
15.0833,JELLY_A,-0.1128,-0.1817,0.9325
15.0833,JELLY_B,-0.6367,-0.4597,0.1072
15.0833,JELLY_C,1.1035,-0.3058,0.3044
15.1000,JELLY_A,-0.1117,-0.1822,0.9379
15.1000,JELLY_B,-0.6332,-0.4594,0.1135
15.1000,JELLY_C,0.9744,-0.3062,0.3110
15.1167,JELLY_A,-0.1107,-0.1827,0.9434
15.1167,JELLY_B,-0.6296,-0.4591,0.1198
15.1167,JELLY_C,0.8483,-0.3066,0.3176
15.1333,JELLY_A,-0.1096,-0.1831,0.9489
15.1333,JELLY_B,-0.6260,-0.4589,0.1261
15.1333,JELLY_C,0.7259,-0.3070,0.3242
15.1500,JELLY_A,-0.1086,-0.1836,0.9543
15.1500,JELLY_B,-0.6223,-0.4586,0.1324
15.1500,JELLY_C,0.6083,-0.3075,0.3308
15.1667,JELLY_A,-0.1075,-0.1841,0.9598
15.1667,JELLY_B,-0.6186,-0.4583,0.1387
15.1667,JELLY_C,0.4960,-0.3079,0.3374
15.1833,JELLY_A,-0.1065,-0.1845,0.9652
15.1833,JELLY_B,-0.6149,-0.4580,0.1451
15.1833,JELLY_C,0.3900,-0.3083,0.3440
15.2000,JELLY_A,-0.1055,-0.1850,0.9707
15.2000,JELLY_B,-0.6112,-0.4578,0.1514
15.2000,JELLY_C,0.2909,-0.3087,0.3506
15.2167,JELLY_A,-0.1044,-0.1854,0.9762
15.2167,JELLY_B,-0.6075,-0.4575,0.1577
15.2167,JELLY_C,0.1995,-0.3091,0.3572
15.2333,JELLY_A,-0.1034,-0.1859,0.9816
15.2333,JELLY_B,-0.6037,-0.4572,0.1640
15.2333,JELLY_C,0.1163,-0.3095,0.3639
15.2500,JELLY_A,-0.1024,-0.1864,0.9871
15.2500,JELLY_B,-0.6000,-0.4569,0.1703
15.2500,JELLY_C,0.0420,-0.3100,0.3705
15.2667,JELLY_A,-0.1014,-0.1868,0.9926
15.2667,JELLY_B,-0.5962,-0.4567,0.1766
15.2667,JELLY_C,-0.0228,-0.3104,0.3771
15.2833,JELLY_A,-0.1004,-0.1873,0.9980
15.2833,JELLY_B,-0.5924,-0.4564,0.1829
15.2833,JELLY_C,-0.0777,-0.3108,0.3837
15.3000,JELLY_A,-0.0979,-0.1877,0.0035
15.3000,JELLY_B,-0.5886,-0.4561,0.1893
15.3000,JELLY_C,-0.1220,-0.3112,0.3903
15.3167,JELLY_A,-0.0852,-0.1882,0.0089
15.3167,JELLY_B,-0.5848,-0.4558,0.1956
15.3167,JELLY_C,-0.1553,-0.3117,0.3969
15.3333,JELLY_A,-0.0610,-0.1886,0.0144
15.3333,JELLY_B,-0.5810,-0.4555,0.2019
15.3333,JELLY_C,-0.1773,-0.3121,0.4035
15.3500,JELLY_A,-0.0259,-0.1890,0.0199
15.3500,JELLY_B,-0.5771,-0.4552,0.2082
15.3500,JELLY_C,-0.1954,-0.3125,0.4102
15.3667,JELLY_A,0.0198,-0.1894,0.0253
15.3667,JELLY_B,-0.5733,-0.4549,0.2145
15.3667,JELLY_C,-0.2130,-0.3130,0.4168
15.3833,JELLY_A,0.0754,-0.1897,0.0308
15.3833,JELLY_B,-0.5695,-0.4547,0.2208
15.3833,JELLY_C,-0.2303,-0.3134,0.4234
15.4000,JELLY_A,0.1406,-0.1900,0.0362
15.4000,JELLY_B,-0.5656,-0.4544,0.2272
15.4000,JELLY_C,-0.2472,-0.3138,0.4300
15.4167,JELLY_A,0.2148,-0.1902,0.0417
15.4167,JELLY_B,-0.5618,-0.4541,0.2335
15.4167,JELLY_C,-0.2637,-0.3143,0.4366
15.4333,JELLY_A,0.2973,-0.1904,0.0472
15.4333,JELLY_B,-0.5579,-0.4538,0.2398
15.4333,JELLY_C,-0.2798,-0.3147,0.4432
15.4500,JELLY_A,0.3875,-0.1905,0.0526
15.4500,JELLY_B,-0.5541,-0.4535,0.2461
15.4500,JELLY_C,-0.2954,-0.3152,0.4499
15.4667,JELLY_A,0.4849,-0.1906,0.0581
15.4667,JELLY_B,-0.5503,-0.4532,0.2524
15.4667,JELLY_C,-0.3106,-0.3156,0.4565
15.4833,JELLY_A,0.5887,-0.1905,0.0635
15.4833,JELLY_B,-0.5464,-0.4529,0.2587
15.4833,JELLY_C,-0.3254,-0.3161,0.4631
15.5000,JELLY_A,0.6982,-0.1904,0.0690
15.5000,JELLY_B,-0.5426,-0.4526,0.2651
15.5000,JELLY_C,-0.3397,-0.3165,0.4697
15.5167,JELLY_A,0.8127,-0.1903,0.0745
15.5167,JELLY_B,-0.5388,-0.4523,0.2714
15.5167,JELLY_C,-0.3535,-0.3170,0.4763
15.5333,JELLY_A,0.9315,-0.1900,0.0799
15.5333,JELLY_B,-0.5350,-0.4520,0.2777
15.5333,JELLY_C,-0.3670,-0.3174,0.4829
15.5500,JELLY_A,1.0539,-0.1897,0.0854
15.5500,JELLY_B,-0.5312,-0.4517,0.2840
15.5500,JELLY_C,-0.3799,-0.3179,0.4896
15.5667,JELLY_A,1.1790,-0.1893,0.0908
15.5667,JELLY_B,-0.5274,-0.4514,0.2903
15.5667,JELLY_C,-0.3925,-0.3183,0.4962
15.5833,JELLY_A,1.3060,-0.1888,0.0963
15.5833,JELLY_B,-0.5236,-0.4511,0.2967
15.5833,JELLY_C,-0.4045,-0.3188,0.5028
15.6000,JELLY_A,1.4342,-0.1882,0.1018
15.6000,JELLY_B,-0.5198,-0.4508,0.3030
15.6000,JELLY_C,-0.4162,-0.3192,0.5094
15.6167,JELLY_A,1.5626,-0.1875,0.1072
15.6167,JELLY_B,-0.5160,-0.4505,0.3093
15.6167,JELLY_C,-0.4274,-0.3197,0.5161
15.6333,JELLY_A,1.6906,-0.1868,0.1127
15.6333,JELLY_B,-0.5122,-0.4502,0.3156
15.6333,JELLY_C,-0.4381,-0.3201,0.5227
15.6500,JELLY_A,1.8172,-0.1860,0.1181
15.6500,JELLY_B,-0.5085,-0.4499,0.3219
15.6500,JELLY_C,-0.4485,-0.3206,0.5293
15.6667,JELLY_A,1.9417,-0.1851,0.1236
15.6667,JELLY_B,-0.5047,-0.4496,0.3283
15.6667,JELLY_C,-0.4584,-0.3210,0.5359
15.6833,JELLY_A,2.0630,-0.1841,0.1291
15.6833,JELLY_B,-0.5010,-0.4492,0.3346
15.6833,JELLY_C,-0.4679,-0.3215,0.5425
15.7000,JELLY_A,2.1805,-0.1830,0.1345
15.7000,JELLY_B,-0.4973,-0.4489,0.3409
15.7000,JELLY_C,-0.4770,-0.3220,0.5492
15.7167,JELLY_A,2.2932,-0.1819,0.1400
15.7167,JELLY_B,-0.4935,-0.4486,0.3472
15.7167,JELLY_C,-0.4858,-0.3224,0.5558
15.7333,JELLY_A,2.4003,-0.1808,0.1454
15.7333,JELLY_B,-0.4898,-0.4483,0.3535
15.7333,JELLY_C,-0.4941,-0.3229,0.5624
15.7500,JELLY_A,2.5008,-0.1796,0.1509
15.7500,JELLY_B,-0.4861,-0.4480,0.3599
15.7500,JELLY_C,-0.5021,-0.3234,0.5690
15.7667,JELLY_A,2.5940,-0.1783,0.1563
15.7667,JELLY_B,-0.4825,-0.4477,0.3662
15.7667,JELLY_C,-0.5098,-0.3238,0.5757
15.7833,JELLY_A,2.6790,-0.1770,0.1618
15.7833,JELLY_B,-0.4788,-0.4474,0.3725
15.7833,JELLY_C,-0.5171,-0.3243,0.5823
15.8000,JELLY_A,2.7549,-0.1756,0.1673
15.8000,JELLY_B,-0.4752,-0.4470,0.3788
15.8000,JELLY_C,-0.5240,-0.3248,0.5889
15.8167,JELLY_A,2.8209,-0.1743,0.1727
15.8167,JELLY_B,-0.4715,-0.4467,0.3852
15.8167,JELLY_C,-0.5306,-0.3252,0.5956
15.8333,JELLY_A,2.8762,-0.1729,0.1782
15.8333,JELLY_B,-0.4679,-0.4464,0.3915
15.8333,JELLY_C,-0.5368,-0.3257,0.6022
15.8500,JELLY_A,2.9199,-0.1715,0.1836
15.8500,JELLY_B,-0.4643,-0.4461,0.3978
15.8500,JELLY_C,-0.5428,-0.3262,0.6088
15.8667,JELLY_A,2.9512,-0.1701,0.1891
15.8667,JELLY_B,-0.4607,-0.4458,0.4041
15.8667,JELLY_C,-0.5484,-0.3266,0.6154
15.8833,JELLY_A,2.9695,-0.1687,0.1945
15.8833,JELLY_B,-0.4571,-0.4454,0.4104
15.8833,JELLY_C,-0.5537,-0.3271,0.6221
15.9000,JELLY_A,2.9738,-0.1673,0.2000
15.9000,JELLY_B,-0.4536,-0.4451,0.4168
15.9000,JELLY_C,-0.5587,-0.3276,0.6287
15.9167,JELLY_A,2.9676,-0.1660,0.2054
15.9167,JELLY_B,-0.4500,-0.4448,0.4231
15.9167,JELLY_C,-0.5634,-0.3280,0.6353
15.9333,JELLY_A,2.9516,-0.1646,0.2109
15.9333,JELLY_B,-0.4465,-0.4445,0.4294
15.9333,JELLY_C,-0.5678,-0.3285,0.6420
15.9500,JELLY_A,2.9251,-0.1633,0.2164
15.9500,JELLY_B,-0.4430,-0.4441,0.4357
15.9500,JELLY_C,-0.5720,-0.3290,0.6486
15.9667,JELLY_A,2.8891,-0.1620,0.2218
15.9667,JELLY_B,-0.4395,-0.4438,0.4421
15.9667,JELLY_C,-0.5758,-0.3295,0.6552
15.9833,JELLY_A,2.8442,-0.1607,0.2273
15.9833,JELLY_B,-0.4360,-0.4435,0.4484
15.9833,JELLY_C,-0.5794,-0.3299,0.6618
16.0000,JELLY_A,2.7912,-0.1595,0.2327
16.0000,JELLY_B,-0.4325,-0.4432,0.4547
16.0000,JELLY_C,-0.5827,-0.3304,0.6685
16.0167,JELLY_A,2.7307,-0.1582,0.2382
16.0167,JELLY_B,-0.4291,-0.4428,0.4610
16.0167,JELLY_C,-0.5858,-0.3309,0.6751
16.0333,JELLY_A,2.6635,-0.1570,0.2436
16.0333,JELLY_B,-0.4257,-0.4425,0.4673
16.0333,JELLY_C,-0.5886,-0.3314,0.6817
16.0500,JELLY_A,2.5902,-0.1558,0.2491
16.0500,JELLY_B,-0.4222,-0.4422,0.4737
16.0500,JELLY_C,-0.5912,-0.3318,0.6884
16.0667,JELLY_A,2.5115,-0.1546,0.2545
16.0667,JELLY_B,-0.4188,-0.4418,0.4800
16.0667,JELLY_C,-0.5935,-0.3323,0.6950
16.0833,JELLY_A,2.4281,-0.1534,0.2600
16.0833,JELLY_B,-0.4155,-0.4415,0.4863
16.0833,JELLY_C,-0.5957,-0.3328,0.7016
16.1000,JELLY_A,2.3405,-0.1522,0.2654
16.1000,JELLY_B,-0.4121,-0.4411,0.4926
16.1000,JELLY_C,-0.5976,-0.3333,0.7083
16.1167,JELLY_A,2.2494,-0.1511,0.2709
16.1167,JELLY_B,-0.4088,-0.4408,0.4990
16.1167,JELLY_C,-0.5993,-0.3337,0.7149
16.1333,JELLY_A,2.1553,-0.1500,0.2764
16.1333,JELLY_B,-0.4054,-0.4405,0.5053
16.1333,JELLY_C,-0.6007,-0.3342,0.7215
16.1500,JELLY_A,2.0589,-0.1489,0.2818
16.1500,JELLY_B,-0.4021,-0.4401,0.5116
16.1500,JELLY_C,-0.6020,-0.3347,0.7282
16.1667,JELLY_A,1.9608,-0.1478,0.2873
16.1667,JELLY_B,-0.3988,-0.4398,0.5179
16.1667,JELLY_C,-0.6031,-0.3352,0.7348
16.1833,JELLY_A,1.8614,-0.1467,0.2927
16.1833,JELLY_B,-0.3954,-0.4394,0.5243
16.1833,JELLY_C,-0.6040,-0.3357,0.7414
16.2000,JELLY_A,1.7613,-0.1456,0.2982
16.2000,JELLY_B,-0.3920,-0.4391,0.5306
16.2000,JELLY_C,-0.6047,-0.3361,0.7481
16.2167,JELLY_A,1.6612,-0.1446,0.3036
16.2167,JELLY_B,-0.3886,-0.4388,0.5369
16.2167,JELLY_C,-0.6052,-0.3366,0.7547
16.2333,JELLY_A,1.5614,-0.1435,0.3091
16.2333,JELLY_B,-0.3852,-0.4384,0.5432
16.2333,JELLY_C,-0.6055,-0.3371,0.7613
16.2500,JELLY_A,1.4625,-0.1425,0.3145
16.2500,JELLY_B,-0.3818,-0.4381,0.5496
16.2500,JELLY_C,-0.6057,-0.3376,0.7680
16.2667,JELLY_A,1.3650,-0.1415,0.3200
16.2667,JELLY_B,-0.3784,-0.4377,0.5559
16.2667,JELLY_C,-0.6057,-0.3380,0.7746
16.2833,JELLY_A,1.2695,-0.1405,0.3254
16.2833,JELLY_B,-0.3750,-0.4374,0.5622
16.2833,JELLY_C,-0.6055,-0.3385,0.7813
16.3000,JELLY_A,1.1762,-0.1396,0.3309
16.3000,JELLY_B,-0.3716,-0.4370,0.5685
16.3000,JELLY_C,-0.6052,-0.3390,0.7879
16.3167,JELLY_A,1.0858,-0.1386,0.3363
16.3167,JELLY_B,-0.3682,-0.4367,0.5749
16.3167,JELLY_C,-0.6047,-0.3395,0.7945
16.3333,JELLY_A,0.9987,-0.1377,0.3418
16.3333,JELLY_B,-0.3647,-0.4363,0.5812
16.3333,JELLY_C,-0.6041,-0.3400,0.8012
16.3500,JELLY_A,0.9152,-0.1368,0.3472
16.3500,JELLY_B,-0.3613,-0.4360,0.5875
16.3500,JELLY_C,-0.6033,-0.3404,0.8078
16.3667,JELLY_A,0.8359,-0.1359,0.3527
16.3667,JELLY_B,-0.3579,-0.4356,0.5938
16.3667,JELLY_C,-0.6024,-0.3409,0.8145
16.3833,JELLY_A,0.7612,-0.1350,0.3581
16.3833,JELLY_B,-0.3545,-0.4353,0.6002
16.3833,JELLY_C,-0.6014,-0.3414,0.8211
16.4000,JELLY_A,0.6913,-0.1341,0.3636
16.4000,JELLY_B,-0.3511,-0.4349,0.6065
16.4000,JELLY_C,-0.6003,-0.3419,0.8277
16.4167,JELLY_A,0.6268,-0.1332,0.3690
16.4167,JELLY_B,-0.3476,-0.4346,0.6128
16.4167,JELLY_C,-0.5990,-0.3424,0.8344
16.4333,JELLY_A,0.5681,-0.1324,0.3745
16.4333,JELLY_B,-0.3442,-0.4342,0.6191
16.4333,JELLY_C,-0.5976,-0.3428,0.8410
16.4500,JELLY_A,0.5154,-0.1315,0.3799
16.4500,JELLY_B,-0.3408,-0.4338,0.6255
16.4500,JELLY_C,-0.5961,-0.3433,0.8476
16.4667,JELLY_A,0.4691,-0.1307,0.3854
16.4667,JELLY_B,-0.3375,-0.4335,0.6318
16.4667,JELLY_C,-0.5945,-0.3438,0.8543
16.4833,JELLY_A,0.4296,-0.1299,0.3908
16.4833,JELLY_B,-0.3341,-0.4331,0.6381
16.4833,JELLY_C,-0.5927,-0.3443,0.8609
16.5000,JELLY_A,0.3971,-0.1291,0.3963
16.5000,JELLY_B,-0.3307,-0.4328,0.6444
16.5000,JELLY_C,-0.5909,-0.3448,0.8676
16.5167,JELLY_A,0.3721,-0.1283,0.4017
16.5167,JELLY_B,-0.3273,-0.4324,0.6508
16.5167,JELLY_C,-0.5890,-0.3452,0.8742
16.5333,JELLY_A,0.3520,-0.1276,0.4072
16.5333,JELLY_B,-0.3240,-0.4320,0.6571
16.5333,JELLY_C,-0.5870,-0.3457,0.8809
16.5500,JELLY_A,0.3317,-0.1268,0.4126
16.5500,JELLY_B,-0.3207,-0.4317,0.6634
16.5500,JELLY_C,-0.5849,-0.3462,0.8875
16.5667,JELLY_A,0.3114,-0.1261,0.4181
16.5667,JELLY_B,-0.3173,-0.4313,0.6697
16.5667,JELLY_C,-0.5827,-0.3467,0.8941
16.5833,JELLY_A,0.2910,-0.1254,0.4235
16.5833,JELLY_B,-0.3140,-0.4309,0.6761
16.5833,JELLY_C,-0.5804,-0.3472,0.9008
16.6000,JELLY_A,0.2705,-0.1247,0.4290
16.6000,JELLY_B,-0.3107,-0.4306,0.6824
16.6000,JELLY_C,-0.5780,-0.3476,0.9074
16.6167,JELLY_A,0.2500,-0.1240,0.4344
16.6167,JELLY_B,-0.3075,-0.4302,0.6887
16.6167,JELLY_C,-0.5756,-0.3481,0.9141
16.6333,JELLY_A,0.2295,-0.1233,0.4399
16.6333,JELLY_B,-0.3042,-0.4298,0.6950
16.6333,JELLY_C,-0.5731,-0.3486,0.9207
16.6500,JELLY_A,0.2090,-0.1226,0.4453
16.6500,JELLY_B,-0.3009,-0.4295,0.7014
16.6500,JELLY_C,-0.5705,-0.3491,0.9274
16.6667,JELLY_A,0.1887,-0.1219,0.4508
16.6667,JELLY_B,-0.2977,-0.4291,0.7077
16.6667,JELLY_C,-0.5679,-0.3495,0.9340
16.6833,JELLY_A,0.1684,-0.1213,0.4562
16.6833,JELLY_B,-0.2945,-0.4287,0.7140
16.6833,JELLY_C,-0.5652,-0.3500,0.9406
16.7000,JELLY_A,0.1483,-0.1207,0.4616
16.7000,JELLY_B,-0.2913,-0.4284,0.7203
16.7000,JELLY_C,-0.5624,-0.3505,0.9473
16.7167,JELLY_A,0.1284,-0.1200,0.4671
16.7167,JELLY_B,-0.2881,-0.4280,0.7267
16.7167,JELLY_C,-0.5596,-0.3510,0.9539
16.7333,JELLY_A,0.1087,-0.1194,0.4725
16.7333,JELLY_B,-0.2850,-0.4276,0.7330
16.7333,JELLY_C,-0.5567,-0.3515,0.9606
16.7500,JELLY_A,0.0891,-0.1188,0.4780
16.7500,JELLY_B,-0.2818,-0.4272,0.7393
16.7500,JELLY_C,-0.5538,-0.3519,0.9672
16.7667,JELLY_A,0.0698,-0.1182,0.4834
16.7667,JELLY_B,-0.2787,-0.4269,0.7456
16.7667,JELLY_C,-0.5508,-0.3524,0.9739
16.7833,JELLY_A,0.0508,-0.1177,0.4889
16.7833,JELLY_B,-0.2756,-0.4265,0.7520
16.7833,JELLY_C,-0.5478,-0.3529,0.9805
16.8000,JELLY_A,0.0321,-0.1171,0.4943
16.8000,JELLY_B,-0.2725,-0.4261,0.7583
16.8000,JELLY_C,-0.5447,-0.3534,0.9872
16.8167,JELLY_A,0.0137,-0.1166,0.4998
16.8167,JELLY_B,-0.2695,-0.4257,0.7646
16.8167,JELLY_C,-0.5416,-0.3538,0.9938
16.8333,JELLY_A,-0.0044,-0.1160,0.5052
16.8333,JELLY_B,-0.2665,-0.4253,0.7709
16.8333,JELLY_C,-0.5384,-0.3543,0.0005
16.8500,JELLY_A,-0.0222,-0.1155,0.5107
16.8500,JELLY_B,-0.2635,-0.4250,0.7773
16.8500,JELLY_C,-0.5352,-0.3548,0.0071
16.8667,JELLY_A,-0.0396,-0.1150,0.5161
16.8667,JELLY_B,-0.2605,-0.4246,0.7836
16.8667,JELLY_C,-0.5319,-0.3553,0.0138
16.8833,JELLY_A,-0.0567,-0.1145,0.5215
16.8833,JELLY_B,-0.2575,-0.4242,0.7899
16.8833,JELLY_C,-0.5286,-0.3557,0.0204
16.9000,JELLY_A,-0.0734,-0.1140,0.5270
16.9000,JELLY_B,-0.2546,-0.4238,0.7962
16.9000,JELLY_C,-0.5253,-0.3562,0.0270
16.9167,JELLY_A,-0.0898,-0.1135,0.5324
16.9167,JELLY_B,-0.2516,-0.4234,0.8026
16.9167,JELLY_C,-0.5219,-0.3567,0.0337
16.9333,JELLY_A,-0.1058,-0.1130,0.5379
16.9333,JELLY_B,-0.2487,-0.4230,0.8089
16.9333,JELLY_C,-0.5184,-0.3571,0.0403
16.9500,JELLY_A,-0.1214,-0.1126,0.5433
16.9500,JELLY_B,-0.2459,-0.4227,0.8152
16.9500,JELLY_C,-0.5150,-0.3576,0.0470
16.9667,JELLY_A,-0.1366,-0.1121,0.5488
16.9667,JELLY_B,-0.2430,-0.4223,0.8215
16.9667,JELLY_C,-0.5115,-0.3581,0.0536
16.9833,JELLY_A,-0.1515,-0.1117,0.5542
16.9833,JELLY_B,-0.2402,-0.4219,0.8279
16.9833,JELLY_C,-0.5079,-0.3586,0.0603
17.0000,JELLY_A,-0.1660,-0.1113,0.5596
17.0000,JELLY_B,-0.2374,-0.4215,0.8342
17.0000,JELLY_C,-0.5044,-0.3590,0.0669
17.0167,JELLY_A,-0.1801,-0.1109,0.5651
17.0167,JELLY_B,-0.2346,-0.4211,0.8405
17.0167,JELLY_C,-0.5008,-0.3595,0.0736
17.0333,JELLY_A,-0.1938,-0.1105,0.5705
17.0333,JELLY_B,-0.2319,-0.4207,0.8468
17.0333,JELLY_C,-0.4972,-0.3600,0.0802
17.0500,JELLY_A,-0.2071,-0.1101,0.5760
17.0500,JELLY_B,-0.2292,-0.4203,0.8531
17.0500,JELLY_C,-0.4936,-0.3605,0.0869
17.0667,JELLY_A,-0.2200,-0.1097,0.5814
17.0667,JELLY_B,-0.2265,-0.4199,0.8595
17.0667,JELLY_C,-0.4900,-0.3609,0.0935
17.0833,JELLY_A,-0.2325,-0.1094,0.5869
17.0833,JELLY_B,-0.2238,-0.4195,0.8658
17.0833,JELLY_C,-0.4863,-0.3614,0.1002
17.1000,JELLY_A,-0.2447,-0.1090,0.5923
17.1000,JELLY_B,-0.2212,-0.4191,0.8721
17.1000,JELLY_C,-0.4827,-0.3619,0.1068
17.1167,JELLY_A,-0.2565,-0.1087,0.5977
17.1167,JELLY_B,-0.2185,-0.4188,0.8784
17.1167,JELLY_C,-0.4790,-0.3623,0.1135
17.1333,JELLY_A,-0.2679,-0.1083,0.6032
17.1333,JELLY_B,-0.2159,-0.4184,0.8848
17.1333,JELLY_C,-0.4753,-0.3628,0.1201
17.1500,JELLY_A,-0.2789,-0.1080,0.6086
17.1500,JELLY_B,-0.2134,-0.4180,0.8911
17.1500,JELLY_C,-0.4716,-0.3633,0.1268
17.1667,JELLY_A,-0.2895,-0.1077,0.6141
17.1667,JELLY_B,-0.2108,-0.4176,0.8974
17.1667,JELLY_C,-0.4679,-0.3637,0.1334
17.1833,JELLY_A,-0.2998,-0.1074,0.6195
17.1833,JELLY_B,-0.2083,-0.4172,0.9037
17.1833,JELLY_C,-0.4643,-0.3642,0.1401
17.2000,JELLY_A,-0.3097,-0.1072,0.6249
17.2000,JELLY_B,-0.2058,-0.4168,0.9101
17.2000,JELLY_C,-0.4606,-0.3647,0.1467
17.2167,JELLY_A,-0.3193,-0.1069,0.6304
17.2167,JELLY_B,-0.2034,-0.4164,0.9164
17.2167,JELLY_C,-0.4569,-0.3651,0.1534
17.2333,JELLY_A,-0.3284,-0.1066,0.6358
17.2333,JELLY_B,-0.2009,-0.4160,0.9227
17.2333,JELLY_C,-0.4532,-0.3656,0.1600
17.2500,JELLY_A,-0.3373,-0.1064,0.6412
17.2500,JELLY_B,-0.1985,-0.4156,0.9290
17.2500,JELLY_C,-0.4495,-0.3661,0.1667
17.2667,JELLY_A,-0.3458,-0.1062,0.6467
17.2667,JELLY_B,-0.1961,-0.4152,0.9354
17.2667,JELLY_C,-0.4458,-0.3665,0.1734
17.2833,JELLY_A,-0.3539,-0.1060,0.6521
17.2833,JELLY_B,-0.1938,-0.4148,0.9417
17.2833,JELLY_C,-0.4422,-0.3670,0.1800
17.3000,JELLY_A,-0.3617,-0.1058,0.6576
17.3000,JELLY_B,-0.1915,-0.4144,0.9480
17.3000,JELLY_C,-0.4385,-0.3674,0.1867
17.3167,JELLY_A,-0.3692,-0.1056,0.6630
17.3167,JELLY_B,-0.1891,-0.4140,0.9543
17.3167,JELLY_C,-0.4348,-0.3679,0.1933
17.3333,JELLY_A,-0.3764,-0.1054,0.6684
17.3333,JELLY_B,-0.1869,-0.4135,0.9606
17.3333,JELLY_C,-0.4312,-0.3684,0.2000
17.3500,JELLY_A,-0.3832,-0.1053,0.6739
17.3500,JELLY_B,-0.1846,-0.4131,0.9670
17.3500,JELLY_C,-0.4275,-0.3688,0.2066
17.3667,JELLY_A,-0.3897,-0.1051,0.6793
17.3667,JELLY_B,-0.1824,-0.4127,0.9733
17.3667,JELLY_C,-0.4239,-0.3693,0.2133
17.3833,JELLY_A,-0.3960,-0.1050,0.6848
17.3833,JELLY_B,-0.1802,-0.4123,0.9796
17.3833,JELLY_C,-0.4203,-0.3698,0.2199
17.4000,JELLY_A,-0.4019,-0.1049,0.6902
17.4000,JELLY_B,-0.1780,-0.4119,0.9859
17.4000,JELLY_C,-0.4167,-0.3702,0.2266
17.4167,JELLY_A,-0.4075,-0.1048,0.6956
17.4167,JELLY_B,-0.1759,-0.4115,0.9923
17.4167,JELLY_C,-0.4131,-0.3707,0.2332
17.4333,JELLY_A,-0.4129,-0.1047,0.7011
17.4333,JELLY_B,-0.1737,-0.4111,0.9986
17.4333,JELLY_C,-0.4096,-0.3711,0.2399
17.4500,JELLY_A,-0.4180,-0.1046,0.7065
17.4500,JELLY_B,-0.1697,-0.4107,0.0049
17.4500,JELLY_C,-0.4060,-0.3716,0.2465
17.4667,JELLY_A,-0.4228,-0.1046,0.7119
17.4667,JELLY_B,-0.1522,-0.4103,0.0112
17.4667,JELLY_C,-0.4025,-0.3721,0.2532
17.4833,JELLY_A,-0.4274,-0.1045,0.7174
17.4833,JELLY_B,-0.1197,-0.4099,0.0175
17.4833,JELLY_C,-0.3989,-0.3725,0.2598
17.5000,JELLY_A,-0.4317,-0.1045,0.7228
17.5000,JELLY_B,-0.0731,-0.4095,0.0239
17.5000,JELLY_C,-0.3954,-0.3730,0.2665
17.5167,JELLY_A,-0.4357,-0.1045,0.7282
17.5167,JELLY_B,-0.0129,-0.4090,0.0302
17.5167,JELLY_C,-0.3919,-0.3734,0.2732
17.5333,JELLY_A,-0.4395,-0.1045,0.7337
17.5333,JELLY_B,0.0601,-0.4086,0.0365
17.5333,JELLY_C,-0.3884,-0.3739,0.2798
17.5500,JELLY_A,-0.4431,-0.1045,0.7391
17.5500,JELLY_B,0.1450,-0.4082,0.0428
17.5500,JELLY_C,-0.3850,-0.3743,0.2865
17.5667,JELLY_A,-0.4465,-0.1045,0.7445
17.5667,JELLY_B,0.2410,-0.4078,0.0491
17.5667,JELLY_C,-0.3815,-0.3748,0.2931
17.5833,JELLY_A,-0.4496,-0.1046,0.7500
17.5833,JELLY_B,0.3470,-0.4073,0.0555
17.5833,JELLY_C,-0.3781,-0.3752,0.2998
17.6000,JELLY_A,-0.4525,-0.1046,0.7554
17.6000,JELLY_B,0.4622,-0.4069,0.0618
17.6000,JELLY_C,-0.3746,-0.3757,0.3064
17.6167,JELLY_A,-0.4552,-0.1047,0.7608
17.6167,JELLY_B,0.5853,-0.4065,0.0681
17.6167,JELLY_C,-0.3712,-0.3761,0.3131
17.6333,JELLY_A,-0.4577,-0.1048,0.7663
17.6333,JELLY_B,0.7154,-0.4061,0.0744
17.6333,JELLY_C,-0.3679,-0.3766,0.3197
17.6500,JELLY_A,-0.4601,-0.1049,0.7717
17.6500,JELLY_B,0.8512,-0.4056,0.0807
17.6500,JELLY_C,-0.3645,-0.3770,0.3264
17.6667,JELLY_A,-0.4622,-0.1050,0.7771
17.6667,JELLY_B,0.9916,-0.4052,0.0871
17.6667,JELLY_C,-0.3612,-0.3775,0.3331
17.6833,JELLY_A,-0.4641,-0.1051,0.7826
17.6833,JELLY_B,1.1353,-0.4047,0.0934
17.6833,JELLY_C,-0.3579,-0.3779,0.3397
17.7000,JELLY_A,-0.4659,-0.1053,0.7880
17.7000,JELLY_B,1.2812,-0.4043,0.0997
17.7000,JELLY_C,-0.3546,-0.3784,0.3464
17.7167,JELLY_A,-0.4675,-0.1054,0.7934
17.7167,JELLY_B,1.4278,-0.4038,0.1060
17.7167,JELLY_C,-0.3513,-0.3788,0.3530
17.7333,JELLY_A,-0.4689,-0.1056,0.7989
17.7333,JELLY_B,1.5738,-0.4034,0.1123
17.7333,JELLY_C,-0.3481,-0.3793,0.3597
17.7500,JELLY_A,-0.4702,-0.1058,0.8043
17.7500,JELLY_B,1.7180,-0.4029,0.1187
17.7500,JELLY_C,-0.3449,-0.3797,0.3663
17.7667,JELLY_A,-0.4713,-0.1060,0.8097
17.7667,JELLY_B,1.8591,-0.4025,0.1250
17.7667,JELLY_C,-0.3417,-0.3802,0.3730
17.7833,JELLY_A,-0.4723,-0.1062,0.8152
17.7833,JELLY_B,1.9956,-0.4020,0.1313
17.7833,JELLY_C,-0.3385,-0.3806,0.3797
17.8000,JELLY_A,-0.4731,-0.1064,0.8206
17.8000,JELLY_B,2.1262,-0.4015,0.1376
17.8000,JELLY_C,-0.3354,-0.3811,0.3863
17.8167,JELLY_A,-0.4738,-0.1067,0.8260
17.8167,JELLY_B,2.2496,-0.4011,0.1439
17.8167,JELLY_C,-0.3322,-0.3815,0.3930
17.8333,JELLY_A,-0.4744,-0.1069,0.8315
17.8333,JELLY_B,2.3645,-0.4006,0.1502
17.8333,JELLY_C,-0.3291,-0.3820,0.3996
17.8500,JELLY_A,-0.4748,-0.1072,0.8369
17.8500,JELLY_B,2.4696,-0.4001,0.1566
17.8500,JELLY_C,-0.3260,-0.3824,0.4063
17.8667,JELLY_A,-0.4751,-0.1075,0.8423
17.8667,JELLY_B,2.5635,-0.3996,0.1629
17.8667,JELLY_C,-0.3230,-0.3829,0.4129
17.8833,JELLY_A,-0.4753,-0.1078,0.8478
17.8833,JELLY_B,2.6451,-0.3992,0.1692
17.8833,JELLY_C,-0.3199,-0.3833,0.4196
17.9000,JELLY_A,-0.4754,-0.1081,0.8532
17.9000,JELLY_B,2.7131,-0.3987,0.1755
17.9000,JELLY_C,-0.3169,-0.3837,0.4263
17.9167,JELLY_A,-0.4754,-0.1084,0.8586
17.9167,JELLY_B,2.7664,-0.3982,0.1818
17.9167,JELLY_C,-0.3139,-0.3842,0.4329
17.9333,JELLY_A,-0.4753,-0.1087,0.8640
17.9333,JELLY_B,2.8038,-0.3977,0.1882
17.9333,JELLY_C,-0.3110,-0.3846,0.4396
17.9500,JELLY_A,-0.4751,-0.1091,0.8695
17.9500,JELLY_B,2.8243,-0.3973,0.1945
17.9500,JELLY_C,-0.3080,-0.3851,0.4462
17.9667,JELLY_A,-0.4747,-0.1094,0.8749
17.9667,JELLY_B,2.8270,-0.3968,0.2008
17.9667,JELLY_C,-0.3051,-0.3855,0.4529
17.9833,JELLY_A,-0.4743,-0.1098,0.8803
17.9833,JELLY_B,2.8107,-0.3963,0.2071
17.9833,JELLY_C,-0.3022,-0.3859,0.4595
18.0000,JELLY_A,-0.4738,-0.1102,0.8858
18.0000,JELLY_B,2.7804,-0.3958,0.2134
18.0000,JELLY_C,-0.2993,-0.3864,0.4662
18.0167,JELLY_A,-0.4733,-0.1105,0.8912
18.0167,JELLY_B,2.7375,-0.3953,0.2197
18.0167,JELLY_C,-0.2964,-0.3868,0.4729
18.0333,JELLY_A,-0.4726,-0.1109,0.8966
18.0333,JELLY_B,2.6830,-0.3949,0.2260
18.0333,JELLY_C,-0.2936,-0.3872,0.4795
18.0500,JELLY_A,-0.4719,-0.1113,0.9020
18.0500,JELLY_B,2.6181,-0.3944,0.2324
18.0500,JELLY_C,-0.2908,-0.3877,0.4862
18.0667,JELLY_A,-0.4711,-0.1118,0.9075
18.0667,JELLY_B,2.5440,-0.3939,0.2387
18.0667,JELLY_C,-0.2880,-0.3881,0.4928
18.0833,JELLY_A,-0.4702,-0.1122,0.9129
18.0833,JELLY_B,2.4616,-0.3934,0.2450
18.0833,JELLY_C,-0.2852,-0.3886,0.4995
18.1000,JELLY_A,-0.4692,-0.1126,0.9183
18.1000,JELLY_B,2.3722,-0.3930,0.2513
18.1000,JELLY_C,-0.2823,-0.3890,0.5062
18.1167,JELLY_A,-0.4682,-0.1131,0.9237
18.1167,JELLY_B,2.2766,-0.3925,0.2576
18.1167,JELLY_C,-0.2795,-0.3894,0.5128
18.1333,JELLY_A,-0.4672,-0.1135,0.9292
18.1333,JELLY_B,2.1758,-0.3920,0.2639
18.1333,JELLY_C,-0.2767,-0.3898,0.5195
18.1500,JELLY_A,-0.4661,-0.1140,0.9346
18.1500,JELLY_B,2.0709,-0.3915,0.2702
18.1500,JELLY_C,-0.2739,-0.3903,0.5261
18.1667,JELLY_A,-0.4649,-0.1145,0.9400
18.1667,JELLY_B,1.9628,-0.3911,0.2766
18.1667,JELLY_C,-0.2711,-0.3907,0.5328
18.1833,JELLY_A,-0.4637,-0.1149,0.9455
18.1833,JELLY_B,1.8523,-0.3906,0.2829
18.1833,JELLY_C,-0.2683,-0.3911,0.5395
18.2000,JELLY_A,-0.4624,-0.1154,0.9509
18.2000,JELLY_B,1.7404,-0.3901,0.2892
18.2000,JELLY_C,-0.2654,-0.3916,0.5461
18.2167,JELLY_A,-0.4611,-0.1159,0.9563
18.2167,JELLY_B,1.6279,-0.3896,0.2955
18.2167,JELLY_C,-0.2626,-0.3920,0.5528
18.2333,JELLY_A,-0.4597,-0.1164,0.9617
18.2333,JELLY_B,1.5156,-0.3892,0.3018
18.2333,JELLY_C,-0.2598,-0.3924,0.5594
18.2500,JELLY_A,-0.4583,-0.1170,0.9672
18.2500,JELLY_B,1.4044,-0.3887,0.3081
18.2500,JELLY_C,-0.2570,-0.3929,0.5661
18.2667,JELLY_A,-0.4568,-0.1175,0.9726
18.2667,JELLY_B,1.2950,-0.3882,0.3144
18.2667,JELLY_C,-0.2543,-0.3933,0.5728
18.2833,JELLY_A,-0.4554,-0.1180,0.9780
18.2833,JELLY_B,1.1882,-0.3877,0.3207
18.2833,JELLY_C,-0.2515,-0.3937,0.5794
18.3000,JELLY_A,-0.4538,-0.1185,0.9834
18.3000,JELLY_B,1.0847,-0.3873,0.3271
18.3000,JELLY_C,-0.2487,-0.3941,0.5861
18.3167,JELLY_A,-0.4523,-0.1191,0.9889
18.3167,JELLY_B,0.9851,-0.3868,0.3334
18.3167,JELLY_C,-0.2460,-0.3946,0.5927
18.3333,JELLY_A,-0.4507,-0.1196,0.9943
18.3333,JELLY_B,0.8902,-0.3863,0.3397
18.3333,JELLY_C,-0.2432,-0.3950,0.5994
18.3500,JELLY_A,-0.4491,-0.1202,0.9997
18.3500,JELLY_B,0.8007,-0.3859,0.3460
18.3500,JELLY_C,-0.2405,-0.3954,0.6061
18.3667,JELLY_A,-0.4462,-0.1208,0.0051
18.3667,JELLY_B,0.7170,-0.3854,0.3523
18.3667,JELLY_C,-0.2378,-0.3958,0.6127
18.3833,JELLY_A,-0.4348,-0.1213,0.0105
18.3833,JELLY_B,0.6399,-0.3849,0.3586
18.3833,JELLY_C,-0.2351,-0.3962,0.6194
18.4000,JELLY_A,-0.4139,-0.1219,0.0160
18.4000,JELLY_B,0.5700,-0.3844,0.3649
18.4000,JELLY_C,-0.2324,-0.3967,0.6260
18.4167,JELLY_A,-0.3839,-0.1225,0.0214
18.4167,JELLY_B,0.5077,-0.3840,0.3712
18.4167,JELLY_C,-0.2297,-0.3971,0.6327
18.4333,JELLY_A,-0.3453,-0.1232,0.0268
18.4333,JELLY_B,0.4536,-0.3835,0.3775
18.4333,JELLY_C,-0.2270,-0.3975,0.6394
18.4500,JELLY_A,-0.2985,-0.1238,0.0322
18.4500,JELLY_B,0.4082,-0.3830,0.3839
18.4500,JELLY_C,-0.2244,-0.3979,0.6460
18.4667,JELLY_A,-0.2439,-0.1245,0.0377
18.4667,JELLY_B,0.3720,-0.3825,0.3902
18.4667,JELLY_C,-0.2217,-0.3983,0.6527
18.4833,JELLY_A,-0.1820,-0.1252,0.0431
18.4833,JELLY_B,0.3455,-0.3821,0.3965
18.4833,JELLY_C,-0.2191,-0.3988,0.6593
18.5000,JELLY_A,-0.1133,-0.1260,0.0485
18.5000,JELLY_B,0.3285,-0.3816,0.4028
18.5000,JELLY_C,-0.2165,-0.3992,0.6660
18.5167,JELLY_A,-0.0384,-0.1267,0.0539
18.5167,JELLY_B,0.3136,-0.3811,0.4091
18.5167,JELLY_C,-0.2139,-0.3996,0.6727
18.5333,JELLY_A,0.0423,-0.1276,0.0593
18.5333,JELLY_B,0.2987,-0.3806,0.4154
18.5333,JELLY_C,-0.2114,-0.4000,0.6793
18.5500,JELLY_A,0.1281,-0.1284,0.0648
18.5500,JELLY_B,0.2837,-0.3802,0.4217
18.5500,JELLY_C,-0.2088,-0.4004,0.6860
18.5667,JELLY_A,0.2185,-0.1293,0.0702
18.5667,JELLY_B,0.2687,-0.3797,0.4280
18.5667,JELLY_C,-0.2063,-0.4008,0.6926
18.5833,JELLY_A,0.3129,-0.1303,0.0756
18.5833,JELLY_B,0.2536,-0.3792,0.4343
18.5833,JELLY_C,-0.2038,-0.4012,0.6993
18.6000,JELLY_A,0.4107,-0.1313,0.0810
18.6000,JELLY_B,0.2386,-0.3788,0.4406
18.6000,JELLY_C,-0.2013,-0.4017,0.7060
18.6167,JELLY_A,0.5113,-0.1323,0.0865
18.6167,JELLY_B,0.2236,-0.3783,0.4469
18.6167,JELLY_C,-0.1988,-0.4021,0.7126
18.6333,JELLY_A,0.6140,-0.1334,0.0919
18.6333,JELLY_B,0.2086,-0.3778,0.4532
18.6333,JELLY_C,-0.1963,-0.4025,0.7193
18.6500,JELLY_A,0.7183,-0.1345,0.0973
18.6500,JELLY_B,0.1936,-0.3773,0.4595
18.6500,JELLY_C,-0.1939,-0.4029,0.7259
18.6667,JELLY_A,0.8233,-0.1357,0.1027
18.6667,JELLY_B,0.1788,-0.3769,0.4659
18.6667,JELLY_C,-0.1915,-0.4033,0.7326
18.6833,JELLY_A,0.9286,-0.1369,0.1081
18.6833,JELLY_B,0.1640,-0.3764,0.4722
18.6833,JELLY_C,-0.1891,-0.4037,0.7393
18.7000,JELLY_A,1.0334,-0.1381,0.1135
18.7000,JELLY_B,0.1493,-0.3759,0.4785
18.7000,JELLY_C,-0.1867,-0.4041,0.7459
18.7167,JELLY_A,1.1370,-0.1394,0.1190
18.7167,JELLY_B,0.1348,-0.3755,0.4848
18.7167,JELLY_C,-0.1844,-0.4045,0.7526
18.7333,JELLY_A,1.2388,-0.1408,0.1244
18.7333,JELLY_B,0.1204,-0.3750,0.4911
18.7333,JELLY_C,-0.1820,-0.4049,0.7592
18.7500,JELLY_A,1.3380,-0.1421,0.1298
18.7500,JELLY_B,0.1062,-0.3745,0.4974
18.7500,JELLY_C,-0.1797,-0.4053,0.7659
18.7667,JELLY_A,1.4341,-0.1435,0.1352
18.7667,JELLY_B,0.0922,-0.3740,0.5037
18.7667,JELLY_C,-0.1774,-0.4057,0.7726
18.7833,JELLY_A,1.5263,-0.1449,0.1406
18.7833,JELLY_B,0.0783,-0.3736,0.5100
18.7833,JELLY_C,-0.1752,-0.4061,0.7792
18.8000,JELLY_A,1.6140,-0.1464,0.1461
18.8000,JELLY_B,0.0647,-0.3731,0.5163
18.8000,JELLY_C,-0.1729,-0.4065,0.7859
18.8167,JELLY_A,1.6964,-0.1478,0.1515
18.8167,JELLY_B,0.0513,-0.3726,0.5226
18.8167,JELLY_C,-0.1707,-0.4069,0.7925
18.8333,JELLY_A,1.7730,-0.1493,0.1569
18.8333,JELLY_B,0.0380,-0.3721,0.5289
18.8333,JELLY_C,-0.1685,-0.4073,0.7992
18.8500,JELLY_A,1.8430,-0.1508,0.1623
18.8500,JELLY_B,0.0250,-0.3717,0.5352
18.8500,JELLY_C,-0.1663,-0.4077,0.8059
18.8667,JELLY_A,1.9058,-0.1523,0.1677
18.8667,JELLY_B,0.0121,-0.3712,0.5415
18.8667,JELLY_C,-0.1641,-0.4081,0.8125
18.8833,JELLY_A,1.9607,-0.1538,0.1731
18.8833,JELLY_B,-0.0005,-0.3707,0.5478
18.8833,JELLY_C,-0.1620,-0.4085,0.8192
18.9000,JELLY_A,2.0071,-0.1553,0.1786
18.9000,JELLY_B,-0.0129,-0.3703,0.5541
18.9000,JELLY_C,-0.1599,-0.4089,0.8258
18.9167,JELLY_A,2.0445,-0.1569,0.1840
18.9167,JELLY_B,-0.0251,-0.3698,0.5604
18.9167,JELLY_C,-0.1578,-0.4093,0.8325
18.9333,JELLY_A,2.0722,-0.1584,0.1894
18.9333,JELLY_B,-0.0370,-0.3693,0.5667
18.9333,JELLY_C,-0.1557,-0.4097,0.8392
18.9500,JELLY_A,2.0896,-0.1599,0.1948
18.9500,JELLY_B,-0.0488,-0.3688,0.5730
18.9500,JELLY_C,-0.1537,-0.4101,0.8458
18.9667,JELLY_A,2.0961,-0.1614,0.2002
18.9667,JELLY_B,-0.0603,-0.3684,0.5793
18.9667,JELLY_C,-0.1516,-0.4105,0.8525
18.9833,JELLY_A,2.0892,-0.1628,0.2056
18.9833,JELLY_B,-0.0716,-0.3679,0.5856
18.9833,JELLY_C,-0.1496,-0.4109,0.8591
19.0000,JELLY_A,2.0729,-0.1643,0.2111
19.0000,JELLY_B,-0.0826,-0.3674,0.5919
19.0000,JELLY_C,-0.1477,-0.4113,0.8658
19.0167,JELLY_A,2.0485,-0.1657,0.2165
19.0167,JELLY_B,-0.0935,-0.3669,0.5982
19.0167,JELLY_C,-0.1457,-0.4117,0.8725
19.0333,JELLY_A,2.0167,-0.1672,0.2219
19.0333,JELLY_B,-0.1041,-0.3665,0.6045
19.0333,JELLY_C,-0.1438,-0.4121,0.8791
19.0500,JELLY_A,1.9780,-0.1686,0.2273
19.0500,JELLY_B,-0.1144,-0.3660,0.6108
19.0500,JELLY_C,-0.1419,-0.4125,0.8858
19.0667,JELLY_A,1.9331,-0.1700,0.2327
19.0667,JELLY_B,-0.1246,-0.3655,0.6171
19.0667,JELLY_C,-0.1400,-0.4129,0.8925
19.0833,JELLY_A,1.8825,-0.1714,0.2381
19.0833,JELLY_B,-0.1345,-0.3650,0.6234
19.0833,JELLY_C,-0.1381,-0.4133,0.8991
19.1000,JELLY_A,1.8267,-0.1728,0.2436
19.1000,JELLY_B,-0.1442,-0.3646,0.6297
19.1000,JELLY_C,-0.1362,-0.4137,0.9058
19.1167,JELLY_A,1.7664,-0.1741,0.2490
19.1167,JELLY_B,-0.1536,-0.3641,0.6360
19.1167,JELLY_C,-0.1344,-0.4141,0.9124
19.1333,JELLY_A,1.7021,-0.1755,0.2544
19.1333,JELLY_B,-0.1628,-0.3636,0.6423
19.1333,JELLY_C,-0.1326,-0.4144,0.9191
19.1500,JELLY_A,1.6343,-0.1768,0.2598
19.1500,JELLY_B,-0.1718,-0.3632,0.6486
19.1500,JELLY_C,-0.1308,-0.4148,0.9258
19.1667,JELLY_A,1.5635,-0.1781,0.2652
19.1667,JELLY_B,-0.1806,-0.3627,0.6549
19.1667,JELLY_C,-0.1291,-0.4152,0.9324
19.1833,JELLY_A,1.4902,-0.1794,0.2706
19.1833,JELLY_B,-0.1891,-0.3622,0.6612
19.1833,JELLY_C,-0.1274,-0.4156,0.9391
19.2000,JELLY_A,1.4149,-0.1807,0.2760
19.2000,JELLY_B,-0.1974,-0.3617,0.6675
19.2000,JELLY_C,-0.1256,-0.4160,0.9457
19.2167,JELLY_A,1.3382,-0.1820,0.2815
19.2167,JELLY_B,-0.2054,-0.3613,0.6738
19.2167,JELLY_C,-0.1239,-0.4164,0.9524
19.2333,JELLY_A,1.2604,-0.1833,0.2869
19.2333,JELLY_B,-0.2133,-0.3608,0.6801
19.2333,JELLY_C,-0.1223,-0.4168,0.9591
19.2500,JELLY_A,1.1820,-0.1845,0.2923
19.2500,JELLY_B,-0.2209,-0.3603,0.6864
19.2500,JELLY_C,-0.1206,-0.4171,0.9657
19.2667,JELLY_A,1.1035,-0.1858,0.2977
19.2667,JELLY_B,-0.2283,-0.3598,0.6927
19.2667,JELLY_C,-0.1190,-0.4175,0.9724
19.2833,JELLY_A,1.0253,-0.1870,0.3031
19.2833,JELLY_B,-0.2355,-0.3594,0.6990
19.2833,JELLY_C,-0.1174,-0.4179,0.9790
19.3000,JELLY_A,0.9478,-0.1882,0.3085
19.3000,JELLY_B,-0.2425,-0.3589,0.7053
19.3000,JELLY_C,-0.1158,-0.4183,0.9857
19.3167,JELLY_A,0.8715,-0.1894,0.3139
19.3167,JELLY_B,-0.2493,-0.3584,0.7116
19.3167,JELLY_C,-0.1143,-0.4187,0.9924
19.3333,JELLY_A,0.7967,-0.1906,0.3193
19.3333,JELLY_B,-0.2558,-0.3579,0.7179
19.3333,JELLY_C,-0.1127,-0.4191,0.9990
19.3500,JELLY_A,0.7239,-0.1918,0.3248
19.3500,JELLY_B,-0.2622,-0.3575,0.7242
19.3500,JELLY_C,-0.1085,-0.4194,0.0057
19.3667,JELLY_A,0.6535,-0.1930,0.3302
19.3667,JELLY_B,-0.2683,-0.3570,0.7304
19.3667,JELLY_C,-0.0855,-0.4198,0.0123
19.3833,JELLY_A,0.5857,-0.1941,0.3356
19.3833,JELLY_B,-0.2743,-0.3565,0.7367
19.3833,JELLY_C,-0.0413,-0.4202,0.0190
19.4000,JELLY_A,0.5210,-0.1953,0.3410
19.4000,JELLY_B,-0.2800,-0.3560,0.7430
19.4000,JELLY_C,0.0234,-0.4205,0.0257
19.4167,JELLY_A,0.4598,-0.1964,0.3464
19.4167,JELLY_B,-0.2855,-0.3556,0.7493
19.4167,JELLY_C,0.1078,-0.4209,0.0323
19.4333,JELLY_A,0.4023,-0.1975,0.3518
19.4333,JELLY_B,-0.2909,-0.3551,0.7556
19.4333,JELLY_C,0.2109,-0.4212,0.0390
19.4500,JELLY_A,0.3489,-0.1987,0.3572
19.4500,JELLY_B,-0.2960,-0.3546,0.7619
19.4500,JELLY_C,0.3318,-0.4215,0.0456
19.4667,JELLY_A,0.2999,-0.1998,0.3626
19.4667,JELLY_B,-0.3010,-0.3541,0.7682
19.4667,JELLY_C,0.4690,-0.4218,0.0523
19.4833,JELLY_A,0.2557,-0.2009,0.3680
19.4833,JELLY_B,-0.3058,-0.3536,0.7745
19.4833,JELLY_C,0.6211,-0.4221,0.0590
19.5000,JELLY_A,0.2165,-0.2019,0.3735
19.5000,JELLY_B,-0.3104,-0.3532,0.7808
19.5000,JELLY_C,0.7865,-0.4224,0.0656
19.5167,JELLY_A,0.1827,-0.2030,0.3789
19.5167,JELLY_B,-0.3148,-0.3527,0.7871
19.5167,JELLY_C,0.9635,-0.4226,0.0723
19.5333,JELLY_A,0.1545,-0.2041,0.3843
19.5333,JELLY_B,-0.3190,-0.3522,0.7934
19.5333,JELLY_C,1.1501,-0.4229,0.0789
19.5500,JELLY_A,0.1322,-0.2051,0.3897
19.5500,JELLY_B,-0.3231,-0.3517,0.7997
19.5500,JELLY_C,1.3444,-0.4231,0.0856
19.5667,JELLY_A,0.1160,-0.2062,0.3951
19.5667,JELLY_B,-0.3270,-0.3513,0.8059
19.5667,JELLY_C,1.5441,-0.4233,0.0923
19.5833,JELLY_A,0.1063,-0.2072,0.4005
19.5833,JELLY_B,-0.3307,-0.3508,0.8122
19.5833,JELLY_C,1.7472,-0.4234,0.0989
19.6000,JELLY_A,0.0993,-0.2082,0.4059
19.6000,JELLY_B,-0.3343,-0.3503,0.8185
19.6000,JELLY_C,1.9513,-0.4236,0.1056
19.6167,JELLY_A,0.0921,-0.2092,0.4113
19.6167,JELLY_B,-0.3377,-0.3498,0.8248
19.6167,JELLY_C,2.1541,-0.4237,0.1122
19.6333,JELLY_A,0.0848,-0.2102,0.4167
19.6333,JELLY_B,-0.3409,-0.3494,0.8311
19.6333,JELLY_C,2.3532,-0.4238,0.1189
19.6500,JELLY_A,0.0774,-0.2112,0.4222
19.6500,JELLY_B,-0.3440,-0.3489,0.8374
19.6500,JELLY_C,2.5462,-0.4239,0.1256
19.6667,JELLY_A,0.0698,-0.2122,0.4276
19.6667,JELLY_B,-0.3469,-0.3484,0.8437
19.6667,JELLY_C,2.7309,-0.4239,0.1322
19.6833,JELLY_A,0.0622,-0.2132,0.4330
19.6833,JELLY_B,-0.3497,-0.3479,0.8500
19.6833,JELLY_C,2.9048,-0.4240,0.1389
19.7000,JELLY_A,0.0544,-0.2142,0.4384
19.7000,JELLY_B,-0.3524,-0.3474,0.8563
19.7000,JELLY_C,3.0657,-0.4240,0.1455
19.7167,JELLY_A,0.0466,-0.2151,0.4438
19.7167,JELLY_B,-0.3549,-0.3470,0.8625
19.7167,JELLY_C,3.2115,-0.4240,0.1522
19.7333,JELLY_A,0.0387,-0.2161,0.4492
19.7333,JELLY_B,-0.3572,-0.3465,0.8688
19.7333,JELLY_C,3.3401,-0.4240,0.1589
19.7500,JELLY_A,0.0308,-0.2170,0.4546
19.7500,JELLY_B,-0.3594,-0.3460,0.8751
19.7500,JELLY_C,3.4495,-0.4240,0.1655
19.7667,JELLY_A,0.0227,-0.2180,0.4600
19.7667,JELLY_B,-0.3615,-0.3455,0.8814
19.7667,JELLY_C,3.5380,-0.4240,0.1722
19.7833,JELLY_A,0.0147,-0.2189,0.4654
19.7833,JELLY_B,-0.3635,-0.3451,0.8877
19.7833,JELLY_C,3.6039,-0.4240,0.1788
19.8000,JELLY_A,0.0066,-0.2198,0.4708
19.8000,JELLY_B,-0.3653,-0.3446,0.8940
19.8000,JELLY_C,3.6459,-0.4240,0.1855
19.8167,JELLY_A,-0.0015,-0.2207,0.4762
19.8167,JELLY_B,-0.3670,-0.3441,0.9003
19.8167,JELLY_C,3.6625,-0.4240,0.1922
19.8333,JELLY_A,-0.0097,-0.2216,0.4816
19.8333,JELLY_B,-0.3686,-0.3436,0.9065
19.8333,JELLY_C,3.6528,-0.4240,0.1988
19.8500,JELLY_A,-0.0178,-0.2225,0.4871
19.8500,JELLY_B,-0.3701,-0.3431,0.9128
19.8500,JELLY_C,3.6163,-0.4240,0.2055
19.8667,JELLY_A,-0.0260,-0.2234,0.4925
19.8667,JELLY_B,-0.3714,-0.3427,0.9191
19.8667,JELLY_C,3.5579,-0.4240,0.2121
19.8833,JELLY_A,-0.0342,-0.2243,0.4979
19.8833,JELLY_B,-0.3727,-0.3422,0.9254
19.8833,JELLY_C,3.4805,-0.4240,0.2188
19.9000,JELLY_A,-0.0423,-0.2251,0.5033
19.9000,JELLY_B,-0.3738,-0.3417,0.9317
19.9000,JELLY_C,3.3861,-0.4240,0.2254
19.9167,JELLY_A,-0.0504,-0.2260,0.5087
19.9167,JELLY_B,-0.3748,-0.3412,0.9380
19.9167,JELLY_C,3.2767,-0.4240,0.2321
19.9333,JELLY_A,-0.0586,-0.2268,0.5141
19.9333,JELLY_B,-0.3758,-0.3408,0.9442
19.9333,JELLY_C,3.1541,-0.4241,0.2388
19.9500,JELLY_A,-0.0667,-0.2277,0.5195
19.9500,JELLY_B,-0.3766,-0.3403,0.9505
19.9500,JELLY_C,3.0200,-0.4241,0.2454
19.9667,JELLY_A,-0.0747,-0.2285,0.5249
19.9667,JELLY_B,-0.3773,-0.3398,0.9568
19.9667,JELLY_C,2.8762,-0.4241,0.2521
19.9833,JELLY_A,-0.0828,-0.2294,0.5303
19.9833,JELLY_B,-0.3779,-0.3393,0.9631
19.9833,JELLY_C,2.7244,-0.4242,0.2587
20.0000,JELLY_A,-0.0908,-0.2302,0.5357
20.0000,JELLY_B,-0.3785,-0.3388,0.9694
20.0000,JELLY_C,2.5661,-0.4242,0.2654
20.0167,JELLY_A,-0.0987,-0.2310,0.5411
20.0167,JELLY_B,-0.3789,-0.3384,0.9757
20.0167,JELLY_C,2.4029,-0.4242,0.2721
20.0333,JELLY_A,-0.1066,-0.2318,0.5465
20.0333,JELLY_B,-0.3793,-0.3379,0.9819
20.0333,JELLY_C,2.2362,-0.4243,0.2787
20.0500,JELLY_A,-0.1145,-0.2326,0.5519
20.0500,JELLY_B,-0.3796,-0.3374,0.9882
20.0500,JELLY_C,2.0675,-0.4244,0.2854
20.0667,JELLY_A,-0.1223,-0.2334,0.5573
20.0667,JELLY_B,-0.3797,-0.3369,0.9945
20.0667,JELLY_C,1.8981,-0.4244,0.2920
20.0833,JELLY_A,-0.1300,-0.2342,0.5628
20.0833,JELLY_B,-0.3799,-0.3364,0.0008
20.0833,JELLY_C,1.7292,-0.4245,0.2987
20.1000,JELLY_A,-0.1377,-0.2350,0.5682
20.1000,JELLY_B,-0.3722,-0.3360,0.0071
20.1000,JELLY_C,1.5622,-0.4245,0.3054
20.1167,JELLY_A,-0.1453,-0.2358,0.5736
20.1167,JELLY_B,-0.3496,-0.3355,0.0133
20.1167,JELLY_C,1.3982,-0.4246,0.3120
20.1333,JELLY_A,-0.1528,-0.2366,0.5790
20.1333,JELLY_B,-0.3124,-0.3350,0.0196
20.1333,JELLY_C,1.2383,-0.4247,0.3187
20.1500,JELLY_A,-0.1603,-0.2374,0.5844
20.1500,JELLY_B,-0.2613,-0.3345,0.0259
20.1500,JELLY_C,1.0835,-0.4248,0.3253
20.1667,JELLY_A,-0.1677,-0.2381,0.5898
20.1667,JELLY_B,-0.1971,-0.3340,0.0322
20.1667,JELLY_C,0.9349,-0.4249,0.3320
20.1833,JELLY_A,-0.1750,-0.2389,0.5952
20.1833,JELLY_B,-0.1205,-0.3335,0.0384
20.1833,JELLY_C,0.7935,-0.4250,0.3386
20.2000,JELLY_A,-0.1822,-0.2397,0.6006
20.2000,JELLY_B,-0.0323,-0.3331,0.0447
20.2000,JELLY_C,0.6601,-0.4250,0.3453
20.2167,JELLY_A,-0.1893,-0.2404,0.6060
20.2167,JELLY_B,0.0666,-0.3326,0.0510
20.2167,JELLY_C,0.5356,-0.4251,0.3520
20.2333,JELLY_A,-0.1964,-0.2412,0.6114
20.2333,JELLY_B,0.1753,-0.3321,0.0573
20.2333,JELLY_C,0.4208,-0.4252,0.3586
20.2500,JELLY_A,-0.2033,-0.2419,0.6168
20.2500,JELLY_B,0.2926,-0.3316,0.0636
20.2500,JELLY_C,0.3164,-0.4253,0.3653
20.2667,JELLY_A,-0.2102,-0.2426,0.6222
20.2667,JELLY_B,0.4177,-0.3311,0.0698
20.2667,JELLY_C,0.2232,-0.4255,0.3719
20.2833,JELLY_A,-0.2169,-0.2434,0.6276
20.2833,JELLY_B,0.5492,-0.3306,0.0761
20.2833,JELLY_C,0.1419,-0.4256,0.3786
20.3000,JELLY_A,-0.2236,-0.2441,0.6330
20.3000,JELLY_B,0.6862,-0.3301,0.0824
20.3000,JELLY_C,0.0730,-0.4257,0.3853
20.3167,JELLY_A,-0.2302,-0.2448,0.6384
20.3167,JELLY_B,0.8273,-0.3296,0.0887
20.3167,JELLY_C,0.0171,-0.4258,0.3919
20.3333,JELLY_A,-0.2366,-0.2455,0.6438
20.3333,JELLY_B,0.9714,-0.3291,0.0949
20.3333,JELLY_C,-0.0252,-0.4259,0.3986
20.3500,JELLY_A,-0.2430,-0.2462,0.6492
20.3500,JELLY_B,1.1172,-0.3286,0.1012
20.3500,JELLY_C,-0.0548,-0.4260,0.4052
20.3667,JELLY_A,-0.2493,-0.2469,0.6546
20.3667,JELLY_B,1.2634,-0.3281,0.1075
20.3667,JELLY_C,-0.0818,-0.4262,0.4119
20.3833,JELLY_A,-0.2554,-0.2476,0.6600
20.3833,JELLY_B,1.4086,-0.3276,0.1138
20.3833,JELLY_C,-0.1081,-0.4263,0.4185
20.4000,JELLY_A,-0.2615,-0.2483,0.6655
20.4000,JELLY_B,1.5515,-0.3271,0.1200
20.4000,JELLY_C,-0.1335,-0.4264,0.4252
20.4167,JELLY_A,-0.2674,-0.2490,0.6709
20.4167,JELLY_B,1.6908,-0.3265,0.1263
20.4167,JELLY_C,-0.1582,-0.4266,0.4319
20.4333,JELLY_A,-0.2732,-0.2497,0.6763
20.4333,JELLY_B,1.8252,-0.3260,0.1326
20.4333,JELLY_C,-0.1820,-0.4267,0.4385
20.4500,JELLY_A,-0.2790,-0.2504,0.6817
20.4500,JELLY_B,1.9533,-0.3255,0.1389
20.4500,JELLY_C,-0.2051,-0.4268,0.4452
20.4667,JELLY_A,-0.2846,-0.2511,0.6871
20.4667,JELLY_B,2.0737,-0.3250,0.1451
20.4667,JELLY_C,-0.2274,-0.4270,0.4518
20.4833,JELLY_A,-0.2901,-0.2517,0.6925
20.4833,JELLY_B,2.1851,-0.3245,0.1514
20.4833,JELLY_C,-0.2488,-0.4271,0.4585
20.5000,JELLY_A,-0.2955,-0.2524,0.6979
20.5000,JELLY_B,2.2863,-0.3239,0.1577
20.5000,JELLY_C,-0.2696,-0.4273,0.4651
20.5167,JELLY_A,-0.3008,-0.2531,0.7033
20.5167,JELLY_B,2.3760,-0.3234,0.1639
20.5167,JELLY_C,-0.2895,-0.4274,0.4718
20.5333,JELLY_A,-0.3059,-0.2537,0.7087
20.5333,JELLY_B,2.4529,-0.3229,0.1702
20.5333,JELLY_C,-0.3086,-0.4276,0.4785
20.5500,JELLY_A,-0.3110,-0.2544,0.7141
20.5500,JELLY_B,2.5159,-0.3224,0.1765
20.5500,JELLY_C,-0.3270,-0.4278,0.4851
20.5667,JELLY_A,-0.3159,-0.2550,0.7195
20.5667,JELLY_B,2.5638,-0.3218,0.1828
20.5667,JELLY_C,-0.3447,-0.4279,0.4918
20.5833,JELLY_A,-0.3208,-0.2557,0.7249
20.5833,JELLY_B,2.5955,-0.3213,0.1890
20.5833,JELLY_C,-0.3616,-0.4281,0.4984
20.6000,JELLY_A,-0.3255,-0.2563,0.7303
20.6000,JELLY_B,2.6101,-0.3208,0.1953
20.6000,JELLY_C,-0.3778,-0.4282,0.5051
20.6167,JELLY_A,-0.3301,-0.2570,0.7357
20.6167,JELLY_B,2.6068,-0.3202,0.2016
20.6167,JELLY_C,-0.3933,-0.4284,0.5117
20.6333,JELLY_A,-0.3346,-0.2576,0.7411
20.6333,JELLY_B,2.5893,-0.3197,0.2078
20.6333,JELLY_C,-0.4081,-0.4286,0.5184
20.6500,JELLY_A,-0.3390,-0.2582,0.7465
20.6500,JELLY_B,2.5582,-0.3192,0.2141
20.6500,JELLY_C,-0.4222,-0.4288,0.5251
20.6667,JELLY_A,-0.3433,-0.2589,0.7519
20.6667,JELLY_B,2.5145,-0.3187,0.2204
20.6667,JELLY_C,-0.4358,-0.4289,0.5317
20.6833,JELLY_A,-0.3475,-0.2595,0.7573
20.6833,JELLY_B,2.4594,-0.3181,0.2266
20.6833,JELLY_C,-0.4487,-0.4291,0.5384
20.7000,JELLY_A,-0.3515,-0.2601,0.7627
20.7000,JELLY_B,2.3939,-0.3176,0.2329
20.7000,JELLY_C,-0.4610,-0.4293,0.5450
20.7167,JELLY_A,-0.3555,-0.2607,0.7681
20.7167,JELLY_B,2.3192,-0.3171,0.2392
20.7167,JELLY_C,-0.4727,-0.4295,0.5517
20.7333,JELLY_A,-0.3593,-0.2613,0.7735
20.7333,JELLY_B,2.2362,-0.3166,0.2454
20.7333,JELLY_C,-0.4839,-0.4296,0.5583
20.7500,JELLY_A,-0.3630,-0.2619,0.7789
20.7500,JELLY_B,2.1460,-0.3160,0.2517
20.7500,JELLY_C,-0.4945,-0.4298,0.5650
20.7667,JELLY_A,-0.3667,-0.2625,0.7843
20.7667,JELLY_B,2.0496,-0.3155,0.2580
20.7667,JELLY_C,-0.5046,-0.4300,0.5717
20.7833,JELLY_A,-0.3702,-0.2632,0.7897
20.7833,JELLY_B,1.9480,-0.3150,0.2642
20.7833,JELLY_C,-0.5142,-0.4302,0.5783
20.8000,JELLY_A,-0.3736,-0.2638,0.7951
20.8000,JELLY_B,1.8420,-0.3145,0.2705
20.8000,JELLY_C,-0.5233,-0.4304,0.5850
20.8167,JELLY_A,-0.3769,-0.2644,0.8005
20.8167,JELLY_B,1.7327,-0.3139,0.2768
20.8167,JELLY_C,-0.5320,-0.4306,0.5916
20.8333,JELLY_A,-0.3801,-0.2649,0.8059
20.8333,JELLY_B,1.6209,-0.3134,0.2830
20.8333,JELLY_C,-0.5401,-0.4308,0.5983
20.8500,JELLY_A,-0.3832,-0.2655,0.8114
20.8500,JELLY_B,1.5075,-0.3129,0.2893
20.8500,JELLY_C,-0.5478,-0.4310,0.6049
20.8667,JELLY_A,-0.3862,-0.2661,0.8168
20.8667,JELLY_B,1.3933,-0.3124,0.2956
20.8667,JELLY_C,-0.5551,-0.4312,0.6116
20.8833,JELLY_A,-0.3891,-0.2667,0.8222
20.8833,JELLY_B,1.2792,-0.3118,0.3018
20.8833,JELLY_C,-0.5620,-0.4314,0.6182
20.9000,JELLY_A,-0.3918,-0.2673,0.8276
20.9000,JELLY_B,1.1659,-0.3113,0.3081
20.9000,JELLY_C,-0.5684,-0.4316,0.6249
20.9167,JELLY_A,-0.3945,-0.2679,0.8330
20.9167,JELLY_B,1.0543,-0.3108,0.3144
20.9167,JELLY_C,-0.5745,-0.4318,0.6316
20.9333,JELLY_A,-0.3971,-0.2684,0.8384
20.9333,JELLY_B,0.9451,-0.3103,0.3206
20.9333,JELLY_C,-0.5801,-0.4320,0.6382
20.9500,JELLY_A,-0.3996,-0.2690,0.8438
20.9500,JELLY_B,0.8390,-0.3098,0.3269
20.9500,JELLY_C,-0.5854,-0.4322,0.6449
20.9667,JELLY_A,-0.4020,-0.2696,0.8492
20.9667,JELLY_B,0.7367,-0.3092,0.3331
20.9667,JELLY_C,-0.5904,-0.4324,0.6515
20.9833,JELLY_A,-0.4043,-0.2702,0.8546
20.9833,JELLY_B,0.6390,-0.3087,0.3394
20.9833,JELLY_C,-0.5949,-0.4326,0.6582
21.0000,JELLY_A,-0.4065,-0.2707,0.8600
21.0000,JELLY_B,0.5465,-0.3082,0.3457
21.0000,JELLY_C,-0.5992,-0.4328,0.6648
21.0167,JELLY_A,-0.4086,-0.2713,0.8654
21.0167,JELLY_B,0.4597,-0.3077,0.3519
21.0167,JELLY_C,-0.6031,-0.4330,0.6715
21.0333,JELLY_A,-0.4107,-0.2718,0.8708
21.0333,JELLY_B,0.3794,-0.3072,0.3582
21.0333,JELLY_C,-0.6067,-0.4332,0.6782
21.0500,JELLY_A,-0.4126,-0.2724,0.8762
21.0500,JELLY_B,0.3062,-0.3066,0.3645
21.0500,JELLY_C,-0.6100,-0.4334,0.6848
21.0667,JELLY_A,-0.4144,-0.2730,0.8816
21.0667,JELLY_B,0.2405,-0.3061,0.3707
21.0667,JELLY_C,-0.6131,-0.4336,0.6915
21.0833,JELLY_A,-0.4162,-0.2735,0.8870
21.0833,JELLY_B,0.1829,-0.3056,0.3770
21.0833,JELLY_C,-0.6158,-0.4338,0.6981
21.1000,JELLY_A,-0.4179,-0.2741,0.8924
21.1000,JELLY_B,0.1341,-0.3051,0.3832
21.1000,JELLY_C,-0.6182,-0.4340,0.7048
21.1167,JELLY_A,-0.4194,-0.2746,0.8978
21.1167,JELLY_B,0.0944,-0.3046,0.3895
21.1167,JELLY_C,-0.6205,-0.4342,0.7114
21.1333,JELLY_A,-0.4209,-0.2751,0.9032
21.1333,JELLY_B,0.0644,-0.3041,0.3958
21.1333,JELLY_C,-0.6224,-0.4344,0.7181
21.1500,JELLY_A,-0.4223,-0.2757,0.9086
21.1500,JELLY_B,0.0445,-0.3035,0.4020
21.1500,JELLY_C,-0.6241,-0.4347,0.7247
21.1667,JELLY_A,-0.4237,-0.2762,0.9140
21.1667,JELLY_B,0.0288,-0.3030,0.4083
21.1667,JELLY_C,-0.6256,-0.4349,0.7314
21.1833,JELLY_A,-0.4249,-0.2768,0.9194
21.1833,JELLY_B,0.0130,-0.3025,0.4145
21.1833,JELLY_C,-0.6268,-0.4351,0.7381
21.2000,JELLY_A,-0.4261,-0.2773,0.9248
21.2000,JELLY_B,-0.0026,-0.3020,0.4208
21.2000,JELLY_C,-0.6278,-0.4353,0.7447
21.2167,JELLY_A,-0.4272,-0.2778,0.9302
21.2167,JELLY_B,-0.0183,-0.3015,0.4271
21.2167,JELLY_C,-0.6286,-0.4355,0.7514
21.2333,JELLY_A,-0.4282,-0.2783,0.9356
21.2333,JELLY_B,-0.0338,-0.3010,0.4333
21.2333,JELLY_C,-0.6292,-0.4357,0.7580
21.2500,JELLY_A,-0.4292,-0.2789,0.9410
21.2500,JELLY_B,-0.0493,-0.3005,0.4396
21.2500,JELLY_C,-0.6296,-0.4360,0.7647
21.2667,JELLY_A,-0.4300,-0.2794,0.9464
21.2667,JELLY_B,-0.0646,-0.2999,0.4458
21.2667,JELLY_C,-0.6298,-0.4362,0.7713
21.2833,JELLY_A,-0.4308,-0.2799,0.9518
21.2833,JELLY_B,-0.0798,-0.2994,0.4521
21.2833,JELLY_C,-0.6298,-0.4364,0.7780
21.3000,JELLY_A,-0.4316,-0.2804,0.9572
21.3000,JELLY_B,-0.0949,-0.2989,0.4583
21.3000,JELLY_C,-0.6296,-0.4366,0.7846
21.3167,JELLY_A,-0.4322,-0.2810,0.9626
21.3167,JELLY_B,-0.1098,-0.2984,0.4646
21.3167,JELLY_C,-0.6293,-0.4368,0.7913
21.3333,JELLY_A,-0.4328,-0.2815,0.9680
21.3333,JELLY_B,-0.1245,-0.2979,0.4709
21.3333,JELLY_C,-0.6288,-0.4371,0.7980
21.3500,JELLY_A,-0.4333,-0.2820,0.9734
21.3500,JELLY_B,-0.1391,-0.2974,0.4771
21.3500,JELLY_C,-0.6281,-0.4373,0.8046
21.3667,JELLY_A,-0.4338,-0.2825,0.9788
21.3667,JELLY_B,-0.1534,-0.2969,0.4834
21.3667,JELLY_C,-0.6273,-0.4375,0.8113
21.3833,JELLY_A,-0.4342,-0.2830,0.9842
21.3833,JELLY_B,-0.1676,-0.2964,0.4896
21.3833,JELLY_C,-0.6263,-0.4377,0.8179
21.4000,JELLY_A,-0.4345,-0.2835,0.9896
21.4000,JELLY_B,-0.1815,-0.2958,0.4959
21.4000,JELLY_C,-0.6252,-0.4380,0.8246
21.4167,JELLY_A,-0.4348,-0.2840,0.9950
21.4167,JELLY_B,-0.1952,-0.2953,0.5021
21.4167,JELLY_C,-0.6239,-0.4382,0.8312
21.4333,JELLY_A,-0.4350,-0.2845,0.0004
21.4333,JELLY_B,-0.2087,-0.2948,0.5084
21.4333,JELLY_C,-0.6226,-0.4384,0.8379
21.4500,JELLY_A,-0.4303,-0.2850,0.0058
21.4500,JELLY_B,-0.2220,-0.2943,0.5146
21.4500,JELLY_C,-0.6210,-0.4386,0.8446
21.4667,JELLY_A,-0.4160,-0.2855,0.0112
21.4667,JELLY_B,-0.2350,-0.2938,0.5209
21.4667,JELLY_C,-0.6194,-0.4389,0.8512
21.4833,JELLY_A,-0.3924,-0.2861,0.0167
21.4833,JELLY_B,-0.2478,-0.2933,0.5272
21.4833,JELLY_C,-0.6177,-0.4391,0.8579
21.5000,JELLY_A,-0.3601,-0.2866,0.0221
21.5000,JELLY_B,-0.2604,-0.2928,0.5334
21.5000,JELLY_C,-0.6158,-0.4393,0.8645
21.5167,JELLY_A,-0.3193,-0.2871,0.0275
21.5167,JELLY_B,-0.2727,-0.2923,0.5397
21.5167,JELLY_C,-0.6139,-0.4396,0.8712
21.5333,JELLY_A,-0.2706,-0.2877,0.0329
21.5333,JELLY_B,-0.2848,-0.2918,0.5459
21.5333,JELLY_C,-0.6118,-0.4398,0.8778
21.5500,JELLY_A,-0.2143,-0.2883,0.0383
21.5500,JELLY_B,-0.2966,-0.2913,0.5522
21.5500,JELLY_C,-0.6096,-0.4400,0.8845
21.5667,JELLY_A,-0.1509,-0.2889,0.0437
21.5667,JELLY_B,-0.3082,-0.2907,0.5584
21.5667,JELLY_C,-0.6074,-0.4403,0.8911
21.5833,JELLY_A,-0.0810,-0.2895,0.0491
21.5833,JELLY_B,-0.3195,-0.2902,0.5647
21.5833,JELLY_C,-0.6050,-0.4405,0.8978
21.6000,JELLY_A,-0.0051,-0.2901,0.0545
21.6000,JELLY_B,-0.3306,-0.2897,0.5709
21.6000,JELLY_C,-0.6026,-0.4407,0.9045
21.6167,JELLY_A,0.0764,-0.2908,0.0599
21.6167,JELLY_B,-0.3414,-0.2892,0.5772
21.6167,JELLY_C,-0.6001,-0.4409,0.9111
21.6333,JELLY_A,0.1628,-0.2915,0.0653
21.6333,JELLY_B,-0.3520,-0.2887,0.5834
21.6333,JELLY_C,-0.5975,-0.4412,0.9178
21.6500,JELLY_A,0.2535,-0.2923,0.0707
21.6500,JELLY_B,-0.3623,-0.2882,0.5897
21.6500,JELLY_C,-0.5948,-0.4414,0.9244
21.6667,JELLY_A,0.3481,-0.2931,0.0761
21.6667,JELLY_B,-0.3724,-0.2877,0.5959
21.6667,JELLY_C,-0.5921,-0.4416,0.9311
21.6833,JELLY_A,0.4458,-0.2939,0.0815
21.6833,JELLY_B,-0.3822,-0.2872,0.6022
21.6833,JELLY_C,-0.5893,-0.4419,0.9377
21.7000,JELLY_A,0.5460,-0.2947,0.0869
21.7000,JELLY_B,-0.3918,-0.2867,0.6084
21.7000,JELLY_C,-0.5865,-0.4421,0.9444
21.7167,JELLY_A,0.6482,-0.2956,0.0923
21.7167,JELLY_B,-0.4011,-0.2862,0.6147
21.7167,JELLY_C,-0.5835,-0.4423,0.9510
21.7333,JELLY_A,0.7517,-0.2965,0.0977
21.7333,JELLY_B,-0.4102,-0.2857,0.6209
21.7333,JELLY_C,-0.5806,-0.4426,0.9577
21.7500,JELLY_A,0.8557,-0.2975,0.1031
21.7500,JELLY_B,-0.4190,-0.2852,0.6272
21.7500,JELLY_C,-0.5775,-0.4428,0.9644
21.7667,JELLY_A,0.9598,-0.2984,0.1085
21.7667,JELLY_B,-0.4275,-0.2847,0.6334
21.7667,JELLY_C,-0.5744,-0.4431,0.9710
21.7833,JELLY_A,1.0631,-0.2994,0.1139
21.7833,JELLY_B,-0.4358,-0.2842,0.6397
21.7833,JELLY_C,-0.5713,-0.4433,0.9777
21.8000,JELLY_A,1.1651,-0.3005,0.1193
21.8000,JELLY_B,-0.4438,-0.2837,0.6459
21.8000,JELLY_C,-0.5681,-0.4435,0.9843
21.8167,JELLY_A,1.2650,-0.3016,0.1247
21.8167,JELLY_B,-0.4516,-0.2832,0.6522
21.8167,JELLY_C,-0.5649,-0.4438,0.9910
21.8333,JELLY_A,1.3622,-0.3026,0.1301
21.8333,JELLY_B,-0.4592,-0.2827,0.6584
21.8333,JELLY_C,-0.5616,-0.4440,0.9976
21.8500,JELLY_A,1.4560,-0.3038,0.1355
21.8500,JELLY_B,-0.4665,-0.2822,0.6647
21.8500,JELLY_C,-0.5560,-0.4442,0.0043
21.8667,JELLY_A,1.5457,-0.3049,0.1409
21.8667,JELLY_B,-0.4736,-0.2817,0.6709
21.8667,JELLY_C,-0.5345,-0.4445,0.0109
21.8833,JELLY_A,1.6306,-0.3061,0.1463
21.8833,JELLY_B,-0.4804,-0.2812,0.6772
21.8833,JELLY_C,-0.4952,-0.4447,0.0176
21.9000,JELLY_A,1.7101,-0.3072,0.1517
21.9000,JELLY_B,-0.4870,-0.2806,0.6834
21.9000,JELLY_C,-0.4388,-0.4449,0.0243
21.9167,JELLY_A,1.7835,-0.3084,0.1571
21.9167,JELLY_B,-0.4933,-0.2801,0.6897
21.9167,JELLY_C,-0.3660,-0.4451,0.0309
21.9333,JELLY_A,1.8501,-0.3096,0.1625
21.9333,JELLY_B,-0.4995,-0.2796,0.6959
21.9333,JELLY_C,-0.2777,-0.4454,0.0376
21.9500,JELLY_A,1.9093,-0.3108,0.1679
21.9500,JELLY_B,-0.5053,-0.2791,0.7021
21.9500,JELLY_C,-0.1749,-0.4456,0.0442
21.9667,JELLY_A,1.9605,-0.3120,0.1733
21.9667,JELLY_B,-0.5110,-0.2786,0.7084
21.9667,JELLY_C,-0.0588,-0.4458,0.0509
21.9833,JELLY_A,2.0030,-0.3132,0.1788
21.9833,JELLY_B,-0.5165,-0.2781,0.7146
21.9833,JELLY_C,0.0695,-0.4460,0.0575
22.0000,JELLY_A,2.0363,-0.3144,0.1842
22.0000,JELLY_B,-0.5217,-0.2776,0.7209
22.0000,JELLY_C,0.2085,-0.4462,0.0642
22.0167,JELLY_A,2.0597,-0.3156,0.1896
22.0167,JELLY_B,-0.5267,-0.2771,0.7271
22.0167,JELLY_C,0.3568,-0.4464,0.0709
22.0333,JELLY_A,2.0726,-0.3168,0.1950
22.0333,JELLY_B,-0.5315,-0.2766,0.7334
22.0333,JELLY_C,0.5129,-0.4465,0.0775
22.0500,JELLY_A,2.0746,-0.3180,0.2004
22.0500,JELLY_B,-0.5361,-0.2761,0.7396
22.0500,JELLY_C,0.6751,-0.4467,0.0842
22.0667,JELLY_A,2.0661,-0.3191,0.2058
22.0667,JELLY_B,-0.5404,-0.2756,0.7459
22.0667,JELLY_C,0.8417,-0.4468,0.0908
22.0833,JELLY_A,2.0491,-0.3202,0.2112
22.0833,JELLY_B,-0.5446,-0.2751,0.7521
22.0833,JELLY_C,1.0110,-0.4470,0.0975
22.1000,JELLY_A,2.0240,-0.3214,0.2166
22.1000,JELLY_B,-0.5485,-0.2746,0.7584
22.1000,JELLY_C,1.1811,-0.4471,0.1041
22.1167,JELLY_A,1.9915,-0.3225,0.2220
22.1167,JELLY_B,-0.5523,-0.2741,0.7646
22.1167,JELLY_C,1.3502,-0.4472,0.1108
22.1333,JELLY_A,1.9522,-0.3236,0.2274
22.1333,JELLY_B,-0.5559,-0.2736,0.7708
22.1333,JELLY_C,1.5164,-0.4473,0.1175
22.1500,JELLY_A,1.9066,-0.3246,0.2328
22.1500,JELLY_B,-0.5592,-0.2731,0.7771
22.1500,JELLY_C,1.6780,-0.4474,0.1241
22.1667,JELLY_A,1.8553,-0.3257,0.2382
22.1667,JELLY_B,-0.5624,-0.2727,0.7833
22.1667,JELLY_C,1.8329,-0.4475,0.1308
22.1833,JELLY_A,1.7989,-0.3268,0.2436
22.1833,JELLY_B,-0.5654,-0.2722,0.7896
22.1833,JELLY_C,1.9793,-0.4476,0.1374
22.2000,JELLY_A,1.7379,-0.3278,0.2490
22.2000,JELLY_B,-0.5682,-0.2717,0.7958
22.2000,JELLY_C,2.1156,-0.4477,0.1441
22.2167,JELLY_A,1.6728,-0.3288,0.2544
22.2167,JELLY_B,-0.5708,-0.2712,0.8021
22.2167,JELLY_C,2.2399,-0.4477,0.1507
22.2333,JELLY_A,1.6041,-0.3298,0.2598
22.2333,JELLY_B,-0.5733,-0.2707,0.8083
22.2333,JELLY_C,2.3505,-0.4478,0.1574
22.2500,JELLY_A,1.5324,-0.3308,0.2652
22.2500,JELLY_B,-0.5755,-0.2702,0.8145
22.2500,JELLY_C,2.4460,-0.4479,0.1641
22.2667,JELLY_A,1.4582,-0.3318,0.2706
22.2667,JELLY_B,-0.5776,-0.2697,0.8208
22.2667,JELLY_C,2.5248,-0.4479,0.1707
22.2833,JELLY_A,1.3819,-0.3328,0.2760
22.2833,JELLY_B,-0.5796,-0.2692,0.8270
22.2833,JELLY_C,2.5855,-0.4480,0.1774
22.3000,JELLY_A,1.3041,-0.3337,0.2814
22.3000,JELLY_B,-0.5814,-0.2687,0.8333
22.3000,JELLY_C,2.6270,-0.4480,0.1840
22.3167,JELLY_A,1.2252,-0.3347,0.2869
22.3167,JELLY_B,-0.5830,-0.2682,0.8395
22.3167,JELLY_C,2.6480,-0.4481,0.1907
22.3333,JELLY_A,1.1456,-0.3356,0.2923
22.3333,JELLY_B,-0.5844,-0.2677,0.8457
22.3333,JELLY_C,2.6477,-0.4481,0.1973
22.3500,JELLY_A,1.0658,-0.3365,0.2977
22.3500,JELLY_B,-0.5857,-0.2672,0.8520
22.3500,JELLY_C,2.6252,-0.4482,0.2040
22.3667,JELLY_A,0.9863,-0.3374,0.3031
22.3667,JELLY_B,-0.5869,-0.2667,0.8582
22.3667,JELLY_C,2.5842,-0.4483,0.2107
22.3833,JELLY_A,0.9075,-0.3383,0.3085
22.3833,JELLY_B,-0.5879,-0.2662,0.8645
22.3833,JELLY_C,2.5273,-0.4483,0.2173
22.4000,JELLY_A,0.8298,-0.3392,0.3139
22.4000,JELLY_B,-0.5888,-0.2657,0.8707
22.4000,JELLY_C,2.4561,-0.4484,0.2240
22.4167,JELLY_A,0.7535,-0.3401,0.3193
22.4167,JELLY_B,-0.5895,-0.2652,0.8769
22.4167,JELLY_C,2.3720,-0.4485,0.2306
22.4333,JELLY_A,0.6792,-0.3409,0.3247
22.4333,JELLY_B,-0.5901,-0.2647,0.8832
22.4333,JELLY_C,2.2766,-0.4486,0.2373
22.4500,JELLY_A,0.6072,-0.3418,0.3301
22.4500,JELLY_B,-0.5906,-0.2642,0.8894
22.4500,JELLY_C,2.1713,-0.4486,0.2440
22.4667,JELLY_A,0.5378,-0.3426,0.3355
22.4667,JELLY_B,-0.5909,-0.2637,0.8957
22.4667,JELLY_C,2.0575,-0.4487,0.2506
22.4833,JELLY_A,0.4715,-0.3435,0.3409
22.4833,JELLY_B,-0.5911,-0.2633,0.9019
22.4833,JELLY_C,1.9365,-0.4488,0.2573
22.5000,JELLY_A,0.4085,-0.3443,0.3463
22.5000,JELLY_B,-0.5912,-0.2628,0.9081
22.5000,JELLY_C,1.8096,-0.4489,0.2639
22.5167,JELLY_A,0.3493,-0.3451,0.3517
22.5167,JELLY_B,-0.5912,-0.2623,0.9144
22.5167,JELLY_C,1.6781,-0.4490,0.2706
22.5333,JELLY_A,0.2942,-0.3459,0.3571
22.5333,JELLY_B,-0.5910,-0.2618,0.9206
22.5333,JELLY_C,1.5432,-0.4491,0.2772
22.5500,JELLY_A,0.2435,-0.3467,0.3625
22.5500,JELLY_B,-0.5907,-0.2613,0.9269
22.5500,JELLY_C,1.4062,-0.4491,0.2839
22.5667,JELLY_A,0.1976,-0.3474,0.3680
22.5667,JELLY_B,-0.5904,-0.2608,0.9331
22.5667,JELLY_C,1.2680,-0.4492,0.2906
22.5833,JELLY_A,0.1566,-0.3482,0.3734
22.5833,JELLY_B,-0.5899,-0.2603,0.9393
22.5833,JELLY_C,1.1300,-0.4493,0.2972
22.6000,JELLY_A,0.1211,-0.3490,0.3788
22.6000,JELLY_B,-0.5893,-0.2598,0.9456
22.6000,JELLY_C,0.9930,-0.4494,0.3039
22.6167,JELLY_A,0.0911,-0.3497,0.3842
22.6167,JELLY_B,-0.5886,-0.2593,0.9518
22.6167,JELLY_C,0.8581,-0.4495,0.3105
22.6333,JELLY_A,0.0671,-0.3505,0.3896
22.6333,JELLY_B,-0.5878,-0.2588,0.9580
22.6333,JELLY_C,0.7264,-0.4496,0.3172
22.6500,JELLY_A,0.0493,-0.3512,0.3950
22.6500,JELLY_B,-0.5869,-0.2584,0.9643
22.6500,JELLY_C,0.5986,-0.4498,0.3239
22.6667,JELLY_A,0.0379,-0.3519,0.4004
22.6667,JELLY_B,-0.5860,-0.2579,0.9705
22.6667,JELLY_C,0.4758,-0.4499,0.3305
22.6833,JELLY_A,0.0298,-0.3526,0.4058
22.6833,JELLY_B,-0.5849,-0.2574,0.9768
22.6833,JELLY_C,0.3588,-0.4500,0.3372
22.7000,JELLY_A,0.0216,-0.3533,0.4112
22.7000,JELLY_B,-0.5838,-0.2569,0.9830
22.7000,JELLY_C,0.2484,-0.4501,0.3438
22.7167,JELLY_A,0.0133,-0.3540,0.4166
22.7167,JELLY_B,-0.5825,-0.2564,0.9892
22.7167,JELLY_C,0.1453,-0.4502,0.3505
22.7333,JELLY_A,0.0049,-0.3547,0.4220
22.7333,JELLY_B,-0.5812,-0.2559,0.9955
22.7333,JELLY_C,0.0503,-0.4503,0.3572
22.7500,JELLY_A,-0.0037,-0.3554,0.4274
22.7500,JELLY_B,-0.5798,-0.2554,0.0017
22.7500,JELLY_C,-0.0358,-0.4504,0.3638
22.7667,JELLY_A,-0.0123,-0.3561,0.4329
22.7667,JELLY_B,-0.5783,-0.2549,0.0079
22.7667,JELLY_C,-0.1125,-0.4506,0.3705
22.7833,JELLY_A,-0.0210,-0.3567,0.4383
22.7833,JELLY_B,-0.5767,-0.2545,0.0142
22.7833,JELLY_C,-0.1790,-0.4507,0.3772
22.8000,JELLY_A,-0.0297,-0.3574,0.4437
22.8000,JELLY_B,-0.5750,-0.2540,0.0204
22.8000,JELLY_C,-0.2349,-0.4508,0.3838
22.8167,JELLY_A,-0.0385,-0.3580,0.4491
22.8167,JELLY_B,-0.5732,-0.2535,0.0266
22.8167,JELLY_C,-0.2794,-0.4509,0.3905
22.8333,JELLY_A,-0.0473,-0.3587,0.4545
22.8333,JELLY_B,-0.5714,-0.2530,0.0329
22.8333,JELLY_C,-0.3121,-0.4511,0.3971
22.8500,JELLY_A,-0.0560,-0.3593,0.4599
22.8500,JELLY_B,-0.5695,-0.2525,0.0391
22.8500,JELLY_C,-0.3339,-0.4512,0.4038
22.8667,JELLY_A,-0.0648,-0.3599,0.4653
22.8667,JELLY_B,-0.5675,-0.2520,0.0453
22.8667,JELLY_C,-0.3534,-0.4513,0.4105
22.8833,JELLY_A,-0.0735,-0.3605,0.4707
22.8833,JELLY_B,-0.5654,-0.2515,0.0516
22.8833,JELLY_C,-0.3724,-0.4515,0.4171
22.9000,JELLY_A,-0.0823,-0.3612,0.4761
22.9000,JELLY_B,-0.5633,-0.2511,0.0578
22.9000,JELLY_C,-0.3909,-0.4516,0.4238
22.9167,JELLY_A,-0.0910,-0.3618,0.4815
22.9167,JELLY_B,-0.5611,-0.2506,0.0641
22.9167,JELLY_C,-0.4089,-0.4517,0.4304
22.9333,JELLY_A,-0.0996,-0.3624,0.4870
22.9333,JELLY_B,-0.5588,-0.2501,0.0703
22.9333,JELLY_C,-0.4263,-0.4519,0.4371
22.9500,JELLY_A,-0.1083,-0.3629,0.4924
22.9500,JELLY_B,-0.5565,-0.2496,0.0765
22.9500,JELLY_C,-0.4432,-0.4520,0.4438
22.9667,JELLY_A,-0.1169,-0.3635,0.4978
22.9667,JELLY_B,-0.5541,-0.2491,0.0828
22.9667,JELLY_C,-0.4596,-0.4521,0.4504
22.9833,JELLY_A,-0.1254,-0.3641,0.5032
22.9833,JELLY_B,-0.5516,-0.2486,0.0890
22.9833,JELLY_C,-0.4754,-0.4523,0.4571
23.0000,JELLY_A,-0.1339,-0.3647,0.5086
23.0000,JELLY_B,-0.5491,-0.2482,0.0952
23.0000,JELLY_C,-0.4907,-0.4524,0.4638
23.0167,JELLY_A,-0.1423,-0.3652,0.5140
23.0167,JELLY_B,-0.5466,-0.2477,0.1015
23.0167,JELLY_C,-0.5054,-0.4526,0.4704
23.0333,JELLY_A,-0.1506,-0.3658,0.5194
23.0333,JELLY_B,-0.5440,-0.2472,0.1077
23.0333,JELLY_C,-0.5196,-0.4527,0.4771
23.0500,JELLY_A,-0.1589,-0.3663,0.5248
23.0500,JELLY_B,-0.5413,-0.2467,0.1139
23.0500,JELLY_C,-0.5333,-0.4529,0.4838
23.0667,JELLY_A,-0.1672,-0.3669,0.5302
23.0667,JELLY_B,-0.5387,-0.2462,0.1201
23.0667,JELLY_C,-0.5464,-0.4530,0.4904
23.0833,JELLY_A,-0.1753,-0.3674,0.5357
23.0833,JELLY_B,-0.5359,-0.2458,0.1264
23.0833,JELLY_C,-0.5591,-0.4532,0.4971
23.1000,JELLY_A,-0.1834,-0.3680,0.5411
23.1000,JELLY_B,-0.5332,-0.2453,0.1326
23.1000,JELLY_C,-0.5712,-0.4533,0.5037
23.1167,JELLY_A,-0.1913,-0.3685,0.5465
23.1167,JELLY_B,-0.5303,-0.2448,0.1388
23.1167,JELLY_C,-0.5828,-0.4535,0.5104
23.1333,JELLY_A,-0.1992,-0.3690,0.5519
23.1333,JELLY_B,-0.5275,-0.2443,0.1451
23.1333,JELLY_C,-0.5939,-0.4536,0.5171
23.1500,JELLY_A,-0.2070,-0.3695,0.5573
23.1500,JELLY_B,-0.5246,-0.2438,0.1513
23.1500,JELLY_C,-0.6045,-0.4538,0.5237
23.1667,JELLY_A,-0.2147,-0.3700,0.5627
23.1667,JELLY_B,-0.5217,-0.2434,0.1575
23.1667,JELLY_C,-0.6146,-0.4539,0.5304
23.1833,JELLY_A,-0.2224,-0.3705,0.5681
23.1833,JELLY_B,-0.5188,-0.2429,0.1638
23.1833,JELLY_C,-0.6243,-0.4541,0.5371
23.2000,JELLY_A,-0.2299,-0.3710,0.5735
23.2000,JELLY_B,-0.5158,-0.2424,0.1700
23.2000,JELLY_C,-0.6336,-0.4542,0.5437
23.2167,JELLY_A,-0.2373,-0.3715,0.5789
23.2167,JELLY_B,-0.5128,-0.2419,0.1762
23.2167,JELLY_C,-0.6424,-0.4544,0.5504
23.2333,JELLY_A,-0.2446,-0.3720,0.5844
23.2333,JELLY_B,-0.5098,-0.2415,0.1825
23.2333,JELLY_C,-0.6507,-0.4546,0.5571
23.2500,JELLY_A,-0.2518,-0.3725,0.5898
23.2500,JELLY_B,-0.5068,-0.2410,0.1887
23.2500,JELLY_C,-0.6587,-0.4547,0.5637
23.2667,JELLY_A,-0.2589,-0.3730,0.5952
23.2667,JELLY_B,-0.5037,-0.2405,0.1949
23.2667,JELLY_C,-0.6662,-0.4549,0.5704
23.2833,JELLY_A,-0.2659,-0.3734,0.6006
23.2833,JELLY_B,-0.5006,-0.2400,0.2012
23.2833,JELLY_C,-0.6734,-0.4550,0.5771
23.3000,JELLY_A,-0.2728,-0.3739,0.6060
23.3000,JELLY_B,-0.4975,-0.2396,0.2074
23.3000,JELLY_C,-0.6802,-0.4552,0.5837
23.3167,JELLY_A,-0.2796,-0.3744,0.6114
23.3167,JELLY_B,-0.4944,-0.2391,0.2136
23.3167,JELLY_C,-0.6865,-0.4554,0.5904
23.3333,JELLY_A,-0.2863,-0.3748,0.6168
23.3333,JELLY_B,-0.4913,-0.2386,0.2198
23.3333,JELLY_C,-0.6925,-0.4555,0.5971
23.3500,JELLY_A,-0.2928,-0.3753,0.6223
23.3500,JELLY_B,-0.4881,-0.2381,0.2261
23.3500,JELLY_C,-0.6982,-0.4557,0.6037
23.3667,JELLY_A,-0.2992,-0.3757,0.6277
23.3667,JELLY_B,-0.4850,-0.2377,0.2323
23.3667,JELLY_C,-0.7035,-0.4558,0.6104
23.3833,JELLY_A,-0.3055,-0.3762,0.6331
23.3833,JELLY_B,-0.4818,-0.2372,0.2385
23.3833,JELLY_C,-0.7085,-0.4560,0.6171
23.4000,JELLY_A,-0.3117,-0.3766,0.6385
23.4000,JELLY_B,-0.4786,-0.2367,0.2448
23.4000,JELLY_C,-0.7131,-0.4562,0.6237
23.4167,JELLY_A,-0.3178,-0.3771,0.6439
23.4167,JELLY_B,-0.4754,-0.2362,0.2510
23.4167,JELLY_C,-0.7174,-0.4563,0.6304
23.4333,JELLY_A,-0.3237,-0.3775,0.6493
23.4333,JELLY_B,-0.4723,-0.2358,0.2572
23.4333,JELLY_C,-0.7213,-0.4565,0.6371
23.4500,JELLY_A,-0.3295,-0.3779,0.6547
23.4500,JELLY_B,-0.4691,-0.2353,0.2635
23.4500,JELLY_C,-0.7250,-0.4567,0.6437
23.4667,JELLY_A,-0.3352,-0.3783,0.6602
23.4667,JELLY_B,-0.4659,-0.2348,0.2697
23.4667,JELLY_C,-0.7284,-0.4568,0.6504
23.4833,JELLY_A,-0.3407,-0.3788,0.6656
23.4833,JELLY_B,-0.4628,-0.2343,0.2759
23.4833,JELLY_C,-0.7314,-0.4570,0.6571
23.5000,JELLY_A,-0.3462,-0.3792,0.6710
23.5000,JELLY_B,-0.4596,-0.2339,0.2821
23.5000,JELLY_C,-0.7342,-0.4572,0.6638
23.5167,JELLY_A,-0.3515,-0.3796,0.6764
23.5167,JELLY_B,-0.4564,-0.2334,0.2884
23.5167,JELLY_C,-0.7367,-0.4573,0.6704
23.5333,JELLY_A,-0.3567,-0.3800,0.6818
23.5333,JELLY_B,-0.4533,-0.2329,0.2946
23.5333,JELLY_C,-0.7389,-0.4575,0.6771
23.5500,JELLY_A,-0.3617,-0.3804,0.6872
23.5500,JELLY_B,-0.4501,-0.2325,0.3008
23.5500,JELLY_C,-0.7409,-0.4577,0.6838
23.5667,JELLY_A,-0.3667,-0.3808,0.6927
23.5667,JELLY_B,-0.4470,-0.2320,0.3071
23.5667,JELLY_C,-0.7426,-0.4578,0.6904
23.5833,JELLY_A,-0.3715,-0.3812,0.6981
23.5833,JELLY_B,-0.4438,-0.2315,0.3133
23.5833,JELLY_C,-0.7441,-0.4580,0.6971
23.6000,JELLY_A,-0.3762,-0.3816,0.7035
23.6000,JELLY_B,-0.4407,-0.2310,0.3195
23.6000,JELLY_C,-0.7453,-0.4582,0.7038
23.6167,JELLY_A,-0.3808,-0.3820,0.7089
23.6167,JELLY_B,-0.4376,-0.2306,0.3257
23.6167,JELLY_C,-0.7464,-0.4583,0.7104
23.6333,JELLY_A,-0.3852,-0.3823,0.7143
23.6333,JELLY_B,-0.4344,-0.2301,0.3320
23.6333,JELLY_C,-0.7471,-0.4585,0.7171
23.6500,JELLY_A,-0.3895,-0.3827,0.7197
23.6500,JELLY_B,-0.4313,-0.2296,0.3382
23.6500,JELLY_C,-0.7477,-0.4587,0.7238
23.6667,JELLY_A,-0.3937,-0.3831,0.7252
23.6667,JELLY_B,-0.4282,-0.2292,0.3444
23.6667,JELLY_C,-0.7481,-0.4588,0.7305
23.6833,JELLY_A,-0.3978,-0.3835,0.7306
23.6833,JELLY_B,-0.4251,-0.2287,0.3507
23.6833,JELLY_C,-0.7482,-0.4590,0.7371
23.7000,JELLY_A,-0.4017,-0.3839,0.7360
23.7000,JELLY_B,-0.4220,-0.2282,0.3569
23.7000,JELLY_C,-0.7481,-0.4592,0.7438
23.7167,JELLY_A,-0.4056,-0.3842,0.7414
23.7167,JELLY_B,-0.4189,-0.2278,0.3631
23.7167,JELLY_C,-0.7479,-0.4593,0.7505
23.7333,JELLY_A,-0.4093,-0.3846,0.7468
23.7333,JELLY_B,-0.4158,-0.2273,0.3693
23.7333,JELLY_C,-0.7475,-0.4595,0.7572
23.7500,JELLY_A,-0.4129,-0.3849,0.7523
23.7500,JELLY_B,-0.4128,-0.2268,0.3756
23.7500,JELLY_C,-0.7468,-0.4597,0.7638
23.7667,JELLY_A,-0.4164,-0.3853,0.7577
23.7667,JELLY_B,-0.4097,-0.2264,0.3818
23.7667,JELLY_C,-0.7461,-0.4598,0.7705
23.7833,JELLY_A,-0.4197,-0.3857,0.7631
23.7833,JELLY_B,-0.4067,-0.2259,0.3880
23.7833,JELLY_C,-0.7451,-0.4600,0.7772
23.8000,JELLY_A,-0.4230,-0.3860,0.7685
23.8000,JELLY_B,-0.4036,-0.2254,0.3942
23.8000,JELLY_C,-0.7440,-0.4602,0.7838
23.8167,JELLY_A,-0.4261,-0.3864,0.7739
23.8167,JELLY_B,-0.4006,-0.2250,0.4005
23.8167,JELLY_C,-0.7427,-0.4603,0.7905
23.8333,JELLY_A,-0.4291,-0.3867,0.7794
23.8333,JELLY_B,-0.3976,-0.2245,0.4067
23.8333,JELLY_C,-0.7412,-0.4605,0.7972
23.8500,JELLY_A,-0.4320,-0.3870,0.7848
23.8500,JELLY_B,-0.3946,-0.2240,0.4129
23.8500,JELLY_C,-0.7396,-0.4607,0.8039
23.8667,JELLY_A,-0.4348,-0.3874,0.7902
23.8667,JELLY_B,-0.3916,-0.2236,0.4191
23.8667,JELLY_C,-0.7379,-0.4608,0.8106
23.8833,JELLY_A,-0.4374,-0.3877,0.7956
23.8833,JELLY_B,-0.3886,-0.2231,0.4254
23.8833,JELLY_C,-0.7360,-0.4610,0.8172
23.9000,JELLY_A,-0.4400,-0.3881,0.8010
23.9000,JELLY_B,-0.3856,-0.2226,0.4316
23.9000,JELLY_C,-0.7340,-0.4612,0.8239
23.9167,JELLY_A,-0.4424,-0.3884,0.8065
23.9167,JELLY_B,-0.3826,-0.2222,0.4378
23.9167,JELLY_C,-0.7319,-0.4614,0.8306
23.9333,JELLY_A,-0.4448,-0.3887,0.8119
23.9333,JELLY_B,-0.3796,-0.2217,0.4441
23.9333,JELLY_C,-0.7296,-0.4615,0.8373
23.9500,JELLY_A,-0.4470,-0.3890,0.8173
23.9500,JELLY_B,-0.3766,-0.2213,0.4503
23.9500,JELLY_C,-0.7273,-0.4617,0.8439
23.9667,JELLY_A,-0.4492,-0.3894,0.8227
23.9667,JELLY_B,-0.3736,-0.2208,0.4565
23.9667,JELLY_C,-0.7248,-0.4619,0.8506
23.9833,JELLY_A,-0.4512,-0.3897,0.8281
23.9833,JELLY_B,-0.3705,-0.2203,0.4627
23.9833,JELLY_C,-0.7222,-0.4620,0.8573
24.0000,JELLY_A,-0.4531,-0.3900,0.8336
24.0000,JELLY_B,-0.3674,-0.2199,0.4690
24.0000,JELLY_C,-0.7195,-0.4622,0.8640
24.0167,JELLY_A,-0.4550,-0.3903,0.8390
24.0167,JELLY_B,-0.3643,-0.2194,0.4752
24.0167,JELLY_C,-0.7166,-0.4624,0.8706
24.0333,JELLY_A,-0.4567,-0.3906,0.8444
24.0333,JELLY_B,-0.3612,-0.2189,0.4814
24.0333,JELLY_C,-0.7137,-0.4625,0.8773
24.0500,JELLY_A,-0.4584,-0.3909,0.8498
24.0500,JELLY_B,-0.3580,-0.2185,0.4876
24.0500,JELLY_C,-0.7107,-0.4627,0.8840
24.0667,JELLY_A,-0.4599,-0.3912,0.8553
24.0667,JELLY_B,-0.3549,-0.2180,0.4939
24.0667,JELLY_C,-0.7076,-0.4629,0.8907
24.0833,JELLY_A,-0.4614,-0.3916,0.8607
24.0833,JELLY_B,-0.3517,-0.2176,0.5001
24.0833,JELLY_C,-0.7045,-0.4630,0.8974
24.1000,JELLY_A,-0.4627,-0.3919,0.8661
24.1000,JELLY_B,-0.3486,-0.2171,0.5063
24.1000,JELLY_C,-0.7012,-0.4632,0.9040
24.1167,JELLY_A,-0.4640,-0.3922,0.8715
24.1167,JELLY_B,-0.3454,-0.2166,0.5125
24.1167,JELLY_C,-0.6979,-0.4634,0.9107
24.1333,JELLY_A,-0.4652,-0.3925,0.8769
24.1333,JELLY_B,-0.3422,-0.2162,0.5188
24.1333,JELLY_C,-0.6945,-0.4635,0.9174
24.1500,JELLY_A,-0.4663,-0.3927,0.8824
24.1500,JELLY_B,-0.3390,-0.2157,0.5250
24.1500,JELLY_C,-0.6910,-0.4637,0.9241
24.1667,JELLY_A,-0.4673,-0.3930,0.8878
24.1667,JELLY_B,-0.3359,-0.2153,0.5312
24.1667,JELLY_C,-0.6874,-0.4639,0.9308
24.1833,JELLY_A,-0.4682,-0.3933,0.8932
24.1833,JELLY_B,-0.3327,-0.2148,0.5374
24.1833,JELLY_C,-0.6838,-0.4641,0.9375
24.2000,JELLY_A,-0.4690,-0.3936,0.8986
24.2000,JELLY_B,-0.3295,-0.2143,0.5437
24.2000,JELLY_C,-0.6801,-0.4642,0.9441
24.2167,JELLY_A,-0.4698,-0.3939,0.9041
24.2167,JELLY_B,-0.3263,-0.2139,0.5499
24.2167,JELLY_C,-0.6764,-0.4644,0.9508
24.2333,JELLY_A,-0.4705,-0.3942,0.9095
24.2333,JELLY_B,-0.3231,-0.2134,0.5561
24.2333,JELLY_C,-0.6726,-0.4646,0.9575
24.2500,JELLY_A,-0.4711,-0.3945,0.9149
24.2500,JELLY_B,-0.3199,-0.2130,0.5623
24.2500,JELLY_C,-0.6687,-0.4647,0.9642
24.2667,JELLY_A,-0.4716,-0.3947,0.9203
24.2667,JELLY_B,-0.3167,-0.2125,0.5686
24.2667,JELLY_C,-0.6648,-0.4649,0.9709
24.2833,JELLY_A,-0.4721,-0.3950,0.9258
24.2833,JELLY_B,-0.3136,-0.2121,0.5748
24.2833,JELLY_C,-0.6609,-0.4651,0.9776
24.3000,JELLY_A,-0.4725,-0.3953,0.9312
24.3000,JELLY_B,-0.3104,-0.2116,0.5810
24.3000,JELLY_C,-0.6569,-0.4652,0.9842
24.3167,JELLY_A,-0.4728,-0.3956,0.9366
24.3167,JELLY_B,-0.3072,-0.2111,0.5872
24.3167,JELLY_C,-0.6529,-0.4654,0.9909
24.3333,JELLY_A,-0.4730,-0.3958,0.9420
24.3333,JELLY_B,-0.3041,-0.2107,0.5935
24.3333,JELLY_C,-0.6488,-0.4656,0.9976
24.3500,JELLY_A,-0.4732,-0.3961,0.9475
24.3500,JELLY_B,-0.3009,-0.2102,0.5997
24.3500,JELLY_C,-0.6424,-0.4657,0.0043
24.3667,JELLY_A,-0.4733,-0.3964,0.9529
24.3667,JELLY_B,-0.2978,-0.2098,0.6059
24.3667,JELLY_C,-0.6198,-0.4659,0.0110
24.3833,JELLY_A,-0.4733,-0.3967,0.9583
24.3833,JELLY_B,-0.2947,-0.2093,0.6121
24.3833,JELLY_C,-0.5791,-0.4661,0.0177
24.4000,JELLY_A,-0.4733,-0.3969,0.9637
24.4000,JELLY_B,-0.2916,-0.2089,0.6184
24.4000,JELLY_C,-0.5211,-0.4662,0.0244
24.4167,JELLY_A,-0.4732,-0.3972,0.9692
24.4167,JELLY_B,-0.2885,-0.2084,0.6246
24.4167,JELLY_C,-0.4464,-0.4664,0.0310
24.4333,JELLY_A,-0.4731,-0.3974,0.9746
24.4333,JELLY_B,-0.2854,-0.2080,0.6308
24.4333,JELLY_C,-0.3560,-0.4665,0.0377
24.4500,JELLY_A,-0.4729,-0.3977,0.9800
24.4500,JELLY_B,-0.2823,-0.2075,0.6370
24.4500,JELLY_C,-0.2508,-0.4667,0.0444
24.4667,JELLY_A,-0.4726,-0.3979,0.9855
24.4667,JELLY_B,-0.2793,-0.2070,0.6432
24.4667,JELLY_C,-0.1320,-0.4668,0.0511
24.4833,JELLY_A,-0.4723,-0.3982,0.9909
24.4833,JELLY_B,-0.2762,-0.2066,0.6495
24.4833,JELLY_C,-0.0009,-0.4669,0.0578
24.5000,JELLY_A,-0.4719,-0.3985,0.9963
24.5000,JELLY_B,-0.2732,-0.2061,0.6557
24.5000,JELLY_C,0.1412,-0.4670,0.0645
24.5167,JELLY_A,-0.4715,-0.3987,0.0017
24.5167,JELLY_B,-0.2702,-0.2057,0.6619
24.5167,JELLY_C,0.2928,-0.4671,0.0712
24.5333,JELLY_A,-0.4710,-0.3990,0.0072
24.5333,JELLY_B,-0.2672,-0.2052,0.6681
24.5333,JELLY_C,0.4522,-0.4672,0.0779
24.5500,JELLY_A,-0.4705,-0.3992,0.0126
24.5500,JELLY_B,-0.2642,-0.2048,0.6744
24.5500,JELLY_C,0.6178,-0.4673,0.0846
24.5667,JELLY_A,-0.4699,-0.3994,0.0180
24.5667,JELLY_B,-0.2613,-0.2043,0.6806
24.5667,JELLY_C,0.7878,-0.4674,0.0912
24.5833,JELLY_A,-0.4692,-0.3997,0.0235
24.5833,JELLY_B,-0.2583,-0.2039,0.6868
24.5833,JELLY_C,0.9605,-0.4675,0.0979
24.6000,JELLY_A,-0.4685,-0.3999,0.0289
24.6000,JELLY_B,-0.2554,-0.2034,0.6930
24.6000,JELLY_C,1.1339,-0.4675,0.1046
24.6167,JELLY_A,-0.4678,-0.4002,0.0343
24.6167,JELLY_B,-0.2525,-0.2030,0.6993
24.6167,JELLY_C,1.3061,-0.4675,0.1113
24.6333,JELLY_A,-0.4670,-0.4004,0.0397
24.6333,JELLY_B,-0.2496,-0.2025,0.7055
24.6333,JELLY_C,1.4753,-0.4676,0.1180
24.6500,JELLY_A,-0.4661,-0.4006,0.0452
24.6500,JELLY_B,-0.2468,-0.2021,0.7117
24.6500,JELLY_C,1.6395,-0.4676,0.1247
24.6667,JELLY_A,-0.4652,-0.4009,0.0506
24.6667,JELLY_B,-0.2439,-0.2016,0.7179
24.6667,JELLY_C,1.7968,-0.4676,0.1314
24.6833,JELLY_A,-0.4643,-0.4011,0.0560
24.6833,JELLY_B,-0.2411,-0.2012,0.7242
24.6833,JELLY_C,1.9453,-0.4676,0.1381
24.7000,JELLY_A,-0.4633,-0.4013,0.0615
24.7000,JELLY_B,-0.2383,-0.2007,0.7304
24.7000,JELLY_C,2.0831,-0.4676,0.1448
24.7167,JELLY_A,-0.4623,-0.4016,0.0669
24.7167,JELLY_B,-0.2355,-0.2003,0.7366
24.7167,JELLY_C,2.2085,-0.4676,0.1515
24.7333,JELLY_A,-0.4612,-0.4018,0.0723
24.7333,JELLY_B,-0.2328,-0.1998,0.7428
24.7333,JELLY_C,2.3199,-0.4675,0.1582
24.7500,JELLY_A,-0.4601,-0.4020,0.0778
24.7500,JELLY_B,-0.2300,-0.1994,0.7490
24.7500,JELLY_C,2.4154,-0.4675,0.1649
24.7667,JELLY_A,-0.4589,-0.4023,0.0832
24.7667,JELLY_B,-0.2273,-0.1989,0.7553
24.7667,JELLY_C,2.4938,-0.4675,0.1716
24.7833,JELLY_A,-0.4578,-0.4025,0.0886
24.7833,JELLY_B,-0.2247,-0.1985,0.7615
24.7833,JELLY_C,2.5536,-0.4675,0.1783
24.8000,JELLY_A,-0.4565,-0.4027,0.0941
24.8000,JELLY_B,-0.2220,-0.1980,0.7677
24.8000,JELLY_C,2.5935,-0.4674,0.1850
24.8167,JELLY_A,-0.4553,-0.4029,0.0995
24.8167,JELLY_B,-0.2194,-0.1976,0.7739
24.8167,JELLY_C,2.6124,-0.4674,0.1917
24.8333,JELLY_A,-0.4540,-0.4031,0.1049
24.8333,JELLY_B,-0.2167,-0.1971,0.7802
24.8333,JELLY_C,2.6093,-0.4674,0.1984
24.8500,JELLY_A,-0.4527,-0.4034,0.1103
24.8500,JELLY_B,-0.2142,-0.1967,0.7864
24.8500,JELLY_C,2.5850,-0.4673,0.2051
24.8667,JELLY_A,-0.4513,-0.4036,0.1158
24.8667,JELLY_B,-0.2116,-0.1962,0.7926
24.8667,JELLY_C,2.5432,-0.4673,0.2118
24.8833,JELLY_A,-0.4500,-0.4038,0.1212
24.8833,JELLY_B,-0.2091,-0.1958,0.7988
24.8833,JELLY_C,2.4851,-0.4673,0.2185
24.9000,JELLY_A,-0.4486,-0.4040,0.1266
24.9000,JELLY_B,-0.2065,-0.1953,0.8051
24.9000,JELLY_C,2.4124,-0.4673,0.2252
24.9167,JELLY_A,-0.4471,-0.4042,0.1321
24.9167,JELLY_B,-0.2040,-0.1949,0.8113
24.9167,JELLY_C,2.3266,-0.4673,0.2319
24.9333,JELLY_A,-0.4457,-0.4044,0.1375
24.9333,JELLY_B,-0.2016,-0.1944,0.8175
24.9333,JELLY_C,2.2292,-0.4673,0.2386
24.9500,JELLY_A,-0.4442,-0.4046,0.1429
24.9500,JELLY_B,-0.1991,-0.1940,0.8237
24.9500,JELLY_C,2.1217,-0.4672,0.2453
24.9667,JELLY_A,-0.4427,-0.4048,0.1484
24.9667,JELLY_B,-0.1967,-0.1936,0.8299
24.9667,JELLY_C,2.0055,-0.4672,0.2520
24.9833,JELLY_A,-0.4412,-0.4050,0.1538
24.9833,JELLY_B,-0.1943,-0.1931,0.8362
24.9833,JELLY_C,1.8819,-0.4672,0.2587
25.0000,JELLY_A,-0.4396,-0.4052,0.1592
25.0000,JELLY_B,-0.1920,-0.1927,0.8424
25.0000,JELLY_C,1.7524,-0.4672,0.2654
25.0167,JELLY_A,-0.4381,-0.4054,0.1647
25.0167,JELLY_B,-0.1896,-0.1922,0.8486
25.0167,JELLY_C,1.6181,-0.4672,0.2721
25.0333,JELLY_A,-0.4365,-0.4056,0.1701
25.0333,JELLY_B,-0.1873,-0.1918,0.8548
25.0333,JELLY_C,1.4804,-0.4672,0.2788
25.0500,JELLY_A,-0.4349,-0.4058,0.1756
25.0500,JELLY_B,-0.1850,-0.1913,0.8611
25.0500,JELLY_C,1.3406,-0.4672,0.2855
25.0667,JELLY_A,-0.4333,-0.4060,0.1810
25.0667,JELLY_B,-0.1828,-0.1909,0.8673
25.0667,JELLY_C,1.1996,-0.4672,0.2922
25.0833,JELLY_A,-0.4317,-0.4062,0.1864
25.0833,JELLY_B,-0.1805,-0.1904,0.8735
25.0833,JELLY_C,1.0588,-0.4672,0.2989
25.1000,JELLY_A,-0.4300,-0.4064,0.1919
25.1000,JELLY_B,-0.1783,-0.1900,0.8797
25.1000,JELLY_C,0.9191,-0.4673,0.3056
25.1167,JELLY_A,-0.4283,-0.4066,0.1973
25.1167,JELLY_B,-0.1761,-0.1896,0.8860
25.1167,JELLY_C,0.7817,-0.4673,0.3123
25.1333,JELLY_A,-0.4266,-0.4068,0.2027
25.1333,JELLY_B,-0.1740,-0.1891,0.8922
25.1333,JELLY_C,0.6475,-0.4673,0.3190
25.1500,JELLY_A,-0.4249,-0.4070,0.2082
25.1500,JELLY_B,-0.1718,-0.1887,0.8984
25.1500,JELLY_C,0.5175,-0.4673,0.3257
25.1667,JELLY_A,-0.4231,-0.4072,0.2136
25.1667,JELLY_B,-0.1697,-0.1882,0.9046
25.1667,JELLY_C,0.3927,-0.4673,0.3324
25.1833,JELLY_A,-0.4213,-0.4074,0.2190
25.1833,JELLY_B,-0.1676,-0.1878,0.9108
25.1833,JELLY_C,0.2738,-0.4673,0.3391
25.2000,JELLY_A,-0.4195,-0.4076,0.2245
25.2000,JELLY_B,-0.1656,-0.1873,0.9171
25.2000,JELLY_C,0.1618,-0.4674,0.3458
25.2167,JELLY_A,-0.4177,-0.4078,0.2299
25.2167,JELLY_B,-0.1635,-0.1869,0.9233
25.2167,JELLY_C,0.0575,-0.4674,0.3525
25.2333,JELLY_A,-0.4159,-0.4080,0.2354
25.2333,JELLY_B,-0.1615,-0.1865,0.9295
25.2333,JELLY_C,-0.0384,-0.4674,0.3592
25.2500,JELLY_A,-0.4140,-0.4081,0.2408
25.2500,JELLY_B,-0.1595,-0.1860,0.9357
25.2500,JELLY_C,-0.1252,-0.4675,0.3660
25.2667,JELLY_A,-0.4122,-0.4083,0.2462
25.2667,JELLY_B,-0.1576,-0.1856,0.9420
25.2667,JELLY_C,-0.2021,-0.4675,0.3727
25.2833,JELLY_A,-0.4103,-0.4085,0.2517
25.2833,JELLY_B,-0.1557,-0.1851,0.9482
25.2833,JELLY_C,-0.2685,-0.4675,0.3794
25.3000,JELLY_A,-0.4084,-0.4087,0.2571
25.3000,JELLY_B,-0.1537,-0.1847,0.9544
25.3000,JELLY_C,-0.3237,-0.4676,0.3861
25.3167,JELLY_A,-0.4065,-0.4089,0.2625
25.3167,JELLY_B,-0.1519,-0.1843,0.9606
25.3167,JELLY_C,-0.3673,-0.4676,0.3928
25.3333,JELLY_A,-0.4046,-0.4091,0.2680
25.3333,JELLY_B,-0.1500,-0.1838,0.9668
25.3333,JELLY_C,-0.3986,-0.4676,0.3995
25.3500,JELLY_A,-0.4026,-0.4092,0.2734
25.3500,JELLY_B,-0.1482,-0.1834,0.9731
25.3500,JELLY_C,-0.4196,-0.4677,0.4062
25.3667,JELLY_A,-0.4007,-0.4094,0.2789
25.3667,JELLY_B,-0.1464,-0.1829,0.9793
25.3667,JELLY_C,-0.4394,-0.4677,0.4129
25.3833,JELLY_A,-0.3988,-0.4096,0.2843
25.3833,JELLY_B,-0.1446,-0.1825,0.9855
25.3833,JELLY_C,-0.4586,-0.4678,0.4196
25.4000,JELLY_A,-0.3968,-0.4098,0.2897
25.4000,JELLY_B,-0.1428,-0.1821,0.9917
25.4000,JELLY_C,-0.4772,-0.4678,0.4264
25.4167,JELLY_A,-0.3949,-0.4099,0.2952
25.4167,JELLY_B,-0.1411,-0.1816,0.9980
25.4167,JELLY_C,-0.4953,-0.4678,0.4331
25.4333,JELLY_A,-0.3930,-0.4101,0.3006
25.4333,JELLY_B,-0.1376,-0.1812,0.0042
25.4333,JELLY_C,-0.5128,-0.4679,0.4398
25.4500,JELLY_A,-0.3910,-0.4103,0.3061
25.4500,JELLY_B,-0.1212,-0.1807,0.0104
25.4500,JELLY_C,-0.5297,-0.4679,0.4465
25.4667,JELLY_A,-0.3891,-0.4104,0.3115
25.4667,JELLY_B,-0.0906,-0.1803,0.0166
25.4667,JELLY_C,-0.5460,-0.4680,0.4532
25.4833,JELLY_A,-0.3871,-0.4106,0.3169
25.4833,JELLY_B,-0.0465,-0.1798,0.0229
25.4833,JELLY_C,-0.5618,-0.4680,0.4599
25.5000,JELLY_A,-0.3851,-0.4108,0.3224
25.5000,JELLY_B,0.0105,-0.1793,0.0291
25.5000,JELLY_C,-0.5769,-0.4681,0.4667
25.5167,JELLY_A,-0.3832,-0.4110,0.3278
25.5167,JELLY_B,0.0796,-0.1788,0.0353
25.5167,JELLY_C,-0.5914,-0.4682,0.4734
25.5333,JELLY_A,-0.3812,-0.4111,0.3333
25.5333,JELLY_B,0.1600,-0.1783,0.0415
25.5333,JELLY_C,-0.6053,-0.4682,0.4801
25.5500,JELLY_A,-0.3792,-0.4113,0.3387
25.5500,JELLY_B,0.2509,-0.1777,0.0477
25.5500,JELLY_C,-0.6186,-0.4683,0.4868
25.5667,JELLY_A,-0.3773,-0.4115,0.3441
25.5667,JELLY_B,0.3513,-0.1771,0.0540
25.5667,JELLY_C,-0.6313,-0.4683,0.4935
25.5833,JELLY_A,-0.3753,-0.4116,0.3496
25.5833,JELLY_B,0.4604,-0.1765,0.0602
25.5833,JELLY_C,-0.6434,-0.4684,0.5003
25.6000,JELLY_A,-0.3733,-0.4118,0.3550
25.6000,JELLY_B,0.5772,-0.1759,0.0664
25.6000,JELLY_C,-0.6550,-0.4684,0.5070
25.6167,JELLY_A,-0.3713,-0.4119,0.3605
25.6167,JELLY_B,0.7006,-0.1751,0.0726
25.6167,JELLY_C,-0.6660,-0.4685,0.5137
25.6333,JELLY_A,-0.3693,-0.4121,0.3659
25.6333,JELLY_B,0.8295,-0.1744,0.0789
25.6333,JELLY_C,-0.6765,-0.4686,0.5204
25.6500,JELLY_A,-0.3674,-0.4123,0.3714
25.6500,JELLY_B,0.9628,-0.1736,0.0851
25.6500,JELLY_C,-0.6864,-0.4686,0.5271
25.6667,JELLY_A,-0.3654,-0.4124,0.3768
25.6667,JELLY_B,1.0995,-0.1728,0.0913
25.6667,JELLY_C,-0.6959,-0.4687,0.5339
25.6833,JELLY_A,-0.3634,-0.4126,0.3822
25.6833,JELLY_B,1.2384,-0.1719,0.0975
25.6833,JELLY_C,-0.7048,-0.4688,0.5406
25.7000,JELLY_A,-0.3614,-0.4127,0.3877
25.7000,JELLY_B,1.3782,-0.1710,0.1038
25.7000,JELLY_C,-0.7132,-0.4688,0.5473
25.7167,JELLY_A,-0.3594,-0.4129,0.3931
25.7167,JELLY_B,1.5178,-0.1700,0.1100
25.7167,JELLY_C,-0.7212,-0.4689,0.5540
25.7333,JELLY_A,-0.3574,-0.4130,0.3986
25.7333,JELLY_B,1.6559,-0.1690,0.1162
25.7333,JELLY_C,-0.7287,-0.4689,0.5608
25.7500,JELLY_A,-0.3554,-0.4132,0.4040
25.7500,JELLY_B,1.7914,-0.1680,0.1224
25.7500,JELLY_C,-0.7358,-0.4690,0.5675
25.7667,JELLY_A,-0.3535,-0.4133,0.4095
25.7667,JELLY_B,1.9230,-0.1669,0.1286
25.7667,JELLY_C,-0.7424,-0.4691,0.5742
25.7833,JELLY_A,-0.3515,-0.4135,0.4149
25.7833,JELLY_B,2.0495,-0.1658,0.1349
25.7833,JELLY_C,-0.7486,-0.4691,0.5809
25.8000,JELLY_A,-0.3495,-0.4137,0.4203
25.8000,JELLY_B,2.1696,-0.1647,0.1411
25.8000,JELLY_C,-0.7544,-0.4692,0.5877
25.8167,JELLY_A,-0.3475,-0.4138,0.4258
25.8167,JELLY_B,2.2821,-0.1635,0.1473
25.8167,JELLY_C,-0.7598,-0.4693,0.5944
25.8333,JELLY_A,-0.3455,-0.4140,0.4312
25.8333,JELLY_B,2.3859,-0.1623,0.1535
25.8333,JELLY_C,-0.7648,-0.4694,0.6011
25.8500,JELLY_A,-0.3435,-0.4141,0.4367
25.8500,JELLY_B,2.4797,-0.1610,0.1598
25.8500,JELLY_C,-0.7694,-0.4694,0.6079
25.8667,JELLY_A,-0.3416,-0.4142,0.4421
25.8667,JELLY_B,2.5624,-0.1598,0.1660
25.8667,JELLY_C,-0.7737,-0.4695,0.6146
25.8833,JELLY_A,-0.3396,-0.4144,0.4476
25.8833,JELLY_B,2.6328,-0.1585,0.1722
25.8833,JELLY_C,-0.7776,-0.4696,0.6213
25.9000,JELLY_A,-0.3376,-0.4145,0.4530
25.9000,JELLY_B,2.6899,-0.1572,0.1784
25.9000,JELLY_C,-0.7811,-0.4696,0.6281
25.9167,JELLY_A,-0.3356,-0.4147,0.4585
25.9167,JELLY_B,2.7326,-0.1559,0.1846
25.9167,JELLY_C,-0.7843,-0.4697,0.6348
25.9333,JELLY_A,-0.3336,-0.4148,0.4639
25.9333,JELLY_B,2.7598,-0.1546,0.1909
25.9333,JELLY_C,-0.7872,-0.4698,0.6415
25.9500,JELLY_A,-0.3315,-0.4150,0.4694
25.9500,JELLY_B,2.7707,-0.1533,0.1971
25.9500,JELLY_C,-0.7897,-0.4698,0.6483
25.9667,JELLY_A,-0.3294,-0.4151,0.4748
25.9667,JELLY_B,2.7637,-0.1520,0.2033
25.9667,JELLY_C,-0.7920,-0.4699,0.6550
25.9833,JELLY_A,-0.3274,-0.4153,0.4803
25.9833,JELLY_B,2.7412,-0.1508,0.2095
25.9833,JELLY_C,-0.7939,-0.4700,0.6617
26.0000,JELLY_A,-0.3252,-0.4154,0.4857
26.0000,JELLY_B,2.7060,-0.1495,0.2158
26.0000,JELLY_C,-0.7956,-0.4700,0.6685
26.0167,JELLY_A,-0.3231,-0.4155,0.4911
26.0167,JELLY_B,2.6593,-0.1482,0.2220
26.0167,JELLY_C,-0.7969,-0.4701,0.6752
26.0333,JELLY_A,-0.3210,-0.4157,0.4966
26.0333,JELLY_B,2.6022,-0.1470,0.2282
26.0333,JELLY_C,-0.7980,-0.4702,0.6819
26.0500,JELLY_A,-0.3188,-0.4158,0.5020
26.0500,JELLY_B,2.5358,-0.1457,0.2344
26.0500,JELLY_C,-0.7989,-0.4703,0.6887
26.0667,JELLY_A,-0.3166,-0.4160,0.5075
26.0667,JELLY_B,2.4609,-0.1445,0.2407
26.0667,JELLY_C,-0.7994,-0.4703,0.6954
26.0833,JELLY_A,-0.3145,-0.4161,0.5129
26.0833,JELLY_B,2.3788,-0.1433,0.2469
26.0833,JELLY_C,-0.7998,-0.4704,0.7021
26.1000,JELLY_A,-0.3123,-0.4162,0.5184
26.1000,JELLY_B,2.2903,-0.1420,0.2531
26.1000,JELLY_C,-0.7999,-0.4705,0.7089
26.1167,JELLY_A,-0.3100,-0.4164,0.5238
26.1167,JELLY_B,2.1963,-0.1408,0.2593
26.1167,JELLY_C,-0.7997,-0.4705,0.7156
26.1333,JELLY_A,-0.3078,-0.4165,0.5293
26.1333,JELLY_B,2.0979,-0.1396,0.2656
26.1333,JELLY_C,-0.7994,-0.4706,0.7224
26.1500,JELLY_A,-0.3056,-0.4166,0.5347
26.1500,JELLY_B,1.9958,-0.1384,0.2718
26.1500,JELLY_C,-0.7988,-0.4707,0.7291
26.1667,JELLY_A,-0.3034,-0.4168,0.5402
26.1667,JELLY_B,1.8910,-0.1372,0.2780
26.1667,JELLY_C,-0.7980,-0.4708,0.7358
26.1833,JELLY_A,-0.3011,-0.4169,0.5456
26.1833,JELLY_B,1.7843,-0.1360,0.2842
26.1833,JELLY_C,-0.7970,-0.4708,0.7426
26.2000,JELLY_A,-0.2988,-0.4170,0.5511
26.2000,JELLY_B,1.6766,-0.1349,0.2904
26.2000,JELLY_C,-0.7958,-0.4709,0.7493
26.2167,JELLY_A,-0.2966,-0.4172,0.5565
26.2167,JELLY_B,1.5685,-0.1337,0.2967
26.2167,JELLY_C,-0.7945,-0.4710,0.7561
26.2333,JELLY_A,-0.2943,-0.4173,0.5620
26.2333,JELLY_B,1.4608,-0.1325,0.3029
26.2333,JELLY_C,-0.7929,-0.4710,0.7628
26.2500,JELLY_A,-0.2921,-0.4174,0.5674
26.2500,JELLY_B,1.3544,-0.1314,0.3091
26.2500,JELLY_C,-0.7912,-0.4711,0.7695
26.2667,JELLY_A,-0.2898,-0.4175,0.5729
26.2667,JELLY_B,1.2499,-0.1302,0.3153
26.2667,JELLY_C,-0.7893,-0.4712,0.7763
26.2833,JELLY_A,-0.2875,-0.4177,0.5783
26.2833,JELLY_B,1.1479,-0.1291,0.3216
26.2833,JELLY_C,-0.7872,-0.4713,0.7830
26.3000,JELLY_A,-0.2852,-0.4178,0.5838
26.3000,JELLY_B,1.0492,-0.1279,0.3278
26.3000,JELLY_C,-0.7850,-0.4713,0.7898
26.3167,JELLY_A,-0.2829,-0.4179,0.5892
26.3167,JELLY_B,0.9544,-0.1268,0.3340
26.3167,JELLY_C,-0.7827,-0.4714,0.7965
26.3333,JELLY_A,-0.2807,-0.4180,0.5947
26.3333,JELLY_B,0.8642,-0.1257,0.3402
26.3333,JELLY_C,-0.7802,-0.4715,0.8033
26.3500,JELLY_A,-0.2784,-0.4182,0.6001
26.3500,JELLY_B,0.7790,-0.1246,0.3465
26.3500,JELLY_C,-0.7775,-0.4715,0.8100
26.3667,JELLY_A,-0.2761,-0.4183,0.6056
26.3667,JELLY_B,0.6995,-0.1235,0.3527
26.3667,JELLY_C,-0.7747,-0.4716,0.8168
26.3833,JELLY_A,-0.2738,-0.4184,0.6110
26.3833,JELLY_B,0.6262,-0.1224,0.3589
26.3833,JELLY_C,-0.7718,-0.4717,0.8235
26.4000,JELLY_A,-0.2715,-0.4185,0.6165
26.4000,JELLY_B,0.5596,-0.1213,0.3651
26.4000,JELLY_C,-0.7688,-0.4717,0.8303
26.4167,JELLY_A,-0.2692,-0.4187,0.6219
26.4167,JELLY_B,0.5004,-0.1202,0.3713
26.4167,JELLY_C,-0.7657,-0.4718,0.8370
26.4333,JELLY_A,-0.2670,-0.4188,0.6274
26.4333,JELLY_B,0.4488,-0.1191,0.3776
26.4333,JELLY_C,-0.7624,-0.4719,0.8438
26.4500,JELLY_A,-0.2647,-0.4189,0.6328
26.4500,JELLY_B,0.4054,-0.1181,0.3838
26.4500,JELLY_C,-0.7590,-0.4720,0.8505
26.4667,JELLY_A,-0.2624,-0.4190,0.6383
26.4667,JELLY_B,0.3707,-0.1170,0.3900
26.4667,JELLY_C,-0.7556,-0.4720,0.8573
26.4833,JELLY_A,-0.2602,-0.4191,0.6437
26.4833,JELLY_B,0.3450,-0.1159,0.3962
26.4833,JELLY_C,-0.7520,-0.4721,0.8640
26.5000,JELLY_A,-0.2579,-0.4192,0.6492
26.5000,JELLY_B,0.3281,-0.1149,0.4025
26.5000,JELLY_C,-0.7484,-0.4722,0.8708
26.5167,JELLY_A,-0.2557,-0.4194,0.6546
26.5167,JELLY_B,0.3130,-0.1139,0.4087
26.5167,JELLY_C,-0.7446,-0.4722,0.8775
26.5333,JELLY_A,-0.2534,-0.4195,0.6601
26.5333,JELLY_B,0.2978,-0.1128,0.4149
26.5333,JELLY_C,-0.7408,-0.4723,0.8843
26.5500,JELLY_A,-0.2512,-0.4196,0.6655
26.5500,JELLY_B,0.2825,-0.1118,0.4211
26.5500,JELLY_C,-0.7369,-0.4724,0.8910
26.5667,JELLY_A,-0.2489,-0.4197,0.6710
26.5667,JELLY_B,0.2672,-0.1108,0.4274
26.5667,JELLY_C,-0.7329,-0.4724,0.8978
26.5833,JELLY_A,-0.2467,-0.4198,0.6764
26.5833,JELLY_B,0.2518,-0.1097,0.4336
26.5833,JELLY_C,-0.7289,-0.4725,0.9046
26.6000,JELLY_A,-0.2445,-0.4199,0.6819
26.6000,JELLY_B,0.2364,-0.1087,0.4398
26.6000,JELLY_C,-0.7247,-0.4726,0.9113
26.6167,JELLY_A,-0.2423,-0.4200,0.6873
26.6167,JELLY_B,0.2210,-0.1077,0.4460
26.6167,JELLY_C,-0.7206,-0.4727,0.9181
26.6333,JELLY_A,-0.2401,-0.4202,0.6928
26.6333,JELLY_B,0.2057,-0.1067,0.4523
26.6333,JELLY_C,-0.7163,-0.4727,0.9248
26.6500,JELLY_A,-0.2379,-0.4203,0.6982
26.6500,JELLY_B,0.1904,-0.1057,0.4585
26.6500,JELLY_C,-0.7120,-0.4728,0.9316
26.6667,JELLY_A,-0.2357,-0.4204,0.7037
26.6667,JELLY_B,0.1753,-0.1048,0.4647
26.6667,JELLY_C,-0.7077,-0.4729,0.9383
26.6833,JELLY_A,-0.2335,-0.4205,0.7092
26.6833,JELLY_B,0.1603,-0.1038,0.4709
26.6833,JELLY_C,-0.7033,-0.4729,0.9451
26.7000,JELLY_A,-0.2313,-0.4206,0.7146
26.7000,JELLY_B,0.1454,-0.1028,0.4772
26.7000,JELLY_C,-0.6988,-0.4730,0.9519
26.7167,JELLY_A,-0.2292,-0.4207,0.7201
26.7167,JELLY_B,0.1307,-0.1018,0.4834
26.7167,JELLY_C,-0.6943,-0.4731,0.9586
26.7333,JELLY_A,-0.2270,-0.4208,0.7255
26.7333,JELLY_B,0.1162,-0.1009,0.4896
26.7333,JELLY_C,-0.6898,-0.4731,0.9654
26.7500,JELLY_A,-0.2249,-0.4209,0.7310
26.7500,JELLY_B,0.1018,-0.0999,0.4958
26.7500,JELLY_C,-0.6852,-0.4732,0.9722
26.7667,JELLY_A,-0.2228,-0.4210,0.7364
26.7667,JELLY_B,0.0876,-0.0990,0.5020
26.7667,JELLY_C,-0.6806,-0.4733,0.9789
26.7833,JELLY_A,-0.2207,-0.4211,0.7419
26.7833,JELLY_B,0.0736,-0.0980,0.5083
26.7833,JELLY_C,-0.6760,-0.4733,0.9857
26.8000,JELLY_A,-0.2186,-0.4212,0.7473
26.8000,JELLY_B,0.0598,-0.0971,0.5145
26.8000,JELLY_C,-0.6713,-0.4734,0.9924
26.8167,JELLY_A,-0.2165,-0.4213,0.7528
26.8167,JELLY_B,0.0462,-0.0962,0.5207
26.8167,JELLY_C,-0.6666,-0.4735,0.9992
26.8333,JELLY_A,-0.2144,-0.4214,0.7582
26.8333,JELLY_B,0.0328,-0.0952,0.5269
26.8333,JELLY_C,-0.6619,-0.4735,0.0060
26.8500,JELLY_A,-0.2124,-0.4215,0.7637
26.8500,JELLY_B,0.0197,-0.0943,0.5332
26.8500,JELLY_C,-0.6571,-0.4736,0.0127
26.8667,JELLY_A,-0.2103,-0.4216,0.7692
26.8667,JELLY_B,0.0068,-0.0934,0.5394
26.8667,JELLY_C,-0.6523,-0.4737,0.0195
26.8833,JELLY_A,-0.2083,-0.4217,0.7746
26.8833,JELLY_B,-0.0059,-0.0925,0.5456
26.8833,JELLY_C,-0.6475,-0.4737,0.0263
26.9000,JELLY_A,-0.2062,-0.4218,0.7801
26.9000,JELLY_B,-0.0183,-0.0916,0.5518
26.9000,JELLY_C,-0.6427,-0.4738,0.0331
26.9167,JELLY_A,-0.2042,-0.4219,0.7855
26.9167,JELLY_B,-0.0305,-0.0907,0.5581
26.9167,JELLY_C,-0.6378,-0.4739,0.0398
26.9333,JELLY_A,-0.2022,-0.4220,0.7910
26.9333,JELLY_B,-0.0425,-0.0898,0.5643
26.9333,JELLY_C,-0.6329,-0.4739,0.0466
26.9500,JELLY_A,-0.2002,-0.4221,0.7964
26.9500,JELLY_B,-0.0542,-0.0889,0.5705
26.9500,JELLY_C,-0.6280,-0.4740,0.0534
26.9667,JELLY_A,-0.1983,-0.4222,0.8019
26.9667,JELLY_B,-0.0656,-0.0880,0.5767
26.9667,JELLY_C,-0.6230,-0.4741,0.0601
26.9833,JELLY_A,-0.1963,-0.4223,0.8073
26.9833,JELLY_B,-0.0768,-0.0872,0.5830
26.9833,JELLY_C,-0.6181,-0.4741,0.0669
27.0000,JELLY_A,-0.1944,-0.4224,0.8128
27.0000,JELLY_B,-0.0878,-0.0863,0.5892
27.0000,JELLY_C,-0.6131,-0.4742,0.0737
27.0167,JELLY_A,-0.1924,-0.4225,0.8182
27.0167,JELLY_B,-0.0985,-0.0854,0.5954
27.0167,JELLY_C,-0.6082,-0.4743,0.0805
27.0333,JELLY_A,-0.1905,-0.4226,0.8237
27.0333,JELLY_B,-0.1089,-0.0846,0.6016
27.0333,JELLY_C,-0.6032,-0.4743,0.0872
27.0500,JELLY_A,-0.1886,-0.4227,0.8292
27.0500,JELLY_B,-0.1191,-0.0837,0.6079
27.0500,JELLY_C,-0.5983,-0.4744,0.0940
27.0667,JELLY_A,-0.1867,-0.4228,0.8346
27.0667,JELLY_B,-0.1290,-0.0829,0.6141
27.0667,JELLY_C,-0.5933,-0.4745,0.1008
27.0833,JELLY_A,-0.1849,-0.4229,0.8401
27.0833,JELLY_B,-0.1387,-0.0820,0.6203
27.0833,JELLY_C,-0.5883,-0.4745,0.1076
27.1000,JELLY_A,-0.1830,-0.4230,0.8455
27.1000,JELLY_B,-0.1481,-0.0812,0.6265
27.1000,JELLY_C,-0.5834,-0.4746,0.1143
27.1167,JELLY_A,-0.1812,-0.4231,0.8510
27.1167,JELLY_B,-0.1572,-0.0803,0.6328
27.1167,JELLY_C,-0.5784,-0.4747,0.1211
27.1333,JELLY_A,-0.1794,-0.4232,0.8564
27.1333,JELLY_B,-0.1661,-0.0795,0.6390
27.1333,JELLY_C,-0.5735,-0.4747,0.1279
27.1500,JELLY_A,-0.1775,-0.4233,0.8619
27.1500,JELLY_B,-0.1747,-0.0787,0.6452
27.1500,JELLY_C,-0.5686,-0.4748,0.1347
27.1667,JELLY_A,-0.1757,-0.4233,0.8674
27.1667,JELLY_B,-0.1831,-0.0778,0.6514
27.1667,JELLY_C,-0.5636,-0.4749,0.1414
27.1833,JELLY_A,-0.1740,-0.4234,0.8728
27.1833,JELLY_B,-0.1913,-0.0770,0.6577
27.1833,JELLY_C,-0.5587,-0.4749,0.1482
27.2000,JELLY_A,-0.1722,-0.4235,0.8783
27.2000,JELLY_B,-0.1991,-0.0762,0.6639
27.2000,JELLY_C,-0.5538,-0.4750,0.1550
27.2167,JELLY_A,-0.1705,-0.4236,0.8837
27.2167,JELLY_B,-0.2068,-0.0754,0.6701
27.2167,JELLY_C,-0.5490,-0.4751,0.1618
27.2333,JELLY_A,-0.1687,-0.4237,0.8892
27.2333,JELLY_B,-0.2142,-0.0746,0.6763
27.2333,JELLY_C,-0.5441,-0.4751,0.1686
27.2500,JELLY_A,-0.1670,-0.4238,0.8946
27.2500,JELLY_B,-0.2214,-0.0738,0.6825
27.2500,JELLY_C,-0.5393,-0.4752,0.1754
27.2667,JELLY_A,-0.1653,-0.4239,0.9001
27.2667,JELLY_B,-0.2283,-0.0730,0.6888
27.2667,JELLY_C,-0.5344,-0.4753,0.1821
27.2833,JELLY_A,-0.1636,-0.4240,0.9056
27.2833,JELLY_B,-0.2350,-0.0722,0.6950
27.2833,JELLY_C,-0.5296,-0.4753,0.1889
27.3000,JELLY_A,-0.1620,-0.4240,0.9110
27.3000,JELLY_B,-0.2415,-0.0714,0.7012
27.3000,JELLY_C,-0.5249,-0.4754,0.1957
27.3167,JELLY_A,-0.1603,-0.4241,0.9165
27.3167,JELLY_B,-0.2477,-0.0706,0.7074
27.3167,JELLY_C,-0.5201,-0.4755,0.2025
27.3333,JELLY_A,-0.1587,-0.4242,0.9219
27.3333,JELLY_B,-0.2537,-0.0699,0.7137
27.3333,JELLY_C,-0.5154,-0.4755,0.2093
27.3500,JELLY_A,-0.1570,-0.4243,0.9274
27.3500,JELLY_B,-0.2595,-0.0691,0.7199
27.3500,JELLY_C,-0.5107,-0.4756,0.2161
27.3667,JELLY_A,-0.1554,-0.4244,0.9328
27.3667,JELLY_B,-0.2651,-0.0683,0.7261
27.3667,JELLY_C,-0.5060,-0.4756,0.2228
27.3833,JELLY_A,-0.1538,-0.4244,0.9383
27.3833,JELLY_B,-0.2704,-0.0676,0.7323
27.3833,JELLY_C,-0.5013,-0.4757,0.2296
27.4000,JELLY_A,-0.1523,-0.4245,0.9438
27.4000,JELLY_B,-0.2756,-0.0668,0.7386
27.4000,JELLY_C,-0.4967,-0.4758,0.2364
27.4167,JELLY_A,-0.1507,-0.4246,0.9492
27.4167,JELLY_B,-0.2805,-0.0660,0.7448
27.4167,JELLY_C,-0.4921,-0.4758,0.2432
27.4333,JELLY_A,-0.1492,-0.4247,0.9547
27.4333,JELLY_B,-0.2852,-0.0653,0.7510
27.4333,JELLY_C,-0.4875,-0.4759,0.2500
27.4500,JELLY_A,-0.1476,-0.4247,0.9601
27.4500,JELLY_B,-0.2898,-0.0645,0.7572
27.4500,JELLY_C,-0.4829,-0.4760,0.2568
27.4667,JELLY_A,-0.1461,-0.4248,0.9656
27.4667,JELLY_B,-0.2941,-0.0638,0.7635
27.4667,JELLY_C,-0.4783,-0.4760,0.2636
27.4833,JELLY_A,-0.1446,-0.4249,0.9710
27.4833,JELLY_B,-0.2982,-0.0630,0.7697
27.4833,JELLY_C,-0.4738,-0.4761,0.2704
27.5000,JELLY_A,-0.1432,-0.4250,0.9765
27.5000,JELLY_B,-0.3022,-0.0623,0.7759
27.5000,JELLY_C,-0.4692,-0.4761,0.2772
27.5167,JELLY_A,-0.1417,-0.4250,0.9820
27.5167,JELLY_B,-0.3060,-0.0616,0.7821
27.5167,JELLY_C,-0.4648,-0.4762,0.2840
27.5333,JELLY_A,-0.1402,-0.4251,0.9874
27.5333,JELLY_B,-0.3095,-0.0608,0.7884
27.5333,JELLY_C,-0.4603,-0.4763,0.2908
27.5500,JELLY_A,-0.1388,-0.4252,0.9929
27.5500,JELLY_B,-0.3130,-0.0601,0.7946
27.5500,JELLY_C,-0.4559,-0.4763,0.2976
27.5667,JELLY_A,-0.1374,-0.4253,0.9983
27.5667,JELLY_B,-0.3162,-0.0594,0.8008
27.5667,JELLY_C,-0.4515,-0.4764,0.3043
27.5833,JELLY_A,-0.1347,-0.4253,0.0038
27.5833,JELLY_B,-0.3193,-0.0587,0.8070
27.5833,JELLY_C,-0.4471,-0.4764,0.3111
27.6000,JELLY_A,-0.1234,-0.4254,0.0093
27.6000,JELLY_B,-0.3222,-0.0579,0.8133
27.6000,JELLY_C,-0.4427,-0.4765,0.3179
27.6167,JELLY_A,-0.1026,-0.4255,0.0147
27.6167,JELLY_B,-0.3249,-0.0572,0.8195
27.6167,JELLY_C,-0.4384,-0.4766,0.3247
27.6333,JELLY_A,-0.0726,-0.4255,0.0202
27.6333,JELLY_B,-0.3275,-0.0565,0.8257
27.6333,JELLY_C,-0.4342,-0.4766,0.3315
27.6500,JELLY_A,-0.0338,-0.4256,0.0256
27.6500,JELLY_B,-0.3299,-0.0558,0.8319
27.6500,JELLY_C,-0.4299,-0.4767,0.3383
27.6667,JELLY_A,0.0131,-0.4256,0.0311
27.6667,JELLY_B,-0.3322,-0.0551,0.8381
27.6667,JELLY_C,-0.4257,-0.4767,0.3451
27.6833,JELLY_A,0.0678,-0.4257,0.0365
27.6833,JELLY_B,-0.3344,-0.0544,0.8444
27.6833,JELLY_C,-0.4215,-0.4768,0.3519
27.7000,JELLY_A,0.1299,-0.4257,0.0420
27.7000,JELLY_B,-0.3364,-0.0537,0.8506
27.7000,JELLY_C,-0.4174,-0.4769,0.3587
27.7167,JELLY_A,0.1986,-0.4257,0.0475
27.7167,JELLY_B,-0.3382,-0.0530,0.8568
27.7167,JELLY_C,-0.4132,-0.4769,0.3655
27.7333,JELLY_A,0.2736,-0.4257,0.0529
27.7333,JELLY_B,-0.3400,-0.0523,0.8630
27.7333,JELLY_C,-0.4091,-0.4770,0.3723
27.7500,JELLY_A,0.3543,-0.4257,0.0584
27.7500,JELLY_B,-0.3416,-0.0516,0.8693
27.7500,JELLY_C,-0.4051,-0.4770,0.3791
27.7667,JELLY_A,0.4400,-0.4257,0.0638
27.7667,JELLY_B,-0.3431,-0.0510,0.8755
27.7667,JELLY_C,-0.4010,-0.4771,0.3859
27.7833,JELLY_A,0.5302,-0.4256,0.0693
27.7833,JELLY_B,-0.3444,-0.0503,0.8817
27.7833,JELLY_C,-0.3970,-0.4771,0.3928
27.8000,JELLY_A,0.6244,-0.4256,0.0748
27.8000,JELLY_B,-0.3457,-0.0496,0.8879
27.8000,JELLY_C,-0.3931,-0.4772,0.3996
27.8167,JELLY_A,0.7218,-0.4255,0.0802
27.8167,JELLY_B,-0.3468,-0.0489,0.8942
27.8167,JELLY_C,-0.3891,-0.4772,0.4064
27.8333,JELLY_A,0.8219,-0.4254,0.0857
27.8333,JELLY_B,-0.3478,-0.0483,0.9004
27.8333,JELLY_C,-0.3852,-0.4773,0.4132
27.8500,JELLY_A,0.9240,-0.4253,0.0911
27.8500,JELLY_B,-0.3487,-0.0476,0.9066
27.8500,JELLY_C,-0.3814,-0.4773,0.4200
27.8667,JELLY_A,1.0275,-0.4252,0.0966
27.8667,JELLY_B,-0.3495,-0.0469,0.9128
27.8667,JELLY_C,-0.3775,-0.4774,0.4268
27.8833,JELLY_A,1.1317,-0.4250,0.1021
27.8833,JELLY_B,-0.3502,-0.0463,0.9191
27.8833,JELLY_C,-0.3737,-0.4775,0.4336
27.9000,JELLY_A,1.2359,-0.4248,0.1075
27.9000,JELLY_B,-0.3508,-0.0456,0.9253
27.9000,JELLY_C,-0.3699,-0.4775,0.4404
27.9167,JELLY_A,1.3395,-0.4247,0.1130
27.9167,JELLY_B,-0.3513,-0.0450,0.9315
27.9167,JELLY_C,-0.3662,-0.4776,0.4472
27.9333,JELLY_A,1.4418,-0.4245,0.1184
27.9333,JELLY_B,-0.3517,-0.0443,0.9377
27.9333,JELLY_C,-0.3625,-0.4776,0.4540
27.9500,JELLY_A,1.5421,-0.4243,0.1239
27.9500,JELLY_B,-0.3520,-0.0437,0.9439
27.9500,JELLY_C,-0.3588,-0.4777,0.4608
27.9667,JELLY_A,1.6397,-0.4241,0.1294
27.9667,JELLY_B,-0.3522,-0.0430,0.9502
27.9667,JELLY_C,-0.3551,-0.4777,0.4676
27.9833,JELLY_A,1.7340,-0.4238,0.1348
27.9833,JELLY_B,-0.3523,-0.0424,0.9564
27.9833,JELLY_C,-0.3515,-0.4778,0.4745
28.0000,JELLY_A,1.8243,-0.4236,0.1403
28.0000,JELLY_B,-0.3524,-0.0417,0.9626
28.0000,JELLY_C,-0.3479,-0.4778,0.4813
28.0167,JELLY_A,1.9098,-0.4233,0.1457
28.0167,JELLY_B,-0.3524,-0.0411,0.9688
28.0167,JELLY_C,-0.3443,-0.4779,0.4881
28.0333,JELLY_A,1.9900,-0.4230,0.1512
28.0333,JELLY_B,-0.3523,-0.0404,0.9751
28.0333,JELLY_C,-0.3406,-0.4779,0.4949
28.0500,JELLY_A,2.0641,-0.4228,0.1566
28.0500,JELLY_B,-0.3521,-0.0398,0.9813
28.0500,JELLY_C,-0.3370,-0.4779,0.5017
28.0667,JELLY_A,2.1315,-0.4225,0.1621
28.0667,JELLY_B,-0.3519,-0.0392,0.9875
28.0667,JELLY_C,-0.3334,-0.4780,0.5085
28.0833,JELLY_A,2.1916,-0.4222,0.1676
28.0833,JELLY_B,-0.3516,-0.0386,0.9937
28.0833,JELLY_C,-0.3298,-0.4780,0.5153
28.1000,JELLY_A,2.2436,-0.4219,0.1730
28.1000,JELLY_B,-0.3512,-0.0379,1.0000
28.1000,JELLY_C,-0.3262,-0.4781,0.5222
28.1167,JELLY_A,2.2871,-0.4215,0.1785
28.1167,JELLY_B,-0.3489,-0.0373,0.0062
28.1167,JELLY_C,-0.3226,-0.4781,0.5290
28.1333,JELLY_A,2.3213,-0.4212,0.1839
28.1333,JELLY_B,-0.3336,-0.0367,0.0124
28.1333,JELLY_C,-0.3190,-0.4782,0.5358
28.1500,JELLY_A,2.3457,-0.4209,0.1894
28.1500,JELLY_B,-0.3041,-0.0360,0.0186
28.1500,JELLY_C,-0.3155,-0.4782,0.5426
28.1667,JELLY_A,2.3596,-0.4206,0.1949
28.1667,JELLY_B,-0.2608,-0.0354,0.0248
28.1667,JELLY_C,-0.3119,-0.4783,0.5494
28.1833,JELLY_A,2.3627,-0.4203,0.2003
28.1833,JELLY_B,-0.2044,-0.0347,0.0311
28.1833,JELLY_C,-0.3084,-0.4783,0.5562
28.2000,JELLY_A,2.3540,-0.4200,0.2058
28.2000,JELLY_B,-0.1357,-0.0340,0.0373
28.2000,JELLY_C,-0.3048,-0.4783,0.5631
28.2167,JELLY_A,2.3364,-0.4197,0.2112
28.2167,JELLY_B,-0.0554,-0.0333,0.0435
28.2167,JELLY_C,-0.3013,-0.4784,0.5699
28.2333,JELLY_A,2.3107,-0.4194,0.2167
28.2333,JELLY_B,0.0356,-0.0326,0.0497
28.2333,JELLY_C,-0.2978,-0.4784,0.5767
28.2500,JELLY_A,2.2775,-0.4191,0.2222
28.2500,JELLY_B,0.1364,-0.0318,0.0560
28.2500,JELLY_C,-0.2944,-0.4785,0.5835
28.2667,JELLY_A,2.2374,-0.4188,0.2276
28.2667,JELLY_B,0.2461,-0.0310,0.0622
28.2667,JELLY_C,-0.2909,-0.4785,0.5904
28.2833,JELLY_A,2.1912,-0.4185,0.2331
28.2833,JELLY_B,0.3637,-0.0302,0.0684
28.2833,JELLY_C,-0.2875,-0.4785,0.5972
28.3000,JELLY_A,2.1392,-0.4182,0.2385
28.3000,JELLY_B,0.4882,-0.0293,0.0746
28.3000,JELLY_C,-0.2840,-0.4786,0.6040
28.3167,JELLY_A,2.0823,-0.4179,0.2440
28.3167,JELLY_B,0.6184,-0.0284,0.0808
28.3167,JELLY_C,-0.2806,-0.4786,0.6108
28.3333,JELLY_A,2.0208,-0.4176,0.2494
28.3333,JELLY_B,0.7533,-0.0275,0.0871
28.3333,JELLY_C,-0.2773,-0.4787,0.6177
28.3500,JELLY_A,1.9555,-0.4173,0.2549
28.3500,JELLY_B,0.8916,-0.0265,0.0933
28.3500,JELLY_C,-0.2739,-0.4787,0.6245
28.3667,JELLY_A,1.8868,-0.4171,0.2604
28.3667,JELLY_B,1.0322,-0.0255,0.0995
28.3667,JELLY_C,-0.2706,-0.4787,0.6313
28.3833,JELLY_A,1.8152,-0.4168,0.2658
28.3833,JELLY_B,1.1739,-0.0244,0.1057
28.3833,JELLY_C,-0.2672,-0.4788,0.6381
28.4000,JELLY_A,1.7413,-0.4165,0.2713
28.4000,JELLY_B,1.3155,-0.0233,0.1120
28.4000,JELLY_C,-0.2640,-0.4788,0.6450
28.4167,JELLY_A,1.6656,-0.4162,0.2767
28.4167,JELLY_B,1.4556,-0.0222,0.1182
28.4167,JELLY_C,-0.2607,-0.4788,0.6518
28.4333,JELLY_A,1.5886,-0.4160,0.2822
28.4333,JELLY_B,1.5931,-0.0211,0.1244
28.4333,JELLY_C,-0.2574,-0.4789,0.6586
28.4500,JELLY_A,1.5107,-0.4157,0.2877
28.4500,JELLY_B,1.7266,-0.0199,0.1306
28.4500,JELLY_C,-0.2542,-0.4789,0.6654
28.4667,JELLY_A,1.4324,-0.4154,0.2931
28.4667,JELLY_B,1.8550,-0.0186,0.1368
28.4667,JELLY_C,-0.2510,-0.4789,0.6723
28.4833,JELLY_A,1.3542,-0.4151,0.2986
28.4833,JELLY_B,1.9769,-0.0174,0.1431
28.4833,JELLY_C,-0.2479,-0.4790,0.6791
28.5000,JELLY_A,1.2765,-0.4149,0.3040
28.5000,JELLY_B,2.0910,-0.0161,0.1493
28.5000,JELLY_C,-0.2447,-0.4790,0.6859
28.5167,JELLY_A,1.1997,-0.4146,0.3095
28.5167,JELLY_B,2.1962,-0.0148,0.1555
28.5167,JELLY_C,-0.2416,-0.4790,0.6928
28.5333,JELLY_A,1.1242,-0.4144,0.3149
28.5333,JELLY_B,2.2913,-0.0135,0.1617
28.5333,JELLY_C,-0.2385,-0.4790,0.6996
28.5500,JELLY_A,1.0506,-0.4141,0.3204
28.5500,JELLY_B,2.3749,-0.0122,0.1679
28.5500,JELLY_C,-0.2355,-0.4791,0.7064
28.5667,JELLY_A,0.9790,-0.4139,0.3259
28.5667,JELLY_B,2.4461,-0.0109,0.1742
28.5667,JELLY_C,-0.2324,-0.4791,0.7133
28.5833,JELLY_A,0.9100,-0.4136,0.3313
28.5833,JELLY_B,2.5036,-0.0095,0.1804
28.5833,JELLY_C,-0.2294,-0.4791,0.7201
28.6000,JELLY_A,0.8439,-0.4133,0.3368
28.6000,JELLY_B,2.5464,-0.0082,0.1866
28.6000,JELLY_C,-0.2265,-0.4792,0.7269
28.6167,JELLY_A,0.7810,-0.4131,0.3422
28.6167,JELLY_B,2.5736,-0.0069,0.1928
28.6167,JELLY_C,-0.2235,-0.4792,0.7338
28.6333,JELLY_A,0.7217,-0.4129,0.3477
28.6333,JELLY_B,2.5840,-0.0055,0.1990
28.6333,JELLY_C,-0.2206,-0.4792,0.7406
28.6500,JELLY_A,0.6664,-0.4126,0.3532
28.6500,JELLY_B,2.5763,-0.0042,0.2053
28.6500,JELLY_C,-0.2177,-0.4792,0.7475
28.6667,JELLY_A,0.6153,-0.4124,0.3586
28.6667,JELLY_B,2.5531,-0.0029,0.2115
28.6667,JELLY_C,-0.2148,-0.4792,0.7543
28.6833,JELLY_A,0.5687,-0.4121,0.3641
28.6833,JELLY_B,2.5172,-0.0017,0.2177
28.6833,JELLY_C,-0.2120,-0.4793,0.7611
28.7000,JELLY_A,0.5271,-0.4119,0.3695
28.7000,JELLY_B,2.4696,-0.0004,0.2239
28.7000,JELLY_C,-0.2092,-0.4793,0.7680
28.7167,JELLY_A,0.4906,-0.4116,0.3750
28.7167,JELLY_B,2.4115,0.0009,0.2301
28.7167,JELLY_C,-0.2064,-0.4793,0.7748
28.7333,JELLY_A,0.4595,-0.4114,0.3804
28.7333,JELLY_B,2.3440,0.0021,0.2364
28.7333,JELLY_C,-0.2037,-0.4793,0.7817
28.7500,JELLY_A,0.4342,-0.4112,0.3859
28.7500,JELLY_B,2.2680,0.0033,0.2426
28.7500,JELLY_C,-0.2010,-0.4793,0.7885
28.7667,JELLY_A,0.4148,-0.4109,0.3914
28.7667,JELLY_B,2.1846,0.0046,0.2488
28.7667,JELLY_C,-0.1983,-0.4794,0.7953
28.7833,JELLY_A,0.4017,-0.4107,0.3968
28.7833,JELLY_B,2.0948,0.0058,0.2550
28.7833,JELLY_C,-0.1956,-0.4794,0.8022
28.8000,JELLY_A,0.3945,-0.4105,0.4023
28.8000,JELLY_B,1.9994,0.0070,0.2612
28.8000,JELLY_C,-0.1930,-0.4794,0.8090
28.8167,JELLY_A,0.3886,-0.4103,0.4077
28.8167,JELLY_B,1.8994,0.0082,0.2675
28.8167,JELLY_C,-0.1904,-0.4794,0.8159
28.8333,JELLY_A,0.3825,-0.4100,0.4132
28.8333,JELLY_B,1.7958,0.0094,0.2737
28.8333,JELLY_C,-0.1878,-0.4794,0.8227
28.8500,JELLY_A,0.3762,-0.4098,0.4186
28.8500,JELLY_B,1.6894,0.0105,0.2799
28.8500,JELLY_C,-0.1853,-0.4794,0.8296
28.8667,JELLY_A,0.3698,-0.4096,0.4241
28.8667,JELLY_B,1.5810,0.0117,0.2861
28.8667,JELLY_C,-0.1828,-0.4795,0.8364
28.8833,JELLY_A,0.3632,-0.4094,0.4295
28.8833,JELLY_B,1.4714,0.0128,0.2923
28.8833,JELLY_C,-0.1803,-0.4795,0.8432
28.9000,JELLY_A,0.3565,-0.4092,0.4350
28.9000,JELLY_B,1.3616,0.0140,0.2986
28.9000,JELLY_C,-0.1778,-0.4795,0.8501
28.9167,JELLY_A,0.3497,-0.4089,0.4405
28.9167,JELLY_B,1.2522,0.0151,0.3048
28.9167,JELLY_C,-0.1754,-0.4795,0.8569
28.9333,JELLY_A,0.3428,-0.4087,0.4459
28.9333,JELLY_B,1.1440,0.0162,0.3110
28.9333,JELLY_C,-0.1730,-0.4795,0.8638
28.9500,JELLY_A,0.3358,-0.4085,0.4514
28.9500,JELLY_B,1.0377,0.0173,0.3172
28.9500,JELLY_C,-0.1707,-0.4795,0.8706
28.9667,JELLY_A,0.3287,-0.4083,0.4568
28.9667,JELLY_B,0.9341,0.0184,0.3234
28.9667,JELLY_C,-0.1683,-0.4795,0.8775
28.9833,JELLY_A,0.3215,-0.4081,0.4623
28.9833,JELLY_B,0.8338,0.0195,0.3296
28.9833,JELLY_C,-0.1660,-0.4795,0.8843
29.0000,JELLY_A,0.3142,-0.4079,0.4677
29.0000,JELLY_B,0.7375,0.0206,0.3359
29.0000,JELLY_C,-0.1638,-0.4795,0.8912
29.0167,JELLY_A,0.3069,-0.4077,0.4732
29.0167,JELLY_B,0.6458,0.0217,0.3421
29.0167,JELLY_C,-0.1615,-0.4795,0.8980
29.0333,JELLY_A,0.2996,-0.4075,0.4786
29.0333,JELLY_B,0.5592,0.0227,0.3483
29.0333,JELLY_C,-0.1593,-0.4795,0.9049
29.0500,JELLY_A,0.2922,-0.4073,0.4841
29.0500,JELLY_B,0.4785,0.0238,0.3545
29.0500,JELLY_C,-0.1571,-0.4795,0.9117
29.0667,JELLY_A,0.2848,-0.4071,0.4896
29.0667,JELLY_B,0.4042,0.0248,0.3607
29.0667,JELLY_C,-0.1550,-0.4796,0.9186
29.0833,JELLY_A,0.2774,-0.4069,0.4950
29.0833,JELLY_B,0.3368,0.0259,0.3669
29.0833,JELLY_C,-0.1528,-0.4796,0.9254
29.1000,JELLY_A,0.2699,-0.4067,0.5005
29.1000,JELLY_B,0.2768,0.0269,0.3732
29.1000,JELLY_C,-0.1507,-0.4796,0.9323
29.1167,JELLY_A,0.2625,-0.4065,0.5059
29.1167,JELLY_B,0.2248,0.0279,0.3794
29.1167,JELLY_C,-0.1487,-0.4796,0.9391
29.1333,JELLY_A,0.2550,-0.4063,0.5114
29.1333,JELLY_B,0.1812,0.0289,0.3856
29.1333,JELLY_C,-0.1466,-0.4796,0.9460
29.1500,JELLY_A,0.2476,-0.4061,0.5168
29.1500,JELLY_B,0.1464,0.0299,0.3918
29.1500,JELLY_C,-0.1446,-0.4796,0.9529
29.1667,JELLY_A,0.2401,-0.4059,0.5223
29.1667,JELLY_B,0.1210,0.0309,0.3980
29.1667,JELLY_C,-0.1426,-0.4796,0.9597
29.1833,JELLY_A,0.2327,-0.4057,0.5277
29.1833,JELLY_B,0.1046,0.0319,0.4042
29.1833,JELLY_C,-0.1406,-0.4796,0.9666
29.2000,JELLY_A,0.2253,-0.4055,0.5332
29.2000,JELLY_B,0.0904,0.0329,0.4105
29.2000,JELLY_C,-0.1387,-0.4795,0.9734
29.2167,JELLY_A,0.2179,-0.4053,0.5386
29.2167,JELLY_B,0.0760,0.0339,0.4167
29.2167,JELLY_C,-0.1368,-0.4795,0.9803
29.2333,JELLY_A,0.2105,-0.4051,0.5441
29.2333,JELLY_B,0.0617,0.0348,0.4229
29.2333,JELLY_C,-0.1349,-0.4795,0.9871
29.2500,JELLY_A,0.2031,-0.4049,0.5495
29.2500,JELLY_B,0.0474,0.0358,0.4291
29.2500,JELLY_C,-0.1331,-0.4795,0.9940
29.2667,JELLY_A,0.1958,-0.4048,0.5550
29.2667,JELLY_B,0.0332,0.0367,0.4353
29.2667,JELLY_C,-0.1313,-0.4795,0.0009
29.2833,JELLY_A,0.1885,-0.4046,0.5604
29.2833,JELLY_B,0.0190,0.0376,0.4415
29.2833,JELLY_C,-0.1195,-0.4795,0.0077
29.3000,JELLY_A,0.1812,-0.4044,0.5659
29.3000,JELLY_B,0.0048,0.0386,0.4477
29.3000,JELLY_C,-0.0883,-0.4795,0.0146
29.3167,JELLY_A,0.1739,-0.4042,0.5713
29.3167,JELLY_B,-0.0092,0.0395,0.4540
29.3167,JELLY_C,-0.0382,-0.4795,0.0214
29.3333,JELLY_A,0.1667,-0.4040,0.5768
29.3333,JELLY_B,-0.0231,0.0404,0.4602
29.3333,JELLY_C,0.0298,-0.4794,0.0283
29.3500,JELLY_A,0.1596,-0.4039,0.5823
29.3500,JELLY_B,-0.0369,0.0413,0.4664
29.3500,JELLY_C,0.1147,-0.4794,0.0352
29.3667,JELLY_A,0.1524,-0.4037,0.5877
29.3667,JELLY_B,-0.0505,0.0422,0.4726
29.3667,JELLY_C,0.2155,-0.4793,0.0420
29.3833,JELLY_A,0.1454,-0.4035,0.5932
29.3833,JELLY_B,-0.0640,0.0431,0.4788
29.3833,JELLY_C,0.3308,-0.4793,0.0489
29.4000,JELLY_A,0.1383,-0.4033,0.5986
29.4000,JELLY_B,-0.0774,0.0440,0.4850
29.4000,JELLY_C,0.4594,-0.4792,0.0557
29.4167,JELLY_A,0.1314,-0.4032,0.6041
29.4167,JELLY_B,-0.0905,0.0449,0.4912
29.4167,JELLY_C,0.5998,-0.4791,0.0626
29.4333,JELLY_A,0.1244,-0.4030,0.6095
29.4333,JELLY_B,-0.1035,0.0457,0.4975
29.4333,JELLY_C,0.7503,-0.4789,0.0695
29.4500,JELLY_A,0.1176,-0.4028,0.6150
29.4500,JELLY_B,-0.1162,0.0466,0.5037
29.4500,JELLY_C,0.9093,-0.4788,0.0763
29.4667,JELLY_A,0.1108,-0.4026,0.6204
29.4667,JELLY_B,-0.1288,0.0475,0.5099
29.4667,JELLY_C,1.0751,-0.4786,0.0832
29.4833,JELLY_A,0.1040,-0.4025,0.6259
29.4833,JELLY_B,-0.1412,0.0483,0.5161
29.4833,JELLY_C,1.2458,-0.4784,0.0901
29.5000,JELLY_A,0.0974,-0.4023,0.6313
29.5000,JELLY_B,-0.1533,0.0492,0.5223
29.5000,JELLY_C,1.4195,-0.4781,0.0969
29.5167,JELLY_A,0.0907,-0.4021,0.6368
29.5167,JELLY_B,-0.1653,0.0500,0.5285
29.5167,JELLY_C,1.5942,-0.4779,0.1038
29.5333,JELLY_A,0.0842,-0.4020,0.6422
29.5333,JELLY_B,-0.1770,0.0508,0.5347
29.5333,JELLY_C,1.7681,-0.4776,0.1107
29.5500,JELLY_A,0.0777,-0.4018,0.6477
29.5500,JELLY_B,-0.1885,0.0517,0.5409
29.5500,JELLY_C,1.9390,-0.4773,0.1175
29.5667,JELLY_A,0.0713,-0.4016,0.6531
29.5667,JELLY_B,-0.1997,0.0525,0.5472
29.5667,JELLY_C,2.1049,-0.4770,0.1244
29.5833,JELLY_A,0.0650,-0.4015,0.6586
29.5833,JELLY_B,-0.2108,0.0533,0.5534
29.5833,JELLY_C,2.2640,-0.4767,0.1313
29.6000,JELLY_A,0.0587,-0.4013,0.6640
29.6000,JELLY_B,-0.2216,0.0541,0.5596
29.6000,JELLY_C,2.4141,-0.4763,0.1381
29.6167,JELLY_A,0.0525,-0.4012,0.6694
29.6167,JELLY_B,-0.2321,0.0549,0.5658
29.6167,JELLY_C,2.5534,-0.4759,0.1450
29.6333,JELLY_A,0.0464,-0.4010,0.6749
29.6333,JELLY_B,-0.2425,0.0557,0.5720
29.6333,JELLY_C,2.6799,-0.4756,0.1519
29.6500,JELLY_A,0.0404,-0.4008,0.6803
29.6500,JELLY_B,-0.2525,0.0565,0.5782
29.6500,JELLY_C,2.7918,-0.4752,0.1588
29.6667,JELLY_A,0.0344,-0.4007,0.6858
29.6667,JELLY_B,-0.2624,0.0573,0.5844
29.6667,JELLY_C,2.8875,-0.4748,0.1656
29.6833,JELLY_A,0.0285,-0.4005,0.6912
29.6833,JELLY_B,-0.2720,0.0581,0.5906
29.6833,JELLY_C,2.9653,-0.4743,0.1725
29.7000,JELLY_A,0.0227,-0.4004,0.6967
29.7000,JELLY_B,-0.2814,0.0588,0.5968
29.7000,JELLY_C,3.0236,-0.4739,0.1794
29.7167,JELLY_A,0.0170,-0.4002,0.7021
29.7167,JELLY_B,-0.2905,0.0596,0.6030
29.7167,JELLY_C,3.0611,-0.4735,0.1862
29.7333,JELLY_A,0.0113,-0.4001,0.7076
29.7333,JELLY_B,-0.2994,0.0604,0.6093
29.7333,JELLY_C,3.0766,-0.4731,0.1931
29.7500,JELLY_A,0.0058,-0.3999,0.7130
29.7500,JELLY_B,-0.3081,0.0611,0.6155
29.7500,JELLY_C,3.0687,-0.4727,0.2000
29.7667,JELLY_A,0.0003,-0.3997,0.7185
29.7667,JELLY_B,-0.3165,0.0619,0.6217
29.7667,JELLY_C,3.0425,-0.4723,0.2069
29.7833,JELLY_A,-0.0051,-0.3996,0.7239
29.7833,JELLY_B,-0.3247,0.0626,0.6279
29.7833,JELLY_C,2.9993,-0.4718,0.2137
29.8000,JELLY_A,-0.0104,-0.3994,0.7294
29.8000,JELLY_B,-0.3326,0.0634,0.6341
29.8000,JELLY_C,2.9391,-0.4714,0.2206
29.8167,JELLY_A,-0.0157,-0.3993,0.7348
29.8167,JELLY_B,-0.3403,0.0641,0.6403
29.8167,JELLY_C,2.8636,-0.4710,0.2275
29.8333,JELLY_A,-0.0208,-0.3991,0.7403
29.8333,JELLY_B,-0.3478,0.0648,0.6465
29.8333,JELLY_C,2.7746,-0.4707,0.2344
29.8500,JELLY_A,-0.0259,-0.3990,0.7457
29.8500,JELLY_B,-0.3550,0.0656,0.6527
29.8500,JELLY_C,2.6738,-0.4703,0.2412
29.8667,JELLY_A,-0.0309,-0.3988,0.7511
29.8667,JELLY_B,-0.3620,0.0663,0.6589
29.8667,JELLY_C,2.5628,-0.4699,0.2481
29.8833,JELLY_A,-0.0358,-0.3987,0.7566
29.8833,JELLY_B,-0.3688,0.0670,0.6651
29.8833,JELLY_C,2.4432,-0.4695,0.2550
29.9000,JELLY_A,-0.0406,-0.3985,0.7620
29.9000,JELLY_B,-0.3753,0.0677,0.6713
29.9000,JELLY_C,2.3164,-0.4691,0.2619
29.9167,JELLY_A,-0.0453,-0.3984,0.7675
29.9167,JELLY_B,-0.3816,0.0684,0.6775
29.9167,JELLY_C,2.1840,-0.4688,0.2687
29.9333,JELLY_A,-0.0500,-0.3982,0.7729
29.9333,JELLY_B,-0.3877,0.0691,0.6837
29.9333,JELLY_C,2.0473,-0.4684,0.2756
29.9500,JELLY_A,-0.0545,-0.3981,0.7784
29.9500,JELLY_B,-0.3936,0.0698,0.6900
29.9500,JELLY_C,1.9076,-0.4680,0.2825
29.9667,JELLY_A,-0.0590,-0.3980,0.7838
29.9667,JELLY_B,-0.3992,0.0705,0.6962
29.9667,JELLY_C,1.7663,-0.4677,0.2894
29.9833,JELLY_A,-0.0634,-0.3978,0.7892
29.9833,JELLY_B,-0.4047,0.0712,0.7024
29.9833,JELLY_C,1.6245,-0.4673,0.2963
30.0000,JELLY_A,-0.0677,-0.3977,0.7947
30.0000,JELLY_B,-0.4099,0.0719,0.7086
30.0000,JELLY_C,1.4835,-0.4669,0.3031
30.0167,JELLY_A,-0.0719,-0.3975,0.8001
30.0167,JELLY_B,-0.4149,0.0726,0.7148
30.0167,JELLY_C,1.3444,-0.4666,0.3100
30.0333,JELLY_A,-0.0761,-0.3974,0.8056
30.0333,JELLY_B,-0.4197,0.0733,0.7210
30.0333,JELLY_C,1.2081,-0.4663,0.3169
30.0500,JELLY_A,-0.0801,-0.3972,0.8110
30.0500,JELLY_B,-0.4243,0.0739,0.7272
30.0500,JELLY_C,1.0759,-0.4659,0.3238
30.0667,JELLY_A,-0.0841,-0.3971,0.8165
30.0667,JELLY_B,-0.4287,0.0746,0.7334
30.0667,JELLY_C,0.9485,-0.4656,0.3307
30.0833,JELLY_A,-0.0880,-0.3970,0.8219
30.0833,JELLY_B,-0.4330,0.0753,0.7396
30.0833,JELLY_C,0.8271,-0.4652,0.3375
30.1000,JELLY_A,-0.0918,-0.3968,0.8273
30.1000,JELLY_B,-0.4370,0.0759,0.7458
30.1000,JELLY_C,0.7123,-0.4649,0.3444
30.1167,JELLY_A,-0.0956,-0.3967,0.8328
30.1167,JELLY_B,-0.4408,0.0766,0.7520
30.1167,JELLY_C,0.6052,-0.4646,0.3513
30.1333,JELLY_A,-0.0992,-0.3965,0.8382
30.1333,JELLY_B,-0.4445,0.0772,0.7582
30.1333,JELLY_C,0.5064,-0.4643,0.3582
30.1500,JELLY_A,-0.1028,-0.3964,0.8437
30.1500,JELLY_B,-0.4479,0.0779,0.7644
30.1500,JELLY_C,0.4168,-0.4639,0.3651
30.1667,JELLY_A,-0.1063,-0.3962,0.8491
30.1667,JELLY_B,-0.4512,0.0785,0.7706
30.1667,JELLY_C,0.3369,-0.4636,0.3720
30.1833,JELLY_A,-0.1097,-0.3961,0.8545
30.1833,JELLY_B,-0.4543,0.0792,0.7768
30.1833,JELLY_C,0.2676,-0.4633,0.3788
30.2000,JELLY_A,-0.1130,-0.3960,0.8600
30.2000,JELLY_B,-0.4573,0.0798,0.7830
30.2000,JELLY_C,0.2093,-0.4630,0.3857
30.2167,JELLY_A,-0.1163,-0.3958,0.8654
30.2167,JELLY_B,-0.4600,0.0804,0.7892
30.2167,JELLY_C,0.1627,-0.4627,0.3926
30.2333,JELLY_A,-0.1195,-0.3957,0.8708
30.2333,JELLY_B,-0.4626,0.0811,0.7954
30.2333,JELLY_C,0.1284,-0.4624,0.3995
30.2500,JELLY_A,-0.1226,-0.3956,0.8763
30.2500,JELLY_B,-0.4651,0.0817,0.8016
30.2500,JELLY_C,0.1057,-0.4621,0.4064
30.2667,JELLY_A,-0.1256,-0.3954,0.8817
30.2667,JELLY_B,-0.4673,0.0823,0.8078
30.2667,JELLY_C,0.0856,-0.4618,0.4133
30.2833,JELLY_A,-0.1286,-0.3953,0.8872
30.2833,JELLY_B,-0.4694,0.0829,0.8140
30.2833,JELLY_C,0.0658,-0.4615,0.4202
30.3000,JELLY_A,-0.1315,-0.3951,0.8926
30.3000,JELLY_B,-0.4714,0.0836,0.8202
30.3000,JELLY_C,0.0463,-0.4612,0.4270
30.3167,JELLY_A,-0.1343,-0.3950,0.8980
30.3167,JELLY_B,-0.4732,0.0842,0.8264
30.3167,JELLY_C,0.0272,-0.4609,0.4339
30.3333,JELLY_A,-0.1370,-0.3949,0.9035
30.3333,JELLY_B,-0.4749,0.0848,0.8326
30.3333,JELLY_C,0.0084,-0.4606,0.4408
30.3500,JELLY_A,-0.1397,-0.3947,0.9089
30.3500,JELLY_B,-0.4764,0.0854,0.8388
30.3500,JELLY_C,-0.0099,-0.4603,0.4477
30.3667,JELLY_A,-0.1423,-0.3946,0.9143
30.3667,JELLY_B,-0.4778,0.0860,0.8450
30.3667,JELLY_C,-0.0278,-0.4601,0.4546
30.3833,JELLY_A,-0.1449,-0.3944,0.9198
30.3833,JELLY_B,-0.4791,0.0866,0.8512
30.3833,JELLY_C,-0.0453,-0.4598,0.4615
30.4000,JELLY_A,-0.1473,-0.3943,0.9252
30.4000,JELLY_B,-0.4802,0.0872,0.8574
30.4000,JELLY_C,-0.0624,-0.4595,0.4684
30.4167,JELLY_A,-0.1497,-0.3942,0.9306
30.4167,JELLY_B,-0.4812,0.0878,0.8636
30.4167,JELLY_C,-0.0790,-0.4592,0.4753
30.4333,JELLY_A,-0.1521,-0.3940,0.9361
30.4333,JELLY_B,-0.4820,0.0884,0.8698
30.4333,JELLY_C,-0.0952,-0.4589,0.4821
30.4500,JELLY_A,-0.1543,-0.3939,0.9415
30.4500,JELLY_B,-0.4828,0.0890,0.8760
30.4500,JELLY_C,-0.1110,-0.4587,0.4890
30.4667,JELLY_A,-0.1565,-0.3938,0.9469
30.4667,JELLY_B,-0.4834,0.0895,0.8822
30.4667,JELLY_C,-0.1263,-0.4584,0.4959
30.4833,JELLY_A,-0.1587,-0.3936,0.9524
30.4833,JELLY_B,-0.4839,0.0901,0.8884
30.4833,JELLY_C,-0.1412,-0.4581,0.5028
30.5000,JELLY_A,-0.1608,-0.3935,0.9578
30.5000,JELLY_B,-0.4843,0.0907,0.8946
30.5000,JELLY_C,-0.1555,-0.4579,0.5097
30.5167,JELLY_A,-0.1628,-0.3934,0.9632
30.5167,JELLY_B,-0.4846,0.0913,0.9008
30.5167,JELLY_C,-0.1695,-0.4576,0.5166
30.5333,JELLY_A,-0.1647,-0.3932,0.9687
30.5333,JELLY_B,-0.4847,0.0918,0.9070
30.5333,JELLY_C,-0.1829,-0.4574,0.5235
30.5500,JELLY_A,-0.1666,-0.3931,0.9741
30.5500,JELLY_B,-0.4848,0.0924,0.9132
30.5500,JELLY_C,-0.1959,-0.4571,0.5304
30.5667,JELLY_A,-0.1685,-0.3930,0.9795
30.5667,JELLY_B,-0.4848,0.0930,0.9194
30.5667,JELLY_C,-0.2085,-0.4568,0.5373
30.5833,JELLY_A,-0.1702,-0.3928,0.9850
30.5833,JELLY_B,-0.4846,0.0935,0.9256
30.5833,JELLY_C,-0.2207,-0.4566,0.5442
30.6000,JELLY_A,-0.1720,-0.3927,0.9904
30.6000,JELLY_B,-0.4844,0.0941,0.9318
30.6000,JELLY_C,-0.2324,-0.4563,0.5511
30.6167,JELLY_A,-0.1736,-0.3925,0.9958
30.6167,JELLY_B,-0.4841,0.0947,0.9379
30.6167,JELLY_C,-0.2438,-0.4561,0.5579
30.6333,JELLY_A,-0.1752,-0.3924,0.0013
30.6333,JELLY_B,-0.4837,0.0952,0.9441
30.6333,JELLY_C,-0.2547,-0.4558,0.5648
30.6500,JELLY_A,-0.1719,-0.3923,0.0067
30.6500,JELLY_B,-0.4832,0.0958,0.9503
30.6500,JELLY_C,-0.2652,-0.4556,0.5717
30.6667,JELLY_A,-0.1588,-0.3921,0.0121
30.6667,JELLY_B,-0.4826,0.0963,0.9565
30.6667,JELLY_C,-0.2753,-0.4553,0.5786
30.6833,JELLY_A,-0.1364,-0.3920,0.0175
30.6833,JELLY_B,-0.4819,0.0969,0.9627
30.6833,JELLY_C,-0.2851,-0.4551,0.5855
30.7000,JELLY_A,-0.1051,-0.3918,0.0230
30.7000,JELLY_B,-0.4812,0.0974,0.9689
30.7000,JELLY_C,-0.2944,-0.4548,0.5924
30.7167,JELLY_A,-0.0652,-0.3917,0.0284
30.7167,JELLY_B,-0.4804,0.0980,0.9751
30.7167,JELLY_C,-0.3034,-0.4546,0.5993
30.7333,JELLY_A,-0.0174,-0.3915,0.0338
30.7333,JELLY_B,-0.4795,0.0985,0.9813
30.7333,JELLY_C,-0.3121,-0.4543,0.6062
30.7500,JELLY_A,0.0381,-0.3913,0.0392
30.7500,JELLY_B,-0.4785,0.0990,0.9875
30.7500,JELLY_C,-0.3203,-0.4541,0.6131
30.7667,JELLY_A,0.1007,-0.3911,0.0447
30.7667,JELLY_B,-0.4774,0.0996,0.9937
30.7667,JELLY_C,-0.3283,-0.4538,0.6200
30.7833,JELLY_A,0.1698,-0.3909,0.0501
30.7833,JELLY_B,-0.4763,0.1001,0.9999
30.7833,JELLY_C,-0.3358,-0.4536,0.6269
30.8000,JELLY_A,0.2450,-0.3907,0.0555
30.8000,JELLY_B,-0.4733,0.1006,0.0061
30.8000,JELLY_C,-0.3431,-0.4533,0.6338
30.8167,JELLY_A,0.3257,-0.3905,0.0610
30.8167,JELLY_B,-0.4575,0.1012,0.0122
30.8167,JELLY_C,-0.3500,-0.4531,0.6407
30.8333,JELLY_A,0.4113,-0.3902,0.0664
30.8333,JELLY_B,-0.4276,0.1017,0.0184
30.8333,JELLY_C,-0.3566,-0.4528,0.6476
30.8500,JELLY_A,0.5013,-0.3899,0.0718
30.8500,JELLY_B,-0.3841,0.1022,0.0246
30.8500,JELLY_C,-0.3629,-0.4526,0.6545
30.8667,JELLY_A,0.5950,-0.3897,0.0772
30.8667,JELLY_B,-0.3278,0.1027,0.0308
30.8667,JELLY_C,-0.3689,-0.4524,0.6614
30.8833,JELLY_A,0.6919,-0.3893,0.0826
30.8833,JELLY_B,-0.2593,0.1032,0.0370
30.8833,JELLY_C,-0.3746,-0.4521,0.6683
30.9000,JELLY_A,0.7912,-0.3890,0.0881
30.9000,JELLY_B,-0.1793,0.1037,0.0432
30.9000,JELLY_C,-0.3800,-0.4519,0.6752
30.9167,JELLY_A,0.8924,-0.3887,0.0935
30.9167,JELLY_B,-0.0887,0.1042,0.0494
30.9167,JELLY_C,-0.3851,-0.4516,0.6821
30.9333,JELLY_A,0.9948,-0.3883,0.0989
30.9333,JELLY_B,0.0116,0.1047,0.0556
30.9333,JELLY_C,-0.3899,-0.4514,0.6890
30.9500,JELLY_A,1.0977,-0.3879,0.1043
30.9500,JELLY_B,0.1207,0.1052,0.0617
30.9500,JELLY_C,-0.3945,-0.4512,0.6959
30.9667,JELLY_A,1.2005,-0.3875,0.1098
30.9667,JELLY_B,0.2377,0.1056,0.0679
30.9667,JELLY_C,-0.3988,-0.4509,0.7028
30.9833,JELLY_A,1.3026,-0.3871,0.1152
30.9833,JELLY_B,0.3615,0.1061,0.0741
30.9833,JELLY_C,-0.4029,-0.4507,0.7097
31.0000,JELLY_A,1.4031,-0.3867,0.1206
31.0000,JELLY_B,0.4910,0.1065,0.0803
31.0000,JELLY_C,-0.4067,-0.4504,0.7165
31.0167,JELLY_A,1.5015,-0.3862,0.1260
31.0167,JELLY_B,0.6252,0.1070,0.0865
31.0167,JELLY_C,-0.4102,-0.4502,0.7234
31.0333,JELLY_A,1.5970,-0.3857,0.1314
31.0333,JELLY_B,0.7629,0.1074,0.0927
31.0333,JELLY_C,-0.4136,-0.4500,0.7303
31.0500,JELLY_A,1.6890,-0.3853,0.1369
31.0500,JELLY_B,0.9030,0.1078,0.0988
31.0500,JELLY_C,-0.4167,-0.4497,0.7372
31.0667,JELLY_A,1.7768,-0.3848,0.1423
31.0667,JELLY_B,1.0442,0.1082,0.1050
31.0667,JELLY_C,-0.4195,-0.4495,0.7441
31.0833,JELLY_A,1.8597,-0.3843,0.1477
31.0833,JELLY_B,1.1854,0.1086,0.1112
31.0833,JELLY_C,-0.4222,-0.4493,0.7510
31.1000,JELLY_A,1.9370,-0.3837,0.1531
31.1000,JELLY_B,1.3253,0.1090,0.1174
31.1000,JELLY_C,-0.4247,-0.4490,0.7579
31.1167,JELLY_A,2.0080,-0.3832,0.1585
31.1167,JELLY_B,1.4628,0.1094,0.1236
31.1167,JELLY_C,-0.4269,-0.4488,0.7648
31.1333,JELLY_A,2.0722,-0.3827,0.1639
31.1333,JELLY_B,1.5964,0.1097,0.1298
31.1333,JELLY_C,-0.4290,-0.4486,0.7717
31.1500,JELLY_A,2.1288,-0.3821,0.1694
31.1500,JELLY_B,1.7251,0.1101,0.1359
31.1500,JELLY_C,-0.4308,-0.4483,0.7786
31.1667,JELLY_A,2.1773,-0.3816,0.1748
31.1667,JELLY_B,1.8475,0.1105,0.1421
31.1667,JELLY_C,-0.4325,-0.4481,0.7855
31.1833,JELLY_A,2.2169,-0.3810,0.1802
31.1833,JELLY_B,1.9624,0.1108,0.1483
31.1833,JELLY_C,-0.4340,-0.4478,0.7924
31.2000,JELLY_A,2.2471,-0.3804,0.1856
31.2000,JELLY_B,2.0687,0.1112,0.1545
31.2000,JELLY_C,-0.4353,-0.4476,0.7993
31.2167,JELLY_A,2.2674,-0.3799,0.1910
31.2167,JELLY_B,2.1650,0.1115,0.1607
31.2167,JELLY_C,-0.4364,-0.4474,0.8062
31.2333,JELLY_A,2.2770,-0.3793,0.1964
31.2333,JELLY_B,2.2504,0.1118,0.1668
31.2333,JELLY_C,-0.4374,-0.4471,0.8131
31.2500,JELLY_A,2.2757,-0.3788,0.2019
31.2500,JELLY_B,2.3236,0.1122,0.1730
31.2500,JELLY_C,-0.4382,-0.4469,0.8200
31.2667,JELLY_A,2.2658,-0.3782,0.2073
31.2667,JELLY_B,2.3835,0.1125,0.1792
31.2667,JELLY_C,-0.4389,-0.4467,0.8269
31.2833,JELLY_A,2.2473,-0.3777,0.2127
31.2833,JELLY_B,2.4292,0.1128,0.1854
31.2833,JELLY_C,-0.4394,-0.4464,0.8338
31.3000,JELLY_A,2.2207,-0.3772,0.2181
31.3000,JELLY_B,2.4596,0.1131,0.1915
31.3000,JELLY_C,-0.4398,-0.4462,0.8407
31.3167,JELLY_A,2.1868,-0.3766,0.2235
31.3167,JELLY_B,2.4737,0.1134,0.1977
31.3167,JELLY_C,-0.4400,-0.4460,0.8476
31.3333,JELLY_A,2.1460,-0.3761,0.2289
31.3333,JELLY_B,2.4694,0.1138,0.2039
31.3333,JELLY_C,-0.4401,-0.4457,0.8545
31.3500,JELLY_A,2.0991,-0.3756,0.2343
31.3500,JELLY_B,2.4478,0.1141,0.2101
31.3500,JELLY_C,-0.4401,-0.4455,0.8614
31.3667,JELLY_A,2.0466,-0.3750,0.2397
31.3667,JELLY_B,2.4137,0.1144,0.2163
31.3667,JELLY_C,-0.4399,-0.4453,0.8683
31.3833,JELLY_A,1.9890,-0.3745,0.2451
31.3833,JELLY_B,2.3683,0.1147,0.2224
31.3833,JELLY_C,-0.4396,-0.4450,0.8752
31.4000,JELLY_A,1.9269,-0.3740,0.2506
31.4000,JELLY_B,2.3126,0.1151,0.2286
31.4000,JELLY_C,-0.4392,-0.4448,0.8822
31.4167,JELLY_A,1.8609,-0.3735,0.2560
31.4167,JELLY_B,2.2476,0.1154,0.2348
31.4167,JELLY_C,-0.4387,-0.4446,0.8891
31.4333,JELLY_A,1.7914,-0.3730,0.2614
31.4333,JELLY_B,2.1743,0.1157,0.2409
31.4333,JELLY_C,-0.4381,-0.4443,0.8960
31.4500,JELLY_A,1.7190,-0.3725,0.2668
31.4500,JELLY_B,2.0938,0.1160,0.2471
31.4500,JELLY_C,-0.4373,-0.4441,0.9029
31.4667,JELLY_A,1.6441,-0.3720,0.2722
31.4667,JELLY_B,2.0069,0.1163,0.2533
31.4667,JELLY_C,-0.4365,-0.4439,0.9098
31.4833,JELLY_A,1.5674,-0.3715,0.2776
31.4833,JELLY_B,1.9146,0.1167,0.2595
31.4833,JELLY_C,-0.4356,-0.4436,0.9167
31.5000,JELLY_A,1.4892,-0.3710,0.2830
31.5000,JELLY_B,1.8178,0.1170,0.2656
31.5000,JELLY_C,-0.4346,-0.4434,0.9236
31.5167,JELLY_A,1.4100,-0.3705,0.2884
31.5167,JELLY_B,1.7174,0.1173,0.2718
31.5167,JELLY_C,-0.4335,-0.4432,0.9305
31.5333,JELLY_A,1.3303,-0.3701,0.2938
31.5333,JELLY_B,1.6142,0.1176,0.2780
31.5333,JELLY_C,-0.4323,-0.4429,0.9374
31.5500,JELLY_A,1.2506,-0.3696,0.2992
31.5500,JELLY_B,1.5090,0.1180,0.2841
31.5500,JELLY_C,-0.4310,-0.4427,0.9443
31.5667,JELLY_A,1.1712,-0.3691,0.3046
31.5667,JELLY_B,1.4028,0.1183,0.2903
31.5667,JELLY_C,-0.4297,-0.4424,0.9512
31.5833,JELLY_A,1.0926,-0.3686,0.3100
31.5833,JELLY_B,1.2961,0.1186,0.2965
31.5833,JELLY_C,-0.4282,-0.4422,0.9581
31.6000,JELLY_A,1.0153,-0.3682,0.3154
31.6000,JELLY_B,1.1899,0.1189,0.3027
31.6000,JELLY_C,-0.4267,-0.4420,0.9650
31.6167,JELLY_A,0.9395,-0.3677,0.3208
31.6167,JELLY_B,1.0848,0.1193,0.3088
31.6167,JELLY_C,-0.4252,-0.4417,0.9719
31.6333,JELLY_A,0.8657,-0.3672,0.3262
31.6333,JELLY_B,0.9815,0.1196,0.3150
31.6333,JELLY_C,-0.4236,-0.4415,0.9788
31.6500,JELLY_A,0.7944,-0.3668,0.3316
31.6500,JELLY_B,0.8807,0.1199,0.3212
31.6500,JELLY_C,-0.4219,-0.4413,0.9857
31.6667,JELLY_A,0.7258,-0.3663,0.3370
31.6667,JELLY_B,0.7831,0.1202,0.3273
31.6667,JELLY_C,-0.4201,-0.4410,0.9926
31.6833,JELLY_A,0.6603,-0.3659,0.3424
31.6833,JELLY_B,0.6894,0.1206,0.3335
31.6833,JELLY_C,-0.4183,-0.4408,0.9995
31.7000,JELLY_A,0.5982,-0.3654,0.3478
31.7000,JELLY_B,0.6001,0.1209,0.3397
31.7000,JELLY_C,-0.4139,-0.4406,0.0064
31.7167,JELLY_A,0.5400,-0.3650,0.3532
31.7167,JELLY_B,0.5158,0.1212,0.3458
31.7167,JELLY_C,-0.3917,-0.4403,0.0133
31.7333,JELLY_A,0.4859,-0.3645,0.3586
31.7333,JELLY_B,0.4371,0.1215,0.3520
31.7333,JELLY_C,-0.3497,-0.4401,0.0202
31.7500,JELLY_A,0.4363,-0.3641,0.3640
31.7500,JELLY_B,0.3645,0.1219,0.3581
31.7500,JELLY_C,-0.2888,-0.4398,0.0271
31.7667,JELLY_A,0.3914,-0.3636,0.3694
31.7667,JELLY_B,0.2986,0.1222,0.3643
31.7667,JELLY_C,-0.2097,-0.4396,0.0340
31.7833,JELLY_A,0.3516,-0.3632,0.3748
31.7833,JELLY_B,0.2399,0.1225,0.3705
31.7833,JELLY_C,-0.1135,-0.4393,0.0409
31.8000,JELLY_A,0.3172,-0.3628,0.3802
31.8000,JELLY_B,0.1888,0.1229,0.3766
31.8000,JELLY_C,-0.0014,-0.4390,0.0478
31.8167,JELLY_A,0.2884,-0.3624,0.3856
31.8167,JELLY_B,0.1458,0.1232,0.3828
31.8167,JELLY_C,0.1253,-0.4387,0.0547
31.8333,JELLY_A,0.2655,-0.3619,0.3910
31.8333,JELLY_B,0.1114,0.1235,0.3890
31.8333,JELLY_C,0.2651,-0.4384,0.0616
31.8500,JELLY_A,0.2488,-0.3615,0.3964
31.8500,JELLY_B,0.0860,0.1238,0.3951
31.8500,JELLY_C,0.4164,-0.4381,0.0685
31.8667,JELLY_A,0.2385,-0.3611,0.4018
31.8667,JELLY_B,0.0699,0.1242,0.4013
31.8667,JELLY_C,0.5775,-0.4377,0.0754
31.8833,JELLY_A,0.2310,-0.3607,0.4072
31.8833,JELLY_B,0.0575,0.1245,0.4074
31.8833,JELLY_C,0.7467,-0.4374,0.0823
31.9000,JELLY_A,0.2235,-0.3603,0.4126
31.9000,JELLY_B,0.0450,0.1248,0.4136
31.9000,JELLY_C,0.9219,-0.4370,0.0892
31.9167,JELLY_A,0.2158,-0.3598,0.4180
31.9167,JELLY_B,0.0324,0.1252,0.4198
31.9167,JELLY_C,1.1013,-0.4366,0.0961
31.9333,JELLY_A,0.2080,-0.3594,0.4234
31.9333,JELLY_B,0.0199,0.1255,0.4259
31.9333,JELLY_C,1.2828,-0.4362,0.1030
31.9500,JELLY_A,0.2001,-0.3590,0.4288
31.9500,JELLY_B,0.0073,0.1258,0.4321
31.9500,JELLY_C,1.4642,-0.4358,0.1099
31.9667,JELLY_A,0.1921,-0.3586,0.4342
31.9667,JELLY_B,-0.0052,0.1261,0.4382
31.9667,JELLY_C,1.6434,-0.4353,0.1168
31.9833,JELLY_A,0.1841,-0.3582,0.4396
31.9833,JELLY_B,-0.0177,0.1265,0.4444
31.9833,JELLY_C,1.8183,-0.4349,0.1237
32.0000,JELLY_A,0.1760,-0.3578,0.4450
32.0000,JELLY_B,-0.0302,0.1268,0.4505
32.0000,JELLY_C,1.9867,-0.4344,0.1306
32.0167,JELLY_A,0.1678,-0.3574,0.4504
32.0167,JELLY_B,-0.0425,0.1271,0.4567
32.0167,JELLY_C,2.1465,-0.4339,0.1375
32.0333,JELLY_A,0.1596,-0.3570,0.4557
32.0333,JELLY_B,-0.0547,0.1275,0.4629
32.0333,JELLY_C,2.2956,-0.4334,0.1444
32.0500,JELLY_A,0.1513,-0.3566,0.4611
32.0500,JELLY_B,-0.0668,0.1278,0.4690
32.0500,JELLY_C,2.4320,-0.4329,0.1513
32.0667,JELLY_A,0.1431,-0.3563,0.4665
32.0667,JELLY_B,-0.0788,0.1281,0.4752
32.0667,JELLY_C,2.5537,-0.4324,0.1582
32.0833,JELLY_A,0.1347,-0.3559,0.4719
32.0833,JELLY_B,-0.0906,0.1285,0.4813
32.0833,JELLY_C,2.6589,-0.4319,0.1651
32.1000,JELLY_A,0.1264,-0.3555,0.4773
32.1000,JELLY_B,-0.1023,0.1288,0.4875
32.1000,JELLY_C,2.7458,-0.4314,0.1720
32.1167,JELLY_A,0.1181,-0.3551,0.4827
32.1167,JELLY_B,-0.1138,0.1291,0.4936
32.1167,JELLY_C,2.8128,-0.4308,0.1789
32.1333,JELLY_A,0.1097,-0.3547,0.4881
32.1333,JELLY_B,-0.1252,0.1294,0.4998
32.1333,JELLY_C,2.8583,-0.4303,0.1858
32.1500,JELLY_A,0.1014,-0.3543,0.4935
32.1500,JELLY_B,-0.1364,0.1298,0.5059
32.1500,JELLY_C,2.8812,-0.4298,0.1927
32.1667,JELLY_A,0.0930,-0.3540,0.4988
32.1667,JELLY_B,-0.1474,0.1301,0.5121
32.1667,JELLY_C,2.8801,-0.4293,0.1997
32.1833,JELLY_A,0.0847,-0.3536,0.5042
32.1833,JELLY_B,-0.1582,0.1304,0.5182
32.1833,JELLY_C,2.8551,-0.4288,0.2066
32.2000,JELLY_A,0.0763,-0.3532,0.5096
32.2000,JELLY_B,-0.1689,0.1308,0.5244
32.2000,JELLY_C,2.8104,-0.4282,0.2135
32.2167,JELLY_A,0.0680,-0.3529,0.5150
32.2167,JELLY_B,-0.1794,0.1311,0.5305
32.2167,JELLY_C,2.7480,-0.4277,0.2204
32.2333,JELLY_A,0.0598,-0.3525,0.5204
32.2333,JELLY_B,-0.1897,0.1314,0.5367
32.2333,JELLY_C,2.6699,-0.4272,0.2273
32.2500,JELLY_A,0.0515,-0.3521,0.5258
32.2500,JELLY_B,-0.1998,0.1318,0.5428
32.2500,JELLY_C,2.5778,-0.4267,0.2342
32.2667,JELLY_A,0.0433,-0.3518,0.5311
32.2667,JELLY_B,-0.2097,0.1321,0.5490
32.2667,JELLY_C,2.4733,-0.4262,0.2411
32.2833,JELLY_A,0.0351,-0.3514,0.5365
32.2833,JELLY_B,-0.2194,0.1325,0.5551
32.2833,JELLY_C,2.3580,-0.4257,0.2480
32.3000,JELLY_A,0.0270,-0.3510,0.5419
32.3000,JELLY_B,-0.2289,0.1328,0.5613
32.3000,JELLY_C,2.2337,-0.4253,0.2549
32.3167,JELLY_A,0.0189,-0.3507,0.5473
32.3167,JELLY_B,-0.2382,0.1331,0.5674
32.3167,JELLY_C,2.1017,-0.4248,0.2618
32.3333,JELLY_A,0.0108,-0.3503,0.5527
32.3333,JELLY_B,-0.2473,0.1335,0.5736
32.3333,JELLY_C,1.9637,-0.4243,0.2687
32.3500,JELLY_A,0.0028,-0.3500,0.5580
32.3500,JELLY_B,-0.2562,0.1338,0.5797
32.3500,JELLY_C,1.8211,-0.4238,0.2756
32.3667,JELLY_A,-0.0051,-0.3496,0.5634
32.3667,JELLY_B,-0.2649,0.1341,0.5858
32.3667,JELLY_C,1.6752,-0.4233,0.2825
32.3833,JELLY_A,-0.0130,-0.3493,0.5688
32.3833,JELLY_B,-0.2734,0.1345,0.5920
32.3833,JELLY_C,1.5274,-0.4229,0.2894
32.4000,JELLY_A,-0.0209,-0.3489,0.5742
32.4000,JELLY_B,-0.2817,0.1348,0.5981
32.4000,JELLY_C,1.3789,-0.4224,0.2963
32.4167,JELLY_A,-0.0286,-0.3486,0.5796
32.4167,JELLY_B,-0.2898,0.1351,0.6043
32.4167,JELLY_C,1.2311,-0.4219,0.3032
32.4333,JELLY_A,-0.0364,-0.3482,0.5849
32.4333,JELLY_B,-0.2977,0.1355,0.6104
32.4333,JELLY_C,1.0851,-0.4215,0.3101
32.4500,JELLY_A,-0.0440,-0.3479,0.5903
32.4500,JELLY_B,-0.3054,0.1358,0.6166
32.4500,JELLY_C,0.9420,-0.4210,0.3169
32.4667,JELLY_A,-0.0516,-0.3476,0.5957
32.4667,JELLY_B,-0.3129,0.1362,0.6227
32.4667,JELLY_C,0.8030,-0.4206,0.3238
32.4833,JELLY_A,-0.0591,-0.3472,0.6011
32.4833,JELLY_B,-0.3202,0.1365,0.6288
32.4833,JELLY_C,0.6691,-0.4201,0.3307
32.5000,JELLY_A,-0.0665,-0.3469,0.6064
32.5000,JELLY_B,-0.3272,0.1368,0.6350
32.5000,JELLY_C,0.5412,-0.4197,0.3376
32.5167,JELLY_A,-0.0738,-0.3466,0.6118
32.5167,JELLY_B,-0.3341,0.1372,0.6411
32.5167,JELLY_C,0.4204,-0.4192,0.3445
32.5333,JELLY_A,-0.0811,-0.3462,0.6172
32.5333,JELLY_B,-0.3408,0.1375,0.6473
32.5333,JELLY_C,0.3075,-0.4188,0.3514
32.5500,JELLY_A,-0.0882,-0.3459,0.6225
32.5500,JELLY_B,-0.3472,0.1378,0.6534
32.5500,JELLY_C,0.2034,-0.4183,0.3583
32.5667,JELLY_A,-0.0953,-0.3456,0.6279
32.5667,JELLY_B,-0.3535,0.1382,0.6595
32.5667,JELLY_C,0.1089,-0.4179,0.3652
32.5833,JELLY_A,-0.1023,-0.3452,0.6333
32.5833,JELLY_B,-0.3595,0.1385,0.6657
32.5833,JELLY_C,0.0248,-0.4174,0.3721
32.6000,JELLY_A,-0.1093,-0.3449,0.6387
32.6000,JELLY_B,-0.3654,0.1389,0.6718
32.6000,JELLY_C,-0.0482,-0.4170,0.3790
32.6167,JELLY_A,-0.1161,-0.3446,0.6440
32.6167,JELLY_B,-0.3710,0.1392,0.6779
32.6167,JELLY_C,-0.1093,-0.4166,0.3859
32.6333,JELLY_A,-0.1228,-0.3443,0.6494
32.6333,JELLY_B,-0.3765,0.1395,0.6841
32.6333,JELLY_C,-0.1581,-0.4162,0.3928
32.6500,JELLY_A,-0.1294,-0.3439,0.6548
32.6500,JELLY_B,-0.3818,0.1399,0.6902
32.6500,JELLY_C,-0.1937,-0.4157,0.3997
32.6667,JELLY_A,-0.1360,-0.3436,0.6601
32.6667,JELLY_B,-0.3869,0.1402,0.6963
32.6667,JELLY_C,-0.2176,-0.4153,0.4066
32.6833,JELLY_A,-0.1424,-0.3433,0.6655
32.6833,JELLY_B,-0.3918,0.1406,0.7025
32.6833,JELLY_C,-0.2394,-0.4149,0.4135
32.7000,JELLY_A,-0.1488,-0.3430,0.6709
32.7000,JELLY_B,-0.3965,0.1409,0.7086
32.7000,JELLY_C,-0.2607,-0.4145,0.4204
32.7167,JELLY_A,-0.1550,-0.3426,0.6762
32.7167,JELLY_B,-0.4010,0.1412,0.7147
32.7167,JELLY_C,-0.2815,-0.4141,0.4273
32.7333,JELLY_A,-0.1612,-0.3423,0.6816
32.7333,JELLY_B,-0.4053,0.1416,0.7209
32.7333,JELLY_C,-0.3017,-0.4136,0.4342
32.7500,JELLY_A,-0.1672,-0.3420,0.6870
32.7500,JELLY_B,-0.4095,0.1419,0.7270
32.7500,JELLY_C,-0.3214,-0.4132,0.4411
32.7667,JELLY_A,-0.1732,-0.3417,0.6923
32.7667,JELLY_B,-0.4135,0.1423,0.7331
32.7667,JELLY_C,-0.3404,-0.4128,0.4480
32.7833,JELLY_A,-0.1790,-0.3414,0.6977
32.7833,JELLY_B,-0.4173,0.1426,0.7393
32.7833,JELLY_C,-0.3589,-0.4124,0.4549
32.8000,JELLY_A,-0.1848,-0.3411,0.7031
32.8000,JELLY_B,-0.4209,0.1430,0.7454
32.8000,JELLY_C,-0.3768,-0.4120,0.4618
32.8167,JELLY_A,-0.1904,-0.3408,0.7084
32.8167,JELLY_B,-0.4244,0.1433,0.7515
32.8167,JELLY_C,-0.3941,-0.4116,0.4687
32.8333,JELLY_A,-0.1960,-0.3405,0.7138
32.8333,JELLY_B,-0.4277,0.1436,0.7576
32.8333,JELLY_C,-0.4109,-0.4112,0.4756
32.8500,JELLY_A,-0.2014,-0.3401,0.7191
32.8500,JELLY_B,-0.4308,0.1440,0.7638
32.8500,JELLY_C,-0.4270,-0.4108,0.4824
32.8667,JELLY_A,-0.2068,-0.3398,0.7245
32.8667,JELLY_B,-0.4338,0.1443,0.7699
32.8667,JELLY_C,-0.4426,-0.4104,0.4893
32.8833,JELLY_A,-0.2120,-0.3395,0.7299
32.8833,JELLY_B,-0.4366,0.1447,0.7760
32.8833,JELLY_C,-0.4576,-0.4100,0.4962
32.9000,JELLY_A,-0.2172,-0.3392,0.7352
32.9000,JELLY_B,-0.4392,0.1450,0.7821
32.9000,JELLY_C,-0.4720,-0.4096,0.5031
32.9167,JELLY_A,-0.2222,-0.3389,0.7406
32.9167,JELLY_B,-0.4417,0.1454,0.7883
32.9167,JELLY_C,-0.4859,-0.4092,0.5100
32.9333,JELLY_A,-0.2271,-0.3386,0.7459
32.9333,JELLY_B,-0.4441,0.1457,0.7944
32.9333,JELLY_C,-0.4992,-0.4088,0.5169
32.9500,JELLY_A,-0.2320,-0.3383,0.7513
32.9500,JELLY_B,-0.4463,0.1461,0.8005
32.9500,JELLY_C,-0.5120,-0.4084,0.5238
32.9667,JELLY_A,-0.2367,-0.3380,0.7566
32.9667,JELLY_B,-0.4483,0.1464,0.8066
32.9667,JELLY_C,-0.5243,-0.4080,0.5307
32.9833,JELLY_A,-0.2413,-0.3377,0.7620
32.9833,JELLY_B,-0.4502,0.1468,0.8128
32.9833,JELLY_C,-0.5361,-0.4076,0.5376
33.0000,JELLY_A,-0.2458,-0.3374,0.7674
33.0000,JELLY_B,-0.4520,0.1471,0.8189
33.0000,JELLY_C,-0.5473,-0.4073,0.5445
33.0167,JELLY_A,-0.2502,-0.3371,0.7727
33.0167,JELLY_B,-0.4536,0.1474,0.8250
33.0167,JELLY_C,-0.5581,-0.4069,0.5514
33.0333,JELLY_A,-0.2546,-0.3368,0.7781
33.0333,JELLY_B,-0.4551,0.1478,0.8311
33.0333,JELLY_C,-0.5684,-0.4065,0.5582
33.0500,JELLY_A,-0.2588,-0.3365,0.7834
33.0500,JELLY_B,-0.4565,0.1481,0.8372
33.0500,JELLY_C,-0.5782,-0.4061,0.5651
33.0667,JELLY_A,-0.2629,-0.3362,0.7888
33.0667,JELLY_B,-0.4577,0.1485,0.8434
33.0667,JELLY_C,-0.5875,-0.4057,0.5720
33.0833,JELLY_A,-0.2669,-0.3359,0.7941
33.0833,JELLY_B,-0.4588,0.1488,0.8495
33.0833,JELLY_C,-0.5964,-0.4053,0.5789
33.1000,JELLY_A,-0.2708,-0.3356,0.7995
33.1000,JELLY_B,-0.4598,0.1492,0.8556
33.1000,JELLY_C,-0.6049,-0.4049,0.5858
33.1167,JELLY_A,-0.2746,-0.3353,0.8048
33.1167,JELLY_B,-0.4607,0.1495,0.8617
33.1167,JELLY_C,-0.6129,-0.4045,0.5927
33.1333,JELLY_A,-0.2783,-0.3351,0.8102
33.1333,JELLY_B,-0.4615,0.1499,0.8678
33.1333,JELLY_C,-0.6205,-0.4042,0.5996
33.1500,JELLY_A,-0.2819,-0.3348,0.8155
33.1500,JELLY_B,-0.4621,0.1502,0.8739
33.1500,JELLY_C,-0.6278,-0.4038,0.6065
33.1667,JELLY_A,-0.2855,-0.3345,0.8209
33.1667,JELLY_B,-0.4626,0.1506,0.8801
33.1667,JELLY_C,-0.6346,-0.4034,0.6134
33.1833,JELLY_A,-0.2889,-0.3342,0.8262
33.1833,JELLY_B,-0.4630,0.1509,0.8862
33.1833,JELLY_C,-0.6410,-0.4030,0.6202
33.2000,JELLY_A,-0.2922,-0.3339,0.8316
33.2000,JELLY_B,-0.4634,0.1513,0.8923
33.2000,JELLY_C,-0.6470,-0.4026,0.6271
33.2167,JELLY_A,-0.2954,-0.3336,0.8369
33.2167,JELLY_B,-0.4636,0.1516,0.8984
33.2167,JELLY_C,-0.6527,-0.4022,0.6340
33.2333,JELLY_A,-0.2985,-0.3333,0.8423
33.2333,JELLY_B,-0.4637,0.1520,0.9045
33.2333,JELLY_C,-0.6580,-0.4019,0.6409
33.2500,JELLY_A,-0.3016,-0.3330,0.8476
33.2500,JELLY_B,-0.4637,0.1523,0.9106
33.2500,JELLY_C,-0.6630,-0.4015,0.6478
33.2667,JELLY_A,-0.3045,-0.3327,0.8530
33.2667,JELLY_B,-0.4636,0.1527,0.9167
33.2667,JELLY_C,-0.6676,-0.4011,0.6547
33.2833,JELLY_A,-0.3074,-0.3325,0.8583
33.2833,JELLY_B,-0.4635,0.1530,0.9228
33.2833,JELLY_C,-0.6719,-0.4007,0.6615
33.3000,JELLY_A,-0.3102,-0.3322,0.8636
33.3000,JELLY_B,-0.4632,0.1534,0.9290
33.3000,JELLY_C,-0.6758,-0.4003,0.6684
33.3167,JELLY_A,-0.3128,-0.3319,0.8690
33.3167,JELLY_B,-0.4629,0.1537,0.9351
33.3167,JELLY_C,-0.6795,-0.3999,0.6753
33.3333,JELLY_A,-0.3154,-0.3316,0.8743
33.3333,JELLY_B,-0.4624,0.1541,0.9412
33.3333,JELLY_C,-0.6828,-0.3996,0.6822
33.3500,JELLY_A,-0.3179,-0.3313,0.8797
33.3500,JELLY_B,-0.4619,0.1544,0.9473
33.3500,JELLY_C,-0.6858,-0.3992,0.6891
33.3667,JELLY_A,-0.3203,-0.3310,0.8850
33.3667,JELLY_B,-0.4613,0.1548,0.9534
33.3667,JELLY_C,-0.6886,-0.3988,0.6960
33.3833,JELLY_A,-0.3226,-0.3307,0.8903
33.3833,JELLY_B,-0.4607,0.1551,0.9595
33.3833,JELLY_C,-0.6911,-0.3984,0.7028
33.4000,JELLY_A,-0.3249,-0.3305,0.8957
33.4000,JELLY_B,-0.4599,0.1555,0.9656
33.4000,JELLY_C,-0.6933,-0.3980,0.7097
33.4167,JELLY_A,-0.3270,-0.3302,0.9010
33.4167,JELLY_B,-0.4591,0.1558,0.9717
33.4167,JELLY_C,-0.6952,-0.3976,0.7166
33.4333,JELLY_A,-0.3291,-0.3299,0.9064
33.4333,JELLY_B,-0.4582,0.1562,0.9778
33.4333,JELLY_C,-0.6969,-0.3973,0.7235
33.4500,JELLY_A,-0.3311,-0.3296,0.9117
33.4500,JELLY_B,-0.4573,0.1565,0.9839
33.4500,JELLY_C,-0.6983,-0.3969,0.7304
33.4667,JELLY_A,-0.3330,-0.3293,0.9170
33.4667,JELLY_B,-0.4563,0.1569,0.9900
33.4667,JELLY_C,-0.6995,-0.3965,0.7372
33.4833,JELLY_A,-0.3349,-0.3291,0.9224
33.4833,JELLY_B,-0.4552,0.1573,0.9961
33.4833,JELLY_C,-0.7005,-0.3961,0.7441
33.5000,JELLY_A,-0.3366,-0.3288,0.9277
33.5000,JELLY_B,-0.4541,0.1576,0.0022
33.5000,JELLY_C,-0.7012,-0.3957,0.7510
33.5167,JELLY_A,-0.3383,-0.3285,0.9330
33.5167,JELLY_B,-0.4528,0.1580,0.0083
33.5167,JELLY_C,-0.7017,-0.3953,0.7579
33.5333,JELLY_A,-0.3399,-0.3282,0.9384
33.5333,JELLY_B,-0.4516,0.1583,0.0144
33.5333,JELLY_C,-0.7020,-0.3950,0.7647
33.5500,JELLY_A,-0.3414,-0.3279,0.9437
33.5500,JELLY_B,-0.4502,0.1587,0.0205
33.5500,JELLY_C,-0.7021,-0.3946,0.7716
33.5667,JELLY_A,-0.3429,-0.3277,0.9490
33.5667,JELLY_B,-0.4488,0.1590,0.0266
33.5667,JELLY_C,-0.7020,-0.3942,0.7785
33.5833,JELLY_A,-0.3443,-0.3274,0.9544
33.5833,JELLY_B,-0.4474,0.1594,0.0327
33.5833,JELLY_C,-0.7017,-0.3938,0.7854
33.6000,JELLY_A,-0.3456,-0.3271,0.9597
33.6000,JELLY_B,-0.4458,0.1597,0.0388
33.6000,JELLY_C,-0.7012,-0.3934,0.7923
33.6167,JELLY_A,-0.3468,-0.3268,0.9650
33.6167,JELLY_B,-0.4443,0.1601,0.0449
33.6167,JELLY_C,-0.7005,-0.3930,0.7991
33.6333,JELLY_A,-0.3480,-0.3266,0.9704
33.6333,JELLY_B,-0.4426,0.1604,0.0510
33.6333,JELLY_C,-0.6996,-0.3927,0.8060
33.6500,JELLY_A,-0.3491,-0.3263,0.9757
33.6500,JELLY_B,-0.4410,0.1608,0.0571
33.6500,JELLY_C,-0.6986,-0.3923,0.8129
33.6667,JELLY_A,-0.3502,-0.3260,0.9810
33.6667,JELLY_B,-0.4392,0.1611,0.0632
33.6667,JELLY_C,-0.6974,-0.3919,0.8197
33.6833,JELLY_A,-0.3511,-0.3257,0.9864
33.6833,JELLY_B,-0.4375,0.1615,0.0693
33.6833,JELLY_C,-0.6961,-0.3915,0.8266
33.7000,JELLY_A,-0.3520,-0.3254,0.9917
33.7000,JELLY_B,-0.4356,0.1619,0.0754
33.7000,JELLY_C,-0.6946,-0.3911,0.8335
33.7167,JELLY_A,-0.3529,-0.3252,0.9970
33.7167,JELLY_B,-0.4338,0.1622,0.0815
33.7167,JELLY_C,-0.6929,-0.3907,0.8404
33.7333,JELLY_A,-0.3537,-0.3249,0.0023
33.7333,JELLY_B,-0.4319,0.1626,0.0876
33.7333,JELLY_C,-0.6911,-0.3903,0.8472
33.7500,JELLY_A,-0.3497,-0.3246,0.0077
33.7500,JELLY_B,-0.4300,0.1629,0.0937
33.7500,JELLY_C,-0.6892,-0.3900,0.8541
33.7667,JELLY_A,-0.3366,-0.3243,0.0130
33.7667,JELLY_B,-0.4280,0.1633,0.0998
33.7667,JELLY_C,-0.6872,-0.3896,0.8610
33.7833,JELLY_A,-0.3146,-0.3241,0.0183
33.7833,JELLY_B,-0.4260,0.1636,0.1058
33.7833,JELLY_C,-0.6850,-0.3892,0.8678
33.8000,JELLY_A,-0.2842,-0.3238,0.0236
33.8000,JELLY_B,-0.4240,0.1640,0.1119
33.8000,JELLY_C,-0.6827,-0.3888,0.8747
33.8167,JELLY_A,-0.2457,-0.3235,0.0290
33.8167,JELLY_B,-0.4219,0.1644,0.1180
33.8167,JELLY_C,-0.6803,-0.3884,0.8816
33.8333,JELLY_A,-0.1995,-0.3232,0.0343
33.8333,JELLY_B,-0.4199,0.1647,0.1241
33.8333,JELLY_C,-0.6777,-0.3880,0.8885
33.8500,JELLY_A,-0.1461,-0.3229,0.0396
33.8500,JELLY_B,-0.4177,0.1651,0.1302
33.8500,JELLY_C,-0.6751,-0.3876,0.8953
33.8667,JELLY_A,-0.0859,-0.3225,0.0449
33.8667,JELLY_B,-0.4156,0.1654,0.1363
33.8667,JELLY_C,-0.6724,-0.3872,0.9022
33.8833,JELLY_A,-0.0193,-0.3222,0.0503
33.8833,JELLY_B,-0.4135,0.1658,0.1424
33.8833,JELLY_C,-0.6695,-0.3868,0.9091
33.9000,JELLY_A,0.0531,-0.3218,0.0556
33.9000,JELLY_B,-0.4113,0.1661,0.1485
33.9000,JELLY_C,-0.6666,-0.3865,0.9159
33.9167,JELLY_A,0.1308,-0.3215,0.0609
33.9167,JELLY_B,-0.4091,0.1665,0.1545
33.9167,JELLY_C,-0.6636,-0.3861,0.9228
33.9333,JELLY_A,0.2133,-0.3211,0.0662
33.9333,JELLY_B,-0.4069,0.1669,0.1606
33.9333,JELLY_C,-0.6605,-0.3857,0.9296
33.9500,JELLY_A,0.3001,-0.3207,0.0715
33.9500,JELLY_B,-0.4047,0.1672,0.1667
33.9500,JELLY_C,-0.6573,-0.3853,0.9365
33.9667,JELLY_A,0.3906,-0.3203,0.0768
33.9667,JELLY_B,-0.4024,0.1676,0.1728
33.9667,JELLY_C,-0.6541,-0.3849,0.9434
33.9833,JELLY_A,0.4842,-0.3199,0.0822
33.9833,JELLY_B,-0.4002,0.1679,0.1789
33.9833,JELLY_C,-0.6507,-0.3845,0.9502
34.0000,JELLY_A,0.5803,-0.3194,0.0875
34.0000,JELLY_B,-0.3979,0.1683,0.1850
34.0000,JELLY_C,-0.6473,-0.3841,0.9571
34.0167,JELLY_A,0.6785,-0.3190,0.0928
34.0167,JELLY_B,-0.3956,0.1687,0.1910
34.0167,JELLY_C,-0.6438,-0.3837,0.9640
34.0333,JELLY_A,0.7779,-0.3185,0.0981
34.0333,JELLY_B,-0.3933,0.1690,0.1971
34.0333,JELLY_C,-0.6403,-0.3833,0.9708
34.0500,JELLY_A,0.8781,-0.3180,0.1034
34.0500,JELLY_B,-0.3910,0.1694,0.2032
34.0500,JELLY_C,-0.6367,-0.3829,0.9777
34.0667,JELLY_A,0.9785,-0.3175,0.1087
34.0667,JELLY_B,-0.3886,0.1697,0.2093
34.0667,JELLY_C,-0.6330,-0.3825,0.9845
34.0833,JELLY_A,1.0783,-0.3170,0.1140
34.0833,JELLY_B,-0.3863,0.1701,0.2154
34.0833,JELLY_C,-0.6293,-0.3821,0.9914
34.1000,JELLY_A,1.1770,-0.3164,0.1194
34.1000,JELLY_B,-0.3839,0.1705,0.2214
34.1000,JELLY_C,-0.6256,-0.3817,0.9983
34.1167,JELLY_A,1.2739,-0.3159,0.1247
34.1167,JELLY_B,-0.3815,0.1708,0.2275
34.1167,JELLY_C,-0.6192,-0.3813,0.0051
34.1333,JELLY_A,1.3684,-0.3153,0.1300
34.1333,JELLY_B,-0.3791,0.1712,0.2336
34.1333,JELLY_C,-0.5954,-0.3809,0.0120
34.1500,JELLY_A,1.4598,-0.3147,0.1353
34.1500,JELLY_B,-0.3767,0.1715,0.2397
34.1500,JELLY_C,-0.5522,-0.3805,0.0188
34.1667,JELLY_A,1.5476,-0.3141,0.1406
34.1667,JELLY_B,-0.3743,0.1719,0.2457
34.1667,JELLY_C,-0.4903,-0.3801,0.0257
34.1833,JELLY_A,1.6310,-0.3135,0.1459
34.1833,JELLY_B,-0.3718,0.1723,0.2518
34.1833,JELLY_C,-0.4105,-0.3797,0.0325
34.2000,JELLY_A,1.7095,-0.3129,0.1512
34.2000,JELLY_B,-0.3694,0.1726,0.2579
34.2000,JELLY_C,-0.3137,-0.3793,0.0394
34.2167,JELLY_A,1.7824,-0.3123,0.1565
34.2167,JELLY_B,-0.3670,0.1730,0.2640
34.2167,JELLY_C,-0.2012,-0.3788,0.0463
34.2333,JELLY_A,1.8490,-0.3117,0.1618
34.2333,JELLY_B,-0.3646,0.1733,0.2700
34.2333,JELLY_C,-0.0742,-0.3784,0.0531
34.2500,JELLY_A,1.9089,-0.3110,0.1671
34.2500,JELLY_B,-0.3622,0.1737,0.2761
34.2500,JELLY_C,0.0658,-0.3779,0.0600
34.2667,JELLY_A,1.9614,-0.3104,0.1724
34.2667,JELLY_B,-0.3598,0.1741,0.2822
34.2667,JELLY_C,0.2173,-0.3775,0.0668
34.2833,JELLY_A,2.0059,-0.3097,0.1777
34.2833,JELLY_B,-0.3574,0.1744,0.2882
34.2833,JELLY_C,0.3786,-0.3770,0.0737
34.3000,JELLY_A,2.0418,-0.3091,0.1830
34.3000,JELLY_B,-0.3550,0.1748,0.2943
34.3000,JELLY_C,0.5481,-0.3765,0.0805
34.3167,JELLY_A,2.0687,-0.3084,0.1883
34.3167,JELLY_B,-0.3526,0.1751,0.3004
34.3167,JELLY_C,0.7236,-0.3760,0.0874
34.3333,JELLY_A,2.0858,-0.3078,0.1937
34.3333,JELLY_B,-0.3502,0.1755,0.3064
34.3333,JELLY_C,0.9034,-0.3755,0.0942
34.3500,JELLY_A,2.0928,-0.3072,0.1990
34.3500,JELLY_B,-0.3478,0.1759,0.3125
34.3500,JELLY_C,1.0855,-0.3750,0.1011
34.3667,JELLY_A,2.0891,-0.3065,0.2043
34.3667,JELLY_B,-0.3454,0.1762,0.3186
34.3667,JELLY_C,1.2676,-0.3744,0.1079
34.3833,JELLY_A,2.0765,-0.3059,0.2096
34.3833,JELLY_B,-0.3431,0.1766,0.3246
34.3833,JELLY_C,1.4477,-0.3739,0.1148
34.4000,JELLY_A,2.0561,-0.3053,0.2149
34.4000,JELLY_B,-0.3407,0.1770,0.3307
34.4000,JELLY_C,1.6238,-0.3733,0.1216
34.4167,JELLY_A,2.0284,-0.3046,0.2202
34.4167,JELLY_B,-0.3383,0.1773,0.3368
34.4167,JELLY_C,1.7936,-0.3728,0.1285
34.4333,JELLY_A,1.9939,-0.3040,0.2255
34.4333,JELLY_B,-0.3360,0.1777,0.3428
34.4333,JELLY_C,1.9550,-0.3722,0.1353
34.4500,JELLY_A,1.9533,-0.3034,0.2307
34.4500,JELLY_B,-0.3336,0.1780,0.3489
34.4500,JELLY_C,2.1061,-0.3716,0.1422
34.4667,JELLY_A,1.9070,-0.3028,0.2360
34.4667,JELLY_B,-0.3313,0.1784,0.3550
34.4667,JELLY_C,2.2447,-0.3710,0.1490
34.4833,JELLY_A,1.8556,-0.3022,0.2413
34.4833,JELLY_B,-0.3289,0.1788,0.3610
34.4833,JELLY_C,2.3690,-0.3704,0.1558
34.5000,JELLY_A,1.7996,-0.3016,0.2466
34.5000,JELLY_B,-0.3266,0.1791,0.3671
34.5000,JELLY_C,2.4771,-0.3698,0.1627
34.5167,JELLY_A,1.7395,-0.3010,0.2519
34.5167,JELLY_B,-0.3242,0.1795,0.3732
34.5167,JELLY_C,2.5673,-0.3692,0.1695
34.5333,JELLY_A,1.6757,-0.3004,0.2572
34.5333,JELLY_B,-0.3219,0.1799,0.3792
34.5333,JELLY_C,2.6380,-0.3686,0.1764
34.5500,JELLY_A,1.6089,-0.2998,0.2625
34.5500,JELLY_B,-0.3196,0.1802,0.3853
34.5500,JELLY_C,2.6877,-0.3679,0.1832
34.5667,JELLY_A,1.5393,-0.2993,0.2678
34.5667,JELLY_B,-0.3173,0.1806,0.3913
34.5667,JELLY_C,2.7152,-0.3673,0.1901
34.5833,JELLY_A,1.4676,-0.2987,0.2731
34.5833,JELLY_B,-0.3150,0.1810,0.3974
34.5833,JELLY_C,2.7191,-0.3667,0.1969
34.6000,JELLY_A,1.3941,-0.2981,0.2784
34.6000,JELLY_B,-0.3127,0.1813,0.4034
34.6000,JELLY_C,2.6978,-0.3661,0.2037
34.6167,JELLY_A,1.3194,-0.2975,0.2837
34.6167,JELLY_B,-0.3104,0.1817,0.4095
34.6167,JELLY_C,2.6547,-0.3655,0.2106
34.6333,JELLY_A,1.2437,-0.2970,0.2890
34.6333,JELLY_B,-0.3081,0.1820,0.4156
34.6333,JELLY_C,2.5944,-0.3649,0.2174
34.6500,JELLY_A,1.1676,-0.2964,0.2943
34.6500,JELLY_B,-0.3058,0.1824,0.4216
34.6500,JELLY_C,2.5186,-0.3643,0.2242
34.6667,JELLY_A,1.0915,-0.2958,0.2996
34.6667,JELLY_B,-0.3036,0.1828,0.4277
34.6667,JELLY_C,2.4288,-0.3637,0.2311
34.6833,JELLY_A,1.0157,-0.2953,0.3048
34.6833,JELLY_B,-0.3013,0.1831,0.4337
34.6833,JELLY_C,2.3268,-0.3631,0.2379
34.7000,JELLY_A,0.9407,-0.2947,0.3101
34.7000,JELLY_B,-0.2990,0.1835,0.4398
34.7000,JELLY_C,2.2142,-0.3625,0.2447
34.7167,JELLY_A,0.8669,-0.2942,0.3154
34.7167,JELLY_B,-0.2967,0.1839,0.4458
34.7167,JELLY_C,2.0925,-0.3619,0.2516
34.7333,JELLY_A,0.7945,-0.2936,0.3207
34.7333,JELLY_B,-0.2944,0.1842,0.4519
34.7333,JELLY_C,1.9631,-0.3613,0.2584
34.7500,JELLY_A,0.7240,-0.2931,0.3260
34.7500,JELLY_B,-0.2920,0.1846,0.4579
34.7500,JELLY_C,1.8276,-0.3608,0.2652
34.7667,JELLY_A,0.6558,-0.2926,0.3313
34.7667,JELLY_B,-0.2896,0.1850,0.4640
34.7667,JELLY_C,1.6874,-0.3602,0.2721
34.7833,JELLY_A,0.5901,-0.2920,0.3366
34.7833,JELLY_B,-0.2872,0.1853,0.4700
34.7833,JELLY_C,1.5437,-0.3596,0.2789
34.8000,JELLY_A,0.5273,-0.2915,0.3418
34.8000,JELLY_B,-0.2848,0.1857,0.4761
34.8000,JELLY_C,1.3980,-0.3590,0.2857
34.8167,JELLY_A,0.4678,-0.2910,0.3471
34.8167,JELLY_B,-0.2824,0.1861,0.4821
34.8167,JELLY_C,1.2514,-0.3585,0.2926
34.8333,JELLY_A,0.4118,-0.2904,0.3524
34.8333,JELLY_B,-0.2800,0.1864,0.4882
34.8333,JELLY_C,1.1053,-0.3579,0.2994
34.8500,JELLY_A,0.3597,-0.2899,0.3577
34.8500,JELLY_B,-0.2775,0.1868,0.4942
34.8500,JELLY_C,0.9607,-0.3573,0.3062
34.8667,JELLY_A,0.3117,-0.2894,0.3630
34.8667,JELLY_B,-0.2751,0.1872,0.5003
34.8667,JELLY_C,0.8188,-0.3568,0.3131
34.8833,JELLY_A,0.2682,-0.2889,0.3683
34.8833,JELLY_B,-0.2726,0.1875,0.5063
34.8833,JELLY_C,0.6806,-0.3562,0.3199
34.9000,JELLY_A,0.2294,-0.2884,0.3735
34.9000,JELLY_B,-0.2701,0.1879,0.5124
34.9000,JELLY_C,0.5473,-0.3556,0.3267
34.9167,JELLY_A,0.1956,-0.2879,0.3788
34.9167,JELLY_B,-0.2677,0.1883,0.5184
34.9167,JELLY_C,0.4197,-0.3551,0.3335
34.9333,JELLY_A,0.1670,-0.2874,0.3841
34.9333,JELLY_B,-0.2652,0.1886,0.5244
34.9333,JELLY_C,0.2988,-0.3545,0.3404
34.9500,JELLY_A,0.1440,-0.2869,0.3894
34.9500,JELLY_B,-0.2627,0.1890,0.5305
34.9500,JELLY_C,0.1856,-0.3540,0.3472
34.9667,JELLY_A,0.1267,-0.2864,0.3946
34.9667,JELLY_B,-0.2602,0.1894,0.5365
34.9667,JELLY_C,0.0809,-0.3534,0.3540
34.9833,JELLY_A,0.1154,-0.2859,0.3999
34.9833,JELLY_B,-0.2577,0.1897,0.5426
34.9833,JELLY_C,-0.0146,-0.3529,0.3608
35.0000,JELLY_A,0.1084,-0.2854,0.4052
35.0000,JELLY_B,-0.2552,0.1901,0.5486
35.0000,JELLY_C,-0.1000,-0.3523,0.3677
35.0167,JELLY_A,0.1015,-0.2849,0.4105
35.0167,JELLY_B,-0.2527,0.1905,0.5547
35.0167,JELLY_C,-0.1746,-0.3518,0.3745
35.0333,JELLY_A,0.0945,-0.2844,0.4157
35.0333,JELLY_B,-0.2502,0.1908,0.5607
35.0333,JELLY_C,-0.2377,-0.3512,0.3813
35.0500,JELLY_A,0.0873,-0.2839,0.4210
35.0500,JELLY_B,-0.2477,0.1912,0.5667
35.0500,JELLY_C,-0.2887,-0.3507,0.3881
35.0667,JELLY_A,0.0801,-0.2834,0.4263
35.0667,JELLY_B,-0.2452,0.1916,0.5728
35.0667,JELLY_C,-0.3269,-0.3502,0.3949
35.0833,JELLY_A,0.0728,-0.2830,0.4316
35.0833,JELLY_B,-0.2427,0.1919,0.5788
35.0833,JELLY_C,-0.3523,-0.3496,0.4017
35.1000,JELLY_A,0.0655,-0.2825,0.4368
35.1000,JELLY_B,-0.2403,0.1923,0.5849
35.1000,JELLY_C,-0.3735,-0.3491,0.4086
35.1167,JELLY_A,0.0582,-0.2820,0.4421
35.1167,JELLY_B,-0.2378,0.1927,0.5909
35.1167,JELLY_C,-0.3942,-0.3485,0.4154
35.1333,JELLY_A,0.0508,-0.2815,0.4474
35.1333,JELLY_B,-0.2353,0.1930,0.5969
35.1333,JELLY_C,-0.4144,-0.3480,0.4222
35.1500,JELLY_A,0.0434,-0.2811,0.4527
35.1500,JELLY_B,-0.2328,0.1934,0.6030
35.1500,JELLY_C,-0.4339,-0.3475,0.4290
35.1667,JELLY_A,0.0360,-0.2806,0.4579
35.1667,JELLY_B,-0.2304,0.1938,0.6090
35.1667,JELLY_C,-0.4528,-0.3469,0.4358
35.1833,JELLY_A,0.0286,-0.2801,0.4632
35.1833,JELLY_B,-0.2279,0.1941,0.6150
35.1833,JELLY_C,-0.4712,-0.3464,0.4426
35.2000,JELLY_A,0.0212,-0.2797,0.4685
35.2000,JELLY_B,-0.2255,0.1945,0.6211
35.2000,JELLY_C,-0.4889,-0.3459,0.4494
35.2167,JELLY_A,0.0137,-0.2792,0.4737
35.2167,JELLY_B,-0.2231,0.1949,0.6271
35.2167,JELLY_C,-0.5060,-0.3454,0.4563
35.2333,JELLY_A,0.0063,-0.2788,0.4790
35.2333,JELLY_B,-0.2206,0.1952,0.6331
35.2333,JELLY_C,-0.5224,-0.3448,0.4631
35.2500,JELLY_A,-0.0010,-0.2783,0.4843
35.2500,JELLY_B,-0.2182,0.1956,0.6392
35.2500,JELLY_C,-0.5383,-0.3443,0.4699
35.2667,JELLY_A,-0.0084,-0.2779,0.4895
35.2667,JELLY_B,-0.2158,0.1960,0.6452
35.2667,JELLY_C,-0.5534,-0.3438,0.4767
35.2833,JELLY_A,-0.0157,-0.2774,0.4948
35.2833,JELLY_B,-0.2134,0.1963,0.6512
35.2833,JELLY_C,-0.5680,-0.3433,0.4835
35.3000,JELLY_A,-0.0230,-0.2770,0.5001
35.3000,JELLY_B,-0.2111,0.1967,0.6572
35.3000,JELLY_C,-0.5819,-0.3427,0.4903
35.3167,JELLY_A,-0.0303,-0.2765,0.5053
35.3167,JELLY_B,-0.2087,0.1971,0.6633
35.3167,JELLY_C,-0.5952,-0.3422,0.4971
35.3333,JELLY_A,-0.0376,-0.2761,0.5106
35.3333,JELLY_B,-0.2063,0.1974,0.6693
35.3333,JELLY_C,-0.6079,-0.3417,0.5039
35.3500,JELLY_A,-0.0448,-0.2757,0.5158
35.3500,JELLY_B,-0.2040,0.1978,0.6753
35.3500,JELLY_C,-0.6201,-0.3412,0.5107
35.3667,JELLY_A,-0.0519,-0.2752,0.5211
35.3667,JELLY_B,-0.2017,0.1982,0.6814
35.3667,JELLY_C,-0.6316,-0.3407,0.5175
35.3833,JELLY_A,-0.0590,-0.2748,0.5264
35.3833,JELLY_B,-0.1994,0.1985,0.6874
35.3833,JELLY_C,-0.6426,-0.3401,0.5243
35.4000,JELLY_A,-0.0661,-0.2744,0.5316
35.4000,JELLY_B,-0.1971,0.1989,0.6934
35.4000,JELLY_C,-0.6530,-0.3396,0.5311
35.4167,JELLY_A,-0.0731,-0.2739,0.5369
35.4167,JELLY_B,-0.1948,0.1993,0.6994
35.4167,JELLY_C,-0.6630,-0.3391,0.5379
35.4333,JELLY_A,-0.0800,-0.2735,0.5421
35.4333,JELLY_B,-0.1925,0.1996,0.7055
35.4333,JELLY_C,-0.6723,-0.3386,0.5447
35.4500,JELLY_A,-0.0869,-0.2731,0.5474
35.4500,JELLY_B,-0.1903,0.2000,0.7115
35.4500,JELLY_C,-0.6812,-0.3381,0.5515
35.4667,JELLY_A,-0.0937,-0.2727,0.5527
35.4667,JELLY_B,-0.1880,0.2004,0.7175
35.4667,JELLY_C,-0.6896,-0.3375,0.5583
35.4833,JELLY_A,-0.1005,-0.2722,0.5579
35.4833,JELLY_B,-0.1858,0.2007,0.7235
35.4833,JELLY_C,-0.6975,-0.3370,0.5651
35.5000,JELLY_A,-0.1072,-0.2718,0.5632
35.5000,JELLY_B,-0.1836,0.2011,0.7296
35.5000,JELLY_C,-0.7049,-0.3365,0.5719
35.5167,JELLY_A,-0.1139,-0.2714,0.5684
35.5167,JELLY_B,-0.1814,0.2015,0.7356
35.5167,JELLY_C,-0.7119,-0.3360,0.5787
35.5333,JELLY_A,-0.1204,-0.2710,0.5737
35.5333,JELLY_B,-0.1793,0.2018,0.7416
35.5333,JELLY_C,-0.7185,-0.3355,0.5855
35.5500,JELLY_A,-0.1269,-0.2706,0.5789
35.5500,JELLY_B,-0.1771,0.2022,0.7476
35.5500,JELLY_C,-0.7246,-0.3349,0.5923
35.5667,JELLY_A,-0.1333,-0.2702,0.5842
35.5667,JELLY_B,-0.1750,0.2026,0.7536
35.5667,JELLY_C,-0.7303,-0.3344,0.5991
35.5833,JELLY_A,-0.1397,-0.2697,0.5894
35.5833,JELLY_B,-0.1729,0.2029,0.7597
35.5833,JELLY_C,-0.7356,-0.3339,0.6059
35.6000,JELLY_A,-0.1460,-0.2693,0.5947
35.6000,JELLY_B,-0.1708,0.2033,0.7657
35.6000,JELLY_C,-0.7405,-0.3334,0.6127
35.6167,JELLY_A,-0.1521,-0.2689,0.6000
35.6167,JELLY_B,-0.1687,0.2037,0.7717
35.6167,JELLY_C,-0.7450,-0.3329,0.6195
35.6333,JELLY_A,-0.1583,-0.2685,0.6052
35.6333,JELLY_B,-0.1667,0.2040,0.7777
35.6333,JELLY_C,-0.7491,-0.3324,0.6263
35.6500,JELLY_A,-0.1643,-0.2681,0.6105
35.6500,JELLY_B,-0.1646,0.2044,0.7837
35.6500,JELLY_C,-0.7529,-0.3318,0.6331
35.6667,JELLY_A,-0.1702,-0.2677,0.6157
35.6667,JELLY_B,-0.1626,0.2048,0.7897
35.6667,JELLY_C,-0.7563,-0.3313,0.6398
35.6833,JELLY_A,-0.1761,-0.2673,0.6210
35.6833,JELLY_B,-0.1606,0.2052,0.7958
35.6833,JELLY_C,-0.7593,-0.3308,0.6466
35.7000,JELLY_A,-0.1818,-0.2669,0.6262
35.7000,JELLY_B,-0.1586,0.2055,0.8018
35.7000,JELLY_C,-0.7621,-0.3303,0.6534
35.7167,JELLY_A,-0.1875,-0.2665,0.6315
35.7167,JELLY_B,-0.1567,0.2059,0.8078
35.7167,JELLY_C,-0.7645,-0.3297,0.6602
35.7333,JELLY_A,-0.1931,-0.2661,0.6367
35.7333,JELLY_B,-0.1547,0.2063,0.8138
35.7333,JELLY_C,-0.7666,-0.3292,0.6670
35.7500,JELLY_A,-0.1986,-0.2657,0.6419
35.7500,JELLY_B,-0.1528,0.2066,0.8198
35.7500,JELLY_C,-0.7684,-0.3287,0.6738
35.7667,JELLY_A,-0.2040,-0.2653,0.6472
35.7667,JELLY_B,-0.1509,0.2070,0.8258
35.7667,JELLY_C,-0.7699,-0.3282,0.6806
35.7833,JELLY_A,-0.2093,-0.2650,0.6524
35.7833,JELLY_B,-0.1490,0.2074,0.8318
35.7833,JELLY_C,-0.7711,-0.3277,0.6873
35.8000,JELLY_A,-0.2145,-0.2646,0.6577
35.8000,JELLY_B,-0.1471,0.2077,0.8378
35.8000,JELLY_C,-0.7721,-0.3271,0.6941
35.8167,JELLY_A,-0.2197,-0.2642,0.6629
35.8167,JELLY_B,-0.1453,0.2081,0.8439
35.8167,JELLY_C,-0.7728,-0.3266,0.7009
35.8333,JELLY_A,-0.2247,-0.2638,0.6682
35.8333,JELLY_B,-0.1435,0.2085,0.8499
35.8333,JELLY_C,-0.7732,-0.3261,0.7077
35.8500,JELLY_A,-0.2296,-0.2634,0.6734
35.8500,JELLY_B,-0.1417,0.2088,0.8559
35.8500,JELLY_C,-0.7734,-0.3256,0.7145
35.8667,JELLY_A,-0.2345,-0.2630,0.6787
35.8667,JELLY_B,-0.1399,0.2092,0.8619
35.8667,JELLY_C,-0.7734,-0.3250,0.7212
35.8833,JELLY_A,-0.2392,-0.2626,0.6839
35.8833,JELLY_B,-0.1381,0.2096,0.8679
35.8833,JELLY_C,-0.7731,-0.3245,0.7280
35.9000,JELLY_A,-0.2439,-0.2623,0.6891
35.9000,JELLY_B,-0.1364,0.2099,0.8739
35.9000,JELLY_C,-0.7726,-0.3240,0.7348
35.9167,JELLY_A,-0.2484,-0.2619,0.6944
35.9167,JELLY_B,-0.1347,0.2103,0.8799
35.9167,JELLY_C,-0.7719,-0.3235,0.7416
35.9333,JELLY_A,-0.2529,-0.2615,0.6996
35.9333,JELLY_B,-0.1330,0.2107,0.8859
35.9333,JELLY_C,-0.7710,-0.3229,0.7483
35.9500,JELLY_A,-0.2573,-0.2611,0.7049
35.9500,JELLY_B,-0.1313,0.2110,0.8919
35.9500,JELLY_C,-0.7699,-0.3224,0.7551
35.9667,JELLY_A,-0.2615,-0.2607,0.7101
35.9667,JELLY_B,-0.1296,0.2114,0.8979
35.9667,JELLY_C,-0.7685,-0.3219,0.7619
35.9833,JELLY_A,-0.2657,-0.2604,0.7153
35.9833,JELLY_B,-0.1280,0.2118,0.9039
35.9833,JELLY_C,-0.7670,-0.3213,0.7687
36.0000,JELLY_A,-0.2698,-0.2600,0.7206
36.0000,JELLY_B,-0.1263,0.2122,0.9099
36.0000,JELLY_C,-0.7654,-0.3208,0.7754
36.0167,JELLY_A,-0.2738,-0.2596,0.7258
36.0167,JELLY_B,-0.1247,0.2125,0.9159
36.0167,JELLY_C,-0.7635,-0.3203,0.7822
36.0333,JELLY_A,-0.2777,-0.2593,0.7311
36.0333,JELLY_B,-0.1232,0.2129,0.9219
36.0333,JELLY_C,-0.7615,-0.3198,0.7890
36.0500,JELLY_A,-0.2815,-0.2589,0.7363
36.0500,JELLY_B,-0.1216,0.2133,0.9279
36.0500,JELLY_C,-0.7593,-0.3192,0.7957
36.0667,JELLY_A,-0.2852,-0.2585,0.7415
36.0667,JELLY_B,-0.1200,0.2136,0.9339
36.0667,JELLY_C,-0.7570,-0.3187,0.8025
36.0833,JELLY_A,-0.2888,-0.2582,0.7468
36.0833,JELLY_B,-0.1185,0.2140,0.9399
36.0833,JELLY_C,-0.7545,-0.3182,0.8093
36.1000,JELLY_A,-0.2923,-0.2578,0.7520
36.1000,JELLY_B,-0.1170,0.2144,0.9459
36.1000,JELLY_C,-0.7519,-0.3176,0.8160
36.1167,JELLY_A,-0.2957,-0.2574,0.7572
36.1167,JELLY_B,-0.1155,0.2147,0.9519
36.1167,JELLY_C,-0.7491,-0.3171,0.8228
36.1333,JELLY_A,-0.2991,-0.2571,0.7625
36.1333,JELLY_B,-0.1141,0.2151,0.9579
36.1333,JELLY_C,-0.7462,-0.3166,0.8296
36.1500,JELLY_A,-0.3023,-0.2567,0.7677
36.1500,JELLY_B,-0.1126,0.2155,0.9639
36.1500,JELLY_C,-0.7432,-0.3160,0.8363
36.1667,JELLY_A,-0.3054,-0.2563,0.7729
36.1667,JELLY_B,-0.1112,0.2158,0.9699
36.1667,JELLY_C,-0.7401,-0.3155,0.8431
36.1833,JELLY_A,-0.3085,-0.2560,0.7782
36.1833,JELLY_B,-0.1098,0.2162,0.9759
36.1833,JELLY_C,-0.7369,-0.3149,0.8498
36.2000,JELLY_A,-0.3115,-0.2556,0.7834
36.2000,JELLY_B,-0.1084,0.2166,0.9819
36.2000,JELLY_C,-0.7335,-0.3144,0.8566
36.2167,JELLY_A,-0.3143,-0.2552,0.7886
36.2167,JELLY_B,-0.1071,0.2169,0.9879
36.2167,JELLY_C,-0.7300,-0.3139,0.8634
36.2333,JELLY_A,-0.3171,-0.2549,0.7939
36.2333,JELLY_B,-0.1057,0.2173,0.9939
36.2333,JELLY_C,-0.7265,-0.3133,0.8701
36.2500,JELLY_A,-0.3198,-0.2545,0.7991
36.2500,JELLY_B,-0.1044,0.2177,0.9999
36.2500,JELLY_C,-0.7229,-0.3128,0.8769
36.2667,JELLY_A,-0.3224,-0.2542,0.8043
36.2667,JELLY_B,-0.1015,0.2180,0.0059
36.2667,JELLY_C,-0.7191,-0.3122,0.8836
36.2833,JELLY_A,-0.3250,-0.2538,0.8095
36.2833,JELLY_B,-0.0871,0.2184,0.0119
36.2833,JELLY_C,-0.7153,-0.3117,0.8904
36.3000,JELLY_A,-0.3274,-0.2535,0.8148
36.3000,JELLY_B,-0.0600,0.2188,0.0179
36.3000,JELLY_C,-0.7114,-0.3112,0.8971
36.3167,JELLY_A,-0.3298,-0.2531,0.8200
36.3167,JELLY_B,-0.0209,0.2191,0.0239
36.3167,JELLY_C,-0.7074,-0.3106,0.9039
36.3333,JELLY_A,-0.3320,-0.2528,0.8252
36.3333,JELLY_B,0.0296,0.2195,0.0299
36.3333,JELLY_C,-0.7034,-0.3101,0.9106
36.3500,JELLY_A,-0.3342,-0.2524,0.8305
36.3500,JELLY_B,0.0909,0.2198,0.0359
36.3500,JELLY_C,-0.6993,-0.3095,0.9174
36.3667,JELLY_A,-0.3363,-0.2521,0.8357
36.3667,JELLY_B,0.1622,0.2201,0.0419
36.3667,JELLY_C,-0.6951,-0.3090,0.9241
36.3833,JELLY_A,-0.3383,-0.2517,0.8409
36.3833,JELLY_B,0.2429,0.2204,0.0479
36.3833,JELLY_C,-0.6909,-0.3084,0.9309
36.4000,JELLY_A,-0.3403,-0.2514,0.8461
36.4000,JELLY_B,0.3321,0.2208,0.0539
36.4000,JELLY_C,-0.6866,-0.3079,0.9376
36.4167,JELLY_A,-0.3422,-0.2510,0.8514
36.4167,JELLY_B,0.4291,0.2210,0.0598
36.4167,JELLY_C,-0.6823,-0.3073,0.9444
36.4333,JELLY_A,-0.3440,-0.2507,0.8566
36.4333,JELLY_B,0.5329,0.2213,0.0658
36.4333,JELLY_C,-0.6779,-0.3068,0.9511
36.4500,JELLY_A,-0.3457,-0.2503,0.8618
36.4500,JELLY_B,0.6427,0.2216,0.0718
36.4500,JELLY_C,-0.6734,-0.3062,0.9579
36.4667,JELLY_A,-0.3473,-0.2500,0.8670
36.4667,JELLY_B,0.7576,0.2218,0.0778
36.4667,JELLY_C,-0.6690,-0.3057,0.9646
36.4833,JELLY_A,-0.3489,-0.2496,0.8722
36.4833,JELLY_B,0.8767,0.2221,0.0838
36.4833,JELLY_C,-0.6644,-0.3051,0.9714
36.5000,JELLY_A,-0.3504,-0.2493,0.8775
36.5000,JELLY_B,0.9990,0.2223,0.0898
36.5000,JELLY_C,-0.6599,-0.3046,0.9781
36.5167,JELLY_A,-0.3518,-0.2489,0.8827
36.5167,JELLY_B,1.1236,0.2225,0.0958
36.5167,JELLY_C,-0.6553,-0.3040,0.9849
36.5333,JELLY_A,-0.3532,-0.2486,0.8879
36.5333,JELLY_B,1.2494,0.2227,0.1018
36.5333,JELLY_C,-0.6507,-0.3035,0.9916
36.5500,JELLY_A,-0.3544,-0.2482,0.8931
36.5500,JELLY_B,1.3754,0.2228,0.1078
36.5500,JELLY_C,-0.6461,-0.3029,0.9983
36.5667,JELLY_A,-0.3557,-0.2479,0.8984
36.5667,JELLY_B,1.5007,0.2230,0.1137
36.5667,JELLY_C,-0.6414,-0.3024,0.0051
36.5833,JELLY_A,-0.3568,-0.2476,0.9036
36.5833,JELLY_B,1.6243,0.2231,0.1197
36.5833,JELLY_C,-0.6366,-0.3018,0.0118
36.6000,JELLY_A,-0.3579,-0.2472,0.9088
36.6000,JELLY_B,1.7450,0.2232,0.1257
36.6000,JELLY_C,-0.6319,-0.3013,0.0186
36.6167,JELLY_A,-0.3589,-0.2469,0.9140
36.6167,JELLY_B,1.8619,0.2234,0.1317
36.6167,JELLY_C,-0.6271,-0.3007,0.0253
36.6333,JELLY_A,-0.3598,-0.2465,0.9192
36.6333,JELLY_B,1.9741,0.2235,0.1377
36.6333,JELLY_C,-0.6223,-0.3001,0.0320
36.6500,JELLY_A,-0.3607,-0.2462,0.9244
36.6500,JELLY_B,2.0803,0.2235,0.1437
36.6500,JELLY_C,-0.6175,-0.2996,0.0388
36.6667,JELLY_A,-0.3616,-0.2459,0.9297
36.6667,JELLY_B,2.1798,0.2236,0.1496
36.6667,JELLY_C,-0.6126,-0.2990,0.0455
36.6833,JELLY_A,-0.3623,-0.2455,0.9349
36.6833,JELLY_B,2.2714,0.2237,0.1556
36.6833,JELLY_C,-0.6077,-0.2985,0.0522
36.7000,JELLY_A,-0.3630,-0.2452,0.9401
36.7000,JELLY_B,2.3542,0.2238,0.1616
36.7000,JELLY_C,-0.6028,-0.2979,0.0590
36.7167,JELLY_A,-0.3637,-0.2448,0.9453
36.7167,JELLY_B,2.4273,0.2238,0.1676
36.7167,JELLY_C,-0.5979,-0.2973,0.0657
36.7333,JELLY_A,-0.3643,-0.2445,0.9505
36.7333,JELLY_B,2.4898,0.2239,0.1736
36.7333,JELLY_C,-0.5930,-0.2968,0.0724
36.7500,JELLY_A,-0.3648,-0.2442,0.9557
36.7500,JELLY_B,2.5408,0.2239,0.1795
36.7500,JELLY_C,-0.5881,-0.2962,0.0792
36.7667,JELLY_A,-0.3653,-0.2438,0.9609
36.7667,JELLY_B,2.5793,0.2240,0.1855
36.7667,JELLY_C,-0.5832,-0.2957,0.0859
36.7833,JELLY_A,-0.3657,-0.2435,0.9662
36.7833,JELLY_B,2.6047,0.2240,0.1915
36.7833,JELLY_C,-0.5783,-0.2951,0.0926
36.8000,JELLY_A,-0.3661,-0.2432,0.9714
36.8000,JELLY_B,2.6160,0.2241,0.1975
36.8000,JELLY_C,-0.5733,-0.2945,0.0993
36.8167,JELLY_A,-0.3665,-0.2428,0.9766
36.8167,JELLY_B,2.6113,0.2242,0.2035
36.8167,JELLY_C,-0.5684,-0.2940,0.1061
36.8333,JELLY_A,-0.3667,-0.2425,0.9818
36.8333,JELLY_B,2.5908,0.2242,0.2094
36.8333,JELLY_C,-0.5635,-0.2934,0.1128
36.8500,JELLY_A,-0.3670,-0.2422,0.9870
36.8500,JELLY_B,2.5592,0.2243,0.2154
36.8500,JELLY_C,-0.5586,-0.2928,0.1195
36.8667,JELLY_A,-0.3672,-0.2418,0.9922
36.8667,JELLY_B,2.5177,0.2244,0.2214
36.8667,JELLY_C,-0.5537,-0.2923,0.1262
36.8833,JELLY_A,-0.3673,-0.2415,0.9974
36.8833,JELLY_B,2.4671,0.2245,0.2274
36.8833,JELLY_C,-0.5488,-0.2917,0.1330
36.9000,JELLY_A,-0.3674,-0.2412,0.0026
36.9000,JELLY_B,2.4085,0.2246,0.2334
36.9000,JELLY_C,-0.5439,-0.2911,0.1397
36.9167,JELLY_A,-0.3675,-0.2408,0.0078
36.9167,JELLY_B,2.3427,0.2247,0.2393
36.9167,JELLY_C,-0.5391,-0.2905,0.1464
36.9333,JELLY_A,-0.3675,-0.2405,0.0130
36.9333,JELLY_B,2.2707,0.2248,0.2453
36.9333,JELLY_C,-0.5342,-0.2900,0.1531
36.9500,JELLY_A,-0.3674,-0.2402,0.0183
36.9500,JELLY_B,2.1932,0.2249,0.2513
36.9500,JELLY_C,-0.5294,-0.2894,0.1598
36.9667,JELLY_A,-0.3673,-0.2398,0.0235
36.9667,JELLY_B,2.1112,0.2250,0.2573
36.9667,JELLY_C,-0.5246,-0.2888,0.1666
36.9833,JELLY_A,-0.3672,-0.2395,0.0287
36.9833,JELLY_B,2.0254,0.2251,0.2632
36.9833,JELLY_C,-0.5198,-0.2883,0.1733
37.0000,JELLY_A,-0.3670,-0.2392,0.0339
37.0000,JELLY_B,1.9365,0.2252,0.2692
37.0000,JELLY_C,-0.5150,-0.2877,0.1800
37.0167,JELLY_A,-0.3668,-0.2388,0.0391
37.0167,JELLY_B,1.8454,0.2253,0.2752
37.0167,JELLY_C,-0.5103,-0.2871,0.1867
37.0333,JELLY_A,-0.3665,-0.2385,0.0443
37.0333,JELLY_B,1.7527,0.2254,0.2811
37.0333,JELLY_C,-0.5056,-0.2865,0.1934
37.0500,JELLY_A,-0.3662,-0.2382,0.0495
37.0500,JELLY_B,1.6592,0.2256,0.2871
37.0500,JELLY_C,-0.5008,-0.2860,0.2001
37.0667,JELLY_A,-0.3658,-0.2379,0.0547
37.0667,JELLY_B,1.5654,0.2257,0.2931
37.0667,JELLY_C,-0.4961,-0.2854,0.2068
37.0833,JELLY_A,-0.3654,-0.2375,0.0599
37.0833,JELLY_B,1.4720,0.2258,0.2991
37.0833,JELLY_C,-0.4915,-0.2848,0.2135
37.1000,JELLY_A,-0.3649,-0.2372,0.0651
37.1000,JELLY_B,1.3797,0.2260,0.3050
37.1000,JELLY_C,-0.4868,-0.2842,0.2203
37.1167,JELLY_A,-0.3645,-0.2369,0.0703
37.1167,JELLY_B,1.2890,0.2261,0.3110
37.1167,JELLY_C,-0.4822,-0.2836,0.2270
37.1333,JELLY_A,-0.3640,-0.2365,0.0755
37.1333,JELLY_B,1.2005,0.2262,0.3170
37.1333,JELLY_C,-0.4775,-0.2831,0.2337
37.1500,JELLY_A,-0.3634,-0.2362,0.0807
37.1500,JELLY_B,1.1147,0.2264,0.3229
37.1500,JELLY_C,-0.4729,-0.2825,0.2404
37.1667,JELLY_A,-0.3628,-0.2359,0.0859
37.1667,JELLY_B,1.0321,0.2265,0.3289
37.1667,JELLY_C,-0.4684,-0.2819,0.2471
37.1833,JELLY_A,-0.3622,-0.2356,0.0911
37.1833,JELLY_B,0.9533,0.2267,0.3349
37.1833,JELLY_C,-0.4638,-0.2813,0.2538
37.2000,JELLY_A,-0.3616,-0.2352,0.0963
37.2000,JELLY_B,0.8786,0.2269,0.3409
37.2000,JELLY_C,-0.4593,-0.2807,0.2605
37.2167,JELLY_A,-0.3609,-0.2349,0.1015
37.2167,JELLY_B,0.8086,0.2270,0.3468
37.2167,JELLY_C,-0.4549,-0.2801,0.2672
37.2333,JELLY_A,-0.3602,-0.2346,0.1067
37.2333,JELLY_B,0.7437,0.2272,0.3528
37.2333,JELLY_C,-0.4504,-0.2795,0.2739
37.2500,JELLY_A,-0.3595,-0.2343,0.1119
37.2500,JELLY_B,0.6842,0.2274,0.3588
37.2500,JELLY_C,-0.4460,-0.2790,0.2806
37.2667,JELLY_A,-0.3587,-0.2339,0.1171
37.2667,JELLY_B,0.6307,0.2275,0.3647
37.2667,JELLY_C,-0.4416,-0.2784,0.2873
37.2833,JELLY_A,-0.3579,-0.2336,0.1223
37.2833,JELLY_B,0.5833,0.2277,0.3707
37.2833,JELLY_C,-0.4372,-0.2778,0.2940
37.3000,JELLY_A,-0.3571,-0.2333,0.1275
37.3000,JELLY_B,0.5426,0.2279,0.3767
37.3000,JELLY_C,-0.4329,-0.2772,0.3007
37.3167,JELLY_A,-0.3563,-0.2330,0.1327
37.3167,JELLY_B,0.5087,0.2281,0.3826
37.3167,JELLY_C,-0.4286,-0.2766,0.3074
37.3333,JELLY_A,-0.3554,-0.2326,0.1379
37.3333,JELLY_B,0.4821,0.2283,0.3886
37.3333,JELLY_C,-0.4243,-0.2760,0.3141
37.3500,JELLY_A,-0.3546,-0.2323,0.1431
37.3500,JELLY_B,0.4630,0.2284,0.3946
37.3500,JELLY_C,-0.4201,-0.2754,0.3208
37.3667,JELLY_A,-0.3537,-0.2320,0.1483
37.3667,JELLY_B,0.4517,0.2286,0.4005
37.3667,JELLY_C,-0.4159,-0.2748,0.3275
37.3833,JELLY_A,-0.3527,-0.2317,0.1535
37.3833,JELLY_B,0.4439,0.2288,0.4065
37.3833,JELLY_C,-0.4117,-0.2742,0.3342
37.4000,JELLY_A,-0.3517,-0.2314,0.1587
37.4000,JELLY_B,0.4359,0.2290,0.4125
37.4000,JELLY_C,-0.4076,-0.2736,0.3409
37.4167,JELLY_A,-0.3508,-0.2310,0.1639
37.4167,JELLY_B,0.4278,0.2292,0.4184
37.4167,JELLY_C,-0.4034,-0.2730,0.3476
37.4333,JELLY_A,-0.3497,-0.2307,0.1691
37.4333,JELLY_B,0.4195,0.2294,0.4244
37.4333,JELLY_C,-0.3994,-0.2724,0.3542
37.4500,JELLY_A,-0.3487,-0.2304,0.1743
37.4500,JELLY_B,0.4112,0.2296,0.4303
37.4500,JELLY_C,-0.3953,-0.2718,0.3609
37.4667,JELLY_A,-0.3476,-0.2301,0.1795
37.4667,JELLY_B,0.4027,0.2299,0.4363
37.4667,JELLY_C,-0.3913,-0.2712,0.3676
37.4833,JELLY_A,-0.3465,-0.2297,0.1847
37.4833,JELLY_B,0.3943,0.2301,0.4423
37.4833,JELLY_C,-0.3873,-0.2706,0.3743
37.5000,JELLY_A,-0.3454,-0.2294,0.1899
37.5000,JELLY_B,0.3857,0.2303,0.4482
37.5000,JELLY_C,-0.3833,-0.2700,0.3810
37.5167,JELLY_A,-0.3442,-0.2291,0.1951
37.5167,JELLY_B,0.3771,0.2305,0.4542
37.5167,JELLY_C,-0.3794,-0.2694,0.3877
37.5333,JELLY_A,-0.3430,-0.2288,0.2002
37.5333,JELLY_B,0.3685,0.2307,0.4602
37.5333,JELLY_C,-0.3755,-0.2688,0.3944
37.5500,JELLY_A,-0.3418,-0.2285,0.2054
37.5500,JELLY_B,0.3598,0.2309,0.4661
37.5500,JELLY_C,-0.3717,-0.2682,0.4011
37.5667,JELLY_A,-0.3406,-0.2281,0.2106
37.5667,JELLY_B,0.3512,0.2312,0.4721
37.5667,JELLY_C,-0.3678,-0.2676,0.4077
37.5833,JELLY_A,-0.3394,-0.2278,0.2158
37.5833,JELLY_B,0.3425,0.2314,0.4780
37.5833,JELLY_C,-0.3640,-0.2670,0.4144
37.6000,JELLY_A,-0.3382,-0.2275,0.2210
37.6000,JELLY_B,0.3338,0.2316,0.4840
37.6000,JELLY_C,-0.3603,-0.2664,0.4211
37.6167,JELLY_A,-0.3370,-0.2272,0.2262
37.6167,JELLY_B,0.3252,0.2319,0.4900
37.6167,JELLY_C,-0.3565,-0.2657,0.4278
37.6333,JELLY_A,-0.3357,-0.2269,0.2314
37.6333,JELLY_B,0.3166,0.2321,0.4959
37.6333,JELLY_C,-0.3528,-0.2651,0.4345
37.6500,JELLY_A,-0.3345,-0.2265,0.2366
37.6500,JELLY_B,0.3080,0.2323,0.5019
37.6500,JELLY_C,-0.3491,-0.2645,0.4411
37.6667,JELLY_A,-0.3332,-0.2262,0.2418
37.6667,JELLY_B,0.2994,0.2326,0.5078
37.6667,JELLY_C,-0.3453,-0.2639,0.4478
37.6833,JELLY_A,-0.3319,-0.2259,0.2470
37.6833,JELLY_B,0.2909,0.2328,0.5138
37.6833,JELLY_C,-0.3416,-0.2633,0.4545
37.7000,JELLY_A,-0.3306,-0.2256,0.2521
37.7000,JELLY_B,0.2824,0.2331,0.5198
37.7000,JELLY_C,-0.3379,-0.2627,0.4612
37.7167,JELLY_A,-0.3293,-0.2253,0.2573
37.7167,JELLY_B,0.2740,0.2333,0.5257
37.7167,JELLY_C,-0.3341,-0.2621,0.4679
37.7333,JELLY_A,-0.3280,-0.2250,0.2625
37.7333,JELLY_B,0.2656,0.2336,0.5317
37.7333,JELLY_C,-0.3304,-0.2614,0.4745
37.7500,JELLY_A,-0.3267,-0.2246,0.2677
37.7500,JELLY_B,0.2573,0.2338,0.5376
37.7500,JELLY_C,-0.3267,-0.2608,0.4812
37.7667,JELLY_A,-0.3254,-0.2243,0.2729
37.7667,JELLY_B,0.2491,0.2341,0.5436
37.7667,JELLY_C,-0.3230,-0.2602,0.4879
37.7833,JELLY_A,-0.3241,-0.2240,0.2781
37.7833,JELLY_B,0.2409,0.2343,0.5496
37.7833,JELLY_C,-0.3193,-0.2596,0.4945
37.8000,JELLY_A,-0.3228,-0.2237,0.2833
37.8000,JELLY_B,0.2328,0.2346,0.5555
37.8000,JELLY_C,-0.3156,-0.2589,0.5012
37.8167,JELLY_A,-0.3214,-0.2234,0.2885
37.8167,JELLY_B,0.2248,0.2348,0.5615
37.8167,JELLY_C,-0.3119,-0.2583,0.5079
37.8333,JELLY_A,-0.3201,-0.2230,0.2936
37.8333,JELLY_B,0.2168,0.2351,0.5674
37.8333,JELLY_C,-0.3083,-0.2577,0.5146
37.8500,JELLY_A,-0.3188,-0.2227,0.2988
37.8500,JELLY_B,0.2090,0.2354,0.5734
37.8500,JELLY_C,-0.3046,-0.2571,0.5212
37.8667,JELLY_A,-0.3174,-0.2224,0.3040
37.8667,JELLY_B,0.2012,0.2356,0.5793
37.8667,JELLY_C,-0.3010,-0.2564,0.5279
37.8833,JELLY_A,-0.3160,-0.2221,0.3092
37.8833,JELLY_B,0.1935,0.2359,0.5853
37.8833,JELLY_C,-0.2974,-0.2558,0.5346
37.9000,JELLY_A,-0.3147,-0.2218,0.3144
37.9000,JELLY_B,0.1859,0.2362,0.5912
37.9000,JELLY_C,-0.2938,-0.2552,0.5412
37.9167,JELLY_A,-0.3133,-0.2215,0.3196
37.9167,JELLY_B,0.1784,0.2365,0.5972
37.9167,JELLY_C,-0.2902,-0.2545,0.5479
37.9333,JELLY_A,-0.3119,-0.2211,0.3248
37.9333,JELLY_B,0.1710,0.2367,0.6032
37.9333,JELLY_C,-0.2867,-0.2539,0.5545
37.9500,JELLY_A,-0.3106,-0.2208,0.3299
37.9500,JELLY_B,0.1637,0.2370,0.6091
37.9500,JELLY_C,-0.2831,-0.2533,0.5612
37.9667,JELLY_A,-0.3092,-0.2205,0.3351
37.9667,JELLY_B,0.1565,0.2373,0.6151
37.9667,JELLY_C,-0.2796,-0.2526,0.5679
37.9833,JELLY_A,-0.3078,-0.2202,0.3403
37.9833,JELLY_B,0.1494,0.2376,0.6210
37.9833,JELLY_C,-0.2761,-0.2520,0.5745
38.0000,JELLY_A,-0.3064,-0.2199,0.3455
38.0000,JELLY_B,0.1424,0.2379,0.6270
38.0000,JELLY_C,-0.2726,-0.2514,0.5812
38.0167,JELLY_A,-0.3050,-0.2195,0.3507
38.0167,JELLY_B,0.1355,0.2381,0.6329
38.0167,JELLY_C,-0.2692,-0.2507,0.5879
38.0333,JELLY_A,-0.3036,-0.2192,0.3558
38.0333,JELLY_B,0.1287,0.2384,0.6389
38.0333,JELLY_C,-0.2658,-0.2501,0.5945
38.0500,JELLY_A,-0.3022,-0.2189,0.3610
38.0500,JELLY_B,0.1220,0.2387,0.6448
38.0500,JELLY_C,-0.2624,-0.2494,0.6012
38.0667,JELLY_A,-0.3008,-0.2186,0.3662
38.0667,JELLY_B,0.1154,0.2390,0.6508
38.0667,JELLY_C,-0.2590,-0.2488,0.6078
38.0833,JELLY_A,-0.2994,-0.2183,0.3714
38.0833,JELLY_B,0.1090,0.2393,0.6567
38.0833,JELLY_C,-0.2557,-0.2482,0.6145
38.1000,JELLY_A,-0.2979,-0.2180,0.3766
38.1000,JELLY_B,0.1026,0.2396,0.6627
38.1000,JELLY_C,-0.2524,-0.2475,0.6211
38.1167,JELLY_A,-0.2965,-0.2176,0.3818
38.1167,JELLY_B,0.0964,0.2399,0.6687
38.1167,JELLY_C,-0.2491,-0.2469,0.6278
38.1333,JELLY_A,-0.2951,-0.2173,0.3869
38.1333,JELLY_B,0.0903,0.2402,0.6746
38.1333,JELLY_C,-0.2458,-0.2462,0.6344
38.1500,JELLY_A,-0.2937,-0.2170,0.3921
38.1500,JELLY_B,0.0843,0.2405,0.6806
38.1500,JELLY_C,-0.2426,-0.2456,0.6411
38.1667,JELLY_A,-0.2922,-0.2167,0.3973
38.1667,JELLY_B,0.0784,0.2408,0.6865
38.1667,JELLY_C,-0.2394,-0.2449,0.6477
38.1833,JELLY_A,-0.2908,-0.2164,0.4025
38.1833,JELLY_B,0.0726,0.2411,0.6925
38.1833,JELLY_C,-0.2362,-0.2443,0.6544
38.2000,JELLY_A,-0.2893,-0.2161,0.4076
38.2000,JELLY_B,0.0669,0.2414,0.6984
38.2000,JELLY_C,-0.2331,-0.2436,0.6610
38.2167,JELLY_A,-0.2878,-0.2157,0.4128
38.2167,JELLY_B,0.0614,0.2417,0.7044
38.2167,JELLY_C,-0.2300,-0.2430,0.6677
38.2333,JELLY_A,-0.2863,-0.2154,0.4180
38.2333,JELLY_B,0.0559,0.2420,0.7103
38.2333,JELLY_C,-0.2269,-0.2423,0.6743
38.2500,JELLY_A,-0.2848,-0.2151,0.4232
38.2500,JELLY_B,0.0506,0.2423,0.7163
38.2500,JELLY_C,-0.2238,-0.2416,0.6810
38.2667,JELLY_A,-0.2832,-0.2148,0.4284
38.2667,JELLY_B,0.0453,0.2426,0.7222
38.2667,JELLY_C,-0.2208,-0.2410,0.6876
38.2833,JELLY_A,-0.2816,-0.2145,0.4335
38.2833,JELLY_B,0.0402,0.2429,0.7282
38.2833,JELLY_C,-0.2178,-0.2403,0.6943
38.3000,JELLY_A,-0.2800,-0.2142,0.4387
38.3000,JELLY_B,0.0351,0.2432,0.7341
38.3000,JELLY_C,-0.2148,-0.2397,0.7009
38.3167,JELLY_A,-0.2783,-0.2138,0.4439
38.3167,JELLY_B,0.0302,0.2435,0.7401
38.3167,JELLY_C,-0.2119,-0.2390,0.7076
38.3333,JELLY_A,-0.2767,-0.2135,0.4491
38.3333,JELLY_B,0.0254,0.2438,0.7460
38.3333,JELLY_C,-0.2090,-0.2383,0.7142
38.3500,JELLY_A,-0.2750,-0.2132,0.4542
38.3500,JELLY_B,0.0206,0.2442,0.7520
38.3500,JELLY_C,-0.2061,-0.2377,0.7208
38.3667,JELLY_A,-0.2733,-0.2129,0.4594
38.3667,JELLY_B,0.0160,0.2445,0.7579
38.3667,JELLY_C,-0.2033,-0.2370,0.7275
38.3833,JELLY_A,-0.2716,-0.2126,0.4646
38.3833,JELLY_B,0.0115,0.2448,0.7639
38.3833,JELLY_C,-0.2005,-0.2363,0.7341
38.4000,JELLY_A,-0.2698,-0.2122,0.4698
38.4000,JELLY_B,0.0071,0.2451,0.7698
38.4000,JELLY_C,-0.1977,-0.2357,0.7408
38.4167,JELLY_A,-0.2681,-0.2119,0.4749
38.4167,JELLY_B,0.0027,0.2454,0.7758
38.4167,JELLY_C,-0.1950,-0.2350,0.7474
38.4333,JELLY_A,-0.2663,-0.2116,0.4801
38.4333,JELLY_B,-0.0015,0.2458,0.7817
38.4333,JELLY_C,-0.1922,-0.2343,0.7540
38.4500,JELLY_A,-0.2645,-0.2113,0.4853
38.4500,JELLY_B,-0.0056,0.2461,0.7877
38.4500,JELLY_C,-0.1896,-0.2337,0.7607
38.4667,JELLY_A,-0.2627,-0.2110,0.4905
38.4667,JELLY_B,-0.0096,0.2464,0.7936
38.4667,JELLY_C,-0.1869,-0.2330,0.7673
38.4833,JELLY_A,-0.2609,-0.2107,0.4956
38.4833,JELLY_B,-0.0135,0.2467,0.7996
38.4833,JELLY_C,-0.1843,-0.2323,0.7740
38.5000,JELLY_A,-0.2591,-0.2103,0.5008
38.5000,JELLY_B,-0.0174,0.2471,0.8055
38.5000,JELLY_C,-0.1817,-0.2316,0.7806
38.5167,JELLY_A,-0.2572,-0.2100,0.5060
38.5167,JELLY_B,-0.0211,0.2474,0.8115
38.5167,JELLY_C,-0.1792,-0.2310,0.7872
38.5333,JELLY_A,-0.2554,-0.2097,0.5112
38.5333,JELLY_B,-0.0247,0.2477,0.8174
38.5333,JELLY_C,-0.1766,-0.2303,0.7939
38.5500,JELLY_A,-0.2535,-0.2094,0.5163
38.5500,JELLY_B,-0.0283,0.2480,0.8234
38.5500,JELLY_C,-0.1741,-0.2296,0.8005
38.5667,JELLY_A,-0.2516,-0.2091,0.5215
38.5667,JELLY_B,-0.0317,0.2484,0.8293
38.5667,JELLY_C,-0.1717,-0.2289,0.8071
38.5833,JELLY_A,-0.2498,-0.2087,0.5267
38.5833,JELLY_B,-0.0351,0.2487,0.8353
38.5833,JELLY_C,-0.1693,-0.2282,0.8137
38.6000,JELLY_A,-0.2479,-0.2084,0.5318
38.6000,JELLY_B,-0.0384,0.2490,0.8412
38.6000,JELLY_C,-0.1669,-0.2276,0.8204
38.6167,JELLY_A,-0.2460,-0.2081,0.5370
38.6167,JELLY_B,-0.0415,0.2494,0.8472
38.6167,JELLY_C,-0.1645,-0.2269,0.8270
38.6333,JELLY_A,-0.2441,-0.2078,0.5422
38.6333,JELLY_B,-0.0446,0.2497,0.8531
38.6333,JELLY_C,-0.1622,-0.2262,0.8336
38.6500,JELLY_A,-0.2422,-0.2075,0.5474
38.6500,JELLY_B,-0.0476,0.2500,0.8591
38.6500,JELLY_C,-0.1599,-0.2255,0.8403
38.6667,JELLY_A,-0.2403,-0.2071,0.5525
38.6667,JELLY_B,-0.0506,0.2504,0.8650
38.6667,JELLY_C,-0.1576,-0.2248,0.8469
38.6833,JELLY_A,-0.2384,-0.2068,0.5577
38.6833,JELLY_B,-0.0534,0.2507,0.8710
38.6833,JELLY_C,-0.1554,-0.2241,0.8535
38.7000,JELLY_A,-0.2365,-0.2065,0.5629
38.7000,JELLY_B,-0.0562,0.2510,0.8769
38.7000,JELLY_C,-0.1531,-0.2234,0.8601
38.7167,JELLY_A,-0.2346,-0.2062,0.5680
38.7167,JELLY_B,-0.0588,0.2514,0.8829
38.7167,JELLY_C,-0.1510,-0.2228,0.8668
38.7333,JELLY_A,-0.2327,-0.2059,0.5732
38.7333,JELLY_B,-0.0614,0.2517,0.8888
38.7333,JELLY_C,-0.1488,-0.2221,0.8734
38.7500,JELLY_A,-0.2308,-0.2055,0.5784
38.7500,JELLY_B,-0.0639,0.2521,0.8948
38.7500,JELLY_C,-0.1467,-0.2214,0.8800
38.7667,JELLY_A,-0.2289,-0.2052,0.5836
38.7667,JELLY_B,-0.0664,0.2524,0.9007
38.7667,JELLY_C,-0.1446,-0.2207,0.8866
38.7833,JELLY_A,-0.2270,-0.2049,0.5887
38.7833,JELLY_B,-0.0688,0.2527,0.9067
38.7833,JELLY_C,-0.1426,-0.2200,0.8932
38.8000,JELLY_A,-0.2250,-0.2046,0.5939
38.8000,JELLY_B,-0.0710,0.2531,0.9126
38.8000,JELLY_C,-0.1405,-0.2193,0.8999
38.8167,JELLY_A,-0.2231,-0.2043,0.5991
38.8167,JELLY_B,-0.0733,0.2534,0.9186
38.8167,JELLY_C,-0.1385,-0.2186,0.9065
38.8333,JELLY_A,-0.2212,-0.2039,0.6042
38.8333,JELLY_B,-0.0754,0.2538,0.9245
38.8333,JELLY_C,-0.1366,-0.2179,0.9131
38.8500,JELLY_A,-0.2193,-0.2036,0.6094
38.8500,JELLY_B,-0.0775,0.2541,0.9305
38.8500,JELLY_C,-0.1346,-0.2172,0.9197
38.8667,JELLY_A,-0.2174,-0.2033,0.6146
38.8667,JELLY_B,-0.0795,0.2545,0.9364
38.8667,JELLY_C,-0.1327,-0.2165,0.9263
38.8833,JELLY_A,-0.2155,-0.2030,0.6197
38.8833,JELLY_B,-0.0814,0.2548,0.9424
38.8833,JELLY_C,-0.1308,-0.2158,0.9329
38.9000,JELLY_A,-0.2136,-0.2027,0.6249
38.9000,JELLY_B,-0.0833,0.2552,0.9483
38.9000,JELLY_C,-0.1290,-0.2151,0.9396
38.9167,JELLY_A,-0.2117,-0.2023,0.6301
38.9167,JELLY_B,-0.0851,0.2555,0.9543
38.9167,JELLY_C,-0.1272,-0.2144,0.9462
38.9333,JELLY_A,-0.2098,-0.2020,0.6353
38.9333,JELLY_B,-0.0869,0.2558,0.9602
38.9333,JELLY_C,-0.1254,-0.2137,0.9528
38.9500,JELLY_A,-0.2080,-0.2017,0.6404
38.9500,JELLY_B,-0.0886,0.2562,0.9662
38.9500,JELLY_C,-0.1236,-0.2129,0.9594
38.9667,JELLY_A,-0.2061,-0.2014,0.6456
38.9667,JELLY_B,-0.0903,0.2565,0.9721
38.9667,JELLY_C,-0.1219,-0.2122,0.9660
38.9833,JELLY_A,-0.2042,-0.2011,0.6508
38.9833,JELLY_B,-0.0918,0.2569,0.9780
38.9833,JELLY_C,-0.1202,-0.2115,0.9726
39.0000,JELLY_A,-0.2023,-0.2007,0.6559
39.0000,JELLY_B,-0.0934,0.2572,0.9840
39.0000,JELLY_C,-0.1185,-0.2108,0.9792
39.0167,JELLY_A,-0.2005,-0.2004,0.6611
39.0167,JELLY_B,-0.0949,0.2576,0.9899
39.0167,JELLY_C,-0.1169,-0.2101,0.9858
39.0333,JELLY_A,-0.1986,-0.2001,0.6663
39.0333,JELLY_B,-0.0963,0.2579,0.9959
39.0333,JELLY_C,-0.1152,-0.2094,0.9924
39.0500,JELLY_A,-0.1968,-0.1998,0.6714
39.0500,JELLY_B,-0.0976,0.2583,0.0018
39.0500,JELLY_C,-0.1137,-0.2087,0.9991
39.0667,JELLY_A,-0.1950,-0.1994,0.6766
39.0667,JELLY_B,-0.0925,0.2586,0.0078
39.0667,JELLY_C,-0.1099,-0.2080,0.0057
39.0833,JELLY_A,-0.1931,-0.1991,0.6818
39.0833,JELLY_B,-0.0746,0.2590,0.0137
39.0833,JELLY_C,-0.0906,-0.2072,0.0123
39.1000,JELLY_A,-0.1913,-0.1988,0.6869
39.1000,JELLY_B,-0.0446,0.2594,0.0197
39.1000,JELLY_C,-0.0543,-0.2065,0.0189
39.1167,JELLY_A,-0.1895,-0.1985,0.6921
39.1167,JELLY_B,-0.0029,0.2597,0.0256
39.1167,JELLY_C,-0.0016,-0.2058,0.0255
39.1333,JELLY_A,-0.1877,-0.1981,0.6973
39.1333,JELLY_B,0.0497,0.2601,0.0316
39.1333,JELLY_C,0.0666,-0.2051,0.0321
39.1500,JELLY_A,-0.1859,-0.1978,0.7024
39.1500,JELLY_B,0.1127,0.2605,0.0375
39.1500,JELLY_C,0.1496,-0.2044,0.0387
39.1667,JELLY_A,-0.1841,-0.1975,0.7076
39.1667,JELLY_B,0.1854,0.2608,0.0435
39.1667,JELLY_C,0.2462,-0.2036,0.0453
39.1833,JELLY_A,-0.1823,-0.1972,0.7128
39.1833,JELLY_B,0.2670,0.2612,0.0494
39.1833,JELLY_C,0.3553,-0.2029,0.0519
39.2000,JELLY_A,-0.1806,-0.1968,0.7179
39.2000,JELLY_B,0.3567,0.2616,0.0554
39.2000,JELLY_C,0.4758,-0.2022,0.0585
39.2167,JELLY_A,-0.1788,-0.1965,0.7231
39.2167,JELLY_B,0.4537,0.2620,0.0613
39.2167,JELLY_C,0.6062,-0.2015,0.0651
39.2333,JELLY_A,-0.1771,-0.1962,0.7283
39.2333,JELLY_B,0.5573,0.2624,0.0673
39.2333,JELLY_C,0.7454,-0.2007,0.0717
39.2500,JELLY_A,-0.1753,-0.1959,0.7334
39.2500,JELLY_B,0.6664,0.2628,0.0732
39.2500,JELLY_C,0.8917,-0.2000,0.0783
39.2667,JELLY_A,-0.1736,-0.1955,0.7386
39.2667,JELLY_B,0.7804,0.2632,0.0792
39.2667,JELLY_C,1.0438,-0.1993,0.0849
39.2833,JELLY_A,-0.1719,-0.1952,0.7437
39.2833,JELLY_B,0.8981,0.2636,0.0851
39.2833,JELLY_C,1.1999,-0.1985,0.0915
39.3000,JELLY_A,-0.1702,-0.1949,0.7489
39.3000,JELLY_B,1.0187,0.2640,0.0911
39.3000,JELLY_C,1.3586,-0.1978,0.0981
39.3167,JELLY_A,-0.1685,-0.1946,0.7541
39.3167,JELLY_B,1.1413,0.2644,0.0970
39.3167,JELLY_C,1.5182,-0.1971,0.1047
39.3333,JELLY_A,-0.1668,-0.1942,0.7592
39.3333,JELLY_B,1.2648,0.2649,0.1030
39.3333,JELLY_C,1.6769,-0.1964,0.1113
39.3500,JELLY_A,-0.1651,-0.1939,0.7644
39.3500,JELLY_B,1.3882,0.2653,0.1089
39.3500,JELLY_C,1.8332,-0.1957,0.1179
39.3667,JELLY_A,-0.1635,-0.1936,0.7696
39.3667,JELLY_B,1.5107,0.2658,0.1149
39.3667,JELLY_C,1.9852,-0.1949,0.1245
39.3833,JELLY_A,-0.1618,-0.1933,0.7747
39.3833,JELLY_B,1.6311,0.2662,0.1208
39.3833,JELLY_C,2.1314,-0.1942,0.1310
39.4000,JELLY_A,-0.1602,-0.1929,0.7799
39.4000,JELLY_B,1.7485,0.2667,0.1268
39.4000,JELLY_C,2.2701,-0.1935,0.1376
39.4167,JELLY_A,-0.1586,-0.1926,0.7851
39.4167,JELLY_B,1.8618,0.2671,0.1327
39.4167,JELLY_C,2.3996,-0.1928,0.1442
39.4333,JELLY_A,-0.1570,-0.1923,0.7902
39.4333,JELLY_B,1.9701,0.2676,0.1387
39.4333,JELLY_C,2.5183,-0.1921,0.1508
39.4500,JELLY_A,-0.1554,-0.1920,0.7954
39.4500,JELLY_B,2.0724,0.2681,0.1446
39.4500,JELLY_C,2.6247,-0.1914,0.1574
39.4667,JELLY_A,-0.1538,-0.1916,0.8006
39.4667,JELLY_B,2.1678,0.2685,0.1506
39.4667,JELLY_C,2.7174,-0.1907,0.1640
39.4833,JELLY_A,-0.1522,-0.1913,0.8057
39.4833,JELLY_B,2.2551,0.2690,0.1565
39.4833,JELLY_C,2.7949,-0.1900,0.1706
39.5000,JELLY_A,-0.1507,-0.1910,0.8109
39.5000,JELLY_B,2.3336,0.2695,0.1625
39.5000,JELLY_C,2.8559,-0.1893,0.1772
39.5167,JELLY_A,-0.1491,-0.1906,0.8160
39.5167,JELLY_B,2.4022,0.2699,0.1684
39.5167,JELLY_C,2.8992,-0.1886,0.1838
39.5333,JELLY_A,-0.1476,-0.1903,0.8212
39.5333,JELLY_B,2.4602,0.2704,0.1744
39.5333,JELLY_C,2.9238,-0.1879,0.1904
39.5500,JELLY_A,-0.1461,-0.1900,0.8264
39.5500,JELLY_B,2.5065,0.2709,0.1803
39.5500,JELLY_C,2.9284,-0.1872,0.1969
39.5667,JELLY_A,-0.1446,-0.1896,0.8315
39.5667,JELLY_B,2.5405,0.2714,0.1863
39.5667,JELLY_C,2.9110,-0.1865,0.2035
39.5833,JELLY_A,-0.1431,-0.1893,0.8367
39.5833,JELLY_B,2.5612,0.2719,0.1922
39.5833,JELLY_C,2.8731,-0.1858,0.2101
39.6000,JELLY_A,-0.1416,-0.1890,0.8419
39.6000,JELLY_B,2.5680,0.2723,0.1982
39.6000,JELLY_C,2.8203,-0.1851,0.2167
39.6167,JELLY_A,-0.1401,-0.1887,0.8470
39.6167,JELLY_B,2.5597,0.2728,0.2041
39.6167,JELLY_C,2.7540,-0.1844,0.2233
39.6333,JELLY_A,-0.1387,-0.1883,0.8522
39.6333,JELLY_B,2.5382,0.2733,0.2101
39.6333,JELLY_C,2.6758,-0.1837,0.2299
39.6500,JELLY_A,-0.1372,-0.1880,0.8574
39.6500,JELLY_B,2.5059,0.2737,0.2161
39.6500,JELLY_C,2.5871,-0.1831,0.2364
39.6667,JELLY_A,-0.1358,-0.1877,0.8625
39.6667,JELLY_B,2.4637,0.2742,0.2220
39.6667,JELLY_C,2.4892,-0.1824,0.2430
39.6833,JELLY_A,-0.1344,-0.1873,0.8677
39.6833,JELLY_B,2.4125,0.2747,0.2280
39.6833,JELLY_C,2.3835,-0.1817,0.2496
39.7000,JELLY_A,-0.1330,-0.1870,0.8728
39.7000,JELLY_B,2.3533,0.2751,0.2339
39.7000,JELLY_C,2.2714,-0.1810,0.2562
39.7167,JELLY_A,-0.1316,-0.1867,0.8780
39.7167,JELLY_B,2.2869,0.2756,0.2399
39.7167,JELLY_C,2.1539,-0.1804,0.2628
39.7333,JELLY_A,-0.1302,-0.1863,0.8832
39.7333,JELLY_B,2.2143,0.2760,0.2458
39.7333,JELLY_C,2.0324,-0.1797,0.2693
39.7500,JELLY_A,-0.1289,-0.1860,0.8883
39.7500,JELLY_B,2.1363,0.2765,0.2518
39.7500,JELLY_C,1.9080,-0.1790,0.2759
39.7667,JELLY_A,-0.1275,-0.1857,0.8935
39.7667,JELLY_B,2.0536,0.2769,0.2577
39.7667,JELLY_C,1.7817,-0.1783,0.2825
39.7833,JELLY_A,-0.1262,-0.1853,0.8987
39.7833,JELLY_B,1.9671,0.2774,0.2637
39.7833,JELLY_C,1.6546,-0.1777,0.2891
39.8000,JELLY_A,-0.1249,-0.1850,0.9038
39.8000,JELLY_B,1.8775,0.2778,0.2696
39.8000,JELLY_C,1.5277,-0.1770,0.2957
39.8167,JELLY_A,-0.1236,-0.1847,0.9090
39.8167,JELLY_B,1.7855,0.2782,0.2756
39.8167,JELLY_C,1.4019,-0.1763,0.3022
39.8333,JELLY_A,-0.1223,-0.1843,0.9141
39.8333,JELLY_B,1.6919,0.2787,0.2815
39.8333,JELLY_C,1.2783,-0.1757,0.3088
39.8500,JELLY_A,-0.1210,-0.1840,0.9193
39.8500,JELLY_B,1.5974,0.2791,0.2875
39.8500,JELLY_C,1.1575,-0.1750,0.3154
39.8667,JELLY_A,-0.1198,-0.1837,0.9245
39.8667,JELLY_B,1.5025,0.2796,0.2935
39.8667,JELLY_C,1.0405,-0.1744,0.3220
39.8833,JELLY_A,-0.1185,-0.1833,0.9296
39.8833,JELLY_B,1.4079,0.2800,0.2994
39.8833,JELLY_C,0.9281,-0.1737,0.3285
39.9000,JELLY_A,-0.1173,-0.1830,0.9348
39.9000,JELLY_B,1.3143,0.2804,0.3054
39.9000,JELLY_C,0.8210,-0.1730,0.3351
39.9167,JELLY_A,-0.1161,-0.1827,0.9400
39.9167,JELLY_B,1.2222,0.2808,0.3113
39.9167,JELLY_C,0.7198,-0.1724,0.3417
39.9333,JELLY_A,-0.1149,-0.1823,0.9451
39.9333,JELLY_B,1.1322,0.2813,0.3173
39.9333,JELLY_C,0.6253,-0.1717,0.3482
39.9500,JELLY_A,-0.1137,-0.1820,0.9503
39.9500,JELLY_B,1.0448,0.2817,0.3232
39.9500,JELLY_C,0.5382,-0.1711,0.3548
39.9667,JELLY_A,-0.1126,-0.1817,0.9554
39.9667,JELLY_B,0.9605,0.2821,0.3292
39.9667,JELLY_C,0.4589,-0.1704,0.3614
39.9833,JELLY_A,-0.1114,-0.1813,0.9606
39.9833,JELLY_B,0.8799,0.2825,0.3352
39.9833,JELLY_C,0.3881,-0.1697,0.3680
40.0000,JELLY_A,-0.1103,-0.1810,0.9658
40.0000,JELLY_B,0.8034,0.2830,0.3411
40.0000,JELLY_C,0.3262,-0.1691,0.3745
40.0167,JELLY_A,-0.1092,-0.1806,0.9709
40.0167,JELLY_B,0.7315,0.2834,0.3471
40.0167,JELLY_C,0.2739,-0.1684,0.3811
40.0333,JELLY_A,-0.1081,-0.1803,0.9761
40.0333,JELLY_B,0.6646,0.2838,0.3530
40.0333,JELLY_C,0.2314,-0.1678,0.3877
40.0500,JELLY_A,-0.1071,-0.1800,0.9813
40.0500,JELLY_B,0.6032,0.2842,0.3590
40.0500,JELLY_C,0.1993,-0.1671,0.3942
40.0667,JELLY_A,-0.1060,-0.1796,0.9864
40.0667,JELLY_B,0.5476,0.2846,0.3649
40.0667,JELLY_C,0.1779,-0.1665,0.4008
40.0833,JELLY_A,-0.1050,-0.1793,0.9916
40.0833,JELLY_B,0.4982,0.2850,0.3709
40.0833,JELLY_C,0.1608,-0.1658,0.4074
40.1000,JELLY_A,-0.1039,-0.1790,0.9967
40.1000,JELLY_B,0.4553,0.2854,0.3769
40.1000,JELLY_C,0.1439,-0.1652,0.4139
40.1167,JELLY_A,-0.1029,-0.1786,0.0019
40.1167,JELLY_B,0.4194,0.2858,0.3828
40.1167,JELLY_C,0.1273,-0.1645,0.4205
40.1333,JELLY_A,-0.0977,-0.1783,0.0071
40.1333,JELLY_B,0.3908,0.2862,0.3888
40.1333,JELLY_C,0.1109,-0.1639,0.4271
40.1500,JELLY_A,-0.0842,-0.1779,0.0122
40.1500,JELLY_B,0.3696,0.2866,0.3947
40.1500,JELLY_C,0.0948,-0.1632,0.4336
40.1667,JELLY_A,-0.0628,-0.1776,0.0174
40.1667,JELLY_B,0.3564,0.2870,0.4007
40.1667,JELLY_C,0.0791,-0.1626,0.4402
40.1833,JELLY_A,-0.0339,-0.1773,0.0226
40.1833,JELLY_B,0.3478,0.2874,0.4067
40.1833,JELLY_C,0.0637,-0.1619,0.4468
40.2000,JELLY_A,0.0022,-0.1769,0.0277
40.2000,JELLY_B,0.3392,0.2878,0.4126
40.2000,JELLY_C,0.0486,-0.1613,0.4533
40.2167,JELLY_A,0.0452,-0.1766,0.0329
40.2167,JELLY_B,0.3304,0.2882,0.4186
40.2167,JELLY_C,0.0338,-0.1606,0.4599
40.2333,JELLY_A,0.0946,-0.1762,0.0381
40.2333,JELLY_B,0.3216,0.2886,0.4246
40.2333,JELLY_C,0.0194,-0.1600,0.4664
40.2500,JELLY_A,0.1500,-0.1759,0.0432
40.2500,JELLY_B,0.3126,0.2890,0.4305
40.2500,JELLY_C,0.0054,-0.1593,0.4730
40.2667,JELLY_A,0.2109,-0.1756,0.0484
40.2667,JELLY_B,0.3036,0.2894,0.4365
40.2667,JELLY_C,-0.0083,-0.1587,0.4796
40.2833,JELLY_A,0.2771,-0.1752,0.0535
40.2833,JELLY_B,0.2946,0.2898,0.4424
40.2833,JELLY_C,-0.0216,-0.1580,0.4861
40.3000,JELLY_A,0.3479,-0.1749,0.0587
40.3000,JELLY_B,0.2854,0.2902,0.4484
40.3000,JELLY_C,-0.0346,-0.1574,0.4927
40.3167,JELLY_A,0.4230,-0.1746,0.0639
40.3167,JELLY_B,0.2763,0.2905,0.4544
40.3167,JELLY_C,-0.0472,-0.1567,0.4992
40.3333,JELLY_A,0.5018,-0.1743,0.0690
40.3333,JELLY_B,0.2671,0.2909,0.4603
40.3333,JELLY_C,-0.0595,-0.1561,0.5058
40.3500,JELLY_A,0.5840,-0.1739,0.0742
40.3500,JELLY_B,0.2579,0.2913,0.4663
40.3500,JELLY_C,-0.0714,-0.1554,0.5124
40.3667,JELLY_A,0.6689,-0.1736,0.0794
40.3667,JELLY_B,0.2487,0.2917,0.4723
40.3667,JELLY_C,-0.0830,-0.1548,0.5189
40.3833,JELLY_A,0.7562,-0.1733,0.0845
40.3833,JELLY_B,0.2395,0.2921,0.4782
40.3833,JELLY_C,-0.0942,-0.1541,0.5255
40.4000,JELLY_A,0.8452,-0.1730,0.0897
40.4000,JELLY_B,0.2304,0.2924,0.4842
40.4000,JELLY_C,-0.1050,-0.1535,0.5320
40.4167,JELLY_A,0.9355,-0.1727,0.0948
40.4167,JELLY_B,0.2212,0.2928,0.4902
40.4167,JELLY_C,-0.1156,-0.1528,0.5386
40.4333,JELLY_A,1.0267,-0.1724,0.1000
40.4333,JELLY_B,0.2121,0.2932,0.4961
40.4333,JELLY_C,-0.1258,-0.1522,0.5451
40.4500,JELLY_A,1.1180,-0.1721,0.1052
40.4500,JELLY_B,0.2030,0.2936,0.5021
40.4500,JELLY_C,-0.1356,-0.1515,0.5517
40.4667,JELLY_A,1.2091,-0.1718,0.1103
40.4667,JELLY_B,0.1940,0.2939,0.5081
40.4667,JELLY_C,-0.1452,-0.1508,0.5582
40.4833,JELLY_A,1.2994,-0.1715,0.1155
40.4833,JELLY_B,0.1850,0.2943,0.5140
40.4833,JELLY_C,-0.1544,-0.1502,0.5648
40.5000,JELLY_A,1.3883,-0.1712,0.1207
40.5000,JELLY_B,0.1761,0.2947,0.5200
40.5000,JELLY_C,-0.1634,-0.1495,0.5713
40.5167,JELLY_A,1.4754,-0.1709,0.1258
40.5167,JELLY_B,0.1672,0.2950,0.5260
40.5167,JELLY_C,-0.1720,-0.1489,0.5779
40.5333,JELLY_A,1.5601,-0.1706,0.1310
40.5333,JELLY_B,0.1584,0.2954,0.5319
40.5333,JELLY_C,-0.1803,-0.1482,0.5845
40.5500,JELLY_A,1.6419,-0.1703,0.1362
40.5500,JELLY_B,0.1496,0.2958,0.5379
40.5500,JELLY_C,-0.1883,-0.1476,0.5910
40.5667,JELLY_A,1.7203,-0.1700,0.1413
40.5667,JELLY_B,0.1410,0.2961,0.5439
40.5667,JELLY_C,-0.1961,-0.1469,0.5976
40.5833,JELLY_A,1.7947,-0.1698,0.1465
40.5833,JELLY_B,0.1324,0.2965,0.5498
40.5833,JELLY_C,-0.2035,-0.1462,0.6041
40.6000,JELLY_A,1.8646,-0.1695,0.1516
40.6000,JELLY_B,0.1238,0.2968,0.5558
40.6000,JELLY_C,-0.2107,-0.1456,0.6107
40.6167,JELLY_A,1.9295,-0.1692,0.1568
40.6167,JELLY_B,0.1154,0.2972,0.5618
40.6167,JELLY_C,-0.2176,-0.1449,0.6172
40.6333,JELLY_A,1.9888,-0.1690,0.1620
40.6333,JELLY_B,0.1070,0.2976,0.5677
40.6333,JELLY_C,-0.2242,-0.1443,0.6238
40.6500,JELLY_A,2.0422,-0.1687,0.1671
40.6500,JELLY_B,0.0988,0.2979,0.5737
40.6500,JELLY_C,-0.2306,-0.1436,0.6303
40.6667,JELLY_A,2.0890,-0.1684,0.1723
40.6667,JELLY_B,0.0906,0.2983,0.5797
40.6667,JELLY_C,-0.2367,-0.1429,0.6369
40.6833,JELLY_A,2.1289,-0.1682,0.1775
40.6833,JELLY_B,0.0825,0.2986,0.5857
40.6833,JELLY_C,-0.2425,-0.1423,0.6434
40.7000,JELLY_A,2.1612,-0.1679,0.1826
40.7000,JELLY_B,0.0745,0.2990,0.5916
40.7000,JELLY_C,-0.2481,-0.1416,0.6500
40.7167,JELLY_A,2.1856,-0.1677,0.1878
40.7167,JELLY_B,0.0666,0.2993,0.5976
40.7167,JELLY_C,-0.2535,-0.1409,0.6565
40.7333,JELLY_A,2.2016,-0.1674,0.1930
40.7333,JELLY_B,0.0588,0.2997,0.6036
40.7333,JELLY_C,-0.2586,-0.1403,0.6630
40.7500,JELLY_A,2.2088,-0.1672,0.1981
40.7500,JELLY_B,0.0511,0.3000,0.6096
40.7500,JELLY_C,-0.2635,-0.1396,0.6696
40.7667,JELLY_A,2.2061,-0.1669,0.2033
40.7667,JELLY_B,0.0435,0.3004,0.6155
40.7667,JELLY_C,-0.2681,-0.1389,0.6761
40.7833,JELLY_A,2.1942,-0.1667,0.2085
40.7833,JELLY_B,0.0361,0.3007,0.6215
40.7833,JELLY_C,-0.2726,-0.1383,0.6827
40.8000,JELLY_A,2.1751,-0.1664,0.2136
40.8000,JELLY_B,0.0287,0.3011,0.6275
40.8000,JELLY_C,-0.2768,-0.1376,0.6892
40.8167,JELLY_A,2.1494,-0.1662,0.2188
40.8167,JELLY_B,0.0215,0.3014,0.6335
40.8167,JELLY_C,-0.2808,-0.1369,0.6958
40.8333,JELLY_A,2.1176,-0.1659,0.2240
40.8333,JELLY_B,0.0144,0.3018,0.6394
40.8333,JELLY_C,-0.2846,-0.1362,0.7023
40.8500,JELLY_A,2.0803,-0.1657,0.2291
40.8500,JELLY_B,0.0073,0.3021,0.6454
40.8500,JELLY_C,-0.2883,-0.1356,0.7089
40.8667,JELLY_A,2.0378,-0.1654,0.2343
40.8667,JELLY_B,0.0004,0.3024,0.6514
40.8667,JELLY_C,-0.2917,-0.1349,0.7154
40.8833,JELLY_A,1.9908,-0.1652,0.2395
40.8833,JELLY_B,-0.0063,0.3028,0.6574
40.8833,JELLY_C,-0.2949,-0.1342,0.7220
40.9000,JELLY_A,1.9396,-0.1650,0.2446
40.9000,JELLY_B,-0.0130,0.3031,0.6633
40.9000,JELLY_C,-0.2979,-0.1335,0.7285
40.9167,JELLY_A,1.8848,-0.1647,0.2498
40.9167,JELLY_B,-0.0195,0.3035,0.6693
40.9167,JELLY_C,-0.3008,-0.1328,0.7350
40.9333,JELLY_A,1.8268,-0.1645,0.2550
40.9333,JELLY_B,-0.0260,0.3038,0.6753
40.9333,JELLY_C,-0.3035,-0.1322,0.7416
40.9500,JELLY_A,1.7661,-0.1642,0.2601
40.9500,JELLY_B,-0.0323,0.3041,0.6813
40.9500,JELLY_C,-0.3060,-0.1315,0.7481
40.9667,JELLY_A,1.7030,-0.1640,0.2653
40.9667,JELLY_B,-0.0384,0.3045,0.6873
40.9667,JELLY_C,-0.3084,-0.1308,0.7547
40.9833,JELLY_A,1.6379,-0.1638,0.2705
40.9833,JELLY_B,-0.0445,0.3048,0.6932
40.9833,JELLY_C,-0.3106,-0.1301,0.7612
41.0000,JELLY_A,1.5714,-0.1635,0.2756
41.0000,JELLY_B,-0.0504,0.3051,0.6992
41.0000,JELLY_C,-0.3126,-0.1294,0.7677
41.0167,JELLY_A,1.5037,-0.1633,0.2808
41.0167,JELLY_B,-0.0563,0.3055,0.7052
41.0167,JELLY_C,-0.3145,-0.1287,0.7743
41.0333,JELLY_A,1.4353,-0.1631,0.2860
41.0333,JELLY_B,-0.0620,0.3058,0.7112
41.0333,JELLY_C,-0.3162,-0.1280,0.7808
41.0500,JELLY_A,1.3666,-0.1629,0.2911
41.0500,JELLY_B,-0.0675,0.3061,0.7172
41.0500,JELLY_C,-0.3178,-0.1273,0.7874
41.0667,JELLY_A,1.2978,-0.1626,0.2963
41.0667,JELLY_B,-0.0730,0.3065,0.7232
41.0667,JELLY_C,-0.3192,-0.1267,0.7939
41.0833,JELLY_A,1.2294,-0.1624,0.3015
41.0833,JELLY_B,-0.0783,0.3068,0.7291
41.0833,JELLY_C,-0.3205,-0.1260,0.8004
41.1000,JELLY_A,1.1616,-0.1622,0.3066
41.1000,JELLY_B,-0.0836,0.3071,0.7351
41.1000,JELLY_C,-0.3217,-0.1253,0.8070
41.1167,JELLY_A,1.0949,-0.1620,0.3118
41.1167,JELLY_B,-0.0886,0.3075,0.7411
41.1167,JELLY_C,-0.3227,-0.1246,0.8135
41.1333,JELLY_A,1.0295,-0.1617,0.3170
41.1333,JELLY_B,-0.0936,0.3078,0.7471
41.1333,JELLY_C,-0.3237,-0.1239,0.8201
41.1500,JELLY_A,0.9657,-0.1615,0.3221
41.1500,JELLY_B,-0.0985,0.3081,0.7531
41.1500,JELLY_C,-0.3245,-0.1232,0.8266
41.1667,JELLY_A,0.9039,-0.1613,0.3273
41.1667,JELLY_B,-0.1032,0.3084,0.7591
41.1667,JELLY_C,-0.3251,-0.1225,0.8331
41.1833,JELLY_A,0.8443,-0.1611,0.3325
41.1833,JELLY_B,-0.1078,0.3088,0.7651
41.1833,JELLY_C,-0.3257,-0.1218,0.8397
41.2000,JELLY_A,0.7873,-0.1609,0.3376
41.2000,JELLY_B,-0.1124,0.3091,0.7710
41.2000,JELLY_C,-0.3262,-0.1211,0.8462
41.2167,JELLY_A,0.7330,-0.1607,0.3428
41.2167,JELLY_B,-0.1167,0.3094,0.7770
41.2167,JELLY_C,-0.3265,-0.1204,0.8527
41.2333,JELLY_A,0.6818,-0.1604,0.3480
41.2333,JELLY_B,-0.1210,0.3097,0.7830
41.2333,JELLY_C,-0.3268,-0.1197,0.8593
41.2500,JELLY_A,0.6339,-0.1602,0.3531
41.2500,JELLY_B,-0.1252,0.3100,0.7890
41.2500,JELLY_C,-0.3269,-0.1190,0.8658
41.2667,JELLY_A,0.5896,-0.1600,0.3583
41.2667,JELLY_B,-0.1292,0.3104,0.7950
41.2667,JELLY_C,-0.3270,-0.1183,0.8723
41.2833,JELLY_A,0.5490,-0.1598,0.3635
41.2833,JELLY_B,-0.1331,0.3107,0.8010
41.2833,JELLY_C,-0.3270,-0.1176,0.8789
41.3000,JELLY_A,0.5125,-0.1596,0.3687
41.3000,JELLY_B,-0.1370,0.3110,0.8070
41.3000,JELLY_C,-0.3269,-0.1169,0.8854
41.3167,JELLY_A,0.4802,-0.1594,0.3738
41.3167,JELLY_B,-0.1407,0.3113,0.8130
41.3167,JELLY_C,-0.3266,-0.1161,0.8919
41.3333,JELLY_A,0.4523,-0.1592,0.3790
41.3333,JELLY_B,-0.1443,0.3116,0.8190
41.3333,JELLY_C,-0.3264,-0.1154,0.8985
41.3500,JELLY_A,0.4291,-0.1590,0.3842
41.3500,JELLY_B,-0.1478,0.3120,0.8250
41.3500,JELLY_C,-0.3260,-0.1147,0.9050
41.3667,JELLY_A,0.4108,-0.1588,0.3893
41.3667,JELLY_B,-0.1512,0.3123,0.8310
41.3667,JELLY_C,-0.3256,-0.1140,0.9115
41.3833,JELLY_A,0.3974,-0.1586,0.3945
41.3833,JELLY_B,-0.1544,0.3126,0.8370
41.3833,JELLY_C,-0.3250,-0.1133,0.9181
41.4000,JELLY_A,0.3894,-0.1584,0.3997
41.4000,JELLY_B,-0.1576,0.3129,0.8429
41.4000,JELLY_C,-0.3245,-0.1126,0.9246
41.4167,JELLY_A,0.3849,-0.1582,0.4048
41.4167,JELLY_B,-0.1607,0.3132,0.8489
41.4167,JELLY_C,-0.3238,-0.1119,0.9311
41.4333,JELLY_A,0.3805,-0.1580,0.4100
41.4333,JELLY_B,-0.1637,0.3135,0.8549
41.4333,JELLY_C,-0.3231,-0.1111,0.9377
41.4500,JELLY_A,0.3759,-0.1578,0.4152
41.4500,JELLY_B,-0.1666,0.3138,0.8609
41.4500,JELLY_C,-0.3223,-0.1104,0.9442
41.4667,JELLY_A,0.3712,-0.1576,0.4204
41.4667,JELLY_B,-0.1693,0.3141,0.8669
41.4667,JELLY_C,-0.3215,-0.1097,0.9507
41.4833,JELLY_A,0.3664,-0.1574,0.4255
41.4833,JELLY_B,-0.1720,0.3144,0.8729
41.4833,JELLY_C,-0.3206,-0.1090,0.9573
41.5000,JELLY_A,0.3615,-0.1572,0.4307
41.5000,JELLY_B,-0.1746,0.3147,0.8789
41.5000,JELLY_C,-0.3197,-0.1083,0.9638
41.5167,JELLY_A,0.3565,-0.1570,0.4359
41.5167,JELLY_B,-0.1771,0.3151,0.8849
41.5167,JELLY_C,-0.3187,-0.1075,0.9703
41.5333,JELLY_A,0.3514,-0.1568,0.4411
41.5333,JELLY_B,-0.1795,0.3154,0.8909
41.5333,JELLY_C,-0.3176,-0.1068,0.9769
41.5500,JELLY_A,0.3462,-0.1566,0.4462
41.5500,JELLY_B,-0.1818,0.3157,0.8969
41.5500,JELLY_C,-0.3165,-0.1061,0.9834
41.5667,JELLY_A,0.3410,-0.1564,0.4514
41.5667,JELLY_B,-0.1840,0.3160,0.9029
41.5667,JELLY_C,-0.3154,-0.1053,0.9899
41.5833,JELLY_A,0.3357,-0.1562,0.4566
41.5833,JELLY_B,-0.1862,0.3163,0.9089
41.5833,JELLY_C,-0.3142,-0.1046,0.9965
41.6000,JELLY_A,0.3303,-0.1560,0.4617
41.6000,JELLY_B,-0.1882,0.3166,0.9149
41.6000,JELLY_C,-0.3130,-0.1039,0.0030
41.6167,JELLY_A,0.3248,-0.1558,0.4669
41.6167,JELLY_B,-0.1902,0.3169,0.9209
41.6167,JELLY_C,-0.3032,-0.1032,0.0095
41.6333,JELLY_A,0.3193,-0.1556,0.4721
41.6333,JELLY_B,-0.1921,0.3172,0.9269
41.6333,JELLY_C,-0.2763,-0.1024,0.0160
41.6500,JELLY_A,0.3138,-0.1554,0.4773
41.6500,JELLY_B,-0.1939,0.3175,0.9329
41.6500,JELLY_C,-0.2332,-0.1017,0.0226
41.6667,JELLY_A,0.3082,-0.1553,0.4824
41.6667,JELLY_B,-0.1956,0.3178,0.9389
41.6667,JELLY_C,-0.1743,-0.1010,0.0291
41.6833,JELLY_A,0.3026,-0.1551,0.4876
41.6833,JELLY_B,-0.1972,0.3181,0.9450
41.6833,JELLY_C,-0.1006,-0.1003,0.0356
41.7000,JELLY_A,0.2969,-0.1549,0.4928
41.7000,JELLY_B,-0.1988,0.3184,0.9510
41.7000,JELLY_C,-0.0129,-0.0997,0.0422
41.7167,JELLY_A,0.2912,-0.1547,0.4980
41.7167,JELLY_B,-0.2003,0.3187,0.9570
41.7167,JELLY_C,0.0878,-0.0990,0.0487
41.7333,JELLY_A,0.2855,-0.1545,0.5031
41.7333,JELLY_B,-0.2017,0.3190,0.9630
41.7333,JELLY_C,0.2004,-0.0984,0.0552
41.7500,JELLY_A,0.2798,-0.1543,0.5083
41.7500,JELLY_B,-0.2030,0.3193,0.9690
41.7500,JELLY_C,0.3237,-0.0978,0.0617
41.7667,JELLY_A,0.2741,-0.1541,0.5135
41.7667,JELLY_B,-0.2043,0.3196,0.9750
41.7667,JELLY_C,0.4564,-0.0972,0.0683
41.7833,JELLY_A,0.2683,-0.1539,0.5187
41.7833,JELLY_B,-0.2055,0.3198,0.9810
41.7833,JELLY_C,0.5972,-0.0966,0.0748
41.8000,JELLY_A,0.2626,-0.1537,0.5238
41.8000,JELLY_B,-0.2066,0.3201,0.9870
41.8000,JELLY_C,0.7445,-0.0961,0.0813
41.8167,JELLY_A,0.2568,-0.1536,0.5290
41.8167,JELLY_B,-0.2077,0.3204,0.9930
41.8167,JELLY_C,0.8970,-0.0956,0.0878
41.8333,JELLY_A,0.2510,-0.1534,0.5342
41.8333,JELLY_B,-0.2087,0.3207,0.9990
41.8333,JELLY_C,1.0530,-0.0952,0.0944
41.8500,JELLY_A,0.2452,-0.1532,0.5394
41.8500,JELLY_B,-0.2079,0.3210,0.0050
41.8500,JELLY_C,1.2111,-0.0947,0.1009
41.8667,JELLY_A,0.2395,-0.1530,0.5446
41.8667,JELLY_B,-0.1955,0.3213,0.0111
41.8667,JELLY_C,1.3694,-0.0943,0.1074
41.8833,JELLY_A,0.2337,-0.1528,0.5497
41.8833,JELLY_B,-0.1701,0.3216,0.0171
41.8833,JELLY_C,1.5265,-0.0940,0.1140
41.9000,JELLY_A,0.2280,-0.1526,0.5549
41.9000,JELLY_B,-0.1325,0.3219,0.0231
41.9000,JELLY_C,1.6806,-0.0936,0.1205
41.9167,JELLY_A,0.2222,-0.1524,0.5601
41.9167,JELLY_B,-0.0831,0.3222,0.0291
41.9167,JELLY_C,1.8300,-0.0933,0.1270
41.9333,JELLY_A,0.2165,-0.1523,0.5653
41.9333,JELLY_B,-0.0226,0.3225,0.0351
41.9333,JELLY_C,1.9732,-0.0931,0.1335
41.9500,JELLY_A,0.2108,-0.1521,0.5704
41.9500,JELLY_B,0.0483,0.3228,0.0411
41.9500,JELLY_C,2.1085,-0.0928,0.1401
41.9667,JELLY_A,0.2052,-0.1519,0.5756
41.9667,JELLY_B,0.1288,0.3230,0.0472
41.9667,JELLY_C,2.2342,-0.0926,0.1466
41.9833,JELLY_A,0.1995,-0.1517,0.5808
41.9833,JELLY_B,0.2182,0.3233,0.0532
41.9833,JELLY_C,2.3489,-0.0924,0.1531
42.0000,JELLY_A,0.1939,-0.1515,0.5860
42.0000,JELLY_B,0.3156,0.3236,0.0592
42.0000,JELLY_C,2.4511,-0.0922,0.1596
42.0167,JELLY_A,0.1883,-0.1513,0.5912
42.0167,JELLY_B,0.4202,0.3239,0.0652
42.0167,JELLY_C,2.5394,-0.0921,0.1662
42.0333,JELLY_A,0.1827,-0.1511,0.5963
42.0333,JELLY_B,0.5311,0.3242,0.0712
42.0333,JELLY_C,2.6123,-0.0919,0.1727
42.0500,JELLY_A,0.1772,-0.1509,0.6015
42.0500,JELLY_B,0.6473,0.3245,0.0773
42.0500,JELLY_C,2.6687,-0.0918,0.1792
42.0667,JELLY_A,0.1717,-0.1508,0.6067
42.0667,JELLY_B,0.7679,0.3248,0.0833
42.0667,JELLY_C,2.7075,-0.0917,0.1857
42.0833,JELLY_A,0.1662,-0.1506,0.6119
42.0833,JELLY_B,0.8920,0.3251,0.0893
42.0833,JELLY_C,2.7275,-0.0916,0.1923
42.1000,JELLY_A,0.1608,-0.1504,0.6171
42.1000,JELLY_B,1.0185,0.3254,0.0953
42.1000,JELLY_C,2.7279,-0.0915,0.1988
42.1167,JELLY_A,0.1554,-0.1502,0.6222
42.1167,JELLY_B,1.1463,0.3258,0.1013
42.1167,JELLY_C,2.7073,-0.0913,0.2053
42.1333,JELLY_A,0.1500,-0.1500,0.6274
42.1333,JELLY_B,1.2746,0.3261,0.1074
42.1333,JELLY_C,2.6685,-0.0912,0.2118
42.1500,JELLY_A,0.1447,-0.1498,0.6326
42.1500,JELLY_B,1.4021,0.3264,0.1134
42.1500,JELLY_C,2.6150,-0.0911,0.2183
42.1667,JELLY_A,0.1395,-0.1496,0.6378
42.1667,JELLY_B,1.5279,0.3267,0.1194
42.1667,JELLY_C,2.5481,-0.0909,0.2249
42.1833,JELLY_A,0.1343,-0.1494,0.6430
42.1833,JELLY_B,1.6508,0.3270,0.1254
42.1833,JELLY_C,2.4694,-0.0908,0.2314
42.2000,JELLY_A,0.1291,-0.1492,0.6481
42.2000,JELLY_B,1.7699,0.3273,0.1315
42.2000,JELLY_C,2.3802,-0.0907,0.2379
42.2167,JELLY_A,0.1240,-0.1491,0.6533
42.2167,JELLY_B,1.8840,0.3276,0.1375
42.2167,JELLY_C,2.2818,-0.0905,0.2444
42.2333,JELLY_A,0.1190,-0.1489,0.6585
42.2333,JELLY_B,1.9922,0.3279,0.1435
42.2333,JELLY_C,2.1756,-0.0904,0.2510
42.2500,JELLY_A,0.1140,-0.1487,0.6637
42.2500,JELLY_B,2.0933,0.3282,0.1496
42.2500,JELLY_C,2.0627,-0.0903,0.2575
42.2667,JELLY_A,0.1090,-0.1485,0.6689
42.2667,JELLY_B,2.1863,0.3285,0.1556
42.2667,JELLY_C,1.9444,-0.0901,0.2640
42.2833,JELLY_A,0.1041,-0.1483,0.6741
42.2833,JELLY_B,2.2702,0.3289,0.1616
42.2833,JELLY_C,1.8218,-0.0900,0.2705
42.3000,JELLY_A,0.0993,-0.1481,0.6792
42.3000,JELLY_B,2.3441,0.3292,0.1676
42.3000,JELLY_C,1.6961,-0.0898,0.2771
42.3167,JELLY_A,0.0945,-0.1479,0.6844
42.3167,JELLY_B,2.4069,0.3295,0.1737
42.3167,JELLY_C,1.5684,-0.0897,0.2836
42.3333,JELLY_A,0.0898,-0.1477,0.6896
42.3333,JELLY_B,2.4578,0.3298,0.1797
42.3333,JELLY_C,1.4396,-0.0895,0.2901
42.3500,JELLY_A,0.0851,-0.1475,0.6948
42.3500,JELLY_B,2.4959,0.3301,0.1857
42.3500,JELLY_C,1.3107,-0.0893,0.2966
42.3667,JELLY_A,0.0805,-0.1473,0.7000
42.3667,JELLY_B,2.5203,0.3304,0.1918
42.3667,JELLY_C,1.1828,-0.0892,0.3031
42.3833,JELLY_A,0.0759,-0.1471,0.7052
42.3833,JELLY_B,2.5302,0.3307,0.1978
42.3833,JELLY_C,1.0567,-0.0890,0.3097
42.4000,JELLY_A,0.0715,-0.1469,0.7104
42.4000,JELLY_B,2.5238,0.3310,0.2039
42.4000,JELLY_C,0.9334,-0.0888,0.3162
42.4167,JELLY_A,0.0670,-0.1467,0.7155
42.4167,JELLY_B,2.5022,0.3312,0.2099
42.4167,JELLY_C,0.8136,-0.0887,0.3227
42.4333,JELLY_A,0.0626,-0.1465,0.7207
42.4333,JELLY_B,2.4691,0.3315,0.2159
42.4333,JELLY_C,0.6981,-0.0885,0.3292
42.4500,JELLY_A,0.0583,-0.1463,0.7259
42.4500,JELLY_B,2.4257,0.3318,0.2220
42.4500,JELLY_C,0.5877,-0.0883,0.3357
42.4667,JELLY_A,0.0541,-0.1461,0.7311
42.4667,JELLY_B,2.3729,0.3321,0.2280
42.4667,JELLY_C,0.4832,-0.0881,0.3423
42.4833,JELLY_A,0.0499,-0.1459,0.7363
42.4833,JELLY_B,2.3116,0.3324,0.2341
42.4833,JELLY_C,0.3852,-0.0879,0.3488
42.5000,JELLY_A,0.0458,-0.1457,0.7415
42.5000,JELLY_B,2.2429,0.3327,0.2401
42.5000,JELLY_C,0.2943,-0.0878,0.3553
42.5167,JELLY_A,0.0417,-0.1455,0.7467
42.5167,JELLY_B,2.1676,0.3329,0.2461
42.5167,JELLY_C,0.2113,-0.0876,0.3618
42.5333,JELLY_A,0.0377,-0.1453,0.7519
42.5333,JELLY_B,2.0865,0.3332,0.2522
42.5333,JELLY_C,0.1366,-0.0874,0.3684
42.5500,JELLY_A,0.0337,-0.1451,0.7570
42.5500,JELLY_B,2.0006,0.3335,0.2582
42.5500,JELLY_C,0.0708,-0.0872,0.3749
42.5667,JELLY_A,0.0299,-0.1449,0.7622
42.5667,JELLY_B,1.9107,0.3337,0.2643
42.5667,JELLY_C,0.0144,-0.0870,0.3814
42.5833,JELLY_A,0.0260,-0.1447,0.7674
42.5833,JELLY_B,1.8175,0.3340,0.2703
42.5833,JELLY_C,-0.0320,-0.0868,0.3879
42.6000,JELLY_A,0.0223,-0.1445,0.7726
42.6000,JELLY_B,1.7219,0.3343,0.2764
42.6000,JELLY_C,-0.0681,-0.0866,0.3944
42.6167,JELLY_A,0.0186,-0.1443,0.7778
42.6167,JELLY_B,1.6245,0.3345,0.2824
42.6167,JELLY_C,-0.0934,-0.0863,0.4010
42.6333,JELLY_A,0.0150,-0.1440,0.7830
42.6333,JELLY_B,1.5262,0.3348,0.2885
42.6333,JELLY_C,-0.1114,-0.0861,0.4075
42.6500,JELLY_A,0.0114,-0.1438,0.7882
42.6500,JELLY_B,1.4275,0.3351,0.2945
42.6500,JELLY_C,-0.1289,-0.0859,0.4140
42.6667,JELLY_A,0.0079,-0.1436,0.7934
42.6667,JELLY_B,1.3293,0.3353,0.3005
42.6667,JELLY_C,-0.1460,-0.0857,0.4205
42.6833,JELLY_A,0.0044,-0.1434,0.7986
42.6833,JELLY_B,1.2321,0.3356,0.3066
42.6833,JELLY_C,-0.1628,-0.0855,0.4270
42.7000,JELLY_A,0.0011,-0.1432,0.8038
42.7000,JELLY_B,1.1365,0.3358,0.3126
42.7000,JELLY_C,-0.1791,-0.0852,0.4336
42.7167,JELLY_A,-0.0023,-0.1430,0.8089
42.7167,JELLY_B,1.0432,0.3361,0.3187
42.7167,JELLY_C,-0.1950,-0.0850,0.4401
42.7333,JELLY_A,-0.0055,-0.1428,0.8141
42.7333,JELLY_B,0.9528,0.3363,0.3248
42.7333,JELLY_C,-0.2105,-0.0848,0.4466
42.7500,JELLY_A,-0.0087,-0.1426,0.8193
42.7500,JELLY_B,0.8657,0.3366,0.3308
42.7500,JELLY_C,-0.2256,-0.0845,0.4531
42.7667,JELLY_A,-0.0119,-0.1423,0.8245
42.7667,JELLY_B,0.7826,0.3368,0.3369
42.7667,JELLY_C,-0.2402,-0.0843,0.4597
42.7833,JELLY_A,-0.0150,-0.1421,0.8297
42.7833,JELLY_B,0.7039,0.3370,0.3429
42.7833,JELLY_C,-0.2544,-0.0841,0.4662
42.8000,JELLY_A,-0.0180,-0.1419,0.8349
42.8000,JELLY_B,0.6302,0.3373,0.3490
42.8000,JELLY_C,-0.2682,-0.0838,0.4727
42.8167,JELLY_A,-0.0209,-0.1417,0.8401
42.8167,JELLY_B,0.5618,0.3375,0.3550
42.8167,JELLY_C,-0.2815,-0.0836,0.4792
42.8333,JELLY_A,-0.0239,-0.1415,0.8453
42.8333,JELLY_B,0.4994,0.3377,0.3611
42.8333,JELLY_C,-0.2943,-0.0833,0.4857
42.8500,JELLY_A,-0.0267,-0.1412,0.8505
42.8500,JELLY_B,0.4432,0.3380,0.3671
42.8500,JELLY_C,-0.3068,-0.0830,0.4923
42.8667,JELLY_A,-0.0295,-0.1410,0.8557
42.8667,JELLY_B,0.3937,0.3382,0.3732
42.8667,JELLY_C,-0.3188,-0.0828,0.4988
42.8833,JELLY_A,-0.0322,-0.1408,0.8609
42.8833,JELLY_B,0.3513,0.3384,0.3793
42.8833,JELLY_C,-0.3303,-0.0825,0.5053
42.9000,JELLY_A,-0.0349,-0.1406,0.8661
42.9000,JELLY_B,0.3164,0.3387,0.3853
42.9000,JELLY_C,-0.3415,-0.0822,0.5118
42.9167,JELLY_A,-0.0375,-0.1403,0.8713
42.9167,JELLY_B,0.2892,0.3389,0.3914
42.9167,JELLY_C,-0.3522,-0.0820,0.5183
42.9333,JELLY_A,-0.0401,-0.1401,0.8765
42.9333,JELLY_B,0.2703,0.3391,0.3974
42.9333,JELLY_C,-0.3625,-0.0817,0.5249
42.9500,JELLY_A,-0.0426,-0.1399,0.8817
42.9500,JELLY_B,0.2592,0.3393,0.4035
42.9500,JELLY_C,-0.3724,-0.0814,0.5314
42.9667,JELLY_A,-0.0450,-0.1396,0.8869
42.9667,JELLY_B,0.2497,0.3396,0.4096
42.9667,JELLY_C,-0.3820,-0.0811,0.5379
42.9833,JELLY_A,-0.0475,-0.1394,0.8921
42.9833,JELLY_B,0.2401,0.3398,0.4156
42.9833,JELLY_C,-0.3911,-0.0808,0.5444
43.0000,JELLY_A,-0.0498,-0.1392,0.8973
43.0000,JELLY_B,0.2304,0.3400,0.4217
43.0000,JELLY_C,-0.3999,-0.0805,0.5509
43.0167,JELLY_A,-0.0521,-0.1389,0.9025
43.0167,JELLY_B,0.2206,0.3402,0.4278
43.0167,JELLY_C,-0.4083,-0.0802,0.5575
43.0333,JELLY_A,-0.0543,-0.1387,0.9077
43.0333,JELLY_B,0.2108,0.3404,0.4338
43.0333,JELLY_C,-0.4163,-0.0799,0.5640
43.0500,JELLY_A,-0.0565,-0.1385,0.9128
43.0500,JELLY_B,0.2009,0.3406,0.4399
43.0500,JELLY_C,-0.4240,-0.0796,0.5705
43.0667,JELLY_A,-0.0587,-0.1382,0.9180
43.0667,JELLY_B,0.1910,0.3408,0.4460
43.0667,JELLY_C,-0.4314,-0.0793,0.5770
43.0833,JELLY_A,-0.0608,-0.1380,0.9232
43.0833,JELLY_B,0.1810,0.3411,0.4520
43.0833,JELLY_C,-0.4384,-0.0790,0.5836
43.1000,JELLY_A,-0.0628,-0.1378,0.9284
43.1000,JELLY_B,0.1711,0.3413,0.4581
43.1000,JELLY_C,-0.4450,-0.0787,0.5901
43.1167,JELLY_A,-0.0648,-0.1375,0.9336
43.1167,JELLY_B,0.1612,0.3415,0.4642
43.1167,JELLY_C,-0.4514,-0.0784,0.5966
43.1333,JELLY_A,-0.0668,-0.1373,0.9388
43.1333,JELLY_B,0.1514,0.3417,0.4703
43.1333,JELLY_C,-0.4574,-0.0781,0.6031
43.1500,JELLY_A,-0.0687,-0.1370,0.9440
43.1500,JELLY_B,0.1416,0.3419,0.4763
43.1500,JELLY_C,-0.4632,-0.0777,0.6096
43.1667,JELLY_A,-0.0705,-0.1368,0.9492
43.1667,JELLY_B,0.1318,0.3421,0.4824
43.1667,JELLY_C,-0.4686,-0.0774,0.6162
43.1833,JELLY_A,-0.0723,-0.1365,0.9544
43.1833,JELLY_B,0.1221,0.3423,0.4885
43.1833,JELLY_C,-0.4737,-0.0771,0.6227
43.2000,JELLY_A,-0.0741,-0.1363,0.9596
43.2000,JELLY_B,0.1125,0.3425,0.4946
43.2000,JELLY_C,-0.4786,-0.0767,0.6292
43.2167,JELLY_A,-0.0759,-0.1361,0.9648
43.2167,JELLY_B,0.1030,0.3427,0.5006
43.2167,JELLY_C,-0.4832,-0.0764,0.6357
43.2333,JELLY_A,-0.0775,-0.1358,0.9701
43.2333,JELLY_B,0.0935,0.3429,0.5067
43.2333,JELLY_C,-0.4874,-0.0760,0.6422
43.2500,JELLY_A,-0.0792,-0.1356,0.9753
43.2500,JELLY_B,0.0841,0.3431,0.5128
43.2500,JELLY_C,-0.4915,-0.0757,0.6488
43.2667,JELLY_A,-0.0808,-0.1353,0.9805
43.2667,JELLY_B,0.0749,0.3433,0.5189
43.2667,JELLY_C,-0.4952,-0.0753,0.6553
43.2833,JELLY_A,-0.0824,-0.1351,0.9857
43.2833,JELLY_B,0.0657,0.3435,0.5250
43.2833,JELLY_C,-0.4988,-0.0750,0.6618
43.3000,JELLY_A,-0.0839,-0.1348,0.9909
43.3000,JELLY_B,0.0566,0.3436,0.5310
43.3000,JELLY_C,-0.5020,-0.0746,0.6683
43.3167,JELLY_A,-0.0854,-0.1345,0.9961
43.3167,JELLY_B,0.0476,0.3438,0.5371
43.3167,JELLY_C,-0.5050,-0.0743,0.6749
43.3333,JELLY_A,-0.0869,-0.1343,0.0013
43.3333,JELLY_B,0.0387,0.3440,0.5432
43.3333,JELLY_C,-0.5078,-0.0739,0.6814
43.3500,JELLY_A,-0.0839,-0.1340,0.0065
43.3500,JELLY_B,0.0299,0.3442,0.5493
43.3500,JELLY_C,-0.5104,-0.0735,0.6879
43.3667,JELLY_A,-0.0725,-0.1338,0.0117
43.3667,JELLY_B,0.0213,0.3444,0.5554
43.3667,JELLY_C,-0.5128,-0.0731,0.6944
43.3833,JELLY_A,-0.0529,-0.1335,0.0169
43.3833,JELLY_B,0.0127,0.3446,0.5615
43.3833,JELLY_C,-0.5149,-0.0728,0.7009
43.4000,JELLY_A,-0.0254,-0.1332,0.0221
43.4000,JELLY_B,0.0043,0.3448,0.5675
43.4000,JELLY_C,-0.5169,-0.0724,0.7075
43.4167,JELLY_A,0.0095,-0.1329,0.0273
43.4167,JELLY_B,-0.0040,0.3450,0.5736
43.4167,JELLY_C,-0.5186,-0.0720,0.7140
43.4333,JELLY_A,0.0515,-0.1327,0.0325
43.4333,JELLY_B,-0.0122,0.3451,0.5797
43.4333,JELLY_C,-0.5201,-0.0716,0.7205
43.4500,JELLY_A,0.1002,-0.1324,0.0377
43.4500,JELLY_B,-0.0202,0.3453,0.5858
43.4500,JELLY_C,-0.5215,-0.0712,0.7270
43.4667,JELLY_A,0.1551,-0.1321,0.0429
43.4667,JELLY_B,-0.0282,0.3455,0.5919
43.4667,JELLY_C,-0.5226,-0.0708,0.7336
43.4833,JELLY_A,0.2159,-0.1317,0.0481
43.4833,JELLY_B,-0.0360,0.3457,0.5980
43.4833,JELLY_C,-0.5236,-0.0704,0.7401
43.5000,JELLY_A,0.2821,-0.1314,0.0533
43.5000,JELLY_B,-0.0436,0.3459,0.6041
43.5000,JELLY_C,-0.5244,-0.0700,0.7466
43.5167,JELLY_A,0.3531,-0.1311,0.0585
43.5167,JELLY_B,-0.0512,0.3460,0.6102
43.5167,JELLY_C,-0.5251,-0.0696,0.7531
43.5333,JELLY_A,0.4286,-0.1307,0.0637
43.5333,JELLY_B,-0.0586,0.3462,0.6163
43.5333,JELLY_C,-0.5256,-0.0692,0.7597
43.5500,JELLY_A,0.5081,-0.1304,0.0690
43.5500,JELLY_B,-0.0659,0.3464,0.6224
43.5500,JELLY_C,-0.5259,-0.0688,0.7662
43.5667,JELLY_A,0.5909,-0.1300,0.0742
43.5667,JELLY_B,-0.0730,0.3466,0.6285
43.5667,JELLY_C,-0.5261,-0.0683,0.7727
43.5833,JELLY_A,0.6768,-0.1296,0.0794
43.5833,JELLY_B,-0.0800,0.3468,0.6346
43.5833,JELLY_C,-0.5261,-0.0679,0.7792
43.6000,JELLY_A,0.7650,-0.1292,0.0846
43.6000,JELLY_B,-0.0868,0.3469,0.6407
43.6000,JELLY_C,-0.5260,-0.0675,0.7858
43.6167,JELLY_A,0.8551,-0.1288,0.0898
43.6167,JELLY_B,-0.0935,0.3471,0.6468
43.6167,JELLY_C,-0.5257,-0.0671,0.7923
43.6333,JELLY_A,0.9465,-0.1283,0.0950
43.6333,JELLY_B,-0.1001,0.3473,0.6529
43.6333,JELLY_C,-0.5253,-0.0666,0.7988
43.6500,JELLY_A,1.0388,-0.1279,0.1002
43.6500,JELLY_B,-0.1065,0.3474,0.6590
43.6500,JELLY_C,-0.5248,-0.0662,0.8053
43.6667,JELLY_A,1.1313,-0.1274,0.1054
43.6667,JELLY_B,-0.1128,0.3476,0.6651
43.6667,JELLY_C,-0.5241,-0.0657,0.8118
43.6833,JELLY_A,1.2235,-0.1270,0.1106
43.6833,JELLY_B,-0.1190,0.3478,0.6712
43.6833,JELLY_C,-0.5233,-0.0653,0.8184
43.7000,JELLY_A,1.3149,-0.1265,0.1158
43.7000,JELLY_B,-0.1250,0.3480,0.6773
43.7000,JELLY_C,-0.5224,-0.0648,0.8249
43.7167,JELLY_A,1.4049,-0.1260,0.1211
43.7167,JELLY_B,-0.1308,0.3481,0.6834
43.7167,JELLY_C,-0.5214,-0.0644,0.8314
43.7333,JELLY_A,1.4929,-0.1255,0.1263
43.7333,JELLY_B,-0.1366,0.3483,0.6895
43.7333,JELLY_C,-0.5203,-0.0639,0.8379
43.7500,JELLY_A,1.5783,-0.1250,0.1315
43.7500,JELLY_B,-0.1422,0.3485,0.6956
43.7500,JELLY_C,-0.5191,-0.0635,0.8445
43.7667,JELLY_A,1.6607,-0.1245,0.1367
43.7667,JELLY_B,-0.1476,0.3486,0.7017
43.7667,JELLY_C,-0.5178,-0.0630,0.8510
43.7833,JELLY_A,1.7394,-0.1239,0.1419
43.7833,JELLY_B,-0.1529,0.3488,0.7078
43.7833,JELLY_C,-0.5163,-0.0625,0.8575
43.8000,JELLY_A,1.8139,-0.1234,0.1471
43.8000,JELLY_B,-0.1581,0.3490,0.7139
43.8000,JELLY_C,-0.5148,-0.0621,0.8640
43.8167,JELLY_A,1.8836,-0.1229,0.1523
43.8167,JELLY_B,-0.1631,0.3491,0.7200
43.8167,JELLY_C,-0.5132,-0.0616,0.8706
43.8333,JELLY_A,1.9480,-0.1223,0.1575
43.8333,JELLY_B,-0.1680,0.3493,0.7261
43.8333,JELLY_C,-0.5115,-0.0611,0.8771
43.8500,JELLY_A,2.0067,-0.1218,0.1628
43.8500,JELLY_B,-0.1728,0.3494,0.7322
43.8500,JELLY_C,-0.5098,-0.0606,0.8836
43.8667,JELLY_A,2.0589,-0.1212,0.1680
43.8667,JELLY_B,-0.1774,0.3496,0.7383
43.8667,JELLY_C,-0.5079,-0.0601,0.8902
43.8833,JELLY_A,2.1043,-0.1207,0.1732
43.8833,JELLY_B,-0.1819,0.3498,0.7445
43.8833,JELLY_C,-0.5060,-0.0597,0.8967
43.9000,JELLY_A,2.1422,-0.1202,0.1784
43.9000,JELLY_B,-0.1863,0.3499,0.7506
43.9000,JELLY_C,-0.5040,-0.0592,0.9032
43.9167,JELLY_A,2.1723,-0.1196,0.1836
43.9167,JELLY_B,-0.1905,0.3501,0.7567
43.9167,JELLY_C,-0.5019,-0.0587,0.9097
43.9333,JELLY_A,2.1940,-0.1191,0.1888
43.9333,JELLY_B,-0.1946,0.3502,0.7628
43.9333,JELLY_C,-0.4997,-0.0582,0.9163
43.9500,JELLY_A,2.2069,-0.1185,0.1941
43.9500,JELLY_B,-0.1986,0.3504,0.7689
43.9500,JELLY_C,-0.4975,-0.0577,0.9228
43.9667,JELLY_A,2.2105,-0.1180,0.1993
43.9667,JELLY_B,-0.2024,0.3506,0.7750
43.9667,JELLY_C,-0.4953,-0.0572,0.9293
43.9833,JELLY_A,2.2049,-0.1175,0.2045
43.9833,JELLY_B,-0.2061,0.3507,0.7812
43.9833,JELLY_C,-0.4929,-0.0566,0.9358
44.0000,JELLY_A,2.1915,-0.1169,0.2097
44.0000,JELLY_B,-0.2097,0.3509,0.7873
44.0000,JELLY_C,-0.4905,-0.0561,0.9424
44.0167,JELLY_A,2.1707,-0.1164,0.2149
44.0167,JELLY_B,-0.2131,0.3510,0.7934
44.0167,JELLY_C,-0.4881,-0.0556,0.9489
44.0333,JELLY_A,2.1431,-0.1159,0.2202
44.0333,JELLY_B,-0.2165,0.3512,0.7995
44.0333,JELLY_C,-0.4856,-0.0551,0.9554
44.0500,JELLY_A,2.1092,-0.1154,0.2254
44.0500,JELLY_B,-0.2197,0.3513,0.8056
44.0500,JELLY_C,-0.4831,-0.0546,0.9619
44.0667,JELLY_A,2.0695,-0.1149,0.2306
44.0667,JELLY_B,-0.2228,0.3515,0.8118
44.0667,JELLY_C,-0.4805,-0.0540,0.9685
44.0833,JELLY_A,2.0246,-0.1144,0.2358
44.0833,JELLY_B,-0.2258,0.3516,0.8179
44.0833,JELLY_C,-0.4778,-0.0535,0.9750
44.1000,JELLY_A,1.9750,-0.1139,0.2410
44.1000,JELLY_B,-0.2286,0.3518,0.8240
44.1000,JELLY_C,-0.4752,-0.0530,0.9815
44.1167,JELLY_A,1.9211,-0.1134,0.2462
44.1167,JELLY_B,-0.2314,0.3519,0.8301
44.1167,JELLY_C,-0.4724,-0.0524,0.9881
44.1333,JELLY_A,1.8634,-0.1129,0.2515
44.1333,JELLY_B,-0.2340,0.3521,0.8363
44.1333,JELLY_C,-0.4697,-0.0519,0.9946
44.1500,JELLY_A,1.8024,-0.1124,0.2567
44.1500,JELLY_B,-0.2366,0.3522,0.8424
44.1500,JELLY_C,-0.4669,-0.0514,0.0011
44.1667,JELLY_A,1.7386,-0.1119,0.2619
44.1667,JELLY_B,-0.2390,0.3524,0.8485
44.1667,JELLY_C,-0.4555,-0.0508,0.0076
44.1833,JELLY_A,1.6724,-0.1115,0.2671
44.1833,JELLY_B,-0.2413,0.3525,0.8546
44.1833,JELLY_C,-0.4270,-0.0503,0.0142
44.2000,JELLY_A,1.6041,-0.1110,0.2724
44.2000,JELLY_B,-0.2435,0.3527,0.8608
44.2000,JELLY_C,-0.3822,-0.0497,0.0207
44.2167,JELLY_A,1.5344,-0.1105,0.2776
44.2167,JELLY_B,-0.2456,0.3528,0.8669
44.2167,JELLY_C,-0.3217,-0.0492,0.0272
44.2333,JELLY_A,1.4635,-0.1100,0.2828
44.2333,JELLY_B,-0.2476,0.3530,0.8730
44.2333,JELLY_C,-0.2462,-0.0487,0.0338
44.2500,JELLY_A,1.3918,-0.1096,0.2880
44.2500,JELLY_B,-0.2495,0.3531,0.8792
44.2500,JELLY_C,-0.1567,-0.0483,0.0403
44.2667,JELLY_A,1.3198,-0.1091,0.2933
44.2667,JELLY_B,-0.2513,0.3533,0.8853
44.2667,JELLY_C,-0.0541,-0.0478,0.0468
44.2833,JELLY_A,1.2478,-0.1087,0.2985
44.2833,JELLY_B,-0.2530,0.3534,0.8914
44.2833,JELLY_C,0.0605,-0.0474,0.0534
44.3000,JELLY_A,1.1763,-0.1082,0.3037
44.3000,JELLY_B,-0.2546,0.3536,0.8976
44.3000,JELLY_C,0.1858,-0.0471,0.0599
44.3167,JELLY_A,1.1054,-0.1078,0.3089
44.3167,JELLY_B,-0.2561,0.3537,0.9037
44.3167,JELLY_C,0.3207,-0.0467,0.0664
44.3333,JELLY_A,1.0357,-0.1073,0.3141
44.3333,JELLY_B,-0.2576,0.3538,0.9099
44.3333,JELLY_C,0.4636,-0.0464,0.0729
44.3500,JELLY_A,0.9674,-0.1069,0.3194
44.3500,JELLY_B,-0.2589,0.3540,0.9160
44.3500,JELLY_C,0.6132,-0.0462,0.0795
44.3667,JELLY_A,0.9009,-0.1064,0.3246
44.3667,JELLY_B,-0.2602,0.3541,0.9221
44.3667,JELLY_C,0.7680,-0.0460,0.0860
44.3833,JELLY_A,0.8365,-0.1060,0.3298
44.3833,JELLY_B,-0.2614,0.3543,0.9283
44.3833,JELLY_C,0.9263,-0.0458,0.0925
44.4000,JELLY_A,0.7745,-0.1056,0.3351
44.4000,JELLY_B,-0.2624,0.3544,0.9344
44.4000,JELLY_C,1.0867,-0.0457,0.0991
44.4167,JELLY_A,0.7152,-0.1051,0.3403
44.4167,JELLY_B,-0.2635,0.3545,0.9406
44.4167,JELLY_C,1.2474,-0.0456,0.1056
44.4333,JELLY_A,0.6588,-0.1047,0.3455
44.4333,JELLY_B,-0.2644,0.3547,0.9467
44.4333,JELLY_C,1.4068,-0.0456,0.1121
44.4500,JELLY_A,0.6057,-0.1043,0.3507
44.4500,JELLY_B,-0.2652,0.3548,0.9528
44.4500,JELLY_C,1.5631,-0.0456,0.1187
44.4667,JELLY_A,0.5562,-0.1039,0.3560
44.4667,JELLY_B,-0.2660,0.3549,0.9590
44.4667,JELLY_C,1.7148,-0.0457,0.1252
44.4833,JELLY_A,0.5105,-0.1034,0.3612
44.4833,JELLY_B,-0.2667,0.3551,0.9651
44.4833,JELLY_C,1.8601,-0.0458,0.1317
44.5000,JELLY_A,0.4688,-0.1030,0.3664
44.5000,JELLY_B,-0.2674,0.3552,0.9713
44.5000,JELLY_C,1.9973,-0.0460,0.1383
44.5167,JELLY_A,0.4314,-0.1026,0.3716
44.5167,JELLY_B,-0.2679,0.3554,0.9774
44.5167,JELLY_C,2.1250,-0.0461,0.1448
44.5333,JELLY_A,0.3985,-0.1022,0.3769
44.5333,JELLY_B,-0.2684,0.3555,0.9836
44.5333,JELLY_C,2.2415,-0.0464,0.1513
44.5500,JELLY_A,0.3705,-0.1018,0.3821
44.5500,JELLY_B,-0.2689,0.3556,0.9897
44.5500,JELLY_C,2.3453,-0.0466,0.1579
44.5667,JELLY_A,0.3474,-0.1014,0.3873
44.5667,JELLY_B,-0.2692,0.3558,0.9959
44.5667,JELLY_C,2.4351,-0.0469,0.1644
44.5833,JELLY_A,0.3294,-0.1010,0.3926
44.5833,JELLY_B,-0.2695,0.3559,0.0020
44.5833,JELLY_C,2.5094,-0.0471,0.1709
44.6000,JELLY_A,0.3169,-0.1006,0.3978
44.6000,JELLY_B,-0.2698,0.3560,0.0082
44.6000,JELLY_C,2.5670,-0.0474,0.1775
44.6167,JELLY_A,0.3099,-0.1002,0.4030
44.6167,JELLY_B,-0.2699,0.3561,0.0143
44.6167,JELLY_C,2.6068,-0.0477,0.1840
44.6333,JELLY_A,0.3048,-0.0998,0.4083
44.6333,JELLY_B,-0.2700,0.3563,0.0205
44.6333,JELLY_C,2.6278,-0.0480,0.1905
44.6500,JELLY_A,0.2995,-0.0994,0.4135
44.6500,JELLY_B,-0.2700,0.3564,0.0267
44.6500,JELLY_C,2.6290,-0.0483,0.1971
44.6667,JELLY_A,0.2942,-0.0990,0.4187
44.6667,JELLY_B,-0.2700,0.3565,0.0328
44.6667,JELLY_C,2.6091,-0.0486,0.2036
44.6833,JELLY_A,0.2887,-0.0986,0.4240
44.6833,JELLY_B,-0.2699,0.3567,0.0390
44.6833,JELLY_C,2.5708,-0.0489,0.2102
44.7000,JELLY_A,0.2831,-0.0982,0.4292
44.7000,JELLY_B,-0.2697,0.3568,0.0451
44.7000,JELLY_C,2.5178,-0.0491,0.2167
44.7167,JELLY_A,0.2774,-0.0978,0.4344
44.7167,JELLY_B,-0.2695,0.3569,0.0513
44.7167,JELLY_C,2.4513,-0.0494,0.2232
44.7333,JELLY_A,0.2717,-0.0974,0.4397
44.7333,JELLY_B,-0.2692,0.3570,0.0574
44.7333,JELLY_C,2.3728,-0.0496,0.2298
44.7500,JELLY_A,0.2658,-0.0970,0.4449
44.7500,JELLY_B,-0.2689,0.3572,0.0636
44.7500,JELLY_C,2.2837,-0.0499,0.2363
44.7667,JELLY_A,0.2599,-0.0966,0.4501
44.7667,JELLY_B,-0.2685,0.3573,0.0698
44.7667,JELLY_C,2.1853,-0.0501,0.2428
44.7833,JELLY_A,0.2539,-0.0962,0.4554
44.7833,JELLY_B,-0.2681,0.3574,0.0759
44.7833,JELLY_C,2.0790,-0.0503,0.2494
44.8000,JELLY_A,0.2479,-0.0958,0.4606
44.8000,JELLY_B,-0.2676,0.3575,0.0821
44.8000,JELLY_C,1.9659,-0.0505,0.2559
44.8167,JELLY_A,0.2418,-0.0955,0.4658
44.8167,JELLY_B,-0.2671,0.3576,0.0883
44.8167,JELLY_C,1.8474,-0.0507,0.2624
44.8333,JELLY_A,0.2356,-0.0951,0.4711
44.8333,JELLY_B,-0.2665,0.3578,0.0944
44.8333,JELLY_C,1.7245,-0.0509,0.2690
44.8500,JELLY_A,0.2295,-0.0947,0.4763
44.8500,JELLY_B,-0.2659,0.3579,0.1006
44.8500,JELLY_C,1.5985,-0.0511,0.2755
44.8667,JELLY_A,0.2232,-0.0943,0.4815
44.8667,JELLY_B,-0.2653,0.3580,0.1068
44.8667,JELLY_C,1.4703,-0.0513,0.2821
44.8833,JELLY_A,0.2170,-0.0939,0.4868
44.8833,JELLY_B,-0.2646,0.3581,0.1129
44.8833,JELLY_C,1.3411,-0.0514,0.2886
44.9000,JELLY_A,0.2107,-0.0935,0.4920
44.9000,JELLY_B,-0.2639,0.3582,0.1191
44.9000,JELLY_C,1.2119,-0.0516,0.2951
44.9167,JELLY_A,0.2044,-0.0932,0.4973
44.9167,JELLY_B,-0.2631,0.3584,0.1253
44.9167,JELLY_C,1.0835,-0.0517,0.3017
44.9333,JELLY_A,0.1980,-0.0928,0.5025
44.9333,JELLY_B,-0.2623,0.3585,0.1314
44.9333,JELLY_C,0.9571,-0.0518,0.3082
44.9500,JELLY_A,0.1917,-0.0924,0.5077
44.9500,JELLY_B,-0.2615,0.3586,0.1376
44.9500,JELLY_C,0.8333,-0.0520,0.3148
44.9667,JELLY_A,0.1853,-0.0920,0.5130
44.9667,JELLY_B,-0.2606,0.3587,0.1438
44.9667,JELLY_C,0.7132,-0.0521,0.3213
44.9833,JELLY_A,0.1789,-0.0916,0.5182
44.9833,JELLY_B,-0.2598,0.3588,0.1500
44.9833,JELLY_C,0.5975,-0.0522,0.3278
45.0000,JELLY_A,0.1725,-0.0913,0.5234
45.0000,JELLY_B,-0.2588,0.3589,0.1561
45.0000,JELLY_C,0.4869,-0.0523,0.3344
45.0167,JELLY_A,0.1661,-0.0909,0.5287
45.0167,JELLY_B,-0.2579,0.3590,0.1623
45.0167,JELLY_C,0.3823,-0.0524,0.3409
45.0333,JELLY_A,0.1598,-0.0905,0.5339
45.0333,JELLY_B,-0.2570,0.3591,0.1685
45.0333,JELLY_C,0.2842,-0.0525,0.3475
45.0500,JELLY_A,0.1534,-0.0901,0.5392
45.0500,JELLY_B,-0.2560,0.3593,0.1747
45.0500,JELLY_C,0.1935,-0.0525,0.3540
45.0667,JELLY_A,0.1470,-0.0898,0.5444
45.0667,JELLY_B,-0.2550,0.3594,0.1808
45.0667,JELLY_C,0.1106,-0.0526,0.3605
45.0833,JELLY_A,0.1407,-0.0894,0.5496
45.0833,JELLY_B,-0.2539,0.3595,0.1870
45.0833,JELLY_C,0.0362,-0.0526,0.3671
45.1000,JELLY_A,0.1343,-0.0890,0.5549
45.1000,JELLY_B,-0.2529,0.3596,0.1932
45.1000,JELLY_C,-0.0291,-0.0527,0.3736
45.1167,JELLY_A,0.1280,-0.0886,0.5601
45.1167,JELLY_B,-0.2518,0.3597,0.1994
45.1167,JELLY_C,-0.0848,-0.0527,0.3802
45.1333,JELLY_A,0.1217,-0.0882,0.5654
45.1333,JELLY_B,-0.2507,0.3598,0.2056
45.1333,JELLY_C,-0.1305,-0.0528,0.3867
45.1500,JELLY_A,0.1154,-0.0879,0.5706
45.1500,JELLY_B,-0.2496,0.3599,0.2117
45.1500,JELLY_C,-0.1655,-0.0528,0.3932
45.1667,JELLY_A,0.1091,-0.0875,0.5759
45.1667,JELLY_B,-0.2485,0.3600,0.2179
45.1667,JELLY_C,-0.1897,-0.0528,0.3998
45.1833,JELLY_A,0.1029,-0.0871,0.5811
45.1833,JELLY_B,-0.2474,0.3601,0.2241
45.1833,JELLY_C,-0.2069,-0.0528,0.4063
45.2000,JELLY_A,0.0967,-0.0867,0.5863
45.2000,JELLY_B,-0.2462,0.3602,0.2303
45.2000,JELLY_C,-0.2237,-0.0528,0.4129
45.2167,JELLY_A,0.0905,-0.0864,0.5916
45.2167,JELLY_B,-0.2450,0.3603,0.2365
45.2167,JELLY_C,-0.2401,-0.0528,0.4194
45.2333,JELLY_A,0.0844,-0.0860,0.5968
45.2333,JELLY_B,-0.2438,0.3604,0.2427
45.2333,JELLY_C,-0.2561,-0.0527,0.4260
45.2500,JELLY_A,0.0783,-0.0856,0.6021
45.2500,JELLY_B,-0.2426,0.3605,0.2489
45.2500,JELLY_C,-0.2717,-0.0527,0.4325
45.2667,JELLY_A,0.0722,-0.0852,0.6073
45.2667,JELLY_B,-0.2413,0.3606,0.2550
45.2667,JELLY_C,-0.2869,-0.0527,0.4390
45.2833,JELLY_A,0.0662,-0.0848,0.6126
45.2833,JELLY_B,-0.2401,0.3607,0.2612
45.2833,JELLY_C,-0.3016,-0.0526,0.4456
45.3000,JELLY_A,0.0602,-0.0844,0.6178
45.3000,JELLY_B,-0.2388,0.3608,0.2674
45.3000,JELLY_C,-0.3158,-0.0526,0.4521
45.3167,JELLY_A,0.0543,-0.0841,0.6230
45.3167,JELLY_B,-0.2375,0.3609,0.2736
45.3167,JELLY_C,-0.3296,-0.0525,0.4587
45.3333,JELLY_A,0.0484,-0.0837,0.6283
45.3333,JELLY_B,-0.2362,0.3610,0.2798
45.3333,JELLY_C,-0.3429,-0.0524,0.4652
45.3500,JELLY_A,0.0426,-0.0833,0.6335
45.3500,JELLY_B,-0.2349,0.3611,0.2860
45.3500,JELLY_C,-0.3558,-0.0524,0.4718
45.3667,JELLY_A,0.0368,-0.0829,0.6388
45.3667,JELLY_B,-0.2336,0.3612,0.2922
45.3667,JELLY_C,-0.3682,-0.0523,0.4783
45.3833,JELLY_A,0.0311,-0.0825,0.6440
45.3833,JELLY_B,-0.2322,0.3613,0.2984
45.3833,JELLY_C,-0.3801,-0.0522,0.4849
45.4000,JELLY_A,0.0254,-0.0821,0.6493
45.4000,JELLY_B,-0.2309,0.3614,0.3046
45.4000,JELLY_C,-0.3916,-0.0521,0.4914
45.4167,JELLY_A,0.0198,-0.0818,0.6545
45.4167,JELLY_B,-0.2296,0.3615,0.3108
45.4167,JELLY_C,-0.4026,-0.0520,0.4979
45.4333,JELLY_A,0.0143,-0.0814,0.6598
45.4333,JELLY_B,-0.2283,0.3616,0.3170
45.4333,JELLY_C,-0.4132,-0.0518,0.5045
45.4500,JELLY_A,0.0088,-0.0810,0.6650
45.4500,JELLY_B,-0.2269,0.3617,0.3232
45.4500,JELLY_C,-0.4234,-0.0517,0.5110
45.4667,JELLY_A,0.0034,-0.0806,0.6703
45.4667,JELLY_B,-0.2256,0.3618,0.3294
45.4667,JELLY_C,-0.4331,-0.0516,0.5176
45.4833,JELLY_A,-0.0020,-0.0802,0.6755
45.4833,JELLY_B,-0.2243,0.3619,0.3356
45.4833,JELLY_C,-0.4425,-0.0514,0.5241
45.5000,JELLY_A,-0.0073,-0.0798,0.6808
45.5000,JELLY_B,-0.2230,0.3620,0.3418
45.5000,JELLY_C,-0.4514,-0.0513,0.5307
45.5167,JELLY_A,-0.0126,-0.0794,0.6860
45.5167,JELLY_B,-0.2216,0.3621,0.3480
45.5167,JELLY_C,-0.4599,-0.0511,0.5372
45.5333,JELLY_A,-0.0177,-0.0790,0.6913
45.5333,JELLY_B,-0.2203,0.3622,0.3542
45.5333,JELLY_C,-0.4681,-0.0510,0.5438
45.5500,JELLY_A,-0.0228,-0.0786,0.6965
45.5500,JELLY_B,-0.2190,0.3623,0.3604
45.5500,JELLY_C,-0.4758,-0.0508,0.5503
45.5667,JELLY_A,-0.0279,-0.0782,0.7018
45.5667,JELLY_B,-0.2177,0.3623,0.3666
45.5667,JELLY_C,-0.4832,-0.0506,0.5569
45.5833,JELLY_A,-0.0329,-0.0778,0.7070
45.5833,JELLY_B,-0.2164,0.3624,0.3728
45.5833,JELLY_C,-0.4903,-0.0504,0.5634
45.6000,JELLY_A,-0.0378,-0.0774,0.7123
45.6000,JELLY_B,-0.2151,0.3625,0.3790
45.6000,JELLY_C,-0.4970,-0.0502,0.5700
45.6167,JELLY_A,-0.0426,-0.0770,0.7175
45.6167,JELLY_B,-0.2137,0.3626,0.3852
45.6167,JELLY_C,-0.5033,-0.0500,0.5765
45.6333,JELLY_A,-0.0474,-0.0766,0.7228
45.6333,JELLY_B,-0.2124,0.3627,0.3914
45.6333,JELLY_C,-0.5093,-0.0498,0.5831
45.6500,JELLY_A,-0.0521,-0.0762,0.7280
45.6500,JELLY_B,-0.2111,0.3628,0.3976
45.6500,JELLY_C,-0.5150,-0.0496,0.5896
45.6667,JELLY_A,-0.0567,-0.0758,0.7333
45.6667,JELLY_B,-0.2098,0.3629,0.4038
45.6667,JELLY_C,-0.5203,-0.0494,0.5962
45.6833,JELLY_A,-0.0613,-0.0754,0.7385
45.6833,JELLY_B,-0.2085,0.3630,0.4101
45.6833,JELLY_C,-0.5254,-0.0491,0.6027
45.7000,JELLY_A,-0.0657,-0.0750,0.7438
45.7000,JELLY_B,-0.2072,0.3630,0.4163
45.7000,JELLY_C,-0.5301,-0.0489,0.6093
45.7167,JELLY_A,-0.0702,-0.0746,0.7490
45.7167,JELLY_B,-0.2059,0.3631,0.4225
45.7167,JELLY_C,-0.5345,-0.0487,0.6158
45.7333,JELLY_A,-0.0745,-0.0742,0.7543
45.7333,JELLY_B,-0.2046,0.3632,0.4287
45.7333,JELLY_C,-0.5387,-0.0484,0.6224
45.7500,JELLY_A,-0.0788,-0.0738,0.7595
45.7500,JELLY_B,-0.2033,0.3633,0.4349
45.7500,JELLY_C,-0.5426,-0.0481,0.6289
45.7667,JELLY_A,-0.0830,-0.0734,0.7648
45.7667,JELLY_B,-0.2020,0.3634,0.4411
45.7667,JELLY_C,-0.5461,-0.0479,0.6355
45.7833,JELLY_A,-0.0871,-0.0730,0.7700
45.7833,JELLY_B,-0.2007,0.3634,0.4473
45.7833,JELLY_C,-0.5495,-0.0476,0.6420
45.8000,JELLY_A,-0.0911,-0.0726,0.7753
45.8000,JELLY_B,-0.1995,0.3635,0.4536
45.8000,JELLY_C,-0.5525,-0.0473,0.6486
45.8167,JELLY_A,-0.0951,-0.0722,0.7806
45.8167,JELLY_B,-0.1982,0.3636,0.4598
45.8167,JELLY_C,-0.5553,-0.0470,0.6551
45.8333,JELLY_A,-0.0990,-0.0718,0.7858
45.8333,JELLY_B,-0.1969,0.3637,0.4660
45.8333,JELLY_C,-0.5579,-0.0467,0.6617
45.8500,JELLY_A,-0.1028,-0.0713,0.7911
45.8500,JELLY_B,-0.1956,0.3638,0.4722
45.8500,JELLY_C,-0.5602,-0.0464,0.6682
45.8667,JELLY_A,-0.1066,-0.0709,0.7963
45.8667,JELLY_B,-0.1943,0.3638,0.4784
45.8667,JELLY_C,-0.5623,-0.0461,0.6748
45.8833,JELLY_A,-0.1103,-0.0705,0.8016
45.8833,JELLY_B,-0.1931,0.3639,0.4846
45.8833,JELLY_C,-0.5641,-0.0458,0.6813
45.9000,JELLY_A,-0.1139,-0.0701,0.8068
45.9000,JELLY_B,-0.1918,0.3640,0.4909
45.9000,JELLY_C,-0.5658,-0.0455,0.6879
45.9167,JELLY_A,-0.1174,-0.0697,0.8121
45.9167,JELLY_B,-0.1905,0.3641,0.4971
45.9167,JELLY_C,-0.5672,-0.0452,0.6945
45.9333,JELLY_A,-0.1209,-0.0692,0.8173
45.9333,JELLY_B,-0.1892,0.3641,0.5033
45.9333,JELLY_C,-0.5684,-0.0448,0.7010
45.9500,JELLY_A,-0.1243,-0.0688,0.8226
45.9500,JELLY_B,-0.1879,0.3642,0.5095
45.9500,JELLY_C,-0.5694,-0.0445,0.7076
45.9667,JELLY_A,-0.1276,-0.0684,0.8279
45.9667,JELLY_B,-0.1866,0.3643,0.5158
45.9667,JELLY_C,-0.5702,-0.0441,0.7141
45.9833,JELLY_A,-0.1308,-0.0680,0.8331
45.9833,JELLY_B,-0.1853,0.3644,0.5220
45.9833,JELLY_C,-0.5709,-0.0438,0.7207
46.0000,JELLY_A,-0.1340,-0.0675,0.8384
46.0000,JELLY_B,-0.1839,0.3644,0.5282
46.0000,JELLY_C,-0.5713,-0.0434,0.7272
46.0167,JELLY_A,-0.1371,-0.0671,0.8436
46.0167,JELLY_B,-0.1825,0.3645,0.5344
46.0167,JELLY_C,-0.5716,-0.0431,0.7338
46.0333,JELLY_A,-0.1401,-0.0667,0.8489
46.0333,JELLY_B,-0.1811,0.3646,0.5407
46.0333,JELLY_C,-0.5717,-0.0427,0.7403
46.0500,JELLY_A,-0.1431,-0.0663,0.8541
46.0500,JELLY_B,-0.1797,0.3646,0.5469
46.0500,JELLY_C,-0.5716,-0.0423,0.7469
46.0667,JELLY_A,-0.1460,-0.0658,0.8594
46.0667,JELLY_B,-0.1783,0.3647,0.5531
46.0667,JELLY_C,-0.5714,-0.0419,0.7534
46.0833,JELLY_A,-0.1488,-0.0654,0.8647
46.0833,JELLY_B,-0.1769,0.3648,0.5594
46.0833,JELLY_C,-0.5710,-0.0415,0.7600
46.1000,JELLY_A,-0.1516,-0.0650,0.8699
46.1000,JELLY_B,-0.1755,0.3648,0.5656
46.1000,JELLY_C,-0.5705,-0.0411,0.7666
46.1167,JELLY_A,-0.1543,-0.0645,0.8752
46.1167,JELLY_B,-0.1740,0.3649,0.5718
46.1167,JELLY_C,-0.5698,-0.0407,0.7731
46.1333,JELLY_A,-0.1569,-0.0641,0.8804
46.1333,JELLY_B,-0.1726,0.3650,0.5781
46.1333,JELLY_C,-0.5690,-0.0403,0.7797
46.1500,JELLY_A,-0.1594,-0.0636,0.8857
46.1500,JELLY_B,-0.1711,0.3650,0.5843
46.1500,JELLY_C,-0.5680,-0.0399,0.7862
46.1667,JELLY_A,-0.1619,-0.0632,0.8910
46.1667,JELLY_B,-0.1696,0.3651,0.5905
46.1667,JELLY_C,-0.5669,-0.0395,0.7928
46.1833,JELLY_A,-0.1644,-0.0628,0.8962
46.1833,JELLY_B,-0.1681,0.3652,0.5968
46.1833,JELLY_C,-0.5657,-0.0390,0.7993
46.2000,JELLY_A,-0.1667,-0.0623,0.9015
46.2000,JELLY_B,-0.1666,0.3652,0.6030
46.2000,JELLY_C,-0.5644,-0.0386,0.8059
46.2167,JELLY_A,-0.1690,-0.0619,0.9067
46.2167,JELLY_B,-0.1652,0.3653,0.6092
46.2167,JELLY_C,-0.5629,-0.0382,0.8125
46.2333,JELLY_A,-0.1712,-0.0614,0.9120
46.2333,JELLY_B,-0.1637,0.3654,0.6155
46.2333,JELLY_C,-0.5613,-0.0377,0.8190
46.2500,JELLY_A,-0.1734,-0.0610,0.9173
46.2500,JELLY_B,-0.1622,0.3654,0.6217
46.2500,JELLY_C,-0.5597,-0.0373,0.8256
46.2667,JELLY_A,-0.1755,-0.0605,0.9225
46.2667,JELLY_B,-0.1606,0.3655,0.6280
46.2667,JELLY_C,-0.5579,-0.0368,0.8321
46.2833,JELLY_A,-0.1776,-0.0601,0.9278
46.2833,JELLY_B,-0.1591,0.3656,0.6342
46.2833,JELLY_C,-0.5560,-0.0363,0.8387
46.3000,JELLY_A,-0.1795,-0.0596,0.9331
46.3000,JELLY_B,-0.1576,0.3656,0.6404
46.3000,JELLY_C,-0.5540,-0.0359,0.8453
46.3167,JELLY_A,-0.1815,-0.0592,0.9383
46.3167,JELLY_B,-0.1561,0.3657,0.6467
46.3167,JELLY_C,-0.5519,-0.0354,0.8518
46.3333,JELLY_A,-0.1833,-0.0587,0.9436
46.3333,JELLY_B,-0.1546,0.3657,0.6529
46.3333,JELLY_C,-0.5497,-0.0349,0.8584
46.3500,JELLY_A,-0.1851,-0.0582,0.9488
46.3500,JELLY_B,-0.1531,0.3658,0.6592
46.3500,JELLY_C,-0.5475,-0.0344,0.8649
46.3667,JELLY_A,-0.1869,-0.0578,0.9541
46.3667,JELLY_B,-0.1516,0.3658,0.6654
46.3667,JELLY_C,-0.5451,-0.0339,0.8715
46.3833,JELLY_A,-0.1886,-0.0573,0.9594
46.3833,JELLY_B,-0.1501,0.3659,0.6717
46.3833,JELLY_C,-0.5427,-0.0334,0.8781
46.4000,JELLY_A,-0.1902,-0.0569,0.9646
46.4000,JELLY_B,-0.1485,0.3660,0.6779
46.4000,JELLY_C,-0.5402,-0.0329,0.8846
46.4167,JELLY_A,-0.1918,-0.0564,0.9699
46.4167,JELLY_B,-0.1470,0.3660,0.6841
46.4167,JELLY_C,-0.5377,-0.0324,0.8912
46.4333,JELLY_A,-0.1933,-0.0559,0.9752
46.4333,JELLY_B,-0.1455,0.3661,0.6904
46.4333,JELLY_C,-0.5350,-0.0319,0.8977
46.4500,JELLY_A,-0.1948,-0.0555,0.9804
46.4500,JELLY_B,-0.1440,0.3661,0.6966
46.4500,JELLY_C,-0.5323,-0.0314,0.9043
46.4667,JELLY_A,-0.1962,-0.0550,0.9857
46.4667,JELLY_B,-0.1425,0.3662,0.7029
46.4667,JELLY_C,-0.5296,-0.0309,0.9109
46.4833,JELLY_A,-0.1976,-0.0545,0.9910
46.4833,JELLY_B,-0.1410,0.3662,0.7091
46.4833,JELLY_C,-0.5267,-0.0303,0.9174
46.5000,JELLY_A,-0.1989,-0.0540,0.9962
46.5000,JELLY_B,-0.1395,0.3663,0.7154
46.5000,JELLY_C,-0.5239,-0.0298,0.9240
46.5167,JELLY_A,-0.2001,-0.0536,0.0015
46.5167,JELLY_B,-0.1380,0.3663,0.7216
46.5167,JELLY_C,-0.5209,-0.0293,0.9306
46.5333,JELLY_A,-0.1968,-0.0531,0.0068
46.5333,JELLY_B,-0.1365,0.3664,0.7279
46.5333,JELLY_C,-0.5179,-0.0287,0.9371
46.5500,JELLY_A,-0.1847,-0.0526,0.0120
46.5500,JELLY_B,-0.1350,0.3664,0.7341
46.5500,JELLY_C,-0.5149,-0.0282,0.9437
46.5667,JELLY_A,-0.1641,-0.0521,0.0173
46.5667,JELLY_B,-0.1336,0.3665,0.7404
46.5667,JELLY_C,-0.5118,-0.0276,0.9502
46.5833,JELLY_A,-0.1353,-0.0516,0.0226
46.5833,JELLY_B,-0.1321,0.3665,0.7467
46.5833,JELLY_C,-0.5087,-0.0270,0.9568
46.6000,JELLY_A,-0.0988,-0.0511,0.0278
46.6000,JELLY_B,-0.1306,0.3666,0.7529
46.6000,JELLY_C,-0.5056,-0.0265,0.9634
46.6167,JELLY_A,-0.0549,-0.0506,0.0331
46.6167,JELLY_B,-0.1292,0.3666,0.7592
46.6167,JELLY_C,-0.5024,-0.0259,0.9699
46.6333,JELLY_A,-0.0040,-0.0501,0.0384
46.6333,JELLY_B,-0.1277,0.3667,0.7654
46.6333,JELLY_C,-0.4992,-0.0253,0.9765
46.6500,JELLY_A,0.0533,-0.0496,0.0436
46.6500,JELLY_B,-0.1263,0.3667,0.7717
46.6500,JELLY_C,-0.4959,-0.0247,0.9831
46.6667,JELLY_A,0.1166,-0.0491,0.0489
46.6667,JELLY_B,-0.1248,0.3668,0.7779
46.6667,JELLY_C,-0.4926,-0.0241,0.9896
46.6833,JELLY_A,0.1856,-0.0486,0.0542
46.6833,JELLY_B,-0.1234,0.3668,0.7842
46.6833,JELLY_C,-0.4893,-0.0236,0.9962
46.7000,JELLY_A,0.2596,-0.0480,0.0594
46.7000,JELLY_B,-0.1220,0.3669,0.7905
46.7000,JELLY_C,-0.4859,-0.0230,0.0028
46.7167,JELLY_A,0.3382,-0.0475,0.0647
46.7167,JELLY_B,-0.1205,0.3669,0.7967
46.7167,JELLY_C,-0.4826,-0.0224,0.0093
46.7333,JELLY_A,0.4209,-0.0469,0.0700
46.7333,JELLY_B,-0.1191,0.3669,0.8030
46.7333,JELLY_C,-0.4791,-0.0217,0.0159
46.7500,JELLY_A,0.5071,-0.0463,0.0752
46.7500,JELLY_B,-0.1177,0.3670,0.8092
46.7500,JELLY_C,-0.4757,-0.0211,0.0225
46.7667,JELLY_A,0.5963,-0.0458,0.0805
46.7667,JELLY_B,-0.1163,0.3670,0.8155
46.7667,JELLY_C,-0.4722,-0.0205,0.0290
46.7833,JELLY_A,0.6879,-0.0452,0.0858
46.7833,JELLY_B,-0.1150,0.3671,0.8218
46.7833,JELLY_C,-0.4687,-0.0199,0.0356
46.8000,JELLY_A,0.7815,-0.0446,0.0910
46.8000,JELLY_B,-0.1136,0.3671,0.8280
46.8000,JELLY_C,-0.4652,-0.0193,0.0421
46.8167,JELLY_A,0.8763,-0.0440,0.0963
46.8167,JELLY_B,-0.1122,0.3671,0.8343
46.8167,JELLY_C,-0.4616,-0.0186,0.0487
46.8333,JELLY_A,0.9720,-0.0433,0.1016
46.8333,JELLY_B,-0.1109,0.3672,0.8405
46.8333,JELLY_C,-0.4580,-0.0180,0.0553
46.8500,JELLY_A,1.0678,-0.0427,0.1069
46.8500,JELLY_B,-0.1095,0.3672,0.8468
46.8500,JELLY_C,-0.4544,-0.0174,0.0618
46.8667,JELLY_A,1.1631,-0.0421,0.1121
46.8667,JELLY_B,-0.1082,0.3673,0.8531
46.8667,JELLY_C,-0.4508,-0.0167,0.0684
46.8833,JELLY_A,1.2575,-0.0414,0.1174
46.8833,JELLY_B,-0.1068,0.3673,0.8593
46.8833,JELLY_C,-0.4472,-0.0161,0.0750
46.9000,JELLY_A,1.3503,-0.0408,0.1227
46.9000,JELLY_B,-0.1055,0.3673,0.8656
46.9000,JELLY_C,-0.4436,-0.0154,0.0816
46.9167,JELLY_A,1.4409,-0.0401,0.1279
46.9167,JELLY_B,-0.1042,0.3674,0.8719
46.9167,JELLY_C,-0.4399,-0.0148,0.0881
46.9333,JELLY_A,1.5287,-0.0395,0.1332
46.9333,JELLY_B,-0.1029,0.3674,0.8782
46.9333,JELLY_C,-0.4363,-0.0141,0.0947
46.9500,JELLY_A,1.6132,-0.0388,0.1385
46.9500,JELLY_B,-0.1016,0.3674,0.8844
46.9500,JELLY_C,-0.4326,-0.0134,0.1013
46.9667,JELLY_A,1.6937,-0.0381,0.1438
46.9667,JELLY_B,-0.1004,0.3675,0.8907
46.9667,JELLY_C,-0.4290,-0.0128,0.1078
46.9833,JELLY_A,1.7696,-0.0374,0.1490
46.9833,JELLY_B,-0.0991,0.3675,0.8970
46.9833,JELLY_C,-0.4253,-0.0121,0.1144
47.0000,JELLY_A,1.8404,-0.0368,0.1543
47.0000,JELLY_B,-0.0978,0.3675,0.9032
47.0000,JELLY_C,-0.4217,-0.0114,0.1210
47.0167,JELLY_A,1.9055,-0.0361,0.1596
47.0167,JELLY_B,-0.0966,0.3676,0.9095
47.0167,JELLY_C,-0.4180,-0.0107,0.1275
47.0333,JELLY_A,1.9644,-0.0354,0.1648
47.0333,JELLY_B,-0.0954,0.3676,0.9158
47.0333,JELLY_C,-0.4144,-0.0100,0.1341
47.0500,JELLY_A,2.0164,-0.0347,0.1701
47.0500,JELLY_B,-0.0941,0.3676,0.9221
47.0500,JELLY_C,-0.4107,-0.0093,0.1407
47.0667,JELLY_A,2.0610,-0.0340,0.1754
47.0667,JELLY_B,-0.0929,0.3677,0.9283
47.0667,JELLY_C,-0.4071,-0.0086,0.1472
47.0833,JELLY_A,2.0977,-0.0333,0.1807
47.0833,JELLY_B,-0.0917,0.3677,0.9346
47.0833,JELLY_C,-0.4035,-0.0079,0.1538
47.1000,JELLY_A,2.1260,-0.0327,0.1859
47.1000,JELLY_B,-0.0905,0.3677,0.9409
47.1000,JELLY_C,-0.3998,-0.0072,0.1604
47.1167,JELLY_A,2.1453,-0.0320,0.1912
47.1167,JELLY_B,-0.0894,0.3678,0.9472
47.1167,JELLY_C,-0.3962,-0.0065,0.1669
47.1333,JELLY_A,2.1552,-0.0313,0.1965
47.1333,JELLY_B,-0.0882,0.3678,0.9534
47.1333,JELLY_C,-0.3926,-0.0058,0.1735
47.1500,JELLY_A,2.1552,-0.0306,0.2018
47.1500,JELLY_B,-0.0870,0.3678,0.9597
47.1500,JELLY_C,-0.3890,-0.0051,0.1801
47.1667,JELLY_A,2.1461,-0.0300,0.2070
47.1667,JELLY_B,-0.0859,0.3678,0.9660
47.1667,JELLY_C,-0.3854,-0.0044,0.1867
47.1833,JELLY_A,2.1291,-0.0293,0.2123
47.1833,JELLY_B,-0.0848,0.3679,0.9723
47.1833,JELLY_C,-0.3818,-0.0036,0.1932
47.2000,JELLY_A,2.1048,-0.0286,0.2176
47.2000,JELLY_B,-0.0836,0.3679,0.9785
47.2000,JELLY_C,-0.3783,-0.0029,0.1998
47.2167,JELLY_A,2.0737,-0.0280,0.2228
47.2167,JELLY_B,-0.0825,0.3679,0.9848
47.2167,JELLY_C,-0.3747,-0.0022,0.2064
47.2333,JELLY_A,2.0363,-0.0273,0.2281
47.2333,JELLY_B,-0.0814,0.3679,0.9911
47.2333,JELLY_C,-0.3711,-0.0014,0.2129
47.2500,JELLY_A,1.9933,-0.0267,0.2334
47.2500,JELLY_B,-0.0804,0.3680,0.9974
47.2500,JELLY_C,-0.3676,-0.0007,0.2195
47.2667,JELLY_A,1.9451,-0.0260,0.2387
47.2667,JELLY_B,-0.0770,0.3680,0.0037
47.2667,JELLY_C,-0.3641,0.0001,0.2261
47.2833,JELLY_A,1.8923,-0.0254,0.2439
47.2833,JELLY_B,-0.0580,0.3680,0.0100
47.2833,JELLY_C,-0.3605,0.0008,0.2327
47.3000,JELLY_A,1.8353,-0.0247,0.2492
47.3000,JELLY_B,-0.0217,0.3680,0.0162
47.3000,JELLY_C,-0.3570,0.0016,0.2392
47.3167,JELLY_A,1.7747,-0.0241,0.2545
47.3167,JELLY_B,0.0312,0.3680,0.0225
47.3167,JELLY_C,-0.3535,0.0023,0.2458
47.3333,JELLY_A,1.7109,-0.0235,0.2598
47.3333,JELLY_B,0.1001,0.3680,0.0288
47.3333,JELLY_C,-0.3500,0.0031,0.2524
47.3500,JELLY_A,1.6444,-0.0228,0.2650
47.3500,JELLY_B,0.1840,0.3680,0.0351
47.3500,JELLY_C,-0.3466,0.0038,0.2589
47.3667,JELLY_A,1.5757,-0.0222,0.2703
47.3667,JELLY_B,0.2819,0.3680,0.0414
47.3667,JELLY_C,-0.3431,0.0046,0.2655
47.3833,JELLY_A,1.5051,-0.0216,0.2756
47.3833,JELLY_B,0.3930,0.3680,0.0477
47.3833,JELLY_C,-0.3397,0.0054,0.2721
47.4000,JELLY_A,1.4332,-0.0210,0.2809
47.4000,JELLY_B,0.5161,0.3679,0.0539
47.4000,JELLY_C,-0.3363,0.0062,0.2787
47.4167,JELLY_A,1.3604,-0.0203,0.2862
47.4167,JELLY_B,0.6500,0.3679,0.0602
47.4167,JELLY_C,-0.3329,0.0069,0.2852
47.4333,JELLY_A,1.2870,-0.0197,0.2914
47.4333,JELLY_B,0.7935,0.3678,0.0665
47.4333,JELLY_C,-0.3295,0.0077,0.2918
47.4500,JELLY_A,1.2135,-0.0191,0.2967
47.4500,JELLY_B,0.9454,0.3677,0.0728
47.4500,JELLY_C,-0.3262,0.0085,0.2984
47.4667,JELLY_A,1.1402,-0.0185,0.3020
47.4667,JELLY_B,1.1043,0.3676,0.0791
47.4667,JELLY_C,-0.3229,0.0093,0.3050
47.4833,JELLY_A,1.0676,-0.0179,0.3073
47.4833,JELLY_B,1.2688,0.3675,0.0854
47.4833,JELLY_C,-0.3196,0.0101,0.3115
47.5000,JELLY_A,0.9959,-0.0173,0.3125
47.5000,JELLY_B,1.4374,0.3674,0.0917
47.5000,JELLY_C,-0.3163,0.0109,0.3181
47.5167,JELLY_A,0.9257,-0.0167,0.3178
47.5167,JELLY_B,1.6088,0.3673,0.0980
47.5167,JELLY_C,-0.3131,0.0117,0.3247
47.5333,JELLY_A,0.8571,-0.0161,0.3231
47.5333,JELLY_B,1.7813,0.3671,0.1043
47.5333,JELLY_C,-0.3099,0.0125,0.3313
47.5500,JELLY_A,0.7906,-0.0155,0.3284
47.5500,JELLY_B,1.9534,0.3669,0.1106
47.5500,JELLY_C,-0.3067,0.0133,0.3378
47.5667,JELLY_A,0.7265,-0.0149,0.3336
47.5667,JELLY_B,2.1236,0.3667,0.1168
47.5667,JELLY_C,-0.3035,0.0141,0.3444
47.5833,JELLY_A,0.6651,-0.0143,0.3389
47.5833,JELLY_B,2.2902,0.3665,0.1231
47.5833,JELLY_C,-0.3004,0.0149,0.3510
47.6000,JELLY_A,0.6067,-0.0137,0.3442
47.6000,JELLY_B,2.4517,0.3663,0.1294
47.6000,JELLY_C,-0.2973,0.0157,0.3575
47.6167,JELLY_A,0.5516,-0.0131,0.3495
47.6167,JELLY_B,2.6064,0.3661,0.1357
47.6167,JELLY_C,-0.2942,0.0166,0.3641
47.6333,JELLY_A,0.5000,-0.0125,0.3548
47.6333,JELLY_B,2.7529,0.3658,0.1420
47.6333,JELLY_C,-0.2911,0.0174,0.3707
47.6500,JELLY_A,0.4524,-0.0119,0.3600
47.6500,JELLY_B,2.8894,0.3656,0.1483
47.6500,JELLY_C,-0.2881,0.0182,0.3773
47.6667,JELLY_A,0.4089,-0.0113,0.3653
47.6667,JELLY_B,3.0145,0.3653,0.1546
47.6667,JELLY_C,-0.2850,0.0191,0.3838
47.6833,JELLY_A,0.3698,-0.0107,0.3706
47.6833,JELLY_B,3.1267,0.3650,0.1609
47.6833,JELLY_C,-0.2820,0.0199,0.3904
47.7000,JELLY_A,0.3354,-0.0101,0.3759
47.7000,JELLY_B,3.2244,0.3648,0.1672
47.7000,JELLY_C,-0.2791,0.0207,0.3970
47.7167,JELLY_A,0.3058,-0.0095,0.3812
47.7167,JELLY_B,3.3062,0.3645,0.1735
47.7167,JELLY_C,-0.2761,0.0216,0.4036
47.7333,JELLY_A,0.2814,-0.0089,0.3864
47.7333,JELLY_B,3.3708,0.3642,0.1798
47.7333,JELLY_C,-0.2732,0.0224,0.4102
47.7500,JELLY_A,0.2624,-0.0083,0.3917
47.7500,JELLY_B,3.4169,0.3639,0.1861
47.7500,JELLY_C,-0.2703,0.0233,0.4167
47.7667,JELLY_A,0.2489,-0.0078,0.3970
47.7667,JELLY_B,3.4432,0.3636,0.1924
47.7667,JELLY_C,-0.2674,0.0241,0.4233
47.7833,JELLY_A,0.2412,-0.0072,0.4023
47.7833,JELLY_B,3.4486,0.3633,0.1987
47.7833,JELLY_C,-0.2646,0.0250,0.4299
47.8000,JELLY_A,0.2359,-0.0066,0.4075
47.8000,JELLY_B,3.4346,0.3630,0.2050
47.8000,JELLY_C,-0.2617,0.0258,0.4365
47.8167,JELLY_A,0.2305,-0.0060,0.4128
47.8167,JELLY_B,3.4044,0.3627,0.2113
47.8167,JELLY_C,-0.2589,0.0267,0.4430
47.8333,JELLY_A,0.2250,-0.0054,0.4181
47.8333,JELLY_B,3.3588,0.3624,0.2176
47.8333,JELLY_C,-0.2561,0.0275,0.4496
47.8500,JELLY_A,0.2193,-0.0049,0.4234
47.8500,JELLY_B,3.2992,0.3621,0.2239
47.8500,JELLY_C,-0.2534,0.0284,0.4562
47.8667,JELLY_A,0.2136,-0.0043,0.4287
47.8667,JELLY_B,3.2270,0.3618,0.2302
47.8667,JELLY_C,-0.2507,0.0293,0.4628
47.8833,JELLY_A,0.2078,-0.0037,0.4339
47.8833,JELLY_B,3.1437,0.3616,0.2365
47.8833,JELLY_C,-0.2479,0.0302,0.4693
47.9000,JELLY_A,0.2018,-0.0031,0.4392
47.9000,JELLY_B,3.0505,0.3613,0.2428
47.9000,JELLY_C,-0.2452,0.0310,0.4759
47.9167,JELLY_A,0.1958,-0.0025,0.4445
47.9167,JELLY_B,2.9488,0.3610,0.2491
47.9167,JELLY_C,-0.2424,0.0319,0.4825
47.9333,JELLY_A,0.1897,-0.0020,0.4498
47.9333,JELLY_B,2.8399,0.3607,0.2554
47.9333,JELLY_C,-0.2397,0.0328,0.4891
47.9500,JELLY_A,0.1835,-0.0014,0.4551
47.9500,JELLY_B,2.7248,0.3604,0.2617
47.9500,JELLY_C,-0.2370,0.0337,0.4956
47.9667,JELLY_A,0.1773,-0.0008,0.4603
47.9667,JELLY_B,2.6049,0.3602,0.2680
47.9667,JELLY_C,-0.2343,0.0346,0.5022
47.9833,JELLY_A,0.1710,-0.0002,0.4656
47.9833,JELLY_B,2.4811,0.3599,0.2743
47.9833,JELLY_C,-0.2316,0.0355,0.5088
48.0000,JELLY_A,0.1647,0.0003,0.4709
48.0000,JELLY_B,2.3546,0.3596,0.2806
48.0000,JELLY_C,-0.2289,0.0364,0.5154
48.0167,JELLY_A,0.1583,0.0009,0.4762
48.0167,JELLY_B,2.2264,0.3594,0.2869
48.0167,JELLY_C,-0.2262,0.0372,0.5220
48.0333,JELLY_A,0.1519,0.0015,0.4815
48.0333,JELLY_B,2.0975,0.3591,0.2933
48.0333,JELLY_C,-0.2235,0.0381,0.5285
48.0500,JELLY_A,0.1455,0.0021,0.4867
48.0500,JELLY_B,1.9688,0.3588,0.2996
48.0500,JELLY_C,-0.2208,0.0390,0.5351
48.0667,JELLY_A,0.1391,0.0026,0.4920
48.0667,JELLY_B,1.8413,0.3586,0.3059
48.0667,JELLY_C,-0.2181,0.0400,0.5417
48.0833,JELLY_A,0.1327,0.0032,0.4973
48.0833,JELLY_B,1.7159,0.3583,0.3122
48.0833,JELLY_C,-0.2155,0.0409,0.5483
48.1000,JELLY_A,0.1262,0.0038,0.5026
48.1000,JELLY_B,1.5933,0.3581,0.3185
48.1000,JELLY_C,-0.2128,0.0418,0.5548
48.1167,JELLY_A,0.1198,0.0043,0.5079
48.1167,JELLY_B,1.4745,0.3578,0.3248
48.1167,JELLY_C,-0.2102,0.0427,0.5614
48.1333,JELLY_A,0.1134,0.0049,0.5132
48.1333,JELLY_B,1.3600,0.3575,0.3311
48.1333,JELLY_C,-0.2076,0.0436,0.5680
48.1500,JELLY_A,0.1070,0.0055,0.5184
48.1500,JELLY_B,1.2507,0.3573,0.3374
48.1500,JELLY_C,-0.2050,0.0445,0.5746
48.1667,JELLY_A,0.1006,0.0061,0.5237
48.1667,JELLY_B,1.1473,0.3570,0.3437
48.1667,JELLY_C,-0.2024,0.0454,0.5812
48.1833,JELLY_A,0.0942,0.0066,0.5290
48.1833,JELLY_B,1.0505,0.3568,0.3500
48.1833,JELLY_C,-0.1998,0.0464,0.5877
48.2000,JELLY_A,0.0879,0.0072,0.5343
48.2000,JELLY_B,0.9608,0.3566,0.3564
48.2000,JELLY_C,-0.1972,0.0473,0.5943
48.2167,JELLY_A,0.0815,0.0078,0.5396
48.2167,JELLY_B,0.8788,0.3563,0.3627
48.2167,JELLY_C,-0.1947,0.0482,0.6009
48.2333,JELLY_A,0.0752,0.0084,0.5448
48.2333,JELLY_B,0.8052,0.3561,0.3690
48.2333,JELLY_C,-0.1922,0.0492,0.6075
48.2500,JELLY_A,0.0689,0.0090,0.5501
48.2500,JELLY_B,0.7405,0.3558,0.3753
48.2500,JELLY_C,-0.1897,0.0501,0.6141
48.2667,JELLY_A,0.0627,0.0095,0.5554
48.2667,JELLY_B,0.6852,0.3556,0.3816
48.2667,JELLY_C,-0.1872,0.0510,0.6206
48.2833,JELLY_A,0.0565,0.0101,0.5607
48.2833,JELLY_B,0.6398,0.3554,0.3879
48.2833,JELLY_C,-0.1847,0.0520,0.6272
48.3000,JELLY_A,0.0503,0.0107,0.5660
48.3000,JELLY_B,0.6047,0.3551,0.3942
48.3000,JELLY_C,-0.1822,0.0529,0.6338
48.3167,JELLY_A,0.0441,0.0113,0.5713
48.3167,JELLY_B,0.5803,0.3549,0.4005
48.3167,JELLY_C,-0.1798,0.0539,0.6404
48.3333,JELLY_A,0.0380,0.0119,0.5765
48.3333,JELLY_B,0.5638,0.3547,0.4069
48.3333,JELLY_C,-0.1774,0.0548,0.6469
48.3500,JELLY_A,0.0320,0.0124,0.5818
48.3500,JELLY_B,0.5475,0.3544,0.4132
48.3500,JELLY_C,-0.1750,0.0558,0.6535
48.3667,JELLY_A,0.0259,0.0130,0.5871
48.3667,JELLY_B,0.5312,0.3542,0.4195
48.3667,JELLY_C,-0.1726,0.0567,0.6601
48.3833,JELLY_A,0.0200,0.0136,0.5924
48.3833,JELLY_B,0.5147,0.3540,0.4258
48.3833,JELLY_C,-0.1702,0.0577,0.6667
48.4000,JELLY_A,0.0141,0.0142,0.5977
48.4000,JELLY_B,0.4982,0.3538,0.4321
48.4000,JELLY_C,-0.1679,0.0586,0.6733
48.4167,JELLY_A,0.0082,0.0148,0.6030
48.4167,JELLY_B,0.4817,0.3535,0.4384
48.4167,JELLY_C,-0.1656,0.0596,0.6798
48.4333,JELLY_A,0.0024,0.0154,0.6082
48.4333,JELLY_B,0.4653,0.3533,0.4448
48.4333,JELLY_C,-0.1633,0.0605,0.6864
48.4500,JELLY_A,-0.0034,0.0159,0.6135
48.4500,JELLY_B,0.4488,0.3531,0.4511
48.4500,JELLY_C,-0.1610,0.0615,0.6930
48.4667,JELLY_A,-0.0091,0.0165,0.6188
48.4667,JELLY_B,0.4324,0.3529,0.4574
48.4667,JELLY_C,-0.1588,0.0625,0.6996
48.4833,JELLY_A,-0.0147,0.0171,0.6241
48.4833,JELLY_B,0.4161,0.3527,0.4637
48.4833,JELLY_C,-0.1565,0.0634,0.7062
48.5000,JELLY_A,-0.0203,0.0177,0.6294
48.5000,JELLY_B,0.3998,0.3525,0.4700
48.5000,JELLY_C,-0.1543,0.0644,0.7127
48.5167,JELLY_A,-0.0258,0.0183,0.6346
48.5167,JELLY_B,0.3837,0.3522,0.4763
48.5167,JELLY_C,-0.1521,0.0654,0.7193
48.5333,JELLY_A,-0.0313,0.0189,0.6399
48.5333,JELLY_B,0.3677,0.3520,0.4827
48.5333,JELLY_C,-0.1500,0.0664,0.7259
48.5500,JELLY_A,-0.0366,0.0195,0.6452
48.5500,JELLY_B,0.3518,0.3518,0.4890
48.5500,JELLY_C,-0.1478,0.0673,0.7325
48.5667,JELLY_A,-0.0420,0.0201,0.6505
48.5667,JELLY_B,0.3361,0.3516,0.4953
48.5667,JELLY_C,-0.1457,0.0683,0.7391
48.5833,JELLY_A,-0.0472,0.0207,0.6558
48.5833,JELLY_B,0.3205,0.3514,0.5016
48.5833,JELLY_C,-0.1436,0.0693,0.7456
48.6000,JELLY_A,-0.0524,0.0213,0.6611
48.6000,JELLY_B,0.3051,0.3512,0.5079
48.6000,JELLY_C,-0.1415,0.0703,0.7522
48.6167,JELLY_A,-0.0575,0.0219,0.6663
48.6167,JELLY_B,0.2898,0.3510,0.5143
48.6167,JELLY_C,-0.1395,0.0713,0.7588
48.6333,JELLY_A,-0.0625,0.0225,0.6716
48.6333,JELLY_B,0.2748,0.3508,0.5206
48.6333,JELLY_C,-0.1374,0.0723,0.7654
48.6500,JELLY_A,-0.0675,0.0231,0.6769
48.6500,JELLY_B,0.2599,0.3506,0.5269
48.6500,JELLY_C,-0.1354,0.0733,0.7720
48.6667,JELLY_A,-0.0724,0.0237,0.6822
48.6667,JELLY_B,0.2453,0.3504,0.5332
48.6667,JELLY_C,-0.1334,0.0743,0.7785
48.6833,JELLY_A,-0.0772,0.0243,0.6875
48.6833,JELLY_B,0.2309,0.3502,0.5396
48.6833,JELLY_C,-0.1315,0.0753,0.7851
48.7000,JELLY_A,-0.0819,0.0249,0.6928
48.7000,JELLY_B,0.2167,0.3500,0.5459
48.7000,JELLY_C,-0.1295,0.0763,0.7917
48.7167,JELLY_A,-0.0866,0.0255,0.6980
48.7167,JELLY_B,0.2027,0.3499,0.5522
48.7167,JELLY_C,-0.1276,0.0773,0.7983
48.7333,JELLY_A,-0.0912,0.0261,0.7033
48.7333,JELLY_B,0.1889,0.3497,0.5585
48.7333,JELLY_C,-0.1257,0.0783,0.8049
48.7500,JELLY_A,-0.0957,0.0267,0.7086
48.7500,JELLY_B,0.1754,0.3495,0.5649
48.7500,JELLY_C,-0.1238,0.0793,0.8114
48.7667,JELLY_A,-0.1001,0.0273,0.7139
48.7667,JELLY_B,0.1621,0.3493,0.5712
48.7667,JELLY_C,-0.1220,0.0803,0.8180
48.7833,JELLY_A,-0.1045,0.0279,0.7192
48.7833,JELLY_B,0.1490,0.3491,0.5775
48.7833,JELLY_C,-0.1201,0.0813,0.8246
48.8000,JELLY_A,-0.1088,0.0285,0.7245
48.8000,JELLY_B,0.1362,0.3489,0.5838
48.8000,JELLY_C,-0.1183,0.0823,0.8312
48.8167,JELLY_A,-0.1130,0.0291,0.7297
48.8167,JELLY_B,0.1236,0.3488,0.5902
48.8167,JELLY_C,-0.1166,0.0833,0.8378
48.8333,JELLY_A,-0.1171,0.0297,0.7350
48.8333,JELLY_B,0.1112,0.3486,0.5965
48.8333,JELLY_C,-0.1148,0.0843,0.8443
48.8500,JELLY_A,-0.1211,0.0303,0.7403
48.8500,JELLY_B,0.0991,0.3484,0.6028
48.8500,JELLY_C,-0.1130,0.0853,0.8509
48.8667,JELLY_A,-0.1251,0.0310,0.7456
48.8667,JELLY_B,0.0872,0.3482,0.6091
48.8667,JELLY_C,-0.1113,0.0864,0.8575
48.8833,JELLY_A,-0.1290,0.0316,0.7509
48.8833,JELLY_B,0.0756,0.3481,0.6155
48.8833,JELLY_C,-0.1096,0.0874,0.8641
48.9000,JELLY_A,-0.1328,0.0322,0.7562
48.9000,JELLY_B,0.0641,0.3479,0.6218
48.9000,JELLY_C,-0.1080,0.0884,0.8707
48.9167,JELLY_A,-0.1365,0.0328,0.7614
48.9167,JELLY_B,0.0530,0.3477,0.6281
48.9167,JELLY_C,-0.1063,0.0894,0.8772
48.9333,JELLY_A,-0.1402,0.0334,0.7667
48.9333,JELLY_B,0.0420,0.3475,0.6344
48.9333,JELLY_C,-0.1047,0.0905,0.8838
48.9500,JELLY_A,-0.1438,0.0340,0.7720
48.9500,JELLY_B,0.0314,0.3474,0.6408
48.9500,JELLY_C,-0.1031,0.0915,0.8904
48.9667,JELLY_A,-0.1473,0.0347,0.7773
48.9667,JELLY_B,0.0209,0.3472,0.6471
48.9667,JELLY_C,-0.1015,0.0925,0.8970
48.9833,JELLY_A,-0.1507,0.0353,0.7826
48.9833,JELLY_B,0.0107,0.3470,0.6534
48.9833,JELLY_C,-0.0999,0.0936,0.9036
49.0000,JELLY_A,-0.1540,0.0359,0.7879
49.0000,JELLY_B,0.0007,0.3469,0.6597
49.0000,JELLY_C,-0.0984,0.0946,0.9101
49.0167,JELLY_A,-0.1573,0.0365,0.7931
49.0167,JELLY_B,-0.0090,0.3467,0.6661
49.0167,JELLY_C,-0.0969,0.0956,0.9167
49.0333,JELLY_A,-0.1605,0.0372,0.7984
49.0333,JELLY_B,-0.0185,0.3466,0.6724
49.0333,JELLY_C,-0.0954,0.0967,0.9233
49.0500,JELLY_A,-0.1636,0.0378,0.8037
49.0500,JELLY_B,-0.0278,0.3464,0.6787
49.0500,JELLY_C,-0.0939,0.0977,0.9299
49.0667,JELLY_A,-0.1666,0.0384,0.8090
49.0667,JELLY_B,-0.0368,0.3462,0.6851
49.0667,JELLY_C,-0.0924,0.0988,0.9365
49.0833,JELLY_A,-0.1695,0.0391,0.8143
49.0833,JELLY_B,-0.0456,0.3461,0.6914
49.0833,JELLY_C,-0.0910,0.0998,0.9430
49.1000,JELLY_A,-0.1724,0.0397,0.8196
49.1000,JELLY_B,-0.0542,0.3459,0.6977
49.1000,JELLY_C,-0.0896,0.1008,0.9496
49.1167,JELLY_A,-0.1752,0.0403,0.8248
49.1167,JELLY_B,-0.0625,0.3458,0.7041
49.1167,JELLY_C,-0.0882,0.1019,0.9562
49.1333,JELLY_A,-0.1780,0.0410,0.8301
49.1333,JELLY_B,-0.0707,0.3456,0.7104
49.1333,JELLY_C,-0.0868,0.1029,0.9628
49.1500,JELLY_A,-0.1806,0.0416,0.8354
49.1500,JELLY_B,-0.0786,0.3455,0.7167
49.1500,JELLY_C,-0.0854,0.1040,0.9694
49.1667,JELLY_A,-0.1832,0.0422,0.8407
49.1667,JELLY_B,-0.0863,0.3453,0.7230
49.1667,JELLY_C,-0.0841,0.1051,0.9759
49.1833,JELLY_A,-0.1857,0.0429,0.8460
49.1833,JELLY_B,-0.0938,0.3452,0.7294
49.1833,JELLY_C,-0.0828,0.1061,0.9825
49.2000,JELLY_A,-0.1881,0.0435,0.8513
49.2000,JELLY_B,-0.1010,0.3450,0.7357
49.2000,JELLY_C,-0.0815,0.1072,0.9891
49.2167,JELLY_A,-0.1905,0.0442,0.8565
49.2167,JELLY_B,-0.1081,0.3449,0.7420
49.2167,JELLY_C,-0.0802,0.1082,0.9957
49.2333,JELLY_A,-0.1928,0.0448,0.8618
49.2333,JELLY_B,-0.1149,0.3448,0.7484
49.2333,JELLY_C,-0.0790,0.1093,0.0023
49.2500,JELLY_A,-0.1950,0.0454,0.8671
49.2500,JELLY_B,-0.1216,0.3446,0.7547
49.2500,JELLY_C,-0.0689,0.1103,0.0088
49.2667,JELLY_A,-0.1972,0.0461,0.8724
49.2667,JELLY_B,-0.1280,0.3445,0.7610
49.2667,JELLY_C,-0.0418,0.1114,0.0154
49.2833,JELLY_A,-0.1993,0.0467,0.8777
49.2833,JELLY_B,-0.1342,0.3443,0.7674
49.2833,JELLY_C,0.0018,0.1125,0.0220
49.3000,JELLY_A,-0.2013,0.0474,0.8830
49.3000,JELLY_B,-0.1403,0.3442,0.7737
49.3000,JELLY_C,0.0611,0.1135,0.0286
49.3167,JELLY_A,-0.2032,0.0480,0.8882
49.3167,JELLY_B,-0.1461,0.3440,0.7800
49.3167,JELLY_C,0.1351,0.1146,0.0352
49.3333,JELLY_A,-0.2051,0.0487,0.8935
49.3333,JELLY_B,-0.1518,0.3439,0.7864
49.3333,JELLY_C,0.2229,0.1156,0.0417
49.3500,JELLY_A,-0.2070,0.0493,0.8988
49.3500,JELLY_B,-0.1572,0.3438,0.7927
49.3500,JELLY_C,0.3235,0.1166,0.0483
49.3667,JELLY_A,-0.2087,0.0500,0.9041
49.3667,JELLY_B,-0.1625,0.3436,0.7990
49.3667,JELLY_C,0.4357,0.1176,0.0549
49.3833,JELLY_A,-0.2104,0.0506,0.9094
49.3833,JELLY_B,-0.1676,0.3435,0.8054
49.3833,JELLY_C,0.5582,0.1186,0.0615
49.4000,JELLY_A,-0.2121,0.0513,0.9147
49.4000,JELLY_B,-0.1725,0.3434,0.8117
49.4000,JELLY_C,0.6898,0.1196,0.0680
49.4167,JELLY_A,-0.2136,0.0520,0.9199
49.4167,JELLY_B,-0.1772,0.3432,0.8180
49.4167,JELLY_C,0.8291,0.1206,0.0746
49.4333,JELLY_A,-0.2151,0.0526,0.9252
49.4333,JELLY_B,-0.1818,0.3431,0.8244
49.4333,JELLY_C,0.9745,0.1216,0.0812
49.4500,JELLY_A,-0.2166,0.0533,0.9305
49.4500,JELLY_B,-0.1862,0.3430,0.8307
49.4500,JELLY_C,1.1248,0.1225,0.0878
49.4667,JELLY_A,-0.2180,0.0539,0.9358
49.4667,JELLY_B,-0.1904,0.3429,0.8370
49.4667,JELLY_C,1.2782,0.1235,0.0944
49.4833,JELLY_A,-0.2193,0.0546,0.9411
49.4833,JELLY_B,-0.1945,0.3427,0.8434
49.4833,JELLY_C,1.4334,0.1244,0.1009
49.5000,JELLY_A,-0.2206,0.0553,0.9464
49.5000,JELLY_B,-0.1983,0.3426,0.8497
49.5000,JELLY_C,1.5886,0.1253,0.1075
49.5167,JELLY_A,-0.2218,0.0559,0.9516
49.5167,JELLY_B,-0.2021,0.3425,0.8560
49.5167,JELLY_C,1.7423,0.1262,0.1141
49.5333,JELLY_A,-0.2230,0.0566,0.9569
49.5333,JELLY_B,-0.2057,0.3423,0.8624
49.5333,JELLY_C,1.8928,0.1271,0.1207
49.5500,JELLY_A,-0.2241,0.0572,0.9622
49.5500,JELLY_B,-0.2091,0.3422,0.8687
49.5500,JELLY_C,2.0386,0.1279,0.1273
49.5667,JELLY_A,-0.2251,0.0579,0.9675
49.5667,JELLY_B,-0.2124,0.3421,0.8750
49.5667,JELLY_C,2.1780,0.1288,0.1338
49.5833,JELLY_A,-0.2262,0.0586,0.9728
49.5833,JELLY_B,-0.2156,0.3420,0.8814
49.5833,JELLY_C,2.3095,0.1296,0.1404
49.6000,JELLY_A,-0.2271,0.0593,0.9781
49.6000,JELLY_B,-0.2186,0.3418,0.8877
49.6000,JELLY_C,2.4315,0.1304,0.1470
49.6167,JELLY_A,-0.2280,0.0599,0.9833
49.6167,JELLY_B,-0.2214,0.3417,0.8940
49.6167,JELLY_C,2.5426,0.1313,0.1536
49.6333,JELLY_A,-0.2289,0.0606,0.9886
49.6333,JELLY_B,-0.2242,0.3416,0.9004
49.6333,JELLY_C,2.6412,0.1321,0.1601
49.6500,JELLY_A,-0.2297,0.0613,0.9939
49.6500,JELLY_B,-0.2268,0.3415,0.9067
49.6500,JELLY_C,2.7260,0.1329,0.1667
49.6667,JELLY_A,-0.2304,0.0619,0.9992
49.6667,JELLY_B,-0.2292,0.3414,0.9131
49.6667,JELLY_C,2.7957,0.1336,0.1733
49.6833,JELLY_A,-0.2311,0.0626,0.0045
49.6833,JELLY_B,-0.2316,0.3412,0.9194
49.6833,JELLY_C,2.8490,0.1344,0.1799
49.7000,JELLY_A,-0.2318,0.0633,0.0098
49.7000,JELLY_B,-0.2338,0.3411,0.9257
49.7000,JELLY_C,2.8849,0.1352,0.1865
49.7167,JELLY_A,-0.2324,0.0640,0.0150
49.7167,JELLY_B,-0.2359,0.3410,0.9321
49.7167,JELLY_C,2.9021,0.1360,0.1930
49.7333,JELLY_A,-0.2329,0.0647,0.0203
49.7333,JELLY_B,-0.2379,0.3409,0.9384
49.7333,JELLY_C,2.8998,0.1368,0.1996
49.7500,JELLY_A,-0.2334,0.0653,0.0256
49.7500,JELLY_B,-0.2398,0.3408,0.9447
49.7500,JELLY_C,2.8787,0.1376,0.2062
49.7667,JELLY_A,-0.2338,0.0660,0.0309
49.7667,JELLY_B,-0.2415,0.3407,0.9511
49.7667,JELLY_C,2.8418,0.1384,0.2128
49.7833,JELLY_A,-0.2342,0.0667,0.0362
49.7833,JELLY_B,-0.2432,0.3405,0.9574
49.7833,JELLY_C,2.7902,0.1392,0.2193
49.8000,JELLY_A,-0.2345,0.0674,0.0414
49.8000,JELLY_B,-0.2447,0.3404,0.9637
49.8000,JELLY_C,2.7255,0.1399,0.2259
49.8167,JELLY_A,-0.2348,0.0681,0.0467
49.8167,JELLY_B,-0.2462,0.3403,0.9701
49.8167,JELLY_C,2.6492,0.1407,0.2325
49.8333,JELLY_A,-0.2351,0.0687,0.0520
49.8333,JELLY_B,-0.2475,0.3402,0.9764
49.8333,JELLY_C,2.5628,0.1415,0.2391
49.8500,JELLY_A,-0.2353,0.0694,0.0573
49.8500,JELLY_B,-0.2487,0.3401,0.9828
49.8500,JELLY_C,2.4676,0.1423,0.2456
49.8667,JELLY_A,-0.2354,0.0701,0.0626
49.8667,JELLY_B,-0.2499,0.3400,0.9891
49.8667,JELLY_C,2.3650,0.1432,0.2522
49.8833,JELLY_A,-0.2355,0.0708,0.0679
49.8833,JELLY_B,-0.2510,0.3399,0.9954
49.8833,JELLY_C,2.2562,0.1440,0.2588
49.9000,JELLY_A,-0.2356,0.0715,0.0731
49.9000,JELLY_B,-0.2519,0.3398,0.0018
49.9000,JELLY_C,2.1425,0.1448,0.2654
49.9167,JELLY_A,-0.2357,0.0722,0.0784
49.9167,JELLY_B,-0.2449,0.3396,0.0081
49.9167,JELLY_C,2.0251,0.1456,0.2720
49.9333,JELLY_A,-0.2357,0.0729,0.0837
49.9333,JELLY_B,-0.2226,0.3395,0.0144
49.9333,JELLY_C,1.9051,0.1464,0.2785
49.9500,JELLY_A,-0.2357,0.0736,0.0890
49.9500,JELLY_B,-0.1855,0.3394,0.0208
49.9500,JELLY_C,1.7835,0.1472,0.2851
49.9667,JELLY_A,-0.2356,0.0742,0.0943
49.9667,JELLY_B,-0.1344,0.3393,0.0271
49.9667,JELLY_C,1.6613,0.1480,0.2917
49.9833,JELLY_A,-0.2355,0.0749,0.0995
49.9833,JELLY_B,-0.0700,0.3392,0.0334
49.9833,JELLY_C,1.5395,0.1489,0.2983
50.0000,JELLY_A,-0.2354,0.0756,0.1048
50.0000,JELLY_B,0.0068,0.3390,0.0398
50.0000,JELLY_C,1.4191,0.1497,0.3048
50.0167,JELLY_A,-0.2352,0.0763,0.1101
50.0167,JELLY_B,0.0951,0.3389,0.0461
50.0167,JELLY_C,1.3009,0.1505,0.3114
50.0333,JELLY_A,-0.2350,0.0770,0.1154
50.0333,JELLY_B,0.1939,0.3388,0.0525
50.0333,JELLY_C,1.1857,0.1513,0.3180
50.0500,JELLY_A,-0.2348,0.0777,0.1207
50.0500,JELLY_B,0.3023,0.3386,0.0588
50.0500,JELLY_C,1.0743,0.1522,0.3246
50.0667,JELLY_A,-0.2346,0.0784,0.1259
50.0667,JELLY_B,0.4192,0.3384,0.0651
50.0667,JELLY_C,0.9675,0.1530,0.3311
50.0833,JELLY_A,-0.2343,0.0791,0.1312
50.0833,JELLY_B,0.5435,0.3383,0.0715
50.0833,JELLY_C,0.8659,0.1539,0.3377
50.1000,JELLY_A,-0.2340,0.0798,0.1365
50.1000,JELLY_B,0.6740,0.3381,0.0778
50.1000,JELLY_C,0.7703,0.1547,0.3443
50.1167,JELLY_A,-0.2336,0.0805,0.1418
50.1167,JELLY_B,0.8097,0.3379,0.0842
50.1167,JELLY_C,0.6811,0.1555,0.3509
50.1333,JELLY_A,-0.2333,0.0812,0.1471
50.1333,JELLY_B,0.9491,0.3377,0.0905
50.1333,JELLY_C,0.5991,0.1564,0.3574
50.1500,JELLY_A,-0.2329,0.0819,0.1524
50.1500,JELLY_B,1.0912,0.3375,0.0968
50.1500,JELLY_C,0.5248,0.1572,0.3640
50.1667,JELLY_A,-0.2325,0.0826,0.1576
50.1667,JELLY_B,1.2346,0.3373,0.1032
50.1667,JELLY_C,0.4586,0.1581,0.3706
50.1833,JELLY_A,-0.2321,0.0833,0.1629
50.1833,JELLY_B,1.3781,0.3371,0.1095
50.1833,JELLY_C,0.4010,0.1589,0.3771
50.2000,JELLY_A,-0.2316,0.0840,0.1682
50.2000,JELLY_B,1.5203,0.3368,0.1158
50.2000,JELLY_C,0.3525,0.1598,0.3837
50.2167,JELLY_A,-0.2312,0.0847,0.1735
50.2167,JELLY_B,1.6599,0.3366,0.1222
50.2167,JELLY_C,0.3135,0.1607,0.3903
50.2333,JELLY_A,-0.2307,0.0854,0.1788
50.2333,JELLY_B,1.7957,0.3363,0.1285
50.2333,JELLY_C,0.2844,0.1615,0.3969
50.2500,JELLY_A,-0.2302,0.0861,0.1840
50.2500,JELLY_B,1.9262,0.3361,0.1349
50.2500,JELLY_C,0.2653,0.1624,0.4034
50.2667,JELLY_A,-0.2296,0.0868,0.1893
50.2667,JELLY_B,2.0502,0.3358,0.1412
50.2667,JELLY_C,0.2506,0.1633,0.4100
50.2833,JELLY_A,-0.2291,0.0875,0.1946
50.2833,JELLY_B,2.1663,0.3355,0.1475
50.2833,JELLY_C,0.2360,0.1641,0.4166
50.3000,JELLY_A,-0.2285,0.0882,0.1999
50.3000,JELLY_B,2.2733,0.3352,0.1539
50.3000,JELLY_C,0.2215,0.1650,0.4232
50.3167,JELLY_A,-0.2279,0.0889,0.2052
50.3167,JELLY_B,2.3699,0.3349,0.1602
50.3167,JELLY_C,0.2071,0.1659,0.4297
50.3333,JELLY_A,-0.2273,0.0897,0.2104
50.3333,JELLY_B,2.4549,0.3347,0.1665
50.3333,JELLY_C,0.1929,0.1668,0.4363
50.3500,JELLY_A,-0.2267,0.0904,0.2157
50.3500,JELLY_B,2.5270,0.3344,0.1729
50.3500,JELLY_C,0.1789,0.1676,0.4429
50.3667,JELLY_A,-0.2261,0.0911,0.2210
50.3667,JELLY_B,2.5852,0.3341,0.1792
50.3667,JELLY_C,0.1651,0.1685,0.4494
50.3833,JELLY_A,-0.2254,0.0918,0.2263
50.3833,JELLY_B,2.6282,0.3338,0.1856
50.3833,JELLY_C,0.1514,0.1694,0.4560
50.4000,JELLY_A,-0.2248,0.0925,0.2316
50.4000,JELLY_B,2.6550,0.3335,0.1919
50.4000,JELLY_C,0.1380,0.1703,0.4626
50.4167,JELLY_A,-0.2241,0.0932,0.2368
50.4167,JELLY_B,2.6647,0.3332,0.1982
50.4167,JELLY_C,0.1249,0.1712,0.4692
50.4333,JELLY_A,-0.2234,0.0939,0.2421
50.4333,JELLY_B,2.6561,0.3329,0.2046
50.4333,JELLY_C,0.1120,0.1721,0.4757
50.4500,JELLY_A,-0.2227,0.0946,0.2474
50.4500,JELLY_B,2.6322,0.3326,0.2109
50.4500,JELLY_C,0.0993,0.1730,0.4823
50.4667,JELLY_A,-0.2220,0.0954,0.2527
50.4667,JELLY_B,2.5952,0.3323,0.2172
50.4667,JELLY_C,0.0870,0.1739,0.4889
50.4833,JELLY_A,-0.2212,0.0961,0.2579
50.4833,JELLY_B,2.5462,0.3321,0.2236
50.4833,JELLY_C,0.0749,0.1748,0.4954
50.5000,JELLY_A,-0.2205,0.0968,0.2632
50.5000,JELLY_B,2.4865,0.3318,0.2299
50.5000,JELLY_C,0.0630,0.1757,0.5020
50.5167,JELLY_A,-0.2197,0.0975,0.2685
50.5167,JELLY_B,2.4173,0.3315,0.2363
50.5167,JELLY_C,0.0515,0.1766,0.5086
50.5333,JELLY_A,-0.2189,0.0982,0.2738
50.5333,JELLY_B,2.3396,0.3312,0.2426
50.5333,JELLY_C,0.0402,0.1775,0.5152
50.5500,JELLY_A,-0.2181,0.0989,0.2791
50.5500,JELLY_B,2.2545,0.3310,0.2489
50.5500,JELLY_C,0.0292,0.1784,0.5217
50.5667,JELLY_A,-0.2173,0.0997,0.2843
50.5667,JELLY_B,2.1632,0.3307,0.2553
50.5667,JELLY_C,0.0185,0.1793,0.5283
50.5833,JELLY_A,-0.2165,0.1004,0.2896
50.5833,JELLY_B,2.0666,0.3304,0.2616
50.5833,JELLY_C,0.0081,0.1803,0.5349
50.6000,JELLY_A,-0.2157,0.1011,0.2949
50.6000,JELLY_B,1.9657,0.3302,0.2679
50.6000,JELLY_C,-0.0021,0.1812,0.5414
50.6167,JELLY_A,-0.2148,0.1018,0.3002
50.6167,JELLY_B,1.8615,0.3299,0.2743
50.6167,JELLY_C,-0.0119,0.1821,0.5480
50.6333,JELLY_A,-0.2140,0.1025,0.3054
50.6333,JELLY_B,1.7549,0.3296,0.2806
50.6333,JELLY_C,-0.0215,0.1830,0.5546
50.6500,JELLY_A,-0.2132,0.1033,0.3107
50.6500,JELLY_B,1.6468,0.3294,0.2870
50.6500,JELLY_C,-0.0309,0.1840,0.5611
50.6667,JELLY_A,-0.2123,0.1040,0.3160
50.6667,JELLY_B,1.5380,0.3291,0.2933
50.6667,JELLY_C,-0.0399,0.1849,0.5677
50.6833,JELLY_A,-0.2115,0.1047,0.3213
50.6833,JELLY_B,1.4294,0.3289,0.2996
50.6833,JELLY_C,-0.0487,0.1858,0.5743
50.7000,JELLY_A,-0.2107,0.1054,0.3266
50.7000,JELLY_B,1.3218,0.3286,0.3060
50.7000,JELLY_C,-0.0573,0.1868,0.5809
50.7167,JELLY_A,-0.2098,0.1062,0.3318
50.7167,JELLY_B,1.2160,0.3284,0.3123
50.7167,JELLY_C,-0.0655,0.1877,0.5874
50.7333,JELLY_A,-0.2090,0.1069,0.3371
50.7333,JELLY_B,1.1126,0.3281,0.3186
50.7333,JELLY_C,-0.0736,0.1887,0.5940
50.7500,JELLY_A,-0.2081,0.1076,0.3424
50.7500,JELLY_B,1.0125,0.3279,0.3250
50.7500,JELLY_C,-0.0813,0.1896,0.6006
50.7667,JELLY_A,-0.2073,0.1083,0.3477
50.7667,JELLY_B,0.9163,0.3277,0.3313
50.7667,JELLY_C,-0.0888,0.1906,0.6071
50.7833,JELLY_A,-0.2064,0.1091,0.3529
50.7833,JELLY_B,0.8246,0.3274,0.3376
50.7833,JELLY_C,-0.0961,0.1915,0.6137
50.8000,JELLY_A,-0.2055,0.1098,0.3582
50.8000,JELLY_B,0.7381,0.3272,0.3440
50.8000,JELLY_C,-0.1031,0.1925,0.6203
50.8167,JELLY_A,-0.2047,0.1105,0.3635
50.8167,JELLY_B,0.6573,0.3269,0.3503
50.8167,JELLY_C,-0.1099,0.1934,0.6268
50.8333,JELLY_A,-0.2038,0.1112,0.3688
50.8333,JELLY_B,0.5829,0.3267,0.3567
50.8333,JELLY_C,-0.1164,0.1944,0.6334
50.8500,JELLY_A,-0.2029,0.1120,0.3741
50.8500,JELLY_B,0.5155,0.3265,0.3630
50.8500,JELLY_C,-0.1227,0.1954,0.6400
50.8667,JELLY_A,-0.2020,0.1127,0.3793
50.8667,JELLY_B,0.4554,0.3262,0.3693
50.8667,JELLY_C,-0.1287,0.1963,0.6465
50.8833,JELLY_A,-0.2012,0.1134,0.3846
50.8833,JELLY_B,0.4032,0.3260,0.3757
50.8833,JELLY_C,-0.1345,0.1973,0.6531
50.9000,JELLY_A,-0.2003,0.1142,0.3899
50.9000,JELLY_B,0.3595,0.3258,0.3820
50.9000,JELLY_C,-0.1401,0.1983,0.6597
50.9167,JELLY_A,-0.1994,0.1149,0.3952
50.9167,JELLY_B,0.3246,0.3256,0.3883
50.9167,JELLY_C,-0.1455,0.1992,0.6662
50.9333,JELLY_A,-0.1985,0.1156,0.4004
50.9333,JELLY_B,0.2989,0.3253,0.3947
50.9333,JELLY_C,-0.1507,0.2002,0.6728
50.9500,JELLY_A,-0.1976,0.1164,0.4057
50.9500,JELLY_B,0.2830,0.3251,0.4010
50.9500,JELLY_C,-0.1556,0.2012,0.6794
50.9667,JELLY_A,-0.1967,0.1171,0.4110
50.9667,JELLY_B,0.2724,0.3249,0.4073
50.9667,JELLY_C,-0.1604,0.2022,0.6859
50.9833,JELLY_A,-0.1958,0.1178,0.4163
50.9833,JELLY_B,0.2618,0.3247,0.4137
50.9833,JELLY_C,-0.1649,0.2032,0.6925
51.0000,JELLY_A,-0.1949,0.1186,0.4215
51.0000,JELLY_B,0.2510,0.3245,0.4200
51.0000,JELLY_C,-0.1692,0.2042,0.6990
51.0167,JELLY_A,-0.1940,0.1193,0.4268
51.0167,JELLY_B,0.2401,0.3243,0.4263
51.0167,JELLY_C,-0.1734,0.2051,0.7056
51.0333,JELLY_A,-0.1931,0.1200,0.4321
51.0333,JELLY_B,0.2292,0.3240,0.4327
51.0333,JELLY_C,-0.1773,0.2061,0.7122
51.0500,JELLY_A,-0.1922,0.1208,0.4374
51.0500,JELLY_B,0.2182,0.3238,0.4390
51.0500,JELLY_C,-0.1811,0.2071,0.7187
51.0667,JELLY_A,-0.1913,0.1215,0.4426
51.0667,JELLY_B,0.2072,0.3236,0.4453
51.0667,JELLY_C,-0.1847,0.2081,0.7253
51.0833,JELLY_A,-0.1904,0.1222,0.4479
51.0833,JELLY_B,0.1961,0.3234,0.4517
51.0833,JELLY_C,-0.1881,0.2091,0.7319
51.1000,JELLY_A,-0.1895,0.1230,0.4532
51.1000,JELLY_B,0.1850,0.3232,0.4580
51.1000,JELLY_C,-0.1913,0.2101,0.7384
51.1167,JELLY_A,-0.1886,0.1237,0.4585
51.1167,JELLY_B,0.1739,0.3230,0.4644
51.1167,JELLY_C,-0.1944,0.2111,0.7450
51.1333,JELLY_A,-0.1877,0.1244,0.4637
51.1333,JELLY_B,0.1629,0.3228,0.4707
51.1333,JELLY_C,-0.1972,0.2121,0.7516
51.1500,JELLY_A,-0.1868,0.1252,0.4690
51.1500,JELLY_B,0.1519,0.3226,0.4770
51.1500,JELLY_C,-0.2000,0.2132,0.7581
51.1667,JELLY_A,-0.1859,0.1259,0.4743
51.1667,JELLY_B,0.1409,0.3224,0.4834
51.1667,JELLY_C,-0.2025,0.2142,0.7647
51.1833,JELLY_A,-0.1849,0.1267,0.4796
51.1833,JELLY_B,0.1299,0.3222,0.4897
51.1833,JELLY_C,-0.2049,0.2152,0.7712
51.2000,JELLY_A,-0.1840,0.1274,0.4848
51.2000,JELLY_B,0.1191,0.3220,0.4960
51.2000,JELLY_C,-0.2072,0.2162,0.7778
51.2167,JELLY_A,-0.1830,0.1281,0.4901
51.2167,JELLY_B,0.1083,0.3218,0.5024
51.2167,JELLY_C,-0.2093,0.2172,0.7844
51.2333,JELLY_A,-0.1820,0.1289,0.4954
51.2333,JELLY_B,0.0975,0.3216,0.5087
51.2333,JELLY_C,-0.2113,0.2182,0.7909
51.2500,JELLY_A,-0.1810,0.1296,0.5006
51.2500,JELLY_B,0.0869,0.3214,0.5150
51.2500,JELLY_C,-0.2131,0.2193,0.7975
51.2667,JELLY_A,-0.1800,0.1304,0.5059
51.2667,JELLY_B,0.0764,0.3212,0.5213
51.2667,JELLY_C,-0.2148,0.2203,0.8041
51.2833,JELLY_A,-0.1789,0.1311,0.5112
51.2833,JELLY_B,0.0659,0.3210,0.5277
51.2833,JELLY_C,-0.2164,0.2213,0.8106
51.3000,JELLY_A,-0.1779,0.1318,0.5165
51.3000,JELLY_B,0.0556,0.3209,0.5340
51.3000,JELLY_C,-0.2178,0.2224,0.8172
51.3167,JELLY_A,-0.1768,0.1326,0.5217
51.3167,JELLY_B,0.0453,0.3207,0.5403
51.3167,JELLY_C,-0.2191,0.2234,0.8237
51.3333,JELLY_A,-0.1757,0.1333,0.5270
51.3333,JELLY_B,0.0352,0.3205,0.5467
51.3333,JELLY_C,-0.2203,0.2244,0.8303
51.3500,JELLY_A,-0.1746,0.1341,0.5323
51.3500,JELLY_B,0.0252,0.3203,0.5530
51.3500,JELLY_C,-0.2214,0.2255,0.8369
51.3667,JELLY_A,-0.1735,0.1348,0.5376
51.3667,JELLY_B,0.0153,0.3201,0.5593
51.3667,JELLY_C,-0.2223,0.2265,0.8434
51.3833,JELLY_A,-0.1724,0.1355,0.5428
51.3833,JELLY_B,0.0055,0.3199,0.5657
51.3833,JELLY_C,-0.2232,0.2275,0.8500
51.4000,JELLY_A,-0.1712,0.1363,0.5481
51.4000,JELLY_B,-0.0041,0.3198,0.5720
51.4000,JELLY_C,-0.2239,0.2286,0.8565
51.4167,JELLY_A,-0.1701,0.1370,0.5534
51.4167,JELLY_B,-0.0136,0.3196,0.5783
51.4167,JELLY_C,-0.2246,0.2296,0.8631
51.4333,JELLY_A,-0.1689,0.1378,0.5587
51.4333,JELLY_B,-0.0230,0.3194,0.5847
51.4333,JELLY_C,-0.2251,0.2307,0.8697
51.4500,JELLY_A,-0.1678,0.1385,0.5639
51.4500,JELLY_B,-0.0322,0.3192,0.5910
51.4500,JELLY_C,-0.2256,0.2317,0.8762
51.4667,JELLY_A,-0.1666,0.1393,0.5692
51.4667,JELLY_B,-0.0413,0.3190,0.5973
51.4667,JELLY_C,-0.2259,0.2328,0.8828
51.4833,JELLY_A,-0.1654,0.1400,0.5745
51.4833,JELLY_B,-0.0502,0.3189,0.6037
51.4833,JELLY_C,-0.2262,0.2338,0.8893
51.5000,JELLY_A,-0.1642,0.1407,0.5797
51.5000,JELLY_B,-0.0590,0.3187,0.6100
51.5000,JELLY_C,-0.2263,0.2349,0.8959
51.5167,JELLY_A,-0.1630,0.1415,0.5850
51.5167,JELLY_B,-0.0676,0.3185,0.6163
51.5167,JELLY_C,-0.2264,0.2360,0.9024
51.5333,JELLY_A,-0.1618,0.1422,0.5903
51.5333,JELLY_B,-0.0761,0.3184,0.6226
51.5333,JELLY_C,-0.2264,0.2370,0.9090
51.5500,JELLY_A,-0.1606,0.1430,0.5956
51.5500,JELLY_B,-0.0844,0.3182,0.6290
51.5500,JELLY_C,-0.2264,0.2381,0.9156
51.5667,JELLY_A,-0.1594,0.1437,0.6008
51.5667,JELLY_B,-0.0925,0.3180,0.6353
51.5667,JELLY_C,-0.2262,0.2391,0.9221
51.5833,JELLY_A,-0.1582,0.1445,0.6061
51.5833,JELLY_B,-0.1005,0.3178,0.6416
51.5833,JELLY_C,-0.2260,0.2402,0.9287
51.6000,JELLY_A,-0.1569,0.1452,0.6114
51.6000,JELLY_B,-0.1084,0.3177,0.6480
51.6000,JELLY_C,-0.2257,0.2413,0.9352
51.6167,JELLY_A,-0.1557,0.1460,0.6166
51.6167,JELLY_B,-0.1160,0.3175,0.6543
51.6167,JELLY_C,-0.2254,0.2424,0.9418
51.6333,JELLY_A,-0.1545,0.1467,0.6219
51.6333,JELLY_B,-0.1235,0.3173,0.6606
51.6333,JELLY_C,-0.2249,0.2434,0.9483
51.6500,JELLY_A,-0.1532,0.1474,0.6272
51.6500,JELLY_B,-0.1309,0.3172,0.6669
51.6500,JELLY_C,-0.2245,0.2445,0.9549
51.6667,JELLY_A,-0.1520,0.1482,0.6324
51.6667,JELLY_B,-0.1380,0.3170,0.6733
51.6667,JELLY_C,-0.2239,0.2456,0.9615
51.6833,JELLY_A,-0.1507,0.1489,0.6377
51.6833,JELLY_B,-0.1450,0.3169,0.6796
51.6833,JELLY_C,-0.2233,0.2467,0.9680
51.7000,JELLY_A,-0.1495,0.1497,0.6430
51.7000,JELLY_B,-0.1519,0.3167,0.6859
51.7000,JELLY_C,-0.2227,0.2477,0.9746
51.7167,JELLY_A,-0.1482,0.1504,0.6483
51.7167,JELLY_B,-0.1586,0.3165,0.6922
51.7167,JELLY_C,-0.2220,0.2488,0.9811
51.7333,JELLY_A,-0.1470,0.1512,0.6535
51.7333,JELLY_B,-0.1651,0.3164,0.6986
51.7333,JELLY_C,-0.2212,0.2499,0.9877
51.7500,JELLY_A,-0.1457,0.1519,0.6588
51.7500,JELLY_B,-0.1714,0.3162,0.7049
51.7500,JELLY_C,-0.2204,0.2510,0.9942
51.7667,JELLY_A,-0.1445,0.1527,0.6641
51.7667,JELLY_B,-0.1776,0.3161,0.7112
51.7667,JELLY_C,-0.2195,0.2521,0.0008
51.7833,JELLY_A,-0.1432,0.1534,0.6693
51.7833,JELLY_B,-0.1837,0.3159,0.7176
51.7833,JELLY_C,-0.2100,0.2532,0.0073
51.8000,JELLY_A,-0.1420,0.1542,0.6746
51.8000,JELLY_B,-0.1895,0.3157,0.7239
51.8000,JELLY_C,-0.1833,0.2543,0.0139
51.8167,JELLY_A,-0.1407,0.1549,0.6799
51.8167,JELLY_B,-0.1952,0.3156,0.7302
51.8167,JELLY_C,-0.1402,0.2554,0.0204
51.8333,JELLY_A,-0.1395,0.1557,0.6851
51.8333,JELLY_B,-0.2008,0.3154,0.7365
51.8333,JELLY_C,-0.0815,0.2565,0.0270
51.8500,JELLY_A,-0.1382,0.1564,0.6904
51.8500,JELLY_B,-0.2062,0.3153,0.7429
51.8500,JELLY_C,-0.0079,0.2576,0.0335
51.8667,JELLY_A,-0.1370,0.1571,0.6957
51.8667,JELLY_B,-0.2114,0.3151,0.7492
51.8667,JELLY_C,0.0796,0.2587,0.0401
51.8833,JELLY_A,-0.1357,0.1579,0.7010
51.8833,JELLY_B,-0.2165,0.3150,0.7555
51.8833,JELLY_C,0.1799,0.2599,0.0467
51.9000,JELLY_A,-0.1345,0.1586,0.7062
51.9000,JELLY_B,-0.2214,0.3148,0.7618
51.9000,JELLY_C,0.2920,0.2610,0.0532
51.9167,JELLY_A,-0.1332,0.1594,0.7115
51.9167,JELLY_B,-0.2261,0.3147,0.7681
51.9167,JELLY_C,0.4145,0.2622,0.0598
51.9333,JELLY_A,-0.1320,0.1601,0.7168
51.9333,JELLY_B,-0.2307,0.3145,0.7745
51.9333,JELLY_C,0.5463,0.2634,0.0663
51.9500,JELLY_A,-0.1308,0.1609,0.7220
51.9500,JELLY_B,-0.2352,0.3144,0.7808
51.9500,JELLY_C,0.6858,0.2646,0.0729
51.9667,JELLY_A,-0.1295,0.1616,0.7273
51.9667,JELLY_B,-0.2395,0.3142,0.7871
51.9667,JELLY_C,0.8318,0.2658,0.0794
51.9833,JELLY_A,-0.1283,0.1624,0.7326
51.9833,JELLY_B,-0.2436,0.3141,0.7934
51.9833,JELLY_C,0.9827,0.2670,0.0860
52.0000,JELLY_A,-0.1271,0.1631,0.7378
52.0000,JELLY_B,-0.2476,0.3139,0.7998
52.0000,JELLY_C,1.1370,0.2682,0.0925
52.0167,JELLY_A,-0.1259,0.1639,0.7431
52.0167,JELLY_B,-0.2514,0.3138,0.8061
52.0167,JELLY_C,1.2931,0.2695,0.0991
52.0333,JELLY_A,-0.1246,0.1646,0.7484
52.0333,JELLY_B,-0.2551,0.3136,0.8124
52.0333,JELLY_C,1.4495,0.2708,0.1056
52.0500,JELLY_A,-0.1234,0.1654,0.7536
52.0500,JELLY_B,-0.2587,0.3135,0.8187
52.0500,JELLY_C,1.6044,0.2720,0.1122
52.0667,JELLY_A,-0.1222,0.1661,0.7589
52.0667,JELLY_B,-0.2621,0.3133,0.8251
52.0667,JELLY_C,1.7563,0.2733,0.1187
52.0833,JELLY_A,-0.1210,0.1668,0.7642
52.0833,JELLY_B,-0.2654,0.3132,0.8314
52.0833,JELLY_C,1.9036,0.2746,0.1253
52.1000,JELLY_A,-0.1198,0.1676,0.7694
52.1000,JELLY_B,-0.2686,0.3130,0.8377
52.1000,JELLY_C,2.0446,0.2760,0.1318
52.1167,JELLY_A,-0.1186,0.1683,0.7747
52.1167,JELLY_B,-0.2716,0.3129,0.8440
52.1167,JELLY_C,2.1778,0.2773,0.1384
52.1333,JELLY_A,-0.1174,0.1691,0.7800
52.1333,JELLY_B,-0.2745,0.3127,0.8503
52.1333,JELLY_C,2.3015,0.2786,0.1449
52.1500,JELLY_A,-0.1163,0.1698,0.7852
52.1500,JELLY_B,-0.2772,0.3126,0.8567
52.1500,JELLY_C,2.4143,0.2800,0.1515
52.1667,JELLY_A,-0.1151,0.1706,0.7905
52.1667,JELLY_B,-0.2799,0.3125,0.8630
52.1667,JELLY_C,2.5147,0.2813,0.1580
52.1833,JELLY_A,-0.1139,0.1713,0.7958
52.1833,JELLY_B,-0.2824,0.3123,0.8693
52.1833,JELLY_C,2.6014,0.2827,0.1646
52.2000,JELLY_A,-0.1127,0.1721,0.8010
52.2000,JELLY_B,-0.2847,0.3122,0.8756
52.2000,JELLY_C,2.6729,0.2840,0.1711
52.2167,JELLY_A,-0.1116,0.1728,0.8063
52.2167,JELLY_B,-0.2870,0.3120,0.8819
52.2167,JELLY_C,2.7280,0.2854,0.1777
52.2333,JELLY_A,-0.1104,0.1735,0.8116
52.2333,JELLY_B,-0.2891,0.3119,0.8882
52.2333,JELLY_C,2.7657,0.2867,0.1842
52.2500,JELLY_A,-0.1093,0.1743,0.8168
52.2500,JELLY_B,-0.2912,0.3117,0.8946
52.2500,JELLY_C,2.7847,0.2881,0.1907
52.2667,JELLY_A,-0.1081,0.1750,0.8221
52.2667,JELLY_B,-0.2931,0.3116,0.9009
52.2667,JELLY_C,2.7843,0.2894,0.1973
52.2833,JELLY_A,-0.1070,0.1758,0.8274
52.2833,JELLY_B,-0.2949,0.3115,0.9072
52.2833,JELLY_C,2.7638,0.2908,0.2038
52.3000,JELLY_A,-0.1059,0.1765,0.8326
52.3000,JELLY_B,-0.2966,0.3113,0.9135
52.3000,JELLY_C,2.7266,0.2921,0.2104
52.3167,JELLY_A,-0.1048,0.1773,0.8379
52.3167,JELLY_B,-0.2982,0.3112,0.9198
52.3167,JELLY_C,2.6746,0.2934,0.2169
52.3333,JELLY_A,-0.1037,0.1780,0.8432
52.3333,JELLY_B,-0.2996,0.3110,0.9262
52.3333,JELLY_C,2.6096,0.2948,0.2235
52.3500,JELLY_A,-0.1026,0.1787,0.8484
52.3500,JELLY_B,-0.3010,0.3109,0.9325
52.3500,JELLY_C,2.5328,0.2961,0.2300
52.3667,JELLY_A,-0.1015,0.1795,0.8537
52.3667,JELLY_B,-0.3023,0.3107,0.9388
52.3667,JELLY_C,2.4458,0.2974,0.2366
52.3833,JELLY_A,-0.1004,0.1802,0.8590
52.3833,JELLY_B,-0.3035,0.3106,0.9451
52.3833,JELLY_C,2.3499,0.2987,0.2431
52.4000,JELLY_A,-0.0993,0.1810,0.8642
52.4000,JELLY_B,-0.3046,0.3105,0.9514
52.4000,JELLY_C,2.2465,0.3000,0.2497
52.4167,JELLY_A,-0.0982,0.1817,0.8695
52.4167,JELLY_B,-0.3055,0.3103,0.9577
52.4167,JELLY_C,2.1367,0.3013,0.2562
52.4333,JELLY_A,-0.0972,0.1824,0.8748
52.4333,JELLY_B,-0.3064,0.3102,0.9640
52.4333,JELLY_C,2.0218,0.3026,0.2628
52.4500,JELLY_A,-0.0961,0.1832,0.8800
52.4500,JELLY_B,-0.3073,0.3100,0.9704
52.4500,JELLY_C,1.9030,0.3039,0.2693
52.4667,JELLY_A,-0.0950,0.1839,0.8853
52.4667,JELLY_B,-0.3080,0.3099,0.9767
52.4667,JELLY_C,1.7814,0.3052,0.2758
52.4833,JELLY_A,-0.0940,0.1847,0.8906
52.4833,JELLY_B,-0.3086,0.3097,0.9830
52.4833,JELLY_C,1.6580,0.3065,0.2824
52.5000,JELLY_A,-0.0930,0.1854,0.8958
52.5000,JELLY_B,-0.3092,0.3096,0.9893
52.5000,JELLY_C,1.5339,0.3078,0.2889
52.5167,JELLY_A,-0.0919,0.1861,0.9011
52.5167,JELLY_B,-0.3096,0.3095,0.9956
52.5167,JELLY_C,1.4101,0.3091,0.2955
52.5333,JELLY_A,-0.0909,0.1869,0.9064
52.5333,JELLY_B,-0.3100,0.3093,0.0019
52.5333,JELLY_C,1.2874,0.3103,0.3020
52.5500,JELLY_A,-0.0899,0.1876,0.9116
52.5500,JELLY_B,-0.3026,0.3092,0.0082
52.5500,JELLY_C,1.1668,0.3116,0.3086
52.5667,JELLY_A,-0.0889,0.1884,0.9169
52.5667,JELLY_B,-0.2799,0.3090,0.0146
52.5667,JELLY_C,1.0491,0.3129,0.3151
52.5833,JELLY_A,-0.0879,0.1891,0.9221
52.5833,JELLY_B,-0.2427,0.3089,0.0209
52.5833,JELLY_C,0.9351,0.3141,0.3216
52.6000,JELLY_A,-0.0869,0.1898,0.9274
52.6000,JELLY_B,-0.1915,0.3087,0.0272
52.6000,JELLY_C,0.8255,0.3154,0.3282
52.6167,JELLY_A,-0.0860,0.1906,0.9327
52.6167,JELLY_B,-0.1272,0.3086,0.0335
52.6167,JELLY_C,0.7211,0.3167,0.3347
52.6333,JELLY_A,-0.0850,0.1913,0.9379
52.6333,JELLY_B,-0.0506,0.3084,0.0398
52.6333,JELLY_C,0.6226,0.3179,0.3413
52.6500,JELLY_A,-0.0840,0.1920,0.9432
52.6500,JELLY_B,0.0374,0.3082,0.0461
52.6500,JELLY_C,0.5306,0.3192,0.3478
52.6667,JELLY_A,-0.0831,0.1928,0.9485
52.6667,JELLY_B,0.1360,0.3080,0.0524
52.6667,JELLY_C,0.4456,0.3204,0.3544
52.6833,JELLY_A,-0.0821,0.1935,0.9537
52.6833,JELLY_B,0.2441,0.3078,0.0587
52.6833,JELLY_C,0.3683,0.3217,0.3609
52.7000,JELLY_A,-0.0812,0.1942,0.9590
52.7000,JELLY_B,0.3607,0.3076,0.0650
52.7000,JELLY_C,0.2991,0.3229,0.3674
52.7167,JELLY_A,-0.0803,0.1950,0.9643
52.7167,JELLY_B,0.4847,0.3074,0.0713
52.7167,JELLY_C,0.2386,0.3242,0.3740
52.7333,JELLY_A,-0.0794,0.1957,0.9695
52.7333,JELLY_B,0.6149,0.3072,0.0777
52.7333,JELLY_C,0.1872,0.3254,0.3805
52.7500,JELLY_A,-0.0785,0.1964,0.9748
52.7500,JELLY_B,0.7503,0.3069,0.0840
52.7500,JELLY_C,0.1454,0.3266,0.3871
52.7667,JELLY_A,-0.0776,0.1972,0.9800
52.7667,JELLY_B,0.8896,0.3067,0.0903
52.7667,JELLY_C,0.1134,0.3279,0.3936
52.7833,JELLY_A,-0.0767,0.1979,0.9853
52.7833,JELLY_B,1.0315,0.3064,0.0966
52.7833,JELLY_C,0.0918,0.3291,0.4001
52.8000,JELLY_A,-0.0758,0.1986,0.9906
52.8000,JELLY_B,1.1749,0.3061,0.1029
52.8000,JELLY_C,0.0760,0.3303,0.4067
52.8167,JELLY_A,-0.0749,0.1994,0.9958
52.8167,JELLY_B,1.3184,0.3058,0.1092
52.8167,JELLY_C,0.0604,0.3316,0.4132
52.8333,JELLY_A,-0.0741,0.2001,0.0011
52.8333,JELLY_B,1.4608,0.3055,0.1155
52.8333,JELLY_C,0.0450,0.3328,0.4198
52.8500,JELLY_A,-0.0687,0.2008,0.0064
52.8500,JELLY_B,1.6007,0.3052,0.1218
52.8500,JELLY_C,0.0299,0.3340,0.4263
52.8667,JELLY_A,-0.0547,0.2015,0.0116
52.8667,JELLY_B,1.7369,0.3049,0.1281
52.8667,JELLY_C,0.0150,0.3352,0.4328
52.8833,JELLY_A,-0.0323,0.2023,0.0169
52.8833,JELLY_B,1.8680,0.3045,0.1344
52.8833,JELLY_C,0.0005,0.3364,0.4394
52.9000,JELLY_A,-0.0020,0.2030,0.0221
52.9000,JELLY_B,1.9926,0.3042,0.1407
52.9000,JELLY_C,-0.0138,0.3376,0.4459
52.9167,JELLY_A,0.0359,0.2037,0.0274
52.9167,JELLY_B,2.1096,0.3038,0.1470
52.9167,JELLY_C,-0.0278,0.3389,0.4524
52.9333,JELLY_A,0.0808,0.2043,0.0327
52.9333,JELLY_B,2.2176,0.3035,0.1533
52.9333,JELLY_C,-0.0414,0.3401,0.4590
52.9500,JELLY_A,0.1325,0.2050,0.0379
52.9500,JELLY_B,2.3154,0.3031,0.1596
52.9500,JELLY_C,-0.0547,0.3413,0.4655
52.9667,JELLY_A,0.1903,0.2057,0.0432
52.9667,JELLY_B,2.4017,0.3028,0.1659
52.9667,JELLY_C,-0.0677,0.3425,0.4721
52.9833,JELLY_A,0.2540,0.2063,0.0485
52.9833,JELLY_B,2.4754,0.3024,0.1722
52.9833,JELLY_C,-0.0803,0.3437,0.4786
53.0000,JELLY_A,0.3228,0.2069,0.0537
53.0000,JELLY_B,2.5353,0.3020,0.1785
53.0000,JELLY_C,-0.0926,0.3449,0.4851
53.0167,JELLY_A,0.3965,0.2075,0.0590
53.0167,JELLY_B,2.5802,0.3016,0.1848
53.0167,JELLY_C,-0.1046,0.3461,0.4917
53.0333,JELLY_A,0.4744,0.2081,0.0642
53.0333,JELLY_B,2.6092,0.3013,0.1912
53.0333,JELLY_C,-0.1161,0.3473,0.4982
53.0500,JELLY_A,0.5562,0.2086,0.0695
53.0500,JELLY_B,2.6212,0.3009,0.1975
53.0500,JELLY_C,-0.1274,0.3485,0.5047
53.0667,JELLY_A,0.6411,0.2091,0.0748
53.0667,JELLY_B,2.6144,0.3005,0.2038
53.0667,JELLY_C,-0.1382,0.3497,0.5113
53.0833,JELLY_A,0.7288,0.2096,0.0800
53.0833,JELLY_B,2.5911,0.3002,0.2101
53.0833,JELLY_C,-0.1488,0.3509,0.5178
53.1000,JELLY_A,0.8187,0.2101,0.0853
53.1000,JELLY_B,2.5549,0.2998,0.2164
53.1000,JELLY_C,-0.1590,0.3521,0.5244
53.1167,JELLY_A,0.9102,0.2105,0.0906
53.1167,JELLY_B,2.5068,0.2994,0.2227
53.1167,JELLY_C,-0.1688,0.3533,0.5309
53.1333,JELLY_A,1.0028,0.2110,0.0958
53.1333,JELLY_B,2.4481,0.2991,0.2290
53.1333,JELLY_C,-0.1783,0.3545,0.5374
53.1500,JELLY_A,1.0960,0.2113,0.1011
53.1500,JELLY_B,2.3799,0.2987,0.2353
53.1500,JELLY_C,-0.1875,0.3556,0.5440
53.1667,JELLY_A,1.1892,0.2117,0.1063
53.1667,JELLY_B,2.3033,0.2984,0.2416
53.1667,JELLY_C,-0.1964,0.3568,0.5505
53.1833,JELLY_A,1.2818,0.2121,0.1116
53.1833,JELLY_B,2.2193,0.2981,0.2479
53.1833,JELLY_C,-0.2049,0.3580,0.5570
53.2000,JELLY_A,1.3733,0.2124,0.1169
53.2000,JELLY_B,2.1291,0.2977,0.2542
53.2000,JELLY_C,-0.2131,0.3592,0.5636
53.2167,JELLY_A,1.4632,0.2127,0.1221
53.2167,JELLY_B,2.0335,0.2974,0.2605
53.2167,JELLY_C,-0.2210,0.3604,0.5701
53.2333,JELLY_A,1.5508,0.2129,0.1274
53.2333,JELLY_B,1.9336,0.2970,0.2668
53.2333,JELLY_C,-0.2286,0.3616,0.5766
53.2500,JELLY_A,1.6356,0.2132,0.1326
53.2500,JELLY_B,1.8303,0.2967,0.2731
53.2500,JELLY_C,-0.2358,0.3628,0.5832
53.2667,JELLY_A,1.7170,0.2134,0.1379
53.2667,JELLY_B,1.7244,0.2964,0.2793
53.2667,JELLY_C,-0.2428,0.3639,0.5897
53.2833,JELLY_A,1.7946,0.2136,0.1432
53.2833,JELLY_B,1.6170,0.2961,0.2856
53.2833,JELLY_C,-0.2495,0.3651,0.5962
53.3000,JELLY_A,1.8678,0.2138,0.1484
53.3000,JELLY_B,1.5088,0.2957,0.2919
53.3000,JELLY_C,-0.2559,0.3663,0.6028
53.3167,JELLY_A,1.9359,0.2140,0.1537
53.3167,JELLY_B,1.4006,0.2954,0.2982
53.3167,JELLY_C,-0.2620,0.3675,0.6093
53.3333,JELLY_A,1.9985,0.2142,0.1589
53.3333,JELLY_B,1.2933,0.2951,0.3045
53.3333,JELLY_C,-0.2678,0.3687,0.6158
53.3500,JELLY_A,2.0551,0.2143,0.1642
53.3500,JELLY_B,1.1875,0.2948,0.3108
53.3500,JELLY_C,-0.2734,0.3698,0.6224
53.3667,JELLY_A,2.1050,0.2145,0.1695
53.3667,JELLY_B,1.0841,0.2945,0.3171
53.3667,JELLY_C,-0.2786,0.3710,0.6289
53.3833,JELLY_A,2.1479,0.2146,0.1747
53.3833,JELLY_B,0.9838,0.2942,0.3234
53.3833,JELLY_C,-0.2837,0.3722,0.6354
53.4000,JELLY_A,2.1832,0.2148,0.1800
53.4000,JELLY_B,0.8871,0.2939,0.3297
53.4000,JELLY_C,-0.2884,0.3734,0.6420
53.4167,JELLY_A,2.2104,0.2149,0.1852
53.4167,JELLY_B,0.7949,0.2936,0.3360
53.4167,JELLY_C,-0.2929,0.3745,0.6485
53.4333,JELLY_A,2.2290,0.2150,0.1905
53.4333,JELLY_B,0.7076,0.2933,0.3423
53.4333,JELLY_C,-0.2972,0.3757,0.6550
53.4500,JELLY_A,2.2387,0.2152,0.1958
53.4500,JELLY_B,0.6260,0.2930,0.3486
53.4500,JELLY_C,-0.3012,0.3769,0.6616
53.4667,JELLY_A,2.2388,0.2153,0.2010
53.4667,JELLY_B,0.5505,0.2927,0.3549
53.4667,JELLY_C,-0.3049,0.3781,0.6681
53.4833,JELLY_A,2.2299,0.2155,0.2063
53.4833,JELLY_B,0.4817,0.2924,0.3612
53.4833,JELLY_C,-0.3085,0.3792,0.6746
53.5000,JELLY_A,2.2132,0.2156,0.2115
53.5000,JELLY_B,0.4202,0.2921,0.3675
53.5000,JELLY_C,-0.3118,0.3804,0.6812
53.5167,JELLY_A,2.1895,0.2158,0.2168
53.5167,JELLY_B,0.3665,0.2918,0.3738
53.5167,JELLY_C,-0.3149,0.3816,0.6877
53.5333,JELLY_A,2.1591,0.2159,0.2221
53.5333,JELLY_B,0.3209,0.2915,0.3801
53.5333,JELLY_C,-0.3178,0.3828,0.6942
53.5500,JELLY_A,2.1228,0.2161,0.2273
53.5500,JELLY_B,0.2841,0.2912,0.3863
53.5500,JELLY_C,-0.3205,0.3839,0.7008
53.5667,JELLY_A,2.0810,0.2163,0.2326
53.5667,JELLY_B,0.2563,0.2909,0.3926
53.5667,JELLY_C,-0.3230,0.3851,0.7073
53.5833,JELLY_A,2.0343,0.2165,0.2378
53.5833,JELLY_B,0.2381,0.2906,0.3989
53.5833,JELLY_C,-0.3253,0.3863,0.7138
53.6000,JELLY_A,1.9832,0.2167,0.2431
53.6000,JELLY_B,0.2268,0.2904,0.4052
53.6000,JELLY_C,-0.3274,0.3874,0.7203
53.6167,JELLY_A,1.9283,0.2169,0.2484
53.6167,JELLY_B,0.2157,0.2901,0.4115
53.6167,JELLY_C,-0.3293,0.3886,0.7269
53.6333,JELLY_A,1.8700,0.2171,0.2536
53.6333,JELLY_B,0.2044,0.2898,0.4178
53.6333,JELLY_C,-0.3310,0.3898,0.7334
53.6500,JELLY_A,1.8088,0.2173,0.2589
53.6500,JELLY_B,0.1931,0.2895,0.4241
53.6500,JELLY_C,-0.3326,0.3909,0.7399
53.6667,JELLY_A,1.7451,0.2175,0.2641
53.6667,JELLY_B,0.1816,0.2893,0.4304
53.6667,JELLY_C,-0.3340,0.3921,0.7465
53.6833,JELLY_A,1.6795,0.2177,0.2694
53.6833,JELLY_B,0.1702,0.2890,0.4367
53.6833,JELLY_C,-0.3352,0.3933,0.7530
53.7000,JELLY_A,1.6122,0.2180,0.2747
53.7000,JELLY_B,0.1587,0.2887,0.4429
53.7000,JELLY_C,-0.3363,0.3944,0.7595
53.7167,JELLY_A,1.5439,0.2182,0.2799
53.7167,JELLY_B,0.1472,0.2885,0.4492
53.7167,JELLY_C,-0.3372,0.3956,0.7661
53.7333,JELLY_A,1.4748,0.2184,0.2852
53.7333,JELLY_B,0.1357,0.2882,0.4555
53.7333,JELLY_C,-0.3380,0.3968,0.7726
53.7500,JELLY_A,1.4054,0.2187,0.2904
53.7500,JELLY_B,0.1242,0.2879,0.4618
53.7500,JELLY_C,-0.3386,0.3979,0.7791
53.7667,JELLY_A,1.3360,0.2189,0.2957
53.7667,JELLY_B,0.1128,0.2877,0.4681
53.7667,JELLY_C,-0.3391,0.3991,0.7856
53.7833,JELLY_A,1.2671,0.2192,0.3010
53.7833,JELLY_B,0.1015,0.2874,0.4744
53.7833,JELLY_C,-0.3394,0.4002,0.7922
53.8000,JELLY_A,1.1989,0.2194,0.3062
53.8000,JELLY_B,0.0902,0.2872,0.4807
53.8000,JELLY_C,-0.3396,0.4014,0.7987
53.8167,JELLY_A,1.1319,0.2197,0.3115
53.8167,JELLY_B,0.0791,0.2869,0.4869
53.8167,JELLY_C,-0.3397,0.4026,0.8052
53.8333,JELLY_A,1.0663,0.2200,0.3167
53.8333,JELLY_B,0.0680,0.2866,0.4932
53.8333,JELLY_C,-0.3396,0.4037,0.8118
53.8500,JELLY_A,1.0025,0.2202,0.3220
53.8500,JELLY_B,0.0571,0.2864,0.4995
53.8500,JELLY_C,-0.3395,0.4049,0.8183
53.8667,JELLY_A,0.9408,0.2205,0.3273
53.8667,JELLY_B,0.0463,0.2861,0.5058
53.8667,JELLY_C,-0.3392,0.4061,0.8248
53.8833,JELLY_A,0.8815,0.2208,0.3325
53.8833,JELLY_B,0.0356,0.2859,0.5121
53.8833,JELLY_C,-0.3388,0.4072,0.8313
53.9000,JELLY_A,0.8248,0.2211,0.3378
53.9000,JELLY_B,0.0250,0.2856,0.5184
53.9000,JELLY_C,-0.3383,0.4084,0.8379
53.9167,JELLY_A,0.7712,0.2214,0.3430
53.9167,JELLY_B,0.0146,0.2854,0.5247
53.9167,JELLY_C,-0.3378,0.4095,0.8444
53.9333,JELLY_A,0.7208,0.2217,0.3483
53.9333,JELLY_B,0.0043,0.2851,0.5309
53.9333,JELLY_C,-0.3371,0.4107,0.8509
53.9500,JELLY_A,0.6738,0.2220,0.3536
53.9500,JELLY_B,-0.0059,0.2849,0.5372
53.9500,JELLY_C,-0.3363,0.4118,0.8575
53.9667,JELLY_A,0.6306,0.2223,0.3588
53.9667,JELLY_B,-0.0159,0.2847,0.5435
53.9667,JELLY_C,-0.3354,0.4130,0.8640
53.9833,JELLY_A,0.5914,0.2226,0.3641
53.9833,JELLY_B,-0.0257,0.2844,0.5498
53.9833,JELLY_C,-0.3344,0.4142,0.8705
54.0000,JELLY_A,0.5563,0.2229,0.3693
54.0000,JELLY_B,-0.0354,0.2842,0.5561
54.0000,JELLY_C,-0.3334,0.4153,0.8770
54.0167,JELLY_A,0.5257,0.2233,0.3746
54.0167,JELLY_B,-0.0450,0.2839,0.5623
54.0167,JELLY_C,-0.3323,0.4165,0.8836
54.0333,JELLY_A,0.4997,0.2236,0.3799
54.0333,JELLY_B,-0.0544,0.2837,0.5686
54.0333,JELLY_C,-0.3311,0.4176,0.8901
54.0500,JELLY_A,0.4785,0.2239,0.3851
54.0500,JELLY_B,-0.0636,0.2835,0.5749
54.0500,JELLY_C,-0.3298,0.4188,0.8966
54.0667,JELLY_A,0.4624,0.2243,0.3904
54.0667,JELLY_B,-0.0727,0.2832,0.5812
54.0667,JELLY_C,-0.3285,0.4199,0.9032
54.0833,JELLY_A,0.4514,0.2246,0.3956
54.0833,JELLY_B,-0.0816,0.2830,0.5875
54.0833,JELLY_C,-0.3270,0.4211,0.9097
54.1000,JELLY_A,0.4458,0.2249,0.4009
54.1000,JELLY_B,-0.0903,0.2828,0.5937
54.1000,JELLY_C,-0.3256,0.4222,0.9162
54.1167,JELLY_A,0.4430,0.2253,0.4062
54.1167,JELLY_B,-0.0989,0.2825,0.6000
54.1167,JELLY_C,-0.3240,0.4234,0.9227
54.1333,JELLY_A,0.4400,0.2257,0.4114
54.1333,JELLY_B,-0.1073,0.2823,0.6063
54.1333,JELLY_C,-0.3224,0.4245,0.9293
54.1500,JELLY_A,0.4368,0.2260,0.4167
54.1500,JELLY_B,-0.1155,0.2821,0.6126
54.1500,JELLY_C,-0.3208,0.4257,0.9358
54.1667,JELLY_A,0.4335,0.2264,0.4219
54.1667,JELLY_B,-0.1236,0.2818,0.6188
54.1667,JELLY_C,-0.3191,0.4268,0.9423
54.1833,JELLY_A,0.4300,0.2267,0.4272
54.1833,JELLY_B,-0.1314,0.2816,0.6251
54.1833,JELLY_C,-0.3173,0.4280,0.9488
54.2000,JELLY_A,0.4264,0.2271,0.4324
54.2000,JELLY_B,-0.1391,0.2814,0.6314
54.2000,JELLY_C,-0.3155,0.4291,0.9554
54.2167,JELLY_A,0.4227,0.2275,0.4377
54.2167,JELLY_B,-0.1466,0.2812,0.6377
54.2167,JELLY_C,-0.3137,0.4303,0.9619
54.2333,JELLY_A,0.4188,0.2279,0.4430
54.2333,JELLY_B,-0.1540,0.2809,0.6439
54.2333,JELLY_C,-0.3118,0.4314,0.9684
54.2500,JELLY_A,0.4148,0.2283,0.4482
54.2500,JELLY_B,-0.1611,0.2807,0.6502
54.2500,JELLY_C,-0.3099,0.4326,0.9750
54.2667,JELLY_A,0.4107,0.2286,0.4535
54.2667,JELLY_B,-0.1681,0.2805,0.6565
54.2667,JELLY_C,-0.3079,0.4337,0.9815
54.2833,JELLY_A,0.4065,0.2290,0.4587
54.2833,JELLY_B,-0.1749,0.2803,0.6628
54.2833,JELLY_C,-0.3059,0.4349,0.9880
54.3000,JELLY_A,0.4022,0.2294,0.4640
54.3000,JELLY_B,-0.1815,0.2800,0.6690
54.3000,JELLY_C,-0.3039,0.4360,0.9945
54.3167,JELLY_A,0.3978,0.2298,0.4693
54.3167,JELLY_B,-0.1880,0.2798,0.6753
54.3167,JELLY_C,-0.3018,0.4371,0.0011
54.3333,JELLY_A,0.3934,0.2302,0.4745
54.3333,JELLY_B,-0.1943,0.2796,0.6816
54.3333,JELLY_C,-0.2997,0.4383,0.0076
54.3500,JELLY_A,0.3889,0.2306,0.4798
54.3500,JELLY_B,-0.2004,0.2794,0.6879
54.3500,JELLY_C,-0.2975,0.4394,0.0141
54.3667,JELLY_A,0.3843,0.2310,0.4850
54.3667,JELLY_B,-0.2063,0.2792,0.6941
54.3667,JELLY_C,-0.2953,0.4406,0.0206
54.3833,JELLY_A,0.3797,0.2315,0.4903
54.3833,JELLY_B,-0.2121,0.2789,0.7004
54.3833,JELLY_C,-0.2931,0.4417,0.0272
54.4000,JELLY_A,0.3750,0.2319,0.4956
54.4000,JELLY_B,-0.2176,0.2787,0.7067
54.4000,JELLY_C,-0.2908,0.4428,0.0337
54.4167,JELLY_A,0.3703,0.2323,0.5008
54.4167,JELLY_B,-0.2231,0.2785,0.7129
54.4167,JELLY_C,-0.2886,0.4440,0.0402
54.4333,JELLY_A,0.3655,0.2327,0.5061
54.4333,JELLY_B,-0.2283,0.2783,0.7192
54.4333,JELLY_C,-0.2862,0.4451,0.0467
54.4500,JELLY_A,0.3607,0.2331,0.5113
54.4500,JELLY_B,-0.2334,0.2781,0.7255
54.4500,JELLY_C,-0.2839,0.4463,0.0533
54.4667,JELLY_A,0.3559,0.2336,0.5166
54.4667,JELLY_B,-0.2383,0.2779,0.7318
54.4667,JELLY_C,-0.2815,0.4474,0.0598
54.4833,JELLY_A,0.3510,0.2340,0.5219
54.4833,JELLY_B,-0.2431,0.2776,0.7380
54.4833,JELLY_C,-0.2792,0.4485,0.0663
54.5000,JELLY_A,0.3461,0.2344,0.5271
54.5000,JELLY_B,-0.2477,0.2774,0.7443
54.5000,JELLY_C,-0.2768,0.4497,0.0728
54.5167,JELLY_A,0.3412,0.2349,0.5324
54.5167,JELLY_B,-0.2521,0.2772,0.7506
54.5167,JELLY_C,-0.2743,0.4508,0.0794
54.5333,JELLY_A,0.3362,0.2353,0.5376
54.5333,JELLY_B,-0.2563,0.2770,0.7568
54.5333,JELLY_C,-0.2719,0.4519,0.0859
54.5500,JELLY_A,0.3313,0.2358,0.5429
54.5500,JELLY_B,-0.2605,0.2768,0.7631
54.5500,JELLY_C,-0.2695,0.4531,0.0924
54.5667,JELLY_A,0.3263,0.2362,0.5482
54.5667,JELLY_B,-0.2644,0.2766,0.7694
54.5667,JELLY_C,-0.2670,0.4542,0.0989
54.5833,JELLY_A,0.3213,0.2367,0.5534
54.5833,JELLY_B,-0.2682,0.2764,0.7756
54.5833,JELLY_C,-0.2645,0.4553,0.1055
54.6000,JELLY_A,0.3163,0.2371,0.5587
54.6000,JELLY_B,-0.2719,0.2761,0.7819
54.6000,JELLY_C,-0.2621,0.4565,0.1120
54.6167,JELLY_A,0.3113,0.2376,0.5639
54.6167,JELLY_B,-0.2753,0.2759,0.7882
54.6167,JELLY_C,-0.2596,0.4576,0.1185
54.6333,JELLY_A,0.3063,0.2381,0.5692
54.6333,JELLY_B,-0.2787,0.2757,0.7944
54.6333,JELLY_C,-0.2571,0.4587,0.1250
54.6500,JELLY_A,0.3013,0.2385,0.5745
54.6500,JELLY_B,-0.2819,0.2755,0.8007
54.6500,JELLY_C,-0.2546,0.4598,0.1316
54.6667,JELLY_A,0.2963,0.2390,0.5797
54.6667,JELLY_B,-0.2850,0.2753,0.8070
54.6667,JELLY_C,-0.2521,0.4610,0.1381
54.6833,JELLY_A,0.2913,0.2395,0.5850
54.6833,JELLY_B,-0.2879,0.2751,0.8132
54.6833,JELLY_C,-0.2496,0.4621,0.1446
54.7000,JELLY_A,0.2863,0.2399,0.5903
54.7000,JELLY_B,-0.2907,0.2749,0.8195
54.7000,JELLY_C,-0.2471,0.4632,0.1511
54.7167,JELLY_A,0.2813,0.2404,0.5955
54.7167,JELLY_B,-0.2933,0.2747,0.8258
54.7167,JELLY_C,-0.2446,0.4643,0.1577
54.7333,JELLY_A,0.2763,0.2409,0.6008
54.7333,JELLY_B,-0.2958,0.2745,0.8320
54.7333,JELLY_C,-0.2421,0.4655,0.1642
54.7500,JELLY_A,0.2713,0.2414,0.6060
54.7500,JELLY_B,-0.2982,0.2743,0.8383
54.7500,JELLY_C,-0.2396,0.4666,0.1707
54.7667,JELLY_A,0.2664,0.2419,0.6113
54.7667,JELLY_B,-0.3005,0.2740,0.8446
54.7667,JELLY_C,-0.2371,0.4677,0.1773
54.7833,JELLY_A,0.2615,0.2424,0.6166
54.7833,JELLY_B,-0.3026,0.2738,0.8508
54.7833,JELLY_C,-0.2347,0.4688,0.1838
54.8000,JELLY_A,0.2566,0.2428,0.6218
54.8000,JELLY_B,-0.3046,0.2736,0.8571
54.8000,JELLY_C,-0.2322,0.4699,0.1903
54.8167,JELLY_A,0.2517,0.2433,0.6271
54.8167,JELLY_B,-0.3065,0.2734,0.8633
54.8167,JELLY_C,-0.2297,0.4710,0.1968
54.8333,JELLY_A,0.2468,0.2438,0.6323
54.8333,JELLY_B,-0.3083,0.2732,0.8696
54.8333,JELLY_C,-0.2272,0.4722,0.2034
54.8500,JELLY_A,0.2420,0.2443,0.6376
54.8500,JELLY_B,-0.3099,0.2730,0.8759
54.8500,JELLY_C,-0.2248,0.4733,0.2099
54.8667,JELLY_A,0.2372,0.2448,0.6429
54.8667,JELLY_B,-0.3115,0.2728,0.8821
54.8667,JELLY_C,-0.2223,0.4744,0.2164
54.8833,JELLY_A,0.2325,0.2453,0.6481
54.8833,JELLY_B,-0.3129,0.2726,0.8884
54.8833,JELLY_C,-0.2199,0.4755,0.2229
54.9000,JELLY_A,0.2277,0.2458,0.6534
54.9000,JELLY_B,-0.3143,0.2724,0.8946
54.9000,JELLY_C,-0.2175,0.4766,0.2295
54.9167,JELLY_A,0.2230,0.2463,0.6587
54.9167,JELLY_B,-0.3155,0.2722,0.9009
54.9167,JELLY_C,-0.2151,0.4777,0.2360
54.9333,JELLY_A,0.2184,0.2468,0.6639
54.9333,JELLY_B,-0.3166,0.2719,0.9072
54.9333,JELLY_C,-0.2127,0.4788,0.2425
54.9500,JELLY_A,0.2137,0.2474,0.6692
54.9500,JELLY_B,-0.3176,0.2717,0.9134
54.9500,JELLY_C,-0.2103,0.4799,0.2490
54.9667,JELLY_A,0.2091,0.2479,0.6744
54.9667,JELLY_B,-0.3185,0.2715,0.9197
54.9667,JELLY_C,-0.2079,0.4811,0.2556
54.9833,JELLY_A,0.2046,0.2484,0.6797
54.9833,JELLY_B,-0.3194,0.2713,0.9259
54.9833,JELLY_C,-0.2056,0.4822,0.2621
55.0000,JELLY_A,0.2001,0.2489,0.6850
55.0000,JELLY_B,-0.3201,0.2711,0.9322
55.0000,JELLY_C,-0.2032,0.4833,0.2686
55.0167,JELLY_A,0.1956,0.2494,0.6902
55.0167,JELLY_B,-0.3207,0.2709,0.9385
55.0167,JELLY_C,-0.2009,0.4844,0.2751
55.0333,JELLY_A,0.1912,0.2499,0.6955
55.0333,JELLY_B,-0.3213,0.2707,0.9447
55.0333,JELLY_C,-0.1986,0.4855,0.2817
55.0500,JELLY_A,0.1868,0.2505,0.7008
55.0500,JELLY_B,-0.3218,0.2705,0.9510
55.0500,JELLY_C,-0.1963,0.4866,0.2882
55.0667,JELLY_A,0.1824,0.2510,0.7060
55.0667,JELLY_B,-0.3222,0.2703,0.9572
55.0667,JELLY_C,-0.1941,0.4877,0.2947
55.0833,JELLY_A,0.1781,0.2515,0.7113
55.0833,JELLY_B,-0.3225,0.2701,0.9635
55.0833,JELLY_C,-0.1918,0.4888,0.3012
55.1000,JELLY_A,0.1739,0.2520,0.7165
55.1000,JELLY_B,-0.3227,0.2698,0.9697
55.1000,JELLY_C,-0.1896,0.4899,0.3078
55.1167,JELLY_A,0.1697,0.2526,0.7218
55.1167,JELLY_B,-0.3228,0.2696,0.9760
55.1167,JELLY_C,-0.1874,0.4910,0.3143
55.1333,JELLY_A,0.1655,0.2531,0.7271
55.1333,JELLY_B,-0.3229,0.2694,0.9822
55.1333,JELLY_C,-0.1852,0.4921,0.3208
55.1500,JELLY_A,0.1614,0.2536,0.7323
55.1500,JELLY_B,-0.3229,0.2692,0.9885
55.1500,JELLY_C,-0.1831,0.4932,0.3274
55.1667,JELLY_A,0.1573,0.2542,0.7376
55.1667,JELLY_B,-0.3228,0.2690,0.9948
55.1667,JELLY_C,-0.1809,0.4943,0.3339
55.1833,JELLY_A,0.1533,0.2547,0.7429
55.1833,JELLY_B,-0.3227,0.2688,0.0010
55.1833,JELLY_C,-0.1788,0.4954,0.3404
55.2000,JELLY_A,0.1493,0.2552,0.7481
55.2000,JELLY_B,-0.3225,0.2686,0.0073
55.2000,JELLY_C,-0.1767,0.4965,0.3469
55.2167,JELLY_A,0.1454,0.2558,0.7534
55.2167,JELLY_B,-0.3222,0.2684,0.0135
55.2167,JELLY_C,-0.1746,0.4975,0.3535
55.2333,JELLY_A,0.1416,0.2563,0.7587
55.2333,JELLY_B,-0.3218,0.2681,0.0198
55.2333,JELLY_C,-0.1725,0.4986,0.3600
55.2500,JELLY_A,0.1377,0.2569,0.7639
55.2500,JELLY_B,-0.3214,0.2679,0.0260
55.2500,JELLY_C,-0.1705,0.4997,0.3665
55.2667,JELLY_A,0.1340,0.2574,0.7692
55.2667,JELLY_B,-0.3208,0.2677,0.0323
55.2667,JELLY_C,-0.1685,0.5008,0.3730
55.2833,JELLY_A,0.1302,0.2579,0.7745
55.2833,JELLY_B,-0.3203,0.2675,0.0385
55.2833,JELLY_C,-0.1665,0.5019,0.3796
55.3000,JELLY_A,0.1266,0.2585,0.7797
55.3000,JELLY_B,-0.3196,0.2673,0.0448
55.3000,JELLY_C,-0.1645,0.5030,0.3861
55.3167,JELLY_A,0.1230,0.2590,0.7850
55.3167,JELLY_B,-0.3189,0.2671,0.0510
55.3167,JELLY_C,-0.1625,0.5041,0.3926
55.3333,JELLY_A,0.1194,0.2596,0.7902
55.3333,JELLY_B,-0.3182,0.2668,0.0573
55.3333,JELLY_C,-0.1606,0.5052,0.3992
55.3500,JELLY_A,0.1159,0.2601,0.7955
55.3500,JELLY_B,-0.3173,0.2666,0.0635
55.3500,JELLY_C,-0.1586,0.5062,0.4057
55.3667,JELLY_A,0.1124,0.2607,0.8008
55.3667,JELLY_B,-0.3165,0.2664,0.0698
55.3667,JELLY_C,-0.1567,0.5073,0.4122
55.3833,JELLY_A,0.1090,0.2612,0.8060
55.3833,JELLY_B,-0.3156,0.2662,0.0760
55.3833,JELLY_C,-0.1548,0.5084,0.4187
55.4000,JELLY_A,0.1056,0.2618,0.8113
55.4000,JELLY_B,-0.3146,0.2660,0.0823
55.4000,JELLY_C,-0.1529,0.5095,0.4253
55.4167,JELLY_A,0.1023,0.2623,0.8166
55.4167,JELLY_B,-0.3136,0.2657,0.0885
55.4167,JELLY_C,-0.1511,0.5106,0.4318
55.4333,JELLY_A,0.0991,0.2629,0.8218
55.4333,JELLY_B,-0.3125,0.2655,0.0948
55.4333,JELLY_C,-0.1493,0.5116,0.4383
55.4500,JELLY_A,0.0959,0.2634,0.8271
55.4500,JELLY_B,-0.3115,0.2653,0.1010
55.4500,JELLY_C,-0.1474,0.5127,0.4449
55.4667,JELLY_A,0.0927,0.2640,0.8324
55.4667,JELLY_B,-0.3103,0.2651,0.1073
55.4667,JELLY_C,-0.1456,0.5138,0.4514
55.4833,JELLY_A,0.0896,0.2645,0.8376
55.4833,JELLY_B,-0.3092,0.2649,0.1135
55.4833,JELLY_C,-0.1438,0.5149,0.4579
55.5000,JELLY_A,0.0866,0.2651,0.8429
55.5000,JELLY_B,-0.3080,0.2646,0.1198
55.5000,JELLY_C,-0.1420,0.5159,0.4644
55.5167,JELLY_A,0.0835,0.2656,0.8482
55.5167,JELLY_B,-0.3067,0.2644,0.1260
55.5167,JELLY_C,-0.1402,0.5170,0.4710
55.5333,JELLY_A,0.0806,0.2662,0.8534
55.5333,JELLY_B,-0.3054,0.2642,0.1323
55.5333,JELLY_C,-0.1385,0.5181,0.4775
55.5500,JELLY_A,0.0777,0.2668,0.8587
55.5500,JELLY_B,-0.3041,0.2640,0.1385
55.5500,JELLY_C,-0.1367,0.5191,0.4840
55.5667,JELLY_A,0.0748,0.2673,0.8640
55.5667,JELLY_B,-0.3028,0.2637,0.1448
55.5667,JELLY_C,-0.1349,0.5202,0.4906
55.5833,JELLY_A,0.0720,0.2679,0.8692
55.5833,JELLY_B,-0.3015,0.2635,0.1510
55.5833,JELLY_C,-0.1332,0.5213,0.4971
55.6000,JELLY_A,0.0693,0.2684,0.8745
55.6000,JELLY_B,-0.3001,0.2633,0.1573
55.6000,JELLY_C,-0.1314,0.5223,0.5036
55.6167,JELLY_A,0.0666,0.2690,0.8798
55.6167,JELLY_B,-0.2987,0.2631,0.1635
55.6167,JELLY_C,-0.1297,0.5234,0.5102
55.6333,JELLY_A,0.0639,0.2695,0.8851
55.6333,JELLY_B,-0.2972,0.2628,0.1697
55.6333,JELLY_C,-0.1280,0.5244,0.5167
55.6500,JELLY_A,0.0613,0.2701,0.8903
55.6500,JELLY_B,-0.2958,0.2626,0.1760
55.6500,JELLY_C,-0.1263,0.5255,0.5232
55.6667,JELLY_A,0.0587,0.2707,0.8956
55.6667,JELLY_B,-0.2943,0.2624,0.1822
55.6667,JELLY_C,-0.1246,0.5266,0.5298
55.6833,JELLY_A,0.0562,0.2712,0.9009
55.6833,JELLY_B,-0.2928,0.2621,0.1885
55.6833,JELLY_C,-0.1229,0.5276,0.5363
55.7000,JELLY_A,0.0537,0.2718,0.9061
55.7000,JELLY_B,-0.2913,0.2619,0.1947
55.7000,JELLY_C,-0.1212,0.5287,0.5428
55.7167,JELLY_A,0.0513,0.2723,0.9114
55.7167,JELLY_B,-0.2898,0.2617,0.2010
55.7167,JELLY_C,-0.1196,0.5297,0.5493
55.7333,JELLY_A,0.0489,0.2729,0.9167
55.7333,JELLY_B,-0.2883,0.2614,0.2072
55.7333,JELLY_C,-0.1179,0.5308,0.5559
55.7500,JELLY_A,0.0466,0.2735,0.9219
55.7500,JELLY_B,-0.2867,0.2612,0.2134
55.7500,JELLY_C,-0.1163,0.5318,0.5624
55.7667,JELLY_A,0.0443,0.2740,0.9272
55.7667,JELLY_B,-0.2851,0.2610,0.2197
55.7667,JELLY_C,-0.1147,0.5329,0.5689
55.7833,JELLY_A,0.0420,0.2746,0.9325
55.7833,JELLY_B,-0.2835,0.2607,0.2259
55.7833,JELLY_C,-0.1131,0.5339,0.5755
55.8000,JELLY_A,0.0398,0.2751,0.9377
55.8000,JELLY_B,-0.2819,0.2605,0.2322
55.8000,JELLY_C,-0.1115,0.5350,0.5820
55.8167,JELLY_A,0.0377,0.2757,0.9430
55.8167,JELLY_B,-0.2802,0.2603,0.2384
55.8167,JELLY_C,-0.1099,0.5360,0.5885
55.8333,JELLY_A,0.0356,0.2763,0.9483
55.8333,JELLY_B,-0.2786,0.2600,0.2447
55.8333,JELLY_C,-0.1084,0.5371,0.5951
55.8500,JELLY_A,0.0335,0.2768,0.9536
55.8500,JELLY_B,-0.2769,0.2598,0.2509
55.8500,JELLY_C,-0.1068,0.5381,0.6016
55.8667,JELLY_A,0.0314,0.2774,0.9588
55.8667,JELLY_B,-0.2753,0.2595,0.2571
55.8667,JELLY_C,-0.1053,0.5392,0.6081
55.8833,JELLY_A,0.0295,0.2779,0.9641
55.8833,JELLY_B,-0.2736,0.2593,0.2634
55.8833,JELLY_C,-0.1038,0.5402,0.6147
55.9000,JELLY_A,0.0275,0.2785,0.9694
55.9000,JELLY_B,-0.2719,0.2591,0.2696
55.9000,JELLY_C,-0.1023,0.5412,0.6212
55.9167,JELLY_A,0.0256,0.2791,0.9746
55.9167,JELLY_B,-0.2703,0.2588,0.2759
55.9167,JELLY_C,-0.1008,0.5423,0.6277
55.9333,JELLY_A,0.0237,0.2796,0.9799
55.9333,JELLY_B,-0.2686,0.2586,0.2821
55.9333,JELLY_C,-0.0993,0.5433,0.6343
55.9500,JELLY_A,0.0219,0.2802,0.9852
55.9500,JELLY_B,-0.2669,0.2583,0.2883
55.9500,JELLY_C,-0.0979,0.5443,0.6408
55.9667,JELLY_A,0.0201,0.2807,0.9905
55.9667,JELLY_B,-0.2652,0.2581,0.2946
55.9667,JELLY_C,-0.0965,0.5454,0.6474
55.9833,JELLY_A,0.0183,0.2813,0.9957
55.9833,JELLY_B,-0.2636,0.2578,0.3008
55.9833,JELLY_C,-0.0950,0.5464,0.6539
56.0000,JELLY_A,0.0166,0.2819,0.0010
56.0000,JELLY_B,-0.2619,0.2576,0.3071
56.0000,JELLY_C,-0.0936,0.5474,0.6604
56.0167,JELLY_A,0.0195,0.2824,0.0063
56.0167,JELLY_B,-0.2602,0.2573,0.3133
56.0167,JELLY_C,-0.0922,0.5485,0.6670
56.0333,JELLY_A,0.0311,0.2830,0.0116
56.0333,JELLY_B,-0.2585,0.2571,0.3195
56.0333,JELLY_C,-0.0909,0.5495,0.6735
56.0500,JELLY_A,0.0512,0.2835,0.0168
56.0500,JELLY_B,-0.2569,0.2568,0.3258
56.0500,JELLY_C,-0.0895,0.5505,0.6800
56.0667,JELLY_A,0.0794,0.2840,0.0221
56.0667,JELLY_B,-0.2552,0.2566,0.3320
56.0667,JELLY_C,-0.0882,0.5515,0.6866
56.0833,JELLY_A,0.1152,0.2845,0.0274
56.0833,JELLY_B,-0.2535,0.2563,0.3382
56.0833,JELLY_C,-0.0868,0.5526,0.6931
56.1000,JELLY_A,0.1583,0.2850,0.0327
56.1000,JELLY_B,-0.2518,0.2561,0.3445
56.1000,JELLY_C,-0.0855,0.5536,0.6996
56.1167,JELLY_A,0.2082,0.2855,0.0379
56.1167,JELLY_B,-0.2502,0.2558,0.3507
56.1167,JELLY_C,-0.0842,0.5546,0.7062
56.1333,JELLY_A,0.2644,0.2860,0.0432
56.1333,JELLY_B,-0.2485,0.2556,0.3569
56.1333,JELLY_C,-0.0829,0.5556,0.7127
56.1500,JELLY_A,0.3265,0.2864,0.0485
56.1500,JELLY_B,-0.2468,0.2553,0.3632
56.1500,JELLY_C,-0.0817,0.5566,0.7193
56.1667,JELLY_A,0.3940,0.2868,0.0538
56.1667,JELLY_B,-0.2451,0.2551,0.3694
56.1667,JELLY_C,-0.0804,0.5576,0.7258
56.1833,JELLY_A,0.4664,0.2871,0.0590
56.1833,JELLY_B,-0.2435,0.2548,0.3757
56.1833,JELLY_C,-0.0792,0.5587,0.7323
56.2000,JELLY_A,0.5432,0.2875,0.0643
56.2000,JELLY_B,-0.2418,0.2546,0.3819
56.2000,JELLY_C,-0.0779,0.5597,0.7389
56.2167,JELLY_A,0.6239,0.2878,0.0696
56.2167,JELLY_B,-0.2401,0.2543,0.3881
56.2167,JELLY_C,-0.0767,0.5607,0.7454
56.2333,JELLY_A,0.7080,0.2880,0.0749
56.2333,JELLY_B,-0.2385,0.2540,0.3944
56.2333,JELLY_C,-0.0755,0.5617,0.7520
56.2500,JELLY_A,0.7948,0.2883,0.0801
56.2500,JELLY_B,-0.2368,0.2538,0.4006
56.2500,JELLY_C,-0.0744,0.5627,0.7585
56.2667,JELLY_A,0.8839,0.2885,0.0854
56.2667,JELLY_B,-0.2352,0.2535,0.4068
56.2667,JELLY_C,-0.0732,0.5637,0.7650
56.2833,JELLY_A,0.9747,0.2886,0.0907
56.2833,JELLY_B,-0.2335,0.2532,0.4131
56.2833,JELLY_C,-0.0721,0.5647,0.7716
56.3000,JELLY_A,1.0667,0.2888,0.0960
56.3000,JELLY_B,-0.2319,0.2530,0.4193
56.3000,JELLY_C,-0.0709,0.5657,0.7781
56.3167,JELLY_A,1.1593,0.2888,0.1012
56.3167,JELLY_B,-0.2302,0.2527,0.4255
56.3167,JELLY_C,-0.0698,0.5667,0.7847
56.3333,JELLY_A,1.2520,0.2889,0.1065
56.3333,JELLY_B,-0.2286,0.2525,0.4318
56.3333,JELLY_C,-0.0687,0.5677,0.7912
56.3500,JELLY_A,1.3440,0.2889,0.1118
56.3500,JELLY_B,-0.2269,0.2522,0.4380
56.3500,JELLY_C,-0.0676,0.5687,0.7977
56.3667,JELLY_A,1.4350,0.2889,0.1171
56.3667,JELLY_B,-0.2253,0.2519,0.4442
56.3667,JELLY_C,-0.0666,0.5697,0.8043
56.3833,JELLY_A,1.5243,0.2889,0.1224
56.3833,JELLY_B,-0.2236,0.2516,0.4505
56.3833,JELLY_C,-0.0655,0.5707,0.8108
56.4000,JELLY_A,1.6114,0.2888,0.1276
56.4000,JELLY_B,-0.2219,0.2514,0.4567
56.4000,JELLY_C,-0.0645,0.5717,0.8174
56.4167,JELLY_A,1.6956,0.2887,0.1329
56.4167,JELLY_B,-0.2201,0.2511,0.4629
56.4167,JELLY_C,-0.0634,0.5727,0.8239
56.4333,JELLY_A,1.7765,0.2886,0.1382
56.4333,JELLY_B,-0.2184,0.2508,0.4691
56.4333,JELLY_C,-0.0624,0.5736,0.8305
56.4500,JELLY_A,1.8533,0.2884,0.1435
56.4500,JELLY_B,-0.2166,0.2506,0.4754
56.4500,JELLY_C,-0.0614,0.5746,0.8370
56.4667,JELLY_A,1.9257,0.2882,0.1488
56.4667,JELLY_B,-0.2148,0.2503,0.4816
56.4667,JELLY_C,-0.0604,0.5756,0.8435
56.4833,JELLY_A,1.9930,0.2880,0.1540
56.4833,JELLY_B,-0.2130,0.2500,0.4878
56.4833,JELLY_C,-0.0595,0.5766,0.8501
56.5000,JELLY_A,2.0546,0.2878,0.1593
56.5000,JELLY_B,-0.2112,0.2497,0.4941
56.5000,JELLY_C,-0.0585,0.5776,0.8566
56.5167,JELLY_A,2.1100,0.2876,0.1646
56.5167,JELLY_B,-0.2093,0.2495,0.5003
56.5167,JELLY_C,-0.0576,0.5785,0.8632
56.5333,JELLY_A,2.1588,0.2874,0.1699
56.5333,JELLY_B,-0.2075,0.2492,0.5065
56.5333,JELLY_C,-0.0566,0.5795,0.8697
56.5500,JELLY_A,2.2003,0.2871,0.1752
56.5500,JELLY_B,-0.2056,0.2489,0.5128
56.5500,JELLY_C,-0.0557,0.5805,0.8763
56.5667,JELLY_A,2.2340,0.2869,0.1805
56.5667,JELLY_B,-0.2038,0.2486,0.5190
56.5667,JELLY_C,-0.0548,0.5815,0.8828
56.5833,JELLY_A,2.2594,0.2866,0.1857
56.5833,JELLY_B,-0.2019,0.2483,0.5252
56.5833,JELLY_C,-0.0539,0.5824,0.8894
56.6000,JELLY_A,2.2761,0.2864,0.1910
56.6000,JELLY_B,-0.2000,0.2481,0.5314
56.6000,JELLY_C,-0.0530,0.5834,0.8959
56.6167,JELLY_A,2.2836,0.2861,0.1963
56.6167,JELLY_B,-0.1981,0.2478,0.5377
56.6167,JELLY_C,-0.0522,0.5844,0.9025
56.6333,JELLY_A,2.2814,0.2859,0.2016
56.6333,JELLY_B,-0.1962,0.2475,0.5439
56.6333,JELLY_C,-0.0513,0.5853,0.9090
56.6500,JELLY_A,2.2707,0.2857,0.2069
56.6500,JELLY_B,-0.1943,0.2472,0.5501
56.6500,JELLY_C,-0.0505,0.5863,0.9156
56.6667,JELLY_A,2.2522,0.2855,0.2122
56.6667,JELLY_B,-0.1924,0.2469,0.5564
56.6667,JELLY_C,-0.0497,0.5873,0.9221
56.6833,JELLY_A,2.2264,0.2853,0.2174
56.6833,JELLY_B,-0.1905,0.2466,0.5626
56.6833,JELLY_C,-0.0489,0.5882,0.9287
56.7000,JELLY_A,2.1940,0.2851,0.2227
56.7000,JELLY_B,-0.1886,0.2463,0.5688
56.7000,JELLY_C,-0.0481,0.5892,0.9352
56.7167,JELLY_A,2.1554,0.2849,0.2280
56.7167,JELLY_B,-0.1867,0.2460,0.5750
56.7167,JELLY_C,-0.0473,0.5901,0.9418
56.7333,JELLY_A,2.1113,0.2847,0.2333
56.7333,JELLY_B,-0.1848,0.2458,0.5813
56.7333,JELLY_C,-0.0465,0.5911,0.9483
56.7500,JELLY_A,2.0621,0.2846,0.2386
56.7500,JELLY_B,-0.1829,0.2455,0.5875
56.7500,JELLY_C,-0.0457,0.5920,0.9549
56.7667,JELLY_A,2.0085,0.2844,0.2439
56.7667,JELLY_B,-0.1810,0.2452,0.5937
56.7667,JELLY_C,-0.0450,0.5930,0.9614
56.7833,JELLY_A,1.9509,0.2843,0.2492
56.7833,JELLY_B,-0.1791,0.2449,0.5999
56.7833,JELLY_C,-0.0442,0.5939,0.9680
56.8000,JELLY_A,1.8898,0.2841,0.2544
56.8000,JELLY_B,-0.1772,0.2446,0.6062
56.8000,JELLY_C,-0.0435,0.5949,0.9745
56.8167,JELLY_A,1.8257,0.2840,0.2597
56.8167,JELLY_B,-0.1753,0.2443,0.6124
56.8167,JELLY_C,-0.0428,0.5958,0.9811
56.8333,JELLY_A,1.7591,0.2839,0.2650
56.8333,JELLY_B,-0.1734,0.2440,0.6186
56.8333,JELLY_C,-0.0421,0.5968,0.9876
56.8500,JELLY_A,1.6904,0.2838,0.2703
56.8500,JELLY_B,-0.1715,0.2437,0.6248
56.8500,JELLY_C,-0.0414,0.5977,0.9942
56.8667,JELLY_A,1.6201,0.2837,0.2756
56.8667,JELLY_B,-0.1696,0.2434,0.6311
56.8667,JELLY_C,-0.0407,0.5986,0.0007
56.8833,JELLY_A,1.5487,0.2836,0.2809
56.8833,JELLY_B,-0.1677,0.2431,0.6373
56.8833,JELLY_C,-0.0314,0.5996,0.0073
56.9000,JELLY_A,1.4764,0.2836,0.2862
56.9000,JELLY_B,-0.1659,0.2428,0.6435
56.9000,JELLY_C,-0.0052,0.6006,0.0138
56.9167,JELLY_A,1.4038,0.2835,0.2915
56.9167,JELLY_B,-0.1640,0.2425,0.6497
56.9167,JELLY_C,0.0370,0.6016,0.0204
56.9333,JELLY_A,1.3311,0.2834,0.2968
56.9333,JELLY_B,-0.1621,0.2422,0.6560
56.9333,JELLY_C,0.0946,0.6027,0.0270
56.9500,JELLY_A,1.2589,0.2834,0.3020
56.9500,JELLY_B,-0.1603,0.2419,0.6622
56.9500,JELLY_C,0.1664,0.6038,0.0335
56.9667,JELLY_A,1.1875,0.2833,0.3073
56.9667,JELLY_B,-0.1584,0.2416,0.6684
56.9667,JELLY_C,0.2516,0.6051,0.0401
56.9833,JELLY_A,1.1173,0.2833,0.3126
56.9833,JELLY_B,-0.1566,0.2412,0.6746
56.9833,JELLY_C,0.3491,0.6064,0.0466
57.0000,JELLY_A,1.0485,0.2833,0.3179
57.0000,JELLY_B,-0.1548,0.2409,0.6809
57.0000,JELLY_C,0.4576,0.6079,0.0532
57.0167,JELLY_A,0.9815,0.2833,0.3232
57.0167,JELLY_B,-0.1530,0.2406,0.6871
57.0167,JELLY_C,0.5761,0.6095,0.0597
57.0333,JELLY_A,0.9167,0.2833,0.3285
57.0333,JELLY_B,-0.1512,0.2403,0.6933
57.0333,JELLY_C,0.7031,0.6112,0.0663
57.0500,JELLY_A,0.8543,0.2833,0.3338
57.0500,JELLY_B,-0.1494,0.2400,0.6995
57.0500,JELLY_C,0.8375,0.6130,0.0729
57.0667,JELLY_A,0.7947,0.2833,0.3391
57.0667,JELLY_B,-0.1476,0.2397,0.7057
57.0667,JELLY_C,0.9777,0.6150,0.0794
57.0833,JELLY_A,0.7382,0.2833,0.3444
57.0833,JELLY_B,-0.1458,0.2394,0.7120
57.0833,JELLY_C,1.1224,0.6172,0.0860
57.1000,JELLY_A,0.6850,0.2833,0.3497
57.1000,JELLY_B,-0.1440,0.2390,0.7182
57.1000,JELLY_C,1.2702,0.6195,0.0925
57.1167,JELLY_A,0.6354,0.2833,0.3550
57.1167,JELLY_B,-0.1423,0.2387,0.7244
57.1167,JELLY_C,1.4196,0.6219,0.0991
57.1333,JELLY_A,0.5897,0.2834,0.3603
57.1333,JELLY_B,-0.1406,0.2384,0.7306
57.1333,JELLY_C,1.5690,0.6245,0.1057
57.1500,JELLY_A,0.5481,0.2834,0.3656
57.1500,JELLY_B,-0.1388,0.2381,0.7368
57.1500,JELLY_C,1.7170,0.6272,0.1122
57.1667,JELLY_A,0.5109,0.2835,0.3709
57.1667,JELLY_B,-0.1371,0.2378,0.7431
57.1667,JELLY_C,1.8621,0.6300,0.1188
57.1833,JELLY_A,0.4783,0.2835,0.3762
57.1833,JELLY_B,-0.1354,0.2374,0.7493
57.1833,JELLY_C,2.0027,0.6330,0.1254
57.2000,JELLY_A,0.4505,0.2836,0.3814
57.2000,JELLY_B,-0.1337,0.2371,0.7555
57.2000,JELLY_C,2.1375,0.6360,0.1319
57.2167,JELLY_A,0.4278,0.2837,0.3867
57.2167,JELLY_B,-0.1320,0.2368,0.7617
57.2167,JELLY_C,2.2648,0.6392,0.1385
57.2333,JELLY_A,0.4103,0.2838,0.3920
57.2333,JELLY_B,-0.1304,0.2365,0.7680
57.2333,JELLY_C,2.3832,0.6424,0.1450
57.2500,JELLY_A,0.3983,0.2838,0.3973
57.2500,JELLY_B,-0.1287,0.2361,0.7742
57.2500,JELLY_C,2.4913,0.6457,0.1516
57.2667,JELLY_A,0.3918,0.2839,0.4026
57.2667,JELLY_B,-0.1271,0.2358,0.7804
57.2667,JELLY_C,2.5878,0.6491,0.1582
57.2833,JELLY_A,0.3873,0.2840,0.4079
57.2833,JELLY_B,-0.1255,0.2355,0.7866
57.2833,JELLY_C,2.6712,0.6524,0.1647
57.3000,JELLY_A,0.3827,0.2841,0.4132
57.3000,JELLY_B,-0.1239,0.2352,0.7928
57.3000,JELLY_C,2.7402,0.6558,0.1713
57.3167,JELLY_A,0.3779,0.2843,0.4185
57.3167,JELLY_B,-0.1223,0.2348,0.7991
57.3167,JELLY_C,2.7938,0.6592,0.1779
57.3333,JELLY_A,0.3730,0.2844,0.4238
57.3333,JELLY_B,-0.1207,0.2345,0.8053
57.3333,JELLY_C,2.8306,0.6626,0.1844
57.3500,JELLY_A,0.3680,0.2845,0.4291
57.3500,JELLY_B,-0.1191,0.2342,0.8115
57.3500,JELLY_C,2.8497,0.6660,0.1910
57.3667,JELLY_A,0.3629,0.2846,0.4344
57.3667,JELLY_B,-0.1176,0.2338,0.8177
57.3667,JELLY_C,2.8501,0.6693,0.1976
57.3833,JELLY_A,0.3577,0.2848,0.4397
57.3833,JELLY_B,-0.1161,0.2335,0.8239
57.3833,JELLY_C,2.8311,0.6725,0.2042
57.4000,JELLY_A,0.3525,0.2849,0.4450
57.4000,JELLY_B,-0.1145,0.2331,0.8301
57.4000,JELLY_C,2.7954,0.6757,0.2107
57.4167,JELLY_A,0.3471,0.2851,0.4503
57.4167,JELLY_B,-0.1130,0.2328,0.8364
57.4167,JELLY_C,2.7452,0.6788,0.2173
57.4333,JELLY_A,0.3417,0.2852,0.4556
57.4333,JELLY_B,-0.1115,0.2325,0.8426
57.4333,JELLY_C,2.6821,0.6819,0.2239
57.4500,JELLY_A,0.3362,0.2854,0.4609
57.4500,JELLY_B,-0.1101,0.2321,0.8488
57.4500,JELLY_C,2.6076,0.6849,0.2304
57.4667,JELLY_A,0.3306,0.2855,0.4662
57.4667,JELLY_B,-0.1086,0.2318,0.8550
57.4667,JELLY_C,2.5231,0.6879,0.2370
57.4833,JELLY_A,0.3250,0.2857,0.4715
57.4833,JELLY_B,-0.1072,0.2314,0.8612
57.4833,JELLY_C,2.4301,0.6908,0.2436
57.5000,JELLY_A,0.3193,0.2859,0.4769
57.5000,JELLY_B,-0.1057,0.2311,0.8675
57.5000,JELLY_C,2.3299,0.6936,0.2502
57.5167,JELLY_A,0.3136,0.2861,0.4822
57.5167,JELLY_B,-0.1043,0.2307,0.8737
57.5167,JELLY_C,2.2237,0.6964,0.2567
57.5333,JELLY_A,0.3078,0.2863,0.4875
57.5333,JELLY_B,-0.1029,0.2304,0.8799
57.5333,JELLY_C,2.1127,0.6992,0.2633
57.5500,JELLY_A,0.3020,0.2865,0.4928
57.5500,JELLY_B,-0.1015,0.2300,0.8861
57.5500,JELLY_C,1.9982,0.7019,0.2699
57.5667,JELLY_A,0.2962,0.2867,0.4981
57.5667,JELLY_B,-0.1002,0.2297,0.8923
57.5667,JELLY_C,1.8811,0.7046,0.2765
57.5833,JELLY_A,0.2904,0.2869,0.5034
57.5833,JELLY_B,-0.0988,0.2293,0.8985
57.5833,JELLY_C,1.7626,0.7072,0.2830
57.6000,JELLY_A,0.2845,0.2871,0.5087
57.6000,JELLY_B,-0.0975,0.2290,0.9048
57.6000,JELLY_C,1.6435,0.7097,0.2896
57.6167,JELLY_A,0.2786,0.2873,0.5140
57.6167,JELLY_B,-0.0962,0.2286,0.9110
57.6167,JELLY_C,1.5249,0.7122,0.2962
57.6333,JELLY_A,0.2727,0.2875,0.5193
57.6333,JELLY_B,-0.0949,0.2283,0.9172
57.6333,JELLY_C,1.4077,0.7147,0.3028
57.6500,JELLY_A,0.2668,0.2877,0.5246
57.6500,JELLY_B,-0.0936,0.2279,0.9234
57.6500,JELLY_C,1.2926,0.7171,0.3093
57.6667,JELLY_A,0.2609,0.2879,0.5299
57.6667,JELLY_B,-0.0923,0.2276,0.9296
57.6667,JELLY_C,1.1804,0.7195,0.3159
57.6833,JELLY_A,0.2550,0.2882,0.5352
57.6833,JELLY_B,-0.0910,0.2272,0.9358
57.6833,JELLY_C,1.0720,0.7219,0.3225
57.7000,JELLY_A,0.2491,0.2884,0.5405
57.7000,JELLY_B,-0.0898,0.2268,0.9420
57.7000,JELLY_C,0.9679,0.7242,0.3291
57.7167,JELLY_A,0.2432,0.2886,0.5458
57.7167,JELLY_B,-0.0886,0.2265,0.9483
57.7167,JELLY_C,0.8689,0.7264,0.3357
57.7333,JELLY_A,0.2373,0.2889,0.5511
57.7333,JELLY_B,-0.0874,0.2261,0.9545
57.7333,JELLY_C,0.7755,0.7286,0.3423
57.7500,JELLY_A,0.2315,0.2891,0.5565
57.7500,JELLY_B,-0.0862,0.2258,0.9607
57.7500,JELLY_C,0.6884,0.7308,0.3488
57.7667,JELLY_A,0.2256,0.2894,0.5618
57.7667,JELLY_B,-0.0850,0.2254,0.9669
57.7667,JELLY_C,0.6080,0.7329,0.3554
57.7833,JELLY_A,0.2198,0.2896,0.5671
57.7833,JELLY_B,-0.0838,0.2250,0.9731
57.7833,JELLY_C,0.5349,0.7351,0.3620
57.8000,JELLY_A,0.2140,0.2899,0.5724
57.8000,JELLY_B,-0.0827,0.2247,0.9793
57.8000,JELLY_C,0.4696,0.7371,0.3686
57.8167,JELLY_A,0.2082,0.2901,0.5777
57.8167,JELLY_B,-0.0815,0.2243,0.9856
57.8167,JELLY_C,0.4123,0.7391,0.3752
57.8333,JELLY_A,0.2024,0.2904,0.5830
57.8333,JELLY_B,-0.0804,0.2239,0.9918
57.8333,JELLY_C,0.3636,0.7411,0.3818
57.8500,JELLY_A,0.1966,0.2907,0.5883
57.8500,JELLY_B,-0.0793,0.2236,0.9980
57.8500,JELLY_C,0.3238,0.7431,0.3883
57.8667,JELLY_A,0.1909,0.2910,0.5936
57.8667,JELLY_B,-0.0764,0.2232,0.0042
57.8667,JELLY_C,0.2931,0.7450,0.3949
57.8833,JELLY_A,0.1853,0.2912,0.5990
57.8833,JELLY_B,-0.0607,0.2228,0.0104
57.8833,JELLY_C,0.2720,0.7469,0.4015
57.9000,JELLY_A,0.1796,0.2915,0.6043
57.9000,JELLY_B,-0.0310,0.2224,0.0166
57.9000,JELLY_C,0.2551,0.7488,0.4081
57.9167,JELLY_A,0.1740,0.2918,0.6096
57.9167,JELLY_B,0.0120,0.2220,0.0228
57.9167,JELLY_C,0.2383,0.7506,0.4147
57.9333,JELLY_A,0.1685,0.2921,0.6149
57.9333,JELLY_B,0.0676,0.2217,0.0291
57.9333,JELLY_C,0.2215,0.7524,0.4213
57.9500,JELLY_A,0.1629,0.2924,0.6202
57.9500,JELLY_B,0.1351,0.2213,0.0353
57.9500,JELLY_C,0.2048,0.7542,0.4279
57.9667,JELLY_A,0.1575,0.2926,0.6255
57.9667,JELLY_B,0.2136,0.2209,0.0415
57.9667,JELLY_C,0.1883,0.7559,0.4345
57.9833,JELLY_A,0.1520,0.2929,0.6309
57.9833,JELLY_B,0.3022,0.2204,0.0477
57.9833,JELLY_C,0.1720,0.7576,0.4411
58.0000,JELLY_A,0.1467,0.2932,0.6362
58.0000,JELLY_B,0.4001,0.2200,0.0539
58.0000,JELLY_C,0.1558,0.7593,0.4477
58.0167,JELLY_A,0.1413,0.2935,0.6415
58.0167,JELLY_B,0.5062,0.2196,0.0601
58.0167,JELLY_C,0.1400,0.7610,0.4542
58.0333,JELLY_A,0.1361,0.2938,0.6468
58.0333,JELLY_B,0.6197,0.2191,0.0663
58.0333,JELLY_C,0.1244,0.7626,0.4608
58.0500,JELLY_A,0.1308,0.2941,0.6521
58.0500,JELLY_B,0.7394,0.2187,0.0725
58.0500,JELLY_C,0.1091,0.7642,0.4674
58.0667,JELLY_A,0.1257,0.2945,0.6574
58.0667,JELLY_B,0.8643,0.2182,0.0788
58.0667,JELLY_C,0.0941,0.7658,0.4740
58.0833,JELLY_A,0.1206,0.2948,0.6628
58.0833,JELLY_B,0.9934,0.2178,0.0850
58.0833,JELLY_C,0.0795,0.7673,0.4806
58.1000,JELLY_A,0.1155,0.2951,0.6681
58.1000,JELLY_B,1.1255,0.2173,0.0912
58.1000,JELLY_C,0.0652,0.7688,0.4872
58.1167,JELLY_A,0.1105,0.2954,0.6734
58.1167,JELLY_B,1.2596,0.2168,0.0974
58.1167,JELLY_C,0.0512,0.7703,0.4938
58.1333,JELLY_A,0.1056,0.2957,0.6787
58.1333,JELLY_B,1.3944,0.2163,0.1036
58.1333,JELLY_C,0.0377,0.7718,0.5004
58.1500,JELLY_A,0.1007,0.2960,0.6840
58.1500,JELLY_B,1.5289,0.2158,0.1098
58.1500,JELLY_C,0.0245,0.7732,0.5070
58.1667,JELLY_A,0.0959,0.2964,0.6894
58.1667,JELLY_B,1.6618,0.2153,0.1160
58.1667,JELLY_C,0.0116,0.7746,0.5136
58.1833,JELLY_A,0.0911,0.2967,0.6947
58.1833,JELLY_B,1.7921,0.2148,0.1222
58.1833,JELLY_C,-0.0008,0.7760,0.5202
58.2000,JELLY_A,0.0864,0.2970,0.7000
58.2000,JELLY_B,1.9185,0.2142,0.1285
58.2000,JELLY_C,-0.0128,0.7774,0.5268
58.2167,JELLY_A,0.0818,0.2973,0.7053
58.2167,JELLY_B,2.0398,0.2137,0.1347
58.2167,JELLY_C,-0.0245,0.7787,0.5334
58.2333,JELLY_A,0.0772,0.2977,0.7107
58.2333,JELLY_B,2.1550,0.2132,0.1409
58.2333,JELLY_C,-0.0358,0.7801,0.5400
58.2500,JELLY_A,0.0727,0.2980,0.7160
58.2500,JELLY_B,2.2628,0.2126,0.1471
58.2500,JELLY_C,-0.0467,0.7814,0.5466
58.2667,JELLY_A,0.0683,0.2983,0.7213
58.2667,JELLY_B,2.3622,0.2121,0.1533
58.2667,JELLY_C,-0.0572,0.7827,0.5532
58.2833,JELLY_A,0.0639,0.2987,0.7266
58.2833,JELLY_B,2.4519,0.2115,0.1595
58.2833,JELLY_C,-0.0673,0.7839,0.5598
58.3000,JELLY_A,0.0596,0.2990,0.7320
58.3000,JELLY_B,2.5310,0.2109,0.1657
58.3000,JELLY_C,-0.0771,0.7852,0.5664
58.3167,JELLY_A,0.0553,0.2993,0.7373
58.3167,JELLY_B,2.5984,0.2104,0.1719
58.3167,JELLY_C,-0.0864,0.7864,0.5730
58.3333,JELLY_A,0.0512,0.2997,0.7426
58.3333,JELLY_B,2.6529,0.2098,0.1781
58.3333,JELLY_C,-0.0955,0.7876,0.5797
58.3500,JELLY_A,0.0470,0.3000,0.7480
58.3500,JELLY_B,2.6938,0.2093,0.1844
58.3500,JELLY_C,-0.1041,0.7888,0.5863
58.3667,JELLY_A,0.0430,0.3004,0.7533
58.3667,JELLY_B,2.7199,0.2087,0.1906
58.3667,JELLY_C,-0.1124,0.7899,0.5929
58.3833,JELLY_A,0.0390,0.3007,0.7586
58.3833,JELLY_B,2.7303,0.2082,0.1968
58.3833,JELLY_C,-0.1203,0.7911,0.5995
58.4000,JELLY_A,0.0351,0.3011,0.7639
58.4000,JELLY_B,2.7251,0.2076,0.2030
58.4000,JELLY_C,-0.1279,0.7922,0.6061
58.4167,JELLY_A,0.0312,0.3014,0.7693
58.4167,JELLY_B,2.7089,0.2071,0.2092
58.4167,JELLY_C,-0.1352,0.7933,0.6127
58.4333,JELLY_A,0.0275,0.3018,0.7746
58.4333,JELLY_B,2.6799,0.2065,0.2154
58.4333,JELLY_C,-0.1421,0.7944,0.6193
58.4500,JELLY_A,0.0237,0.3021,0.7799
58.4500,JELLY_B,2.6392,0.2060,0.2216
58.4500,JELLY_C,-0.1487,0.7955,0.6259
58.4667,JELLY_A,0.0201,0.3025,0.7853
58.4667,JELLY_B,2.5882,0.2054,0.2278
58.4667,JELLY_C,-0.1549,0.7965,0.6325
58.4833,JELLY_A,0.0165,0.3028,0.7906
58.4833,JELLY_B,2.5277,0.2049,0.2340
58.4833,JELLY_C,-0.1609,0.7976,0.6391
58.5000,JELLY_A,0.0130,0.3032,0.7959
58.5000,JELLY_B,2.4590,0.2044,0.2402
58.5000,JELLY_C,-0.1665,0.7986,0.6458
58.5167,JELLY_A,0.0095,0.3035,0.8013
58.5167,JELLY_B,2.3831,0.2038,0.2465
58.5167,JELLY_C,-0.1719,0.7996,0.6524
58.5333,JELLY_A,0.0061,0.3039,0.8066
58.5333,JELLY_B,2.3010,0.2033,0.2527
58.5333,JELLY_C,-0.1769,0.8006,0.6590
58.5500,JELLY_A,0.0028,0.3042,0.8119
58.5500,JELLY_B,2.2135,0.2028,0.2589
58.5500,JELLY_C,-0.1817,0.8016,0.6656
58.5667,JELLY_A,-0.0005,0.3046,0.8173
58.5667,JELLY_B,2.1218,0.2023,0.2651
58.5667,JELLY_C,-0.1862,0.8025,0.6722
58.5833,JELLY_A,-0.0037,0.3050,0.8226
58.5833,JELLY_B,2.0265,0.2018,0.2713
58.5833,JELLY_C,-0.1905,0.8035,0.6788
58.6000,JELLY_A,-0.0068,0.3053,0.8279
58.6000,JELLY_B,1.9288,0.2013,0.2775
58.6000,JELLY_C,-0.1945,0.8044,0.6855
58.6167,JELLY_A,-0.0099,0.3057,0.8333
58.6167,JELLY_B,1.8292,0.2007,0.2837
58.6167,JELLY_C,-0.1982,0.8053,0.6921
58.6333,JELLY_A,-0.0129,0.3060,0.8386
58.6333,JELLY_B,1.7287,0.2002,0.2899
58.6333,JELLY_C,-0.2017,0.8062,0.6987
58.6500,JELLY_A,-0.0158,0.3064,0.8439
58.6500,JELLY_B,1.6280,0.1997,0.2961
58.6500,JELLY_C,-0.2050,0.8071,0.7053
58.6667,JELLY_A,-0.0187,0.3068,0.8493
58.6667,JELLY_B,1.5279,0.1992,0.3023
58.6667,JELLY_C,-0.2081,0.8080,0.7119
58.6833,JELLY_A,-0.0216,0.3071,0.8546
58.6833,JELLY_B,1.4290,0.1987,0.3086
58.6833,JELLY_C,-0.2109,0.8088,0.7186
58.7000,JELLY_A,-0.0243,0.3075,0.8600
58.7000,JELLY_B,1.3320,0.1982,0.3148
58.7000,JELLY_C,-0.2135,0.8097,0.7252
58.7167,JELLY_A,-0.0270,0.3079,0.8653
58.7167,JELLY_B,1.2376,0.1977,0.3210
58.7167,JELLY_C,-0.2159,0.8105,0.7318
58.7333,JELLY_A,-0.0297,0.3082,0.8706
58.7333,JELLY_B,1.1464,0.1973,0.3272
58.7333,JELLY_C,-0.2181,0.8113,0.7384
58.7500,JELLY_A,-0.0323,0.3086,0.8760
58.7500,JELLY_B,1.0590,0.1968,0.3334
58.7500,JELLY_C,-0.2201,0.8121,0.7451
58.7667,JELLY_A,-0.0348,0.3089,0.8813
58.7667,JELLY_B,0.9759,0.1963,0.3396
58.7667,JELLY_C,-0.2219,0.8129,0.7517
58.7833,JELLY_A,-0.0373,0.3093,0.8867
58.7833,JELLY_B,0.8977,0.1958,0.3458
58.7833,JELLY_C,-0.2235,0.8137,0.7583
58.8000,JELLY_A,-0.0397,0.3097,0.8920
58.8000,JELLY_B,0.8249,0.1953,0.3520
58.8000,JELLY_C,-0.2250,0.8144,0.7649
58.8167,JELLY_A,-0.0420,0.3100,0.8974
58.8167,JELLY_B,0.7579,0.1948,0.3582
58.8167,JELLY_C,-0.2263,0.8152,0.7716
58.8333,JELLY_A,-0.0443,0.3104,0.9027
58.8333,JELLY_B,0.6974,0.1943,0.3644
58.8333,JELLY_C,-0.2275,0.8159,0.7782
58.8500,JELLY_A,-0.0466,0.3107,0.9080
58.8500,JELLY_B,0.6436,0.1939,0.3706
58.8500,JELLY_C,-0.2284,0.8167,0.7848
58.8667,JELLY_A,-0.0488,0.3111,0.9134
58.8667,JELLY_B,0.5969,0.1934,0.3769
58.8667,JELLY_C,-0.2293,0.8174,0.7915
58.8833,JELLY_A,-0.0509,0.3115,0.9187
58.8833,JELLY_B,0.5579,0.1929,0.3831
58.8833,JELLY_C,-0.2300,0.8181,0.7981
58.9000,JELLY_A,-0.0530,0.3118,0.9241
58.9000,JELLY_B,0.5269,0.1925,0.3893
58.9000,JELLY_C,-0.2306,0.8188,0.8047
58.9167,JELLY_A,-0.0550,0.3122,0.9294
58.9167,JELLY_B,0.5042,0.1920,0.3955
58.9167,JELLY_C,-0.2310,0.8195,0.8114
58.9333,JELLY_A,-0.0570,0.3126,0.9348
58.9333,JELLY_B,0.4901,0.1915,0.4017
58.9333,JELLY_C,-0.2313,0.8201,0.8180
58.9500,JELLY_A,-0.0589,0.3129,0.9401
58.9500,JELLY_B,0.4820,0.1910,0.4079
58.9500,JELLY_C,-0.2315,0.8208,0.8246
58.9667,JELLY_A,-0.0608,0.3133,0.9455
58.9667,JELLY_B,0.4739,0.1906,0.4141
58.9667,JELLY_C,-0.2316,0.8214,0.8313
58.9833,JELLY_A,-0.0627,0.3136,0.9508
58.9833,JELLY_B,0.4656,0.1901,0.4203
58.9833,JELLY_C,-0.2316,0.8221,0.8379
59.0000,JELLY_A,-0.0644,0.3140,0.9562
59.0000,JELLY_B,0.4571,0.1896,0.4265
59.0000,JELLY_C,-0.2315,0.8227,0.8446
59.0167,JELLY_A,-0.0662,0.3143,0.9615
59.0167,JELLY_B,0.4485,0.1892,0.4327
59.0167,JELLY_C,-0.2313,0.8233,0.8512
59.0333,JELLY_A,-0.0679,0.3147,0.9669
59.0333,JELLY_B,0.4397,0.1887,0.4389
59.0333,JELLY_C,-0.2310,0.8239,0.8578
59.0500,JELLY_A,-0.0695,0.3151,0.9722
59.0500,JELLY_B,0.4309,0.1883,0.4451
59.0500,JELLY_C,-0.2306,0.8245,0.8645
59.0667,JELLY_A,-0.0711,0.3154,0.9776
59.0667,JELLY_B,0.4220,0.1878,0.4514
59.0667,JELLY_C,-0.2301,0.8251,0.8711
59.0833,JELLY_A,-0.0726,0.3158,0.9829
59.0833,JELLY_B,0.4130,0.1874,0.4576
59.0833,JELLY_C,-0.2296,0.8257,0.8778
59.1000,JELLY_A,-0.0741,0.3161,0.9883
59.1000,JELLY_B,0.4040,0.1869,0.4638
59.1000,JELLY_C,-0.2289,0.8263,0.8844
59.1167,JELLY_A,-0.0756,0.3165,0.9936
59.1167,JELLY_B,0.3949,0.1864,0.4700
59.1167,JELLY_C,-0.2282,0.8268,0.8910
59.1333,JELLY_A,-0.0770,0.3168,0.9990
59.1333,JELLY_B,0.3858,0.1860,0.4762
59.1333,JELLY_C,-0.2275,0.8274,0.8977
59.1500,JELLY_A,-0.0784,0.3172,0.0043
59.1500,JELLY_B,0.3767,0.1855,0.4824
59.1500,JELLY_C,-0.2266,0.8279,0.9043
59.1667,JELLY_A,-0.0797,0.3175,0.0097
59.1667,JELLY_B,0.3676,0.1851,0.4886
59.1667,JELLY_C,-0.2257,0.8285,0.9110
59.1833,JELLY_A,-0.0810,0.3179,0.0150
59.1833,JELLY_B,0.3585,0.1846,0.4948
59.1833,JELLY_C,-0.2248,0.8290,0.9176
59.2000,JELLY_A,-0.0822,0.3182,0.0204
59.2000,JELLY_B,0.3494,0.1842,0.5010
59.2000,JELLY_C,-0.2237,0.8295,0.9243
59.2167,JELLY_A,-0.0834,0.3186,0.0258
59.2167,JELLY_B,0.3402,0.1837,0.5072
59.2167,JELLY_C,-0.2227,0.8300,0.9309
59.2333,JELLY_A,-0.0845,0.3189,0.0311
59.2333,JELLY_B,0.3312,0.1833,0.5134
59.2333,JELLY_C,-0.2216,0.8305,0.9376
59.2500,JELLY_A,-0.0856,0.3193,0.0365
59.2500,JELLY_B,0.3221,0.1828,0.5196
59.2500,JELLY_C,-0.2204,0.8310,0.9442
59.2667,JELLY_A,-0.0866,0.3196,0.0418
59.2667,JELLY_B,0.3131,0.1824,0.5258
59.2667,JELLY_C,-0.2192,0.8315,0.9509
59.2833,JELLY_A,-0.0876,0.3199,0.0472
59.2833,JELLY_B,0.3041,0.1819,0.5321
59.2833,JELLY_C,-0.2180,0.8319,0.9575
59.3000,JELLY_A,-0.0885,0.3203,0.0526
59.3000,JELLY_B,0.2952,0.1815,0.5383
59.3000,JELLY_C,-0.2167,0.8324,0.9642
59.3167,JELLY_A,-0.0894,0.3206,0.0579
59.3167,JELLY_B,0.2863,0.1811,0.5445
59.3167,JELLY_C,-0.2154,0.8329,0.9708
59.3333,JELLY_A,-0.0903,0.3210,0.0633
59.3333,JELLY_B,0.2775,0.1806,0.5507
59.3333,JELLY_C,-0.2140,0.8333,0.9775
59.3500,JELLY_A,-0.0911,0.3213,0.0686
59.3500,JELLY_B,0.2687,0.1802,0.5569
59.3500,JELLY_C,-0.2126,0.8338,0.9841
59.3667,JELLY_A,-0.0919,0.3216,0.0740
59.3667,JELLY_B,0.2601,0.1797,0.5631
59.3667,JELLY_C,-0.2112,0.8342,0.9908
59.3833,JELLY_A,-0.0926,0.3220,0.0794
59.3833,JELLY_B,0.2514,0.1793,0.5693
59.3833,JELLY_C,-0.2098,0.8346,0.9975
59.4000,JELLY_A,-0.0933,0.3223,0.0847
59.4000,JELLY_B,0.2429,0.1788,0.5755
59.4000,JELLY_C,-0.2060,0.8350,0.0041
59.4167,JELLY_A,-0.0940,0.3226,0.0901
59.4167,JELLY_B,0.2344,0.1784,0.5817
59.4167,JELLY_C,-0.1865,0.8354,0.0108
59.4333,JELLY_A,-0.0946,0.3230,0.0955
59.4333,JELLY_B,0.2260,0.1780,0.5879
59.4333,JELLY_C,-0.1496,0.8359,0.0174
59.4500,JELLY_A,-0.0952,0.3233,0.1008
59.4500,JELLY_B,0.2177,0.1775,0.5941
59.4500,JELLY_C,-0.0961,0.8363,0.0241
59.4667,JELLY_A,-0.0958,0.3236,0.1062
59.4667,JELLY_B,0.2095,0.1771,0.6003
59.4667,JELLY_C,-0.0269,0.8367,0.0308
59.4833,JELLY_A,-0.0963,0.3239,0.1116
59.4833,JELLY_B,0.2014,0.1766,0.6065
59.4833,JELLY_C,0.0570,0.8371,0.0374
59.5000,JELLY_A,-0.0968,0.3243,0.1169
59.5000,JELLY_B,0.1934,0.1762,0.6127
59.5000,JELLY_C,0.1545,0.8376,0.0441
59.5167,JELLY_A,-0.0973,0.3246,0.1223
59.5167,JELLY_B,0.1855,0.1757,0.6190
59.5167,JELLY_C,0.2643,0.8381,0.0508
59.5333,JELLY_A,-0.0977,0.3249,0.1277
59.5333,JELLY_B,0.1776,0.1753,0.6252
59.5333,JELLY_C,0.3853,0.8385,0.0574
59.5500,JELLY_A,-0.0981,0.3252,0.1330
59.5500,JELLY_B,0.1699,0.1749,0.6314
59.5500,JELLY_C,0.5161,0.8390,0.0641
59.5667,JELLY_A,-0.0985,0.3255,0.1384
59.5667,JELLY_B,0.1623,0.1744,0.6376
59.5667,JELLY_C,0.6553,0.8395,0.0707
59.5833,JELLY_A,-0.0988,0.3259,0.1438
59.5833,JELLY_B,0.1548,0.1740,0.6438
59.5833,JELLY_C,0.8013,0.8401,0.0774
59.6000,JELLY_A,-0.0991,0.3262,0.1491
59.6000,JELLY_B,0.1474,0.1735,0.6500
59.6000,JELLY_C,0.9528,0.8406,0.0841
59.6167,JELLY_A,-0.0994,0.3265,0.1545
59.6167,JELLY_B,0.1401,0.1731,0.6562
59.6167,JELLY_C,1.1080,0.8412,0.0908
59.6333,JELLY_A,-0.0997,0.3268,0.1599
59.6333,JELLY_B,0.1329,0.1727,0.6624
59.6333,JELLY_C,1.2655,0.8418,0.0974
59.6500,JELLY_A,-0.0999,0.3271,0.1652
59.6500,JELLY_B,0.1259,0.1722,0.6686
59.6500,JELLY_C,1.4236,0.8424,0.1041
59.6667,JELLY_A,-0.1001,0.3274,0.1706
59.6667,JELLY_B,0.1189,0.1718,0.6748
59.6667,JELLY_C,1.5806,0.8431,0.1108
59.6833,JELLY_A,-0.1003,0.3277,0.1760
59.6833,JELLY_B,0.1121,0.1714,0.6810
59.6833,JELLY_C,1.7348,0.8437,0.1174
59.7000,JELLY_A,-0.1005,0.3280,0.1814
59.7000,JELLY_B,0.1054,0.1709,0.6872
59.7000,JELLY_C,1.8847,0.8444,0.1241
59.7167,JELLY_A,-0.1006,0.3283,0.1867
59.7167,JELLY_B,0.0988,0.1705,0.6934
59.7167,JELLY_C,2.0286,0.8451,0.1308
59.7333,JELLY_A,-0.1007,0.3286,0.1921
59.7333,JELLY_B,0.0923,0.1700,0.6996
59.7333,JELLY_C,2.1648,0.8458,0.1375
59.7500,JELLY_A,-0.1008,0.3289,0.1975
59.7500,JELLY_B,0.0859,0.1696,0.7059
59.7500,JELLY_C,2.2918,0.8465,0.1441
59.7667,JELLY_A,-0.1009,0.3292,0.2029
59.7667,JELLY_B,0.0797,0.1692,0.7121
59.7667,JELLY_C,2.4079,0.8472,0.1508
59.7833,JELLY_A,-0.1009,0.3295,0.2082
59.7833,JELLY_B,0.0735,0.1687,0.7183
59.7833,JELLY_C,2.5117,0.8479,0.1575
59.8000,JELLY_A,-0.1009,0.3298,0.2136
59.8000,JELLY_B,0.0675,0.1683,0.7245
59.8000,JELLY_C,2.6018,0.8486,0.1642
59.8167,JELLY_A,-0.1010,0.3301,0.2190
59.8167,JELLY_B,0.0616,0.1678,0.7307
59.8167,JELLY_C,2.6768,0.8493,0.1709
59.8333,JELLY_A,-0.1009,0.3304,0.2244
59.8333,JELLY_B,0.0558,0.1674,0.7369
59.8333,JELLY_C,2.7353,0.8500,0.1775
59.8500,JELLY_A,-0.1009,0.3307,0.2298
59.8500,JELLY_B,0.0502,0.1669,0.7431
59.8500,JELLY_C,2.7761,0.8507,0.1842
59.8667,JELLY_A,-0.1009,0.3310,0.2351
59.8667,JELLY_B,0.0446,0.1665,0.7493
59.8667,JELLY_C,2.7981,0.8514,0.1909
59.8833,JELLY_A,-0.1008,0.3313,0.2405
59.8833,JELLY_B,0.0392,0.1661,0.7555
59.8833,JELLY_C,2.8004,0.8521,0.1976
59.9000,JELLY_A,-0.1007,0.3315,0.2459
59.9000,JELLY_B,0.0339,0.1656,0.7617
59.9000,JELLY_C,2.7820,0.8528,0.2043
59.9167,JELLY_A,-0.1006,0.3318,0.2513
59.9167,JELLY_B,0.0287,0.1652,0.7679
59.9167,JELLY_C,2.7459,0.8534,0.2110
59.9333,JELLY_A,-0.1005,0.3321,0.2567
59.9333,JELLY_B,0.0236,0.1647,0.7741
59.9333,JELLY_C,2.6946,0.8541,0.2177
59.9500,JELLY_A,-0.1003,0.3324,0.2621
59.9500,JELLY_B,0.0186,0.1643,0.7803
59.9500,JELLY_C,2.6298,0.8547,0.2243
59.9667,JELLY_A,-0.1002,0.3326,0.2674
59.9667,JELLY_B,0.0138,0.1639,0.7865
59.9667,JELLY_C,2.5532,0.8553,0.2310
59.9833,JELLY_A,-0.1000,0.3329,0.2728
59.9833,JELLY_B,0.0090,0.1634,0.7927
59.9833,JELLY_C,2.4662,0.8559,0.2377
60.0000,JELLY_A,-0.0999,0.3332,0.2782
60.0000,JELLY_B,0.0044,0.1630,0.7990
60.0000,JELLY_C,2.3705,0.8564,0.2444
