t,name,cycle,pulseRate,activity,behavior,tiltDeg,omega,turn,x,y,z,vx,vy,vz,armTipRadial,margin
0.0000,JELLY_A,0.1300,0.0000,1.00,J_PULSE_CRUISE,0.00,0.0000,0.000,1.0200,2.1200,-3.4500,0.00000,0.00000,0.00000,0.03750,0.0000
0.0000,JELLY_B,0.6100,0.0000,1.00,J_PULSE_CRUISE,0.00,0.0000,0.000,1.4800,2.8500,-3.7700,0.00000,0.00000,0.00000,0.03125,0.0000
0.0000,JELLY_C,0.3700,0.0000,1.00,J_PULSE_CRUISE,0.00,0.0000,0.000,0.5400,3.5600,-3.9400,0.00000,0.00000,0.00000,0.02500,0.0000
0.0333,JELLY_A,0.1404,0.0984,0.05,J_DRIFT_IDLE,0.00,0.0000,0.000,1.0200,2.1200,-3.4500,0.00000,-0.00005,0.00001,0.03750,0.0010
0.0333,JELLY_B,0.6222,-0.5397,1.00,J_PULSE_CRUISE,0.00,0.0000,0.301,1.4800,2.8500,-3.7700,0.00000,0.00023,-0.00001,0.03124,0.0023
0.0333,JELLY_C,0.3836,-1.1710,1.00,J_ASCEND,0.00,0.0000,0.411,0.5400,3.5600,-3.9400,0.00000,-0.00002,0.00010,0.02498,0.0299
0.0667,JELLY_A,0.1507,0.0854,0.05,J_DRIFT_IDLE,0.00,0.0000,0.000,1.0200,2.1200,-3.4500,0.00001,-0.00010,0.00002,0.03749,0.0032
0.0667,JELLY_B,0.6344,-0.4603,1.00,J_PULSE_CRUISE,0.00,0.0000,0.301,1.4800,2.8500,-3.7700,0.00000,0.00046,-0.00001,0.03124,0.0067
0.0667,JELLY_C,0.3972,-1.2108,1.00,J_ASCEND,0.00,0.0000,0.411,0.5400,3.5600,-3.9400,0.00001,-0.00005,0.00020,0.02493,0.0909
0.1000,JELLY_A,0.1611,0.0701,0.05,J_DRIFT_IDLE,0.00,0.0000,0.000,1.0200,2.1200,-3.4500,0.00001,-0.00015,0.00003,0.03749,0.0063
0.1000,JELLY_B,0.6466,-0.3784,1.00,J_PULSE_CRUISE,0.00,0.0000,0.301,1.4800,2.8500,-3.7700,0.00001,0.00069,-0.00002,0.03122,0.0113
0.1000,JELLY_C,0.4108,-1.2418,1.00,J_ASCEND,0.00,0.0000,0.411,0.5400,3.5600,-3.9400,0.00001,-0.00006,0.00030,0.02489,0.1656
0.1333,JELLY_A,0.1715,0.0529,0.05,J_DRIFT_IDLE,0.00,0.0000,0.000,1.0200,2.1200,-3.4500,0.00001,-0.00019,0.00004,0.03749,0.0101
0.1333,JELLY_B,0.6588,-0.2942,1.00,J_PULSE_CRUISE,0.00,0.0000,0.301,1.4800,2.8501,-3.7700,0.00001,0.00092,-0.00003,0.03121,0.0152
0.1333,JELLY_C,0.4244,-1.2637,1.00,J_ASCEND,0.00,0.0000,0.411,0.5400,3.5600,-3.9400,0.00002,-0.00007,0.00040,0.02485,0.2416
0.1667,JELLY_A,0.1818,0.0344,0.05,J_DRIFT_IDLE,0.00,0.0000,0.000,1.0200,2.1200,-3.4500,0.00002,-0.00024,0.00005,0.03749,0.0143
0.1667,JELLY_B,0.6709,-0.2084,1.00,J_PULSE_CRUISE,0.00,0.0000,0.301,1.4800,2.8501,-3.7700,0.00001,0.00114,-0.00003,0.03119,0.0179
0.1667,JELLY_C,0.4379,-1.2765,1.00,J_ASCEND,0.00,0.0000,0.411,0.5400,3.5600,-3.9400,0.00002,-0.00006,0.00050,0.02481,0.3112
0.2000,JELLY_A,0.1922,0.0149,0.05,J_DRIFT_IDLE,0.00,0.0000,0.000,1.0200,2.1200,-3.4500,0.00002,-0.00029,0.00006,0.03750,0.0186
0.2000,JELLY_B,0.6831,-0.1215,1.00,J_PULSE_CRUISE,0.00,0.0000,0.301,1.4800,2.8501,-3.7700,0.00001,0.00137,-0.00004,0.03117,0.0192
0.2000,JELLY_C,0.4515,-1.2799,1.00,J_ASCEND,0.00,0.0000,0.411,0.5400,3.5600,-3.9399,0.00003,-0.00002,0.00059,0.02477,0.3695
0.2333,JELLY_A,0.2026,-0.0008,0.05,J_DRIFT_IDLE,0.00,0.0000,0.000,1.0200,2.1200,-3.4500,0.00002,-0.00034,0.00007,0.03751,0.0229
0.2333,JELLY_B,0.6953,-0.0339,1.00,J_PULSE_CRUISE,0.00,0.0000,0.301,1.4800,2.8502,-3.7700,0.00001,0.00160,-0.00004,0.03114,0.0193
0.2333,JELLY_C,0.4651,-1.2740,1.00,J_ASCEND,0.00,0.0000,0.411,0.5400,3.5600,-3.9399,0.00003,0.00004,0.00069,0.02473,0.4141
0.2667,JELLY_A,0.2129,-0.0040,0.05,J_DRIFT_IDLE,0.00,0.0000,0.000,1.0200,2.1199,-3.4500,0.00002,-0.00038,0.00008,0.03752,0.0271
0.2667,JELLY_B,0.7075,0.0000,1.00,J_GLIDE,0.00,0.0000,0.301,1.4800,2.8503,-3.7700,0.00001,0.00182,-0.00005,0.03110,0.0185
0.2667,JELLY_C,0.4787,-1.2588,1.00,J_ASCEND,0.00,0.0000,0.411,0.5400,3.5600,-3.9399,0.00004,0.00013,0.00078,0.02467,0.4444
0.3000,JELLY_A,0.2233,-0.0071,0.05,J_DRIFT_IDLE,0.00,0.0000,0.000,1.0200,2.1199,-3.4500,0.00003,-0.00043,0.00009,0.03753,0.0309
0.3000,JELLY_B,0.7196,0.0000,1.00,J_GLIDE,0.00,0.0000,0.301,1.4800,2.8503,-3.7700,0.00001,0.00204,-0.00005,0.03103,0.0169
0.3000,JELLY_C,0.4923,-1.2345,1.00,J_ASCEND,0.00,0.0000,0.411,0.5400,3.5600,-3.9399,0.00004,0.00025,0.00087,0.02457,0.4609
0.3333,JELLY_A,0.2337,-0.0103,0.05,J_DRIFT_IDLE,0.00,0.0000,0.000,1.0200,2.1199,-3.4500,0.00003,-0.00048,0.00010,0.03755,0.0344
0.3333,JELLY_B,0.7318,0.0000,1.00,J_GLIDE,0.00,0.0000,0.301,1.4800,2.8504,-3.7700,0.00002,0.00224,-0.00006,0.03093,0.0150
0.3333,JELLY_C,0.5058,-1.2013,1.00,J_ASCEND,0.00,0.0000,0.411,0.5400,3.5600,-3.9398,0.00005,0.00040,0.00097,0.02441,0.4649
0.3667,JELLY_A,0.2440,-0.0133,0.05,J_DRIFT_IDLE,0.00,0.0000,0.000,1.0200,2.1199,-3.4500,0.00003,-0.00052,0.00010,0.03757,0.0375
0.3667,JELLY_B,0.7440,0.0000,1.00,J_GLIDE,0.00,0.0000,0.301,1.4800,2.8505,-3.7700,0.00002,0.00245,-0.00006,0.03079,0.0130
0.3667,JELLY_C,0.5194,-1.1593,1.00,J_ASCEND,0.00,0.0000,0.411,0.5400,3.5600,-3.9398,0.00005,0.00057,0.00106,0.02416,0.4581
0.4000,JELLY_A,0.2544,-0.0164,0.05,J_DRIFT_IDLE,0.00,0.0000,0.000,1.0200,2.1199,-3.4500,0.00003,-0.00057,0.00011,0.03758,0.0402
0.4000,JELLY_B,0.7561,0.0000,1.00,J_GLIDE,0.00,0.0000,0.301,1.4800,2.8506,-3.7700,0.00002,0.00264,-0.00007,0.03059,0.0109
0.4000,JELLY_C,0.5330,-1.1089,1.00,J_ASCEND,0.00,0.0000,0.411,0.5400,3.5601,-3.9398,0.00006,0.00078,0.00114,0.02380,0.4422
0.4333,JELLY_A,0.2647,-0.0193,0.05,J_DRIFT_IDLE,0.00,0.0000,0.000,1.0200,2.1199,-3.4500,0.00004,-0.00061,0.00012,0.03760,0.0424
0.4333,JELLY_B,0.7683,0.0000,1.00,J_GLIDE,0.00,0.0000,0.301,1.4800,2.8506,-3.7700,0.00002,0.00283,-0.00007,0.03031,0.0089
0.4333,JELLY_C,0.5465,-1.0505,1.00,J_ASCEND,0.00,0.0000,0.411,0.5400,3.5601,-3.9397,0.00006,0.00101,0.00123,0.02333,0.4192
0.4667,JELLY_A,0.2751,-0.0222,0.05,J_DRIFT_IDLE,0.00,0.0000,0.000,1.0200,2.1198,-3.4500,0.00004,-0.00066,0.00013,0.03762,0.0442
0.4667,JELLY_B,0.7805,0.0000,1.00,J_GLIDE,0.00,0.0000,0.301,1.4800,2.8507,-3.7700,0.00002,0.00301,-0.00008,0.02996,0.0071
0.4667,JELLY_C,0.5601,-0.9845,1.00,J_ASCEND,0.00,0.0000,0.411,0.5400,3.5601,-3.9397,0.00007,0.00127,0.00132,0.02275,0.3908
0.5000,JELLY_A,0.2855,-0.0250,0.05,J_DRIFT_IDLE,0.00,0.0000,0.000,1.0200,2.1198,-3.4500,0.00004,-0.00070,0.00014,0.03763,0.0456
0.5000,JELLY_B,0.7926,0.0000,1.00,J_GLIDE,0.00,0.0000,0.301,1.4800,2.8508,-3.7700,0.00002,0.00319,-0.00008,0.02951,0.0056
0.5000,JELLY_C,0.5737,-0.9113,1.00,J_ASCEND,0.00,0.0000,0.411,0.5400,3.5602,-3.9396,0.00007,0.00154,0.00140,0.02210,0.3587
0.5333,JELLY_A,0.2958,-0.0276,0.05,J_DRIFT_IDLE,0.00,0.0000,0.000,1.0200,2.1198,-3.4500,0.00004,-0.00075,0.00015,0.03765,0.0466
0.5333,JELLY_B,0.8048,0.0000,1.00,J_GLIDE,0.00,0.0000,0.301,1.4800,2.8510,-3.7700,0.00002,0.00336,-0.00009,0.02899,0.0042
0.5333,JELLY_C,0.5872,-0.8316,1.00,J_ASCEND,0.00,0.0000,0.411,0.5400,3.5602,-3.9396,0.00008,0.00182,0.00148,0.02140,0.3243
0.5667,JELLY_A,0.3062,-0.0302,0.05,J_DRIFT_IDLE,0.00,0.0000,0.000,1.0200,2.1198,-3.4500,0.00004,-0.00079,0.00015,0.03767,0.0473
0.5667,JELLY_B,0.8169,0.0000,1.00,J_GLIDE,0.00,0.0000,0.301,1.4800,2.8511,-3.7700,0.00002,0.00352,-0.00010,0.02839,0.0031
0.5667,JELLY_C,0.6008,-0.7459,1.00,J_ASCEND,0.00,0.0000,0.411,0.5400,3.5603,-3.9395,0.00008,0.00210,0.00156,0.02071,0.2888
0.6000,JELLY_A,0.3165,-0.0326,0.05,J_DRIFT_IDLE,0.00,0.0000,0.000,1.0200,2.1197,-3.4499,0.00004,-0.00083,0.00016,0.03769,0.0477
0.6000,JELLY_B,0.8291,0.0000,1.00,J_GLIDE,0.00,0.0000,0.301,1.4800,2.8512,-3.7700,0.00002,0.00368,-0.00010,0.02775,0.0021
0.6000,JELLY_C,0.6143,-0.6549,1.00,J_ASCEND,0.00,0.0000,0.411,0.5400,3.5604,-3.9395,0.00009,0.00239,0.00164,0.02005,0.2532
0.6333,JELLY_A,0.3269,-0.0349,0.05,J_DRIFT_IDLE,0.00,0.0000,0.000,1.0200,2.1197,-3.4499,0.00005,-0.00088,0.00017,0.03770,0.0478
0.6333,JELLY_B,0.8412,0.0000,1.00,J_GLIDE,0.00,0.0000,0.301,1.4800,2.8513,-3.7700,0.00002,0.00383,-0.00011,0.02709,0.0014
0.6333,JELLY_C,0.6279,-0.5591,1.00,J_ASCEND,0.00,0.0000,0.411,0.5400,3.5605,-3.9394,0.00009,0.00267,0.00172,0.01944,0.2185
0.6667,JELLY_A,0.3372,-0.0370,0.05,J_DRIFT_IDLE,0.00,0.0000,0.000,1.0200,2.1197,-3.4499,0.00005,-0.00092,0.00017,0.03772,0.0477
0.6667,JELLY_B,0.8533,0.0000,1.00,J_GLIDE,0.00,0.0000,0.301,1.4800,2.8514,-3.7700,0.00002,0.00398,-0.00011,0.02642,0.0008
0.6667,JELLY_C,0.6414,-0.4594,1.00,J_ASCEND,0.00,0.0000,0.411,0.5400,3.5606,-3.9394,0.00010,0.00295,0.00179,0.01889,0.1854
0.7000,JELLY_A,0.3476,-0.0390,0.05,J_DRIFT_IDLE,0.00,0.0000,0.000,1.0200,2.1197,-3.4499,0.00005,-0.00096,0.00018,0.03774,0.0473
0.7000,JELLY_B,0.8655,0.0000,1.00,J_GLIDE,0.00,0.0000,0.301,1.4800,2.8516,-3.7700,0.00002,0.00412,-0.00012,0.02577,0.0004
0.7000,JELLY_C,0.6550,-0.3563,1.00,J_ASCEND,0.00,0.0000,0.411,0.5400,3.5607,-3.9393,0.00010,0.00323,0.00186,0.01841,0.1543
0.7333,JELLY_A,0.3579,-0.0408,0.05,J_DRIFT_IDLE,0.00,0.0000,0.000,1.0200,2.1196,-3.4499,0.00005,-0.00100,0.00019,0.03775,0.0468
0.7333,JELLY_B,0.8776,0.0000,1.00,J_GLIDE,0.00,0.0000,0.301,1.4800,2.8517,-3.7700,0.00003,0.00425,-0.00012,0.02513,0.0001
0.7333,JELLY_C,0.6685,-0.2508,1.00,J_ASCEND,0.00,0.0000,0.411,0.5400,3.5608,-3.9392,0.00011,0.00350,0.00193,0.01801,0.1258
0.7667,JELLY_A,0.3683,-0.0425,0.05,J_DRIFT_IDLE,0.00,0.0000,0.000,1.0200,2.1196,-3.4499,0.00005,-0.00105,0.00020,0.03777,0.0461
0.7667,JELLY_B,0.8897,0.0000,1.00,J_GLIDE,0.00,0.0000,0.301,1.4800,2.8519,-3.7701,0.00003,0.00439,-0.00013,0.02453,-0.0001
0.7667,JELLY_C,0.6821,-0.1435,1.00,J_ASCEND,0.00,0.0000,0.411,0.5400,3.5609,-3.9392,0.00011,0.00377,0.00200,0.01768,0.1001
0.8000,JELLY_A,0.3786,-0.0440,0.05,J_DRIFT_IDLE,0.00,0.0000,0.000,1.0200,2.1195,-3.4499,0.00005,-0.00109,0.00020,0.03778,0.0452
0.8000,JELLY_B,0.9019,0.0000,1.00,J_GLIDE,0.00,0.0000,0.301,1.4800,2.8520,-3.7701,0.00003,0.00451,-0.00013,0.02397,-0.0003
0.8000,JELLY_C,0.6956,-0.0352,1.00,J_ASCEND,0.00,0.0000,0.411,0.5400,3.5610,-3.9391,0.00012,0.00404,0.00207,0.01741,0.0776
0.8333,JELLY_A,0.3890,-0.0452,0.05,J_DRIFT_IDLE,0.00,0.0000,0.000,1.0200,2.1195,-3.4499,0.00005,-0.00113,0.00021,0.03780,0.0442
0.8333,JELLY_B,0.9140,0.0000,1.00,J_GLIDE,0.00,0.0000,0.301,1.4800,2.8522,-3.7701,0.00003,0.00463,-0.00014,0.02345,-0.0004
0.8333,JELLY_C,0.7091,0.0000,1.00,J_GLIDE,0.00,0.0000,0.411,0.5401,3.5612,-3.9390,0.00012,0.00427,0.00213,0.01720,0.0583
0.8667,JELLY_A,0.3993,-0.0463,0.05,J_DRIFT_IDLE,0.00,0.0000,0.000,1.0200,2.1195,-3.4499,0.00005,-0.00117,0.00022,0.03781,0.0431
0.8667,JELLY_B,0.9261,0.0000,1.00,J_GLIDE,0.00,0.0000,0.301,1.4800,2.8523,-3.7701,0.00003,0.00475,-0.00015,0.02297,-0.0004
0.8667,JELLY_C,0.7227,0.0000,1.00,J_GLIDE,0.00,0.0000,0.411,0.5401,3.5613,-3.9390,0.00013,0.00447,0.00219,0.01705,0.0422
0.9000,JELLY_A,0.4097,-0.0472,0.05,J_DRIFT_IDLE,0.00,0.0000,0.000,1.0200,2.1194,-3.4499,0.00005,-0.00121,0.00022,0.03783,0.0419
0.9000,JELLY_B,0.9382,0.0000,1.00,J_GLIDE,0.00,0.0000,0.301,1.4800,2.8525,-3.7701,0.00003,0.00486,-0.00015,0.02254,-0.0004
0.9000,JELLY_C,0.7362,0.0000,1.00,J_GLIDE,0.00,0.0000,0.411,0.5401,3.5615,-3.9389,0.00013,0.00467,0.00225,0.01695,0.0291
0.9333,JELLY_A,0.4200,-0.0479,0.05,J_DRIFT_IDLE,0.00,0.0000,0.000,1.0200,2.1194,-3.4499,0.00005,-0.00125,0.00023,0.03784,0.0406
0.9333,JELLY_B,0.9503,0.0000,1.00,J_GLIDE,0.00,0.0000,0.301,1.4800,2.8527,-3.7701,0.00003,0.00497,-0.00016,0.02215,-0.0004
0.9333,JELLY_C,0.7497,0.0000,1.00,J_GLIDE,0.00,0.0000,0.411,0.5401,3.5616,-3.9388,0.00014,0.00485,0.00231,0.01690,0.0188
0.9667,JELLY_A,0.4304,-0.0484,0.05,J_DRIFT_IDLE,0.00,0.0000,0.000,1.0200,2.1193,-3.4499,0.00005,-0.00129,0.00023,0.03785,0.0392
0.9667,JELLY_B,0.9625,0.0000,1.00,J_GLIDE,0.00,0.0000,0.301,1.4800,2.8528,-3.7701,0.00003,0.00508,-0.00016,0.02180,-0.0003
0.9667,JELLY_C,0.7633,0.0000,1.00,J_GLIDE,0.00,0.0000,0.411,0.5401,3.5618,-3.9387,0.00014,0.00502,0.00236,0.01689,0.0110
1.0000,JELLY_A,0.4407,-0.0487,0.05,J_DRIFT_IDLE,0.00,0.0000,0.000,1.0200,2.1193,-3.4499,0.00005,-0.00133,0.00024,0.03786,0.0378
1.0000,JELLY_B,0.9746,0.0000,1.00,J_GLIDE,0.00,0.0000,0.301,1.4800,2.8530,-3.7701,0.00003,0.00518,-0.00017,0.02150,-0.0003
1.0000,JELLY_C,0.7768,0.0000,1.00,J_GLIDE,0.00,0.0000,0.411,0.5401,3.5620,-3.9387,0.00015,0.00518,0.00242,0.01692,0.0052
1.0333,JELLY_A,0.4511,-0.0487,0.05,J_DRIFT_IDLE,0.00,0.0000,0.000,1.0200,2.1193,-3.4499,0.00005,-0.00137,0.00025,0.03787,0.0363
1.0333,JELLY_B,0.9867,0.0000,1.00,J_GLIDE,0.00,0.0000,0.301,1.4800,2.8532,-3.7701,0.00003,0.00527,-0.00018,0.02123,-0.0003
1.0333,JELLY_C,0.7903,0.0000,1.00,J_GLIDE,0.00,0.0000,0.411,0.5401,3.5621,-3.9386,0.00015,0.00533,0.00247,0.01698,0.0012
1.0667,JELLY_A,0.4614,-0.0486,0.05,J_DRIFT_IDLE,0.00,0.0000,0.000,1.0200,2.1192,-3.4499,0.00005,-0.00141,0.00025,0.03789,0.0348
1.0667,JELLY_B,0.9988,0.0000,1.00,J_GLIDE,0.00,0.0000,0.301,1.4800,2.8533,-3.7701,0.00003,0.00536,-0.00018,0.02100,-0.0001
1.0667,JELLY_C,0.8038,0.0000,1.00,J_GLIDE,0.00,0.0000,0.411,0.5401,3.5623,-3.9385,0.00016,0.00547,0.00252,0.01707,-0.0015
1.1000,JELLY_A,0.4718,-0.0483,0.05,J_DRIFT_IDLE,0.00,0.0000,0.000,1.0200,2.1192,-3.4498,0.00006,-0.00145,0.00026,0.03790,0.0332
1.1000,JELLY_B,0.0109,0.4849,1.00,J_PULSE_CRUISE,0.00,0.0013,0.297,1.4800,2.8535,-3.7701,0.00003,0.00532,-0.00019,0.02081,0.0005
1.1000,JELLY_C,0.8174,0.0000,1.00,J_GLIDE,0.00,0.0000,0.411,0.5401,3.5625,-3.9384,0.00016,0.00560,0.00257,0.01718,-0.0031
1.1333,JELLY_A,0.4821,-0.0478,0.05,J_DRIFT_IDLE,0.00,0.0000,0.000,1.0200,2.1191,-3.4498,0.00006,-0.00148,0.00026,0.03791,0.0317
1.1333,JELLY_B,0.0230,1.0067,1.00,J_PULSE_CRUISE,0.01,0.0049,0.297,1.4800,2.8537,-3.7701,0.00003,0.00531,-0.00020,0.02065,0.0022
1.1333,JELLY_C,0.8309,0.0000,1.00,J_GLIDE,0.00,0.0000,0.411,0.5401,3.5627,-3.9383,0.00017,0.00573,0.00261,0.01733,-0.0040
1.1667,JELLY_A,0.4925,-0.0470,0.05,J_DRIFT_IDLE,0.00,0.0000,0.000,1.0200,2.1191,-3.4498,0.00006,-0.00152,0.00027,0.03792,0.0301
1.1667,JELLY_B,0.0351,1.4918,1.00,J_PULSE_CRUISE,0.02,0.0106,0.297,1.4800,2.8539,-3.7701,0.00003,0.00533,-0.00020,0.02053,0.0062
1.1667,JELLY_C,0.8444,0.0000,1.00,J_GLIDE,0.00,0.0000,0.411,0.5401,3.5629,-3.9382,0.00017,0.00584,0.00266,0.01749,-0.0043
1.2000,JELLY_A,0.5028,-0.0461,0.05,J_DRIFT_IDLE,0.00,0.0000,0.000,1.0200,2.1190,-3.4498,0.00006,-0.00155,0.00027,0.03793,0.0284
1.2000,JELLY_B,0.0472,1.9230,1.00,J_PULSE_CRUISE,0.04,0.0181,0.297,1.4800,2.8541,-3.7701,0.00003,0.00540,-0.00021,0.02045,0.0139
1.2000,JELLY_C,0.8579,0.0000,1.00,J_GLIDE,0.00,0.0000,0.411,0.5401,3.5631,-3.9381,0.00018,0.00594,0.00270,0.01767,-0.0042
1.2333,JELLY_A,0.5131,-0.0449,0.05,J_DRIFT_IDLE,0.00,0.0000,0.000,1.0200,2.1190,-3.4498,0.00006,-0.00159,0.00028,0.03793,0.0268
1.2333,JELLY_B,0.0593,2.2848,1.00,J_PULSE_CRUISE,0.08,0.0272,0.297,1.4800,2.8542,-3.7701,0.00003,0.00552,-0.00022,0.02042,0.0267
1.2333,JELLY_C,0.8714,0.0000,1.00,J_GLIDE,0.00,0.0000,0.411,0.5401,3.5633,-3.9380,0.00018,0.00604,0.00274,0.01787,-0.0039
1.2667,JELLY_A,0.5235,-0.0436,0.05,J_DRIFT_IDLE,0.00,0.0000,0.000,1.0201,2.1189,-3.4498,0.00006,-0.00162,0.00028,0.03794,0.0252
1.2667,JELLY_B,0.0713,2.5641,1.00,J_PULSE_CRUISE,0.14,0.0374,0.297,1.4800,2.8544,-3.7701,0.00003,0.00569,-0.00022,0.02043,0.0460
1.2667,JELLY_C,0.8849,0.0000,1.00,J_GLIDE,0.00,0.0000,0.411,0.5401,3.5635,-3.9380,0.00019,0.00613,0.00278,0.01808,-0.0035
1.3000,JELLY_A,0.5338,-0.0421,0.05,J_DRIFT_IDLE,0.00,0.0000,0.000,1.0201,2.1189,-3.4498,0.00006,-0.00165,0.00029,0.03795,0.0236
1.3000,JELLY_B,0.0834,2.7512,1.00,J_PULSE_CRUISE,0.22,0.0483,0.297,1.4800,2.8546,-3.7701,0.00003,0.00591,-0.00023,0.02048,0.0729
1.3000,JELLY_C,0.8984,0.0000,1.00,J_GLIDE,0.00,0.0000,0.411,0.5401,3.5637,-3.9379,0.00019,0.00621,0.00281,0.01831,-0.0030
1.3333,JELLY_A,0.5442,-0.0404,0.05,J_DRIFT_IDLE,0.00,0.0000,0.000,1.0201,2.1188,-3.4498,0.00006,-0.00168,0.00029,0.03796,0.0220
1.3333,JELLY_B,0.0955,2.8394,1.00,J_PULSE_CRUISE,0.32,0.0594,0.297,1.4800,2.8548,-3.7702,0.00003,0.00614,-0.00024,0.02056,0.1081
1.3333,JELLY_C,0.9119,0.0000,1.00,J_GLIDE,0.00,0.0000,0.411,0.5401,3.5639,-3.9378,0.00019,0.00629,0.00285,0.01854,-0.0025
1.3667,JELLY_A,0.5545,-0.0386,0.05,J_DRIFT_IDLE,0.00,0.0000,0.000,1.0201,2.1187,-3.4498,0.00005,-0.00172,0.00030,0.03797,0.0204
1.3667,JELLY_B,0.1076,2.8256,1.00,J_PULSE_CRUISE,0.44,0.0703,0.297,1.4800,2.8550,-3.7702,0.00003,0.00638,-0.00024,0.02067,0.1517
1.3667,JELLY_C,0.9254,0.0000,1.00,J_GLIDE,0.00,0.0000,0.411,0.5401,3.5641,-3.9377,0.00020,0.00635,0.00288,0.01879,-0.0020
1.4000,JELLY_A,0.5648,-0.0366,0.05,J_DRIFT_IDLE,0.00,0.0000,0.000,1.0201,2.1187,-3.4498,0.00005,-0.00175,0.00030,0.03797,0.0188
1.4000,JELLY_B,0.1197,2.7104,1.00,J_PULSE_CRUISE,0.59,0.0806,0.297,1.4800,2.8552,-3.7702,0.00003,0.00661,-0.00025,0.02080,0.2036
1.4000,JELLY_C,0.9389,0.0000,1.00,J_GLIDE,0.00,0.0000,0.411,0.5401,3.5643,-3.9376,0.00020,0.00641,0.00291,0.01904,-0.0015
1.4333,JELLY_A,0.5752,-0.0344,0.05,J_DRIFT_IDLE,0.00,0.0000,0.000,1.0201,2.1186,-3.4497,0.00005,-0.00178,0.00031,0.03798,0.0173
1.4333,JELLY_B,0.1317,2.4981,1.00,J_PULSE_CRUISE,0.75,0.0897,0.297,1.4800,2.8555,-3.7702,0.00003,0.00679,-0.00025,0.02096,0.2629
1.4333,JELLY_C,0.9524,0.0000,1.00,J_GLIDE,0.00,0.0000,0.411,0.5402,3.5645,-3.9375,0.00021,0.00647,0.00295,0.01930,-0.0012
1.4667,JELLY_A,0.5855,-0.0321,0.05,J_DRIFT_IDLE,0.00,0.0000,0.000,1.0201,2.1186,-3.4497,0.00005,-0.00180,0.00031,0.03799,0.0158
1.4667,JELLY_B,0.1438,2.1965,1.00,J_PULSE_CRUISE,0.92,0.0973,0.297,1.4800,2.8557,-3.7702,0.00003,0.00694,-0.00026,0.02114,0.3284
1.4667,JELLY_C,0.9658,0.0000,1.00,J_GLIDE,0.00,0.0000,0.411,0.5402,3.5648,-3.9374,0.00021,0.00652,0.00298,0.01957,-0.0008
1.5000,JELLY_A,0.5959,-0.0297,0.05,J_DRIFT_IDLE,0.00,0.0000,0.000,1.0201,2.1185,-3.4497,0.00005,-0.00183,0.00032,0.03799,0.0144
1.5000,JELLY_B,0.1559,1.8164,1.00,J_PULSE_CRUISE,1.11,0.1032,0.297,1.4800,2.8559,-3.7702,0.00003,0.00702,-0.00026,0.02132,0.3985
1.5000,JELLY_C,0.9793,0.0000,1.00,J_GLIDE,0.00,0.0000,0.411,0.5402,3.5650,-3.9373,0.00021,0.00656,0.00300,0.01984,-0.0006
1.5333,JELLY_A,0.6062,-0.0271,0.05,J_DRIFT_IDLE,0.00,0.0000,0.000,1.0201,2.1184,-3.4497,0.00005,-0.00186,0.00032,0.03800,0.0130
1.5333,JELLY_B,0.1679,1.3715,1.00,J_PULSE_CRUISE,1.31,0.1070,0.297,1.4800,2.8562,-3.7702,0.00003,0.00706,-0.00027,0.02145,0.4712
1.5333,JELLY_C,0.9928,0.0000,1.00,J_GLIDE,0.00,0.0000,0.411,0.5402,3.5652,-3.9372,0.00022,0.00659,0.00303,0.02011,-0.0002
1.5667,JELLY_A,0.6165,-0.0244,0.05,J_DRIFT_IDLE,0.00,0.0000,0.000,1.0201,2.1184,-3.4497,0.00005,-0.00189,0.00033,0.03800,0.0116
1.5667,JELLY_B,0.1800,0.8778,1.00,J_PULSE_CRUISE,1.52,0.1085,0.297,1.4800,2.8564,-3.7702,0.00002,0.00705,-0.00028,0.02152,0.5444
1.5667,JELLY_C,0.0063,0.3124,1.00,J_PULSE_CRUISE,0.00,0.0006,0.412,0.5402,3.5654,-3.9371,0.00022,0.00654,0.00306,0.02038,0.0006
1.6000,JELLY_A,0.6269,-0.0216,0.05,J_DRIFT_IDLE,0.00,0.0000,0.000,1.0201,2.1183,-3.4497,0.00005,-0.00192,0.00033,0.03801,0.0103
1.6000,JELLY_B,0.1921,0.3530,1.00,J_PULSE_CRUISE,1.73,0.1077,0.297,1.4800,2.8566,-3.7702,0.00002,0.00702,-0.00029,0.02156,0.6158
1.6000,JELLY_C,0.0197,0.9688,1.00,J_PULSE_CRUISE,0.00,0.0047,0.412,0.5402,3.5656,-3.9370,0.00022,0.00643,0.00308,0.02067,0.0030
1.6333,JELLY_A,0.6372,-0.0187,0.05,J_DRIFT_IDLE,0.00,0.0000,0.000,1.0201,2.1183,-3.4497,0.00005,-0.00195,0.00034,0.03801,0.0091
1.6333,JELLY_B,0.2041,-0.0295,1.00,J_PULSE_CRUISE,1.93,0.1047,0.297,1.4800,2.8569,-3.7702,0.00002,0.00697,-0.00030,0.02162,0.6833
1.6333,JELLY_C,0.0332,1.5815,1.00,J_PULSE_CRUISE,0.02,0.0121,0.412,0.5402,3.5658,-3.9369,0.00023,0.00637,0.00310,0.02096,0.0082
1.6667,JELLY_A,0.6475,-0.0158,0.05,J_DRIFT_IDLE,0.00,0.0000,0.000,1.0201,2.1182,-3.4497,0.00005,-0.00198,0.00034,0.03802,0.0079
1.6667,JELLY_B,0.2162,-0.1153,1.00,J_PULSE_CRUISE,2.13,0.1016,0.297,1.4800,2.8571,-3.7702,0.00002,0.00692,-0.00031,0.02176,0.7450
1.6667,JELLY_C,0.0467,2.1233,1.00,J_PULSE_CRUISE,0.05,0.0225,0.412,0.5402,3.5660,-3.9368,0.00023,0.00637,0.00313,0.02127,0.0178
1.7000,JELLY_A,0.6579,-0.0127,0.05,J_DRIFT_IDLE,0.00,0.0000,0.000,1.0201,2.1181,-3.4497,0.00005,-0.00201,0.00034,0.03802,0.0068
1.7000,JELLY_B,0.2282,-0.2004,1.00,J_PULSE_CRUISE,2.32,0.0985,0.297,1.4800,2.8573,-3.7703,0.00002,0.00687,-0.00031,0.02200,0.7995
1.7000,JELLY_C,0.0601,2.5701,1.00,J_PULSE_CRUISE,0.10,0.0352,0.412,0.5402,3.5663,-3.9367,0.00023,0.00645,0.00315,0.02162,0.0337
1.7333,JELLY_A,0.6682,-0.0097,0.05,J_DRIFT_IDLE,0.00,0.0000,0.000,1.0201,2.1181,-3.4496,0.00005,-0.00203,0.00035,0.03802,0.0058
1.7333,JELLY_B,0.2403,-0.2843,1.00,J_PULSE_CRUISE,2.51,0.0954,0.297,1.4800,2.8576,-3.7703,0.00002,0.00683,-0.00032,0.02232,0.8462
1.7333,JELLY_C,0.0736,2.9022,1.00,J_PULSE_CRUISE,0.18,0.0497,0.412,0.5402,3.5665,-3.9366,0.00024,0.00660,0.00317,0.02199,0.0577
1.7667,JELLY_A,0.6786,-0.0065,0.05,J_DRIFT_IDLE,0.00,0.0000,0.000,1.0201,2.1180,-3.4496,0.00005,-0.00206,0.00035,0.03803,0.0048
1.7667,JELLY_B,0.2523,-0.3666,1.00,J_PULSE_CRUISE,2.69,0.0925,0.297,1.4800,2.8578,-3.7703,0.00002,0.00678,-0.00033,0.02264,0.8846
1.7667,JELLY_C,0.0871,3.1048,1.00,J_PULSE_CRUISE,0.28,0.0651,0.412,0.5402,3.5667,-3.9365,0.00024,0.00679,0.00319,0.02240,0.0910
1.8000,JELLY_A,0.6889,-0.0034,0.05,J_DRIFT_IDLE,0.00,0.0000,0.000,1.0201,2.1179,-3.4496,0.00005,-0.00209,0.00036,0.03803,0.0040
1.8000,JELLY_B,0.2644,-0.4466,1.00,J_PULSE_CRUISE,2.86,0.0896,0.297,1.4800,2.8580,-3.7703,0.00002,0.00673,-0.00034,0.02288,0.9149
1.8000,JELLY_C,0.1005,3.1692,1.00,J_PULSE_CRUISE,0.42,0.0808,0.412,0.5402,3.5669,-3.9363,0.00024,0.00700,0.00321,0.02284,0.1342
1.8333,JELLY_A,0.6992,-0.0002,0.05,J_DRIFT_IDLE,0.00,0.0000,0.000,1.0201,2.1178,-3.4496,0.00005,-0.00212,0.00036,0.03804,0.0032
1.8333,JELLY_B,0.2764,-0.5241,1.00,J_PULSE_CRUISE,3.03,0.0869,0.297,1.4800,2.8582,-3.7703,0.00001,0.00669,-0.00035,0.02299,0.9374
1.8333,JELLY_C,0.1140,3.0927,1.00,J_PULSE_CRUISE,0.58,0.0958,0.412,0.5402,3.5672,-3.9362,0.00024,0.00721,0.00323,0.02330,0.1875
1.8667,JELLY_A,0.7096,0.0000,0.05,J_DRIFT_IDLE,0.00,0.0000,0.000,1.0201,2.1178,-3.4496,0.00005,-0.00215,0.00036,0.03804,0.0025
1.8667,JELLY_B,0.2885,-0.5985,1.00,J_PULSE_CRUISE,3.19,0.0842,0.297,1.4800,2.8585,-3.7703,0.00001,0.00664,-0.00036,0.02294,0.9526
1.8667,JELLY_C,0.1274,2.8787,1.00,J_PULSE_CRUISE,0.78,0.1095,0.412,0.5402,3.5674,-3.9361,0.00025,0.00738,0.00324,0.02377,0.2500
1.9000,JELLY_A,0.7199,0.0000,0.05,J_DRIFT_IDLE,0.00,0.0000,0.000,1.0201,2.1177,-3.4496,0.00005,-0.00217,0.00037,0.03804,0.0020
1.9000,JELLY_B,0.3005,-0.6695,1.00,J_PULSE_CRUISE,3.35,0.0815,0.297,1.4800,2.8587,-3.7703,0.00001,0.00660,-0.00036,0.02275,0.9611
1.9000,JELLY_C,0.1409,2.5371,1.00,J_PULSE_CRUISE,0.99,0.1211,0.412,0.5403,3.5677,-3.9360,0.00025,0.00749,0.00326,0.02420,0.3203
1.9333,JELLY_A,0.7302,0.0000,0.05,J_DRIFT_IDLE,0.00,0.0000,0.000,1.0201,2.1176,-3.4496,0.00005,-0.00220,0.00037,0.03804,0.0015
1.9333,JELLY_B,0.3125,-0.7366,1.00,J_PULSE_CRUISE,3.51,0.0790,0.297,1.4800,2.8589,-3.7703,0.00001,0.00655,-0.00037,0.02245,0.9635
1.9333,JELLY_C,0.1543,2.0830,1.00,J_PULSE_CRUISE,1.23,0.1301,0.412,0.5403,3.5679,-3.9359,0.00025,0.00753,0.00327,0.02453,0.3964
1.9667,JELLY_A,0.7406,0.0000,0.05,J_DRIFT_IDLE,0.00,0.0000,0.000,1.0201,2.1176,-3.4496,0.00004,-0.00223,0.00038,0.03805,0.0011
1.9667,JELLY_B,0.3246,-0.7994,1.00,J_PULSE_CRUISE,3.66,0.0765,0.297,1.4800,2.8591,-3.7703,0.00001,0.00651,-0.00038,0.02206,0.9604
1.9667,JELLY_C,0.1677,1.5369,1.00,J_PULSE_CRUISE,1.49,0.1359,0.412,0.5403,3.5682,-3.9358,0.00025,0.00749,0.00328,0.02464,0.4757
2.0000,JELLY_A,0.7509,0.0000,0.05,J_DRIFT_IDLE,0.00,0.0000,0.000,1.0201,2.1175,-3.4496,0.00004,-0.00226,0.00038,0.03805,0.0007
2.0000,JELLY_B,0.3366,-0.8577,1.00,J_PULSE_CRUISE,3.80,0.0741,0.297,1.4800,2.8593,-3.7704,0.00001,0.00646,-0.00039,0.02161,0.9524
2.0000,JELLY_C,0.1812,0.9230,1.00,J_PULSE_CRUISE,1.75,0.1383,0.412,0.5403,3.5684,-3.9357,0.00025,0.00740,0.00329,0.02445,0.5553
2.0333,JELLY_A,0.7612,0.0000,0.05,J_DRIFT_IDLE,0.00,0.0000,0.000,1.0201,2.1174,-3.4495,0.00004,-0.00229,0.00038,0.03805,0.0005
2.0333,JELLY_B,0.3486,-0.9110,1.00,J_PULSE_CRUISE,3.94,0.0717,0.297,1.4800,2.8595,-3.7704,0.00000,0.00642,-0.00040,0.02109,0.9401
2.0333,JELLY_C,0.1946,0.2686,1.00,J_PULSE_CRUISE,2.01,0.1369,0.412,0.5403,3.5687,-3.9356,0.00026,0.00726,0.00330,0.02398,0.6323
2.0667,JELLY_A,0.7716,0.0000,0.05,J_DRIFT_IDLE,0.00,0.0000,0.000,1.0201,2.1173,-3.4495,0.00004,-0.00232,0.00039,0.03805,0.0002
2.0667,JELLY_B,0.3606,-0.9590,1.00,J_PULSE_CRUISE,4.08,0.0694,0.297,1.4800,2.8598,-3.7704,0.00000,0.00637,-0.00040,0.02054,0.9239
2.0667,JELLY_C,0.2080,-0.0637,1.00,J_PULSE_CRUISE,2.27,0.1329,0.412,0.5403,3.5689,-3.9355,0.00026,0.00712,0.00331,0.02341,0.7040
2.1000,JELLY_A,0.7819,0.0000,0.05,J_DRIFT_IDLE,0.00,0.0000,0.000,1.0201,2.1172,-3.4495,0.00004,-0.00234,0.00039,0.03805,0.0001
2.1000,JELLY_B,0.3726,-1.0016,1.00,J_PULSE_CRUISE,4.21,0.0672,0.297,1.4800,2.8600,-3.7704,0.00000,0.00633,-0.00041,0.01995,0.9044
2.1000,JELLY_C,0.2214,-0.1699,1.00,J_PULSE_CRUISE,2.52,0.1289,0.412,0.5403,3.5691,-3.9354,0.00026,0.00699,0.00331,0.02288,0.7683
2.1333,JELLY_A,0.7922,0.0000,0.05,J_DRIFT_IDLE,0.00,0.0000,0.000,1.0201,2.1172,-3.4495,0.00004,-0.00237,0.00039,0.03805,-0.0000
2.1333,JELLY_B,0.3847,-1.0385,1.00,J_PULSE_CRUISE,4.33,0.0650,0.297,1.4800,2.8602,-3.7704,-0.00000,0.00628,-0.00042,0.01936,0.8818
2.1333,JELLY_C,0.2349,-0.2748,1.00,J_PULSE_CRUISE,2.76,0.1250,0.412,0.5403,3.5694,-3.9353,0.00026,0.00685,0.00332,0.02244,0.8237
2.1667,JELLY_A,0.8026,0.0000,0.05,J_DRIFT_IDLE,0.00,0.0000,0.000,1.0201,2.1171,-3.4495,0.00004,-0.00240,0.00040,0.03805,-0.0001
2.1667,JELLY_B,0.3967,-1.0694,1.00,J_PULSE_CRUISE,4.46,0.0629,0.297,1.4800,2.8604,-3.7704,-0.00000,0.00624,-0.00042,0.01878,0.8566
2.1667,JELLY_C,0.2483,-0.3776,1.00,J_PULSE_CRUISE,3.00,0.1211,0.412,0.5403,3.5696,-3.9351,0.00026,0.00671,0.00333,0.02207,0.8693
2.2000,JELLY_A,0.8129,0.0000,0.05,J_DRIFT_IDLE,0.00,0.0000,0.000,1.0201,2.1170,-3.4495,0.00004,-0.00243,0.00040,0.03806,-0.0002
2.2000,JELLY_B,0.4087,-1.0942,1.00,J_PULSE_CRUISE,4.57,0.0609,0.297,1.4800,2.8606,-3.7704,-0.00000,0.00620,-0.00043,0.01823,0.8292
2.2000,JELLY_C,0.2617,-0.4777,1.00,J_PULSE_CRUISE,3.23,0.1174,0.412,0.5403,3.5698,-3.9350,0.00026,0.00658,0.00333,0.02171,0.9051
2.2333,JELLY_A,0.8232,0.0000,0.05,J_DRIFT_IDLE,0.00,0.0000,0.000,1.0201,2.1169,-3.4495,0.00004,-0.00246,0.00041,0.03806,-0.0002
2.2333,JELLY_B,0.4207,-1.1127,1.00,J_PULSE_CRUISE,4.69,0.0589,0.297,1.4800,2.8608,-3.7705,-0.00001,0.00617,-0.00044,0.01774,0.7997
2.2333,JELLY_C,0.2751,-0.5743,1.00,J_PULSE_CRUISE,3.45,0.1138,0.412,0.5403,3.5700,-3.9349,0.00026,0.00645,0.00334,0.02132,0.9312
2.2667,JELLY_A,0.8336,0.0000,0.05,J_DRIFT_IDLE,0.00,0.0000,0.000,1.0201,2.1168,-3.4494,0.00003,-0.00249,0.00041,0.03806,-0.0002
2.2667,JELLY_B,0.4327,-1.1250,1.00,J_PULSE_CRUISE,4.80,0.0569,0.297,1.4800,2.8610,-3.7705,-0.00001,0.00615,-0.00044,0.01730,0.7685
2.2667,JELLY_C,0.2885,-0.6668,1.00,J_PULSE_CRUISE,3.67,0.1103,0.412,0.5404,3.5702,-3.9348,0.00026,0.00632,0.00335,0.02090,0.9484
2.3000,JELLY_A,0.8439,0.0000,0.05,J_DRIFT_IDLE,0.00,0.0000,0.000,1.0201,2.1168,-3.4494,0.00003,-0.00252,0.00041,0.03806,-0.0002
2.3000,JELLY_B,0.4447,-1.1308,1.00,J_PULSE_CRUISE,4.91,0.0551,0.297,1.4800,2.8612,-3.7705,-0.00001,0.00614,-0.00045,0.01693,0.7359
2.3000,JELLY_C,0.3019,-0.7545,1.00,J_PULSE_CRUISE,3.87,0.1069,0.412,0.5404,3.5704,-3.9347,0.00026,0.00619,0.00335,0.02043,0.9574
2.3333,JELLY_A,0.8542,0.0000,0.05,J_DRIFT_IDLE,0.00,0.0000,0.000,1.0201,2.1167,-3.4494,0.00003,-0.00255,0.00042,0.03806,-0.0002
2.3333,JELLY_B,0.4567,-1.1302,1.00,J_PULSE_CRUISE,5.01,0.0532,0.297,1.4800,2.8614,-3.7705,-0.00001,0.00615,-0.00045,0.01663,0.7020
2.3333,JELLY_C,0.3153,-0.8368,1.00,J_PULSE_CRUISE,4.07,0.1035,0.412,0.5404,3.5706,-3.9346,0.00026,0.00607,0.00336,0.01993,0.9590
2.3667,JELLY_A,0.8646,0.0000,0.05,J_DRIFT_IDLE,0.00,0.0000,0.000,1.0201,2.1166,-3.4494,0.00003,-0.00258,0.00042,0.03806,-0.0002
2.3667,JELLY_B,0.4687,-1.1231,1.00,J_PULSE_CRUISE,5.11,0.0514,0.297,1.4800,2.8616,-3.7705,-0.00001,0.00618,-0.00045,0.01639,0.6670
2.3667,JELLY_C,0.3287,-0.9130,1.00,J_PULSE_CRUISE,4.27,0.1003,0.412,0.5404,3.5708,-3.9345,0.00027,0.00594,0.00336,0.01939,0.9539
2.4000,JELLY_A,0.8749,0.0000,0.05,J_DRIFT_IDLE,0.00,0.0000,0.000,1.0201,2.1165,-3.4494,0.00003,-0.00261,0.00042,0.03806,-0.0002
2.4000,JELLY_B,0.4807,-1.1097,1.00,J_PULSE_CRUISE,5.21,0.0497,0.297,1.4800,2.8618,-3.7705,-0.00001,0.00623,-0.00045,0.01623,0.6313
2.4000,JELLY_C,0.3421,-0.9828,1.00,J_PULSE_CRUISE,4.46,0.0971,0.412,0.5404,3.5710,-3.9344,0.00027,0.00582,0.00337,0.01883,0.9431
2.4333,JELLY_A,0.8852,0.0000,0.05,J_DRIFT_IDLE,0.00,0.0000,0.000,1.0201,2.1164,-3.4494,0.00003,-0.00263,0.00043,0.03806,-0.0002
2.4333,JELLY_B,0.4927,-1.0900,1.00,J_PULSE_CRUISE,5.30,0.0480,0.297,1.4800,2.8620,-3.7705,-0.00001,0.00630,-0.00045,0.01613,0.5949
2.4333,JELLY_C,0.3555,-1.0456,1.00,J_PULSE_CRUISE,4.64,0.0941,0.412,0.5404,3.5712,-3.9342,0.00027,0.00570,0.00337,0.01825,0.9272
2.4667,JELLY_A,0.8956,0.0000,0.05,J_DRIFT_IDLE,0.00,0.0000,0.000,1.0201,2.1163,-3.4494,0.00003,-0.00266,0.00043,0.03806,-0.0002
2.4667,JELLY_B,0.5047,-1.0641,1.00,J_PULSE_CRUISE,5.39,0.0464,0.297,1.4800,2.8623,-3.7706,-0.00001,0.00639,-0.00044,0.01610,0.5581
2.4667,JELLY_C,0.3689,-1.1009,1.00,J_PULSE_CRUISE,4.82,0.0911,0.412,0.5404,3.5714,-3.9341,0.00027,0.00558,0.00338,0.01768,0.9068
2.5000,JELLY_A,0.9059,0.0000,0.05,J_DRIFT_IDLE,0.00,0.0000,0.000,1.0201,2.1162,-3.4493,0.00003,-0.00269,0.00043,0.03806,-0.0001
2.5000,JELLY_B,0.5167,-1.0323,1.00,J_PULSE_CRUISE,5.48,0.0448,0.297,1.4800,2.8625,-3.7706,-0.00001,0.00650,-0.00044,0.01613,0.5211
2.5000,JELLY_C,0.3822,-1.1484,1.00,J_PULSE_CRUISE,4.99,0.0882,0.412,0.5404,3.5716,-3.9340,0.00027,0.00546,0.00338,0.01713,0.8827
2.5333,JELLY_A,0.9163,0.0000,0.05,J_DRIFT_IDLE,0.00,0.0000,0.000,1.0201,2.1161,-3.4493,0.00002,-0.00272,0.00044,0.03806,-0.0001
2.5333,JELLY_B,0.5287,-0.9945,1.00,J_PULSE_CRUISE,5.57,0.0432,0.297,1.4800,2.8627,-3.7706,-0.00001,0.00663,-0.00043,0.01621,0.4841
2.5333,JELLY_C,0.3956,-1.1877,1.00,J_PULSE_CRUISE,5.16,0.0854,0.412,0.5404,3.5718,-3.9339,0.00027,0.00535,0.00339,0.01665,0.8551
2.5667,JELLY_A,0.9266,0.0000,0.05,J_DRIFT_IDLE,0.00,0.0000,0.000,1.0201,2.1161,-3.4493,0.00002,-0.00275,0.00044,0.03806,-0.0001
2.5667,JELLY_B,0.5407,-0.9512,1.00,J_PULSE_CRUISE,5.65,0.0417,0.297,1.4800,2.8629,-3.7706,-0.00000,0.00678,-0.00042,0.01633,0.4473
2.5667,JELLY_C,0.4090,-1.2186,1.00,J_PULSE_CRUISE,5.32,0.0826,0.412,0.5404,3.5720,-3.9338,0.00027,0.00523,0.00339,0.01624,0.8247
2.6000,JELLY_A,0.9369,0.0000,0.05,J_DRIFT_IDLE,0.00,0.0000,0.000,1.0201,2.1160,-3.4493,0.00002,-0.00278,0.00044,0.03806,-0.0001
2.6000,JELLY_B,0.5527,-0.9025,1.00,J_PULSE_CRUISE,5.73,0.0403,0.297,1.4800,2.8631,-3.7706,-0.00000,0.00694,-0.00040,0.01648,0.4109
2.6000,JELLY_C,0.4224,-1.2410,1.00,J_PULSE_CRUISE,5.48,0.0800,0.412,0.5404,3.5721,-3.9337,0.00027,0.00513,0.00340,0.01593,0.7919
2.6333,JELLY_A,0.9473,0.0000,0.05,J_DRIFT_IDLE,0.00,0.0000,0.000,1.0201,2.1159,-3.4493,0.00002,-0.00281,0.00044,0.03806,-0.0001
2.6333,JELLY_B,0.5646,-0.8487,1.00,J_PULSE_CRUISE,5.80,0.0388,0.297,1.4800,2.8634,-3.7706,0.00000,0.00712,-0.00039,0.01668,0.3750
2.6333,JELLY_C,0.4357,-1.2545,1.00,J_PULSE_CRUISE,5.63,0.0774,0.412,0.5404,3.5723,-3.9336,0.00027,0.00505,0.00340,0.01573,0.7570
2.6667,JELLY_A,0.9576,0.0000,0.05,J_DRIFT_IDLE,0.00,0.0000,0.000,1.0201,2.1158,-3.4493,0.00002,-0.00284,0.00045,0.03806,-0.0000
2.6667,JELLY_B,0.5766,-0.7901,1.00,J_PULSE_CRUISE,5.87,0.0374,0.297,1.4800,2.8636,-3.7706,0.00000,0.00731,-0.00038,0.01692,0.3399
2.6667,JELLY_C,0.4491,-1.2592,1.00,J_PULSE_CRUISE,5.77,0.0748,0.412,0.5405,3.5725,-3.9335,0.00027,0.00499,0.00341,0.01564,0.7203
2.7000,JELLY_A,0.9679,0.0000,0.05,J_DRIFT_IDLE,0.00,0.0000,0.000,1.0201,2.1157,-3.4493,0.00002,-0.00287,0.00045,0.03806,-0.0000
2.7000,JELLY_B,0.5886,-0.7271,1.00,J_PULSE_CRUISE,5.94,0.0361,0.297,1.4800,2.8639,-3.7707,0.00001,0.00751,-0.00036,0.01720,0.3057
2.7000,JELLY_C,0.4624,-1.2550,1.00,J_PULSE_CRUISE,5.91,0.0724,0.412,0.5405,3.5726,-3.9333,0.00027,0.00496,0.00342,0.01566,0.6821
2.7333,JELLY_A,0.9783,0.0000,0.05,J_DRIFT_IDLE,0.00,0.0000,0.000,1.0201,2.1156,-3.4492,0.00002,-0.00290,0.00045,0.03806,-0.0000
2.7333,JELLY_B,0.6006,-0.6600,1.00,J_PULSE_CRUISE,6.01,0.0348,0.297,1.4800,2.8641,-3.7707,0.00001,0.00771,-0.00034,0.01750,0.2727
2.7333,JELLY_C,0.4758,-1.2420,1.00,J_PULSE_CRUISE,6.05,0.0700,0.412,0.5405,3.5728,-3.9332,0.00027,0.00495,0.00343,0.01579,0.6429
2.7667,JELLY_A,0.9886,0.0000,0.05,J_DRIFT_IDLE,0.00,0.0000,0.000,1.0201,2.1155,-3.4492,0.00001,-0.00293,0.00046,0.03806,-0.0000
2.7667,JELLY_B,0.6126,-0.5892,1.00,J_PULSE_CRUISE,6.08,0.0335,0.297,1.4800,2.8644,-3.7707,0.00001,0.00790,-0.00033,0.01783,0.2410
2.7667,JELLY_C,0.4892,-1.2203,1.00,J_PULSE_CRUISE,6.18,0.0677,0.412,0.5405,3.5730,-3.9331,0.00027,0.00497,0.00344,0.01601,0.6028
2.8000,JELLY_A,0.9989,0.0000,0.05,J_DRIFT_IDLE,0.00,0.0000,0.000,1.0201,2.1154,-3.4492,0.00001,-0.00296,0.00046,0.03806,-0.0000
2.8000,JELLY_B,0.6245,-0.5152,1.00,J_PULSE_CRUISE,6.14,0.0323,0.297,1.4800,2.8646,-3.7707,0.00001,0.00810,-0.00031,0.01817,0.2108
2.8000,JELLY_C,0.5025,-1.1900,1.00,J_PULSE_CRUISE,6.31,0.0654,0.412,0.5405,3.5731,-3.9330,0.00027,0.00501,0.00346,0.01632,0.5621
2.8333,JELLY_A,0.0093,0.3541,1.00,J_SOFT_TURN,0.00,0.0021,0.573,1.0201,2.1153,-3.4492,0.00001,-0.00304,0.00046,0.03806,0.0008
2.8333,JELLY_B,0.6365,-0.4382,1.00,J_PULSE_CRUISE,6.20,0.0311,0.297,1.4800,2.8649,-3.7707,0.00002,0.00829,-0.00030,0.01852,0.1822
2.8333,JELLY_C,0.5158,-1.1514,1.00,J_PULSE_CRUISE,6.43,0.0632,0.412,0.5405,3.5733,-3.9329,0.00027,0.00509,0.00348,0.01669,0.5211
2.8667,JELLY_A,0.0196,0.7392,1.00,J_SOFT_TURN,0.01,0.0081,0.573,1.0201,2.1152,-3.4492,0.00001,-0.00311,0.00047,0.03807,0.0033
2.8667,JELLY_B,0.6485,-0.3588,1.00,J_PULSE_CRUISE,6.26,0.0299,0.297,1.4800,2.8652,-3.7707,0.00002,0.00849,-0.00028,0.01889,0.1555
2.8667,JELLY_C,0.5292,-1.1047,1.00,J_PULSE_CRUISE,6.55,0.0611,0.412,0.5405,3.5735,-3.9328,0.00027,0.00519,0.00350,0.01713,0.4801
2.9000,JELLY_A,0.0300,1.1049,1.00,J_SOFT_TURN,0.03,0.0176,0.573,1.0201,2.1151,-3.4492,0.00001,-0.00316,0.00047,0.03808,0.0080
2.9000,JELLY_B,0.6604,-0.2775,1.00,J_PULSE_CRUISE,6.32,0.0288,0.297,1.4800,2.8655,-3.7707,0.00002,0.00868,-0.00027,0.01926,0.1307
2.9000,JELLY_C,0.5425,-1.0503,1.00,J_PULSE_CRUISE,6.67,0.0590,0.412,0.5405,3.5736,-3.9327,0.00027,0.00532,0.00352,0.01764,0.4394
2.9333,JELLY_A,0.0403,1.4415,1.00,J_SOFT_TURN,0.07,0.0304,0.573,1.0201,2.1150,-3.4492,0.00001,-0.00318,0.00047,0.03811,0.0155
2.9333,JELLY_B,0.6724,-0.1946,1.00,J_PULSE_CRUISE,6.37,0.0276,0.297,1.4800,2.8658,-3.7707,0.00002,0.00887,-0.00025,0.01963,0.1079
2.9333,JELLY_C,0.5559,-0.9886,1.00,J_PULSE_CRUISE,6.78,0.0570,0.412,0.5405,3.5738,-3.9325,0.00027,0.00547,0.00355,0.01819,0.3992
2.9667,JELLY_A,0.0506,1.7403,1.00,J_SOFT_TURN,0.14,0.0459,0.573,1.0201,2.1149,-3.4491,0.00000,-0.00317,0.00048,0.03816,0.0263
2.9667,JELLY_B,0.6844,-0.1106,1.00,J_PULSE_CRUISE,6.42,0.0266,0.297,1.4800,2.8661,-3.7707,0.00003,0.00906,-0.00024,0.01999,0.0874
2.9667,JELLY_C,0.5692,-0.9200,1.00,J_PULSE_CRUISE,6.89,0.0550,0.412,0.5405,3.5740,-3.9324,0.00027,0.00563,0.00357,0.01878,0.3598
3.0000,JELLY_A,0.0610,1.9933,1.00,J_SOFT_TURN,0.24,0.0638,0.573,1.0201,2.1148,-3.4491,0.00000,-0.00313,0.00048,0.03824,0.0410
3.0000,JELLY_B,0.6963,-0.0261,1.00,J_PULSE_CRUISE,6.47,0.0255,0.297,1.4800,2.8664,-3.7707,0.00003,0.00925,-0.00023,0.02036,0.0693
3.0000,JELLY_C,0.5825,-0.8451,1.00,J_PULSE_CRUISE,6.99,0.0531,0.412,0.5405,3.5742,-3.9323,0.00027,0.00581,0.00360,0.01940,0.3214
3.0333,JELLY_A,0.0713,2.1938,1.00,J_SOFT_TURN,0.38,0.0833,0.573,1.0201,2.1147,-3.4491,0.00000,-0.00305,0.00048,0.03835,0.0604
3.0333,JELLY_B,0.7083,0.0000,1.00,J_GLIDE,6.52,0.0245,0.297,1.4800,2.8667,-3.7707,0.00003,0.00943,-0.00021,0.02072,0.0535
3.0333,JELLY_C,0.5958,-0.7642,1.00,J_PULSE_CRUISE,7.09,0.0512,0.412,0.5406,3.5744,-3.9322,0.00028,0.00599,0.00362,0.02003,0.2843
3.0667,JELLY_A,0.0817,2.3366,1.00,J_SOFT_TURN,0.55,0.1038,0.573,1.0201,2.1146,-3.4491,0.00000,-0.00295,0.00049,0.03850,0.0848
3.0667,JELLY_B,0.7202,0.0000,1.00,J_GLIDE,6.57,0.0235,0.297,1.4800,2.8670,-3.7708,0.00003,0.00961,-0.00020,0.02107,0.0400
3.0667,JELLY_C,0.6092,-0.6781,1.00,J_PULSE_CRUISE,7.19,0.0494,0.412,0.5406,3.5746,-3.9321,0.00028,0.00617,0.00364,0.02067,0.2488
3.1000,JELLY_A,0.0920,2.4179,1.00,J_SOFT_TURN,0.76,0.1249,0.573,1.0201,2.1145,-3.4491,0.00000,-0.00283,0.00049,0.03868,0.1146
3.1000,JELLY_B,0.7322,0.0000,1.00,J_GLIDE,6.61,0.0226,0.297,1.4800,2.8673,-3.7708,0.00003,0.00977,-0.00019,0.02141,0.0288
3.1000,JELLY_C,0.6225,-0.5873,1.00,J_PULSE_CRUISE,7.28,0.0477,0.412,0.5406,3.5748,-3.9319,0.00028,0.00635,0.00367,0.02131,0.2151
3.1333,JELLY_A,0.1024,2.4355,1.00,J_SOFT_TURN,1.02,0.1457,0.573,1.0201,2.1144,-3.4491,0.00000,-0.00270,0.00049,0.03888,0.1499
3.1333,JELLY_B,0.7441,0.0000,1.00,J_GLIDE,6.65,0.0216,0.297,1.4800,2.8677,-3.7708,0.00003,0.00993,-0.00018,0.02173,0.0198
3.1333,JELLY_C,0.6358,-0.4925,1.00,J_PULSE_CRUISE,7.37,0.0460,0.412,0.5406,3.5750,-3.9318,0.00028,0.00653,0.00369,0.02193,0.1833
3.1667,JELLY_A,0.1127,2.3890,1.00,J_SOFT_TURN,1.31,0.1656,0.573,1.0201,2.1143,-3.4490,0.00001,-0.00258,0.00049,0.03911,0.1907
3.1667,JELLY_B,0.7561,0.0000,1.00,J_GLIDE,6.69,0.0207,0.297,1.4800,2.8680,-3.7708,0.00003,0.01009,-0.00017,0.02205,0.0126
3.1667,JELLY_C,0.6491,-0.3944,1.00,J_PULSE_CRUISE,7.46,0.0443,0.412,0.5406,3.5753,-3.9317,0.00028,0.00670,0.00371,0.02255,0.1538
3.2000,JELLY_A,0.1230,2.2795,1.00,J_SOFT_TURN,1.64,0.1841,0.573,1.0201,2.1142,-3.4490,0.00001,-0.00247,0.00050,0.03937,0.2365
3.2000,JELLY_B,0.7680,0.0000,1.00,J_GLIDE,6.73,0.0198,0.297,1.4800,2.8683,-3.7708,0.00003,0.01023,-0.00016,0.02235,0.0071
3.2000,JELLY_C,0.6624,-0.2935,1.00,J_PULSE_CRUISE,7.54,0.0427,0.412,0.5406,3.5755,-3.9316,0.00028,0.00688,0.00372,0.02316,0.1268
3.2333,JELLY_A,0.1334,2.1099,1.00,J_SOFT_TURN,2.00,0.2005,0.573,1.0201,2.1141,-3.4490,0.00001,-0.00239,0.00050,0.03962,0.2868
3.2333,JELLY_B,0.7800,0.0000,1.00,J_GLIDE,6.77,0.0190,0.297,1.4801,2.8687,-3.7708,0.00003,0.01037,-0.00015,0.02264,0.0030
3.2333,JELLY_C,0.6757,-0.1907,1.00,J_PULSE_CRUISE,7.62,0.0411,0.412,0.5406,3.5757,-3.9314,0.00028,0.00704,0.00374,0.02375,0.1023
3.2667,JELLY_A,0.1437,1.8847,1.00,J_SOFT_TURN,2.40,0.2143,0.573,1.0201,2.1140,-3.4490,0.00002,-0.00234,0.00050,0.03988,0.3410
3.2667,JELLY_B,0.7919,0.0000,1.00,J_GLIDE,6.81,0.0181,0.297,1.4801,2.8690,-3.7708,0.00003,0.01050,-0.00014,0.02291,0.0000
3.2667,JELLY_C,0.6890,-0.0867,1.00,J_PULSE_CRUISE,7.70,0.0396,0.412,0.5406,3.5760,-3.9313,0.00028,0.00721,0.00376,0.02432,0.0806
3.3000,JELLY_A,0.1541,1.6098,1.00,J_SOFT_TURN,2.81,0.2252,0.573,1.0201,2.1140,-3.4490,0.00002,-0.00232,0.00050,0.04011,0.3979
3.3000,JELLY_B,0.8039,0.0000,1.00,J_GLIDE,6.84,0.0173,0.297,1.4801,2.8694,-3.7708,0.00003,0.01063,-0.00014,0.02317,-0.0020
3.3000,JELLY_C,0.7023,0.0000,1.00,J_GLIDE,7.77,0.0381,0.412,0.5406,3.5762,-3.9312,0.00029,0.00737,0.00377,0.02486,0.0618
3.3333,JELLY_A,0.1644,1.2924,1.00,J_SOFT_TURN,3.25,0.2326,0.573,1.0201,2.1139,-3.4490,0.00002,-0.00233,0.00050,0.04031,0.4565
3.3333,JELLY_B,0.8158,0.0000,1.00,J_GLIDE,6.87,0.0165,0.297,1.4801,2.8697,-3.7708,0.00003,0.01075,-0.00013,0.02342,-0.0033
3.3333,JELLY_C,0.7156,0.0000,1.00,J_GLIDE,7.84,0.0367,0.412,0.5406,3.5764,-3.9311,0.00029,0.00753,0.00378,0.02539,0.0459
3.3667,JELLY_A,0.1748,0.9409,1.00,J_SOFT_TURN,3.70,0.2364,0.573,1.0201,2.1138,-3.4489,0.00002,-0.00237,0.00051,0.04045,0.5157
3.3667,JELLY_B,0.8277,0.0000,1.00,J_GLIDE,6.90,0.0158,0.297,1.4801,2.8701,-3.7708,0.00003,0.01086,-0.00012,0.02365,-0.0040
3.3667,JELLY_C,0.7288,0.0000,1.00,J_GLIDE,7.91,0.0353,0.412,0.5407,3.5767,-3.9309,0.00029,0.00767,0.00379,0.02589,0.0327
3.4000,JELLY_A,0.1851,0.5644,1.00,J_SOFT_TURN,4.15,0.2363,0.573,1.0201,2.1137,-3.4489,0.00002,-0.00244,0.00051,0.04053,0.5741
3.4000,JELLY_B,0.8397,0.0000,1.00,J_GLIDE,6.93,0.0150,0.297,1.4801,2.8705,-3.7708,0.00003,0.01097,-0.00012,0.02386,-0.0043
3.4000,JELLY_C,0.7421,0.0000,1.00,J_GLIDE,7.98,0.0339,0.412,0.5407,3.5770,-3.9308,0.00029,0.00780,0.00380,0.02636,0.0221
3.4333,JELLY_A,0.1955,0.1730,1.00,J_SOFT_TURN,4.60,0.2324,0.573,1.0201,2.1136,-3.4489,0.00002,-0.00252,0.00051,0.04054,0.6307
3.4333,JELLY_B,0.8516,0.0000,1.00,J_GLIDE,6.96,0.0143,0.297,1.4801,2.8708,-3.7708,0.00003,0.01107,-0.00012,0.02407,-0.0042
3.4333,JELLY_C,0.7554,0.0000,1.00,J_GLIDE,8.04,0.0326,0.412,0.5407,3.5772,-3.9307,0.00029,0.00792,0.00380,0.02680,0.0139
3.4667,JELLY_A,0.2058,-0.0357,1.00,J_SOFT_TURN,5.04,0.2255,0.573,1.0201,2.1136,-3.4489,0.00002,-0.00260,0.00052,0.04048,0.6845
3.4667,JELLY_B,0.8635,0.0000,1.00,J_GLIDE,6.99,0.0136,0.297,1.4801,2.8712,-3.7708,0.00002,0.01117,-0.00011,0.02426,-0.0040
3.4667,JELLY_C,0.7687,0.0000,1.00,J_GLIDE,8.10,0.0313,0.412,0.5407,3.5775,-3.9306,0.00029,0.00803,0.00380,0.02721,0.0077
3.5000,JELLY_A,0.2162,-0.0990,1.00,J_SOFT_TURN,5.46,0.2186,0.573,1.0201,2.1135,-3.4489,0.00001,-0.00268,0.00052,0.04036,0.7345
3.5000,JELLY_B,0.8755,0.0000,1.00,J_GLIDE,7.01,0.0129,0.297,1.4801,2.8716,-3.7708,0.00002,0.01125,-0.00011,0.02444,-0.0037
3.5000,JELLY_C,0.7819,0.0000,1.00,J_GLIDE,8.16,0.0300,0.412,0.5407,3.5778,-3.9304,0.00029,0.00814,0.00380,0.02759,0.0031
3.5333,JELLY_A,0.2265,-0.1619,1.00,J_SOFT_TURN,5.88,0.2118,0.573,1.0201,2.1134,-3.4489,0.00001,-0.00277,0.00052,0.04019,0.7800
3.5333,JELLY_B,0.8874,0.0000,1.00,J_GLIDE,7.04,0.0122,0.297,1.4801,2.8720,-3.7708,0.00002,0.01134,-0.00011,0.02460,-0.0032
3.5333,JELLY_C,0.7952,0.0000,1.00,J_GLIDE,8.22,0.0288,0.412,0.5407,3.5780,-3.9303,0.00029,0.00823,0.00380,0.02794,0.0000
3.5667,JELLY_A,0.2369,-0.2241,1.00,J_SOFT_TURN,6.28,0.2053,0.573,1.0201,2.1133,-3.4488,0.00001,-0.00285,0.00052,0.03998,0.8204
3.5667,JELLY_B,0.8993,0.0000,1.00,J_GLIDE,7.06,0.0116,0.297,1.4801,2.8723,-3.7708,0.00001,0.01142,-0.00011,0.02476,-0.0028
3.5667,JELLY_C,0.8085,0.0000,1.00,J_GLIDE,8.27,0.0276,0.412,0.5407,3.5783,-3.9302,0.00029,0.00832,0.00379,0.02827,-0.0020
3.6000,JELLY_A,0.2472,-0.2854,1.00,J_SOFT_TURN,6.66,0.1990,0.573,1.0201,2.1132,-3.4488,0.00001,-0.00293,0.00053,0.03972,0.8555
3.6000,JELLY_B,0.9113,0.0000,1.00,J_GLIDE,7.08,0.0110,0.297,1.4801,2.8727,-3.7708,0.00001,0.01149,-0.00011,0.02491,-0.0023
3.6000,JELLY_C,0.8217,0.0000,1.00,J_GLIDE,8.33,0.0265,0.412,0.5407,3.5786,-3.9300,0.00029,0.00839,0.00379,0.02857,-0.0033
3.6333,JELLY_A,0.2576,-0.3455,1.00,J_SOFT_TURN,7.04,0.1928,0.573,1.0201,2.1131,-3.4488,0.00001,-0.00301,0.00053,0.03942,0.8849
3.6333,JELLY_B,0.9232,0.0000,1.00,J_GLIDE,7.10,0.0104,0.297,1.4801,2.8731,-3.7708,0.00001,0.01156,-0.00011,0.02504,-0.0019
3.6333,JELLY_C,0.8350,0.0000,1.00,J_GLIDE,8.37,0.0253,0.412,0.5407,3.5789,-3.9299,0.00029,0.00846,0.00378,0.02884,-0.0038
3.6667,JELLY_A,0.2680,-0.4042,1.00,J_SOFT_TURN,7.40,0.1868,0.573,1.0201,2.1130,-3.4488,0.00000,-0.00310,0.00053,0.03907,0.9087
3.6667,JELLY_B,0.9351,0.0000,1.00,J_GLIDE,7.12,0.0098,0.297,1.4801,2.8735,-3.7708,0.00000,0.01163,-0.00011,0.02517,-0.0015
3.6667,JELLY_C,0.8482,0.0000,1.00,J_GLIDE,8.42,0.0243,0.412,0.5407,3.5791,-3.9298,0.00029,0.00852,0.00377,0.02910,-0.0040
3.7000,JELLY_A,0.2783,-0.4612,1.00,J_SOFT_TURN,7.76,0.1809,0.573,1.0201,2.1129,-3.4488,0.00000,-0.00318,0.00054,0.03869,0.9271
3.7000,JELLY_B,0.9470,0.0000,1.00,J_GLIDE,7.14,0.0092,0.297,1.4801,2.8739,-3.7708,0.00000,0.01169,-0.00011,0.02529,-0.0012
3.7000,JELLY_C,0.8615,0.0000,1.00,J_GLIDE,8.47,0.0232,0.412,0.5407,3.5794,-3.9297,0.00029,0.00857,0.00376,0.02932,-0.0039
3.7333,JELLY_A,0.2887,-0.5162,1.00,J_SOFT_TURN,8.10,0.1752,0.573,1.0201,2.1128,-3.4487,-0.00000,-0.00326,0.00054,0.03827,0.9403
3.7333,JELLY_B,0.9590,0.0000,1.00,J_GLIDE,7.16,0.0086,0.297,1.4801,2.8743,-3.7708,-0.00000,0.01174,-0.00011,0.02540,-0.0009
3.7333,JELLY_C,0.8747,0.0000,1.00,J_GLIDE,8.51,0.0222,0.412,0.5408,3.5797,-3.9295,0.00028,0.00862,0.00375,0.02953,-0.0035
3.7667,JELLY_A,0.2990,-0.5691,1.00,J_SOFT_TURN,8.43,0.1697,0.573,1.0201,2.1127,-3.4487,-0.00000,-0.00334,0.00054,0.03782,0.9486
3.7667,JELLY_B,0.9709,0.0000,1.00,J_GLIDE,7.17,0.0081,0.297,1.4801,2.8747,-3.7708,-0.00001,0.01180,-0.00012,0.02550,-0.0007
3.7667,JELLY_C,0.8880,0.0000,1.00,J_GLIDE,8.55,0.0212,0.412,0.5408,3.5800,-3.9294,0.00028,0.00866,0.00373,0.02972,-0.0031
3.8000,JELLY_A,0.3094,-0.6195,1.00,J_SOFT_TURN,8.75,0.1643,0.573,1.0201,2.1126,-3.4487,-0.00001,-0.00342,0.00055,0.03733,0.9524
3.8000,JELLY_B,0.9828,0.0000,1.00,J_GLIDE,7.19,0.0076,0.297,1.4801,2.8751,-3.7709,-0.00001,0.01184,-0.00012,0.02560,-0.0005
3.8000,JELLY_C,0.9012,0.0000,1.00,J_GLIDE,8.59,0.0202,0.412,0.5408,3.5803,-3.9293,0.00028,0.00869,0.00372,0.02988,-0.0026
3.8333,JELLY_A,0.3197,-0.6674,1.00,J_SOFT_TURN,9.06,0.1591,0.573,1.0201,2.1124,-3.4487,-0.00001,-0.00350,0.00055,0.03682,0.9520
3.8333,JELLY_B,0.9947,0.0000,1.00,J_GLIDE,7.20,0.0070,0.297,1.4801,2.8755,-3.7709,-0.00002,0.01189,-0.00012,0.02569,-0.0003
3.8333,JELLY_C,0.9144,0.0000,1.00,J_GLIDE,8.63,0.0193,0.412,0.5408,3.5806,-3.9292,0.00028,0.00872,0.00370,0.03004,-0.0022
3.8667,JELLY_A,0.3301,-0.7124,1.00,J_SOFT_TURN,9.36,0.1540,0.573,1.0201,2.1123,-3.4487,-0.00001,-0.00358,0.00055,0.03628,0.9478
3.8667,JELLY_B,0.0066,0.0146,0.05,J_PAUSE_OPEN,7.22,0.0065,0.000,1.4801,2.8759,-3.7709,-0.00002,0.01183,-0.00014,0.02578,-0.0000
3.8667,JELLY_C,0.9276,0.0000,1.00,J_GLIDE,8.67,0.0183,0.412,0.5408,3.5809,-3.9291,0.00028,0.00874,0.00368,0.03017,-0.0017
3.9000,JELLY_A,0.3405,-0.7545,1.00,J_SOFT_TURN,9.65,0.1491,0.573,1.0201,2.1122,-3.4487,-0.00002,-0.00366,0.00056,0.03572,0.9400
3.9000,JELLY_B,0.0185,0.0403,0.05,J_PAUSE_OPEN,7.23,0.0061,0.000,1.4801,2.8762,-3.7709,-0.00003,0.01175,-0.00016,0.02586,0.0002
3.9000,JELLY_C,0.9409,0.0000,1.00,J_GLIDE,8.70,0.0174,0.412,0.5408,3.5812,-3.9289,0.00028,0.00876,0.00366,0.03030,-0.0014
3.9333,JELLY_A,0.3508,-0.7933,1.00,J_SOFT_TURN,9.93,0.1442,0.573,1.0201,2.1121,-3.4486,-0.00002,-0.00374,0.00056,0.03513,0.9291
3.9333,JELLY_B,0.0304,0.0646,0.05,J_PAUSE_OPEN,7.24,0.0056,0.000,1.4801,2.8766,-3.7709,-0.00004,0.01167,-0.00017,0.02594,0.0004
3.9333,JELLY_C,0.9541,0.0000,1.00,J_GLIDE,8.73,0.0166,0.412,0.5408,3.5815,-3.9288,0.00028,0.00877,0.00364,0.03041,-0.0010
3.9667,JELLY_A,0.3612,-0.8288,1.00,J_SOFT_TURN,10.20,0.1396,0.573,1.0201,2.1119,-3.4486,-0.00002,-0.00382,0.00056,0.03452,0.9154
3.9667,JELLY_B,0.0424,0.0866,0.05,J_PAUSE_OPEN,7.25,0.0051,0.000,1.4801,2.8770,-3.7709,-0.00005,0.01159,-0.00019,0.02601,0.0007
3.9667,JELLY_C,0.9673,0.0000,1.00,J_GLIDE,8.77,0.0157,0.412,0.5408,3.5818,-3.9287,0.00028,0.00877,0.00362,0.03051,-0.0007
4.0000,JELLY_A,0.3716,-0.8609,1.00,J_SOFT_TURN,10.47,0.1350,0.573,1.0201,2.1118,-3.4486,-0.00002,-0.00390,0.00057,0.03388,0.8990
4.0000,JELLY_B,0.0543,0.1056,0.05,J_PAUSE_OPEN,7.26,0.0047,0.000,1.4801,2.8774,-3.7709,-0.00006,0.01151,-0.00021,0.02608,0.0011
4.0000,JELLY_C,0.9805,0.0000,1.00,J_GLIDE,8.79,0.0149,0.412,0.5408,3.5820,-3.9286,0.00027,0.00877,0.00360,0.03060,-0.0005
4.0333,JELLY_A,0.3819,-0.8892,1.00,J_SOFT_TURN,10.72,0.1306,0.573,1.0201,2.1117,-3.4486,-0.00003,-0.00398,0.00057,0.03321,0.8804
4.0333,JELLY_B,0.0662,0.1210,0.05,J_PAUSE_OPEN,7.27,0.0043,0.000,1.4801,2.8778,-3.7709,-0.00007,0.01143,-0.00023,0.02615,0.0019
4.0333,JELLY_C,0.9937,0.0000,1.00,J_GLIDE,8.82,0.0141,0.412,0.5408,3.5823,-3.9284,0.00027,0.00877,0.00358,0.03068,-0.0002
4.0667,JELLY_A,0.3923,-0.9138,1.00,J_SOFT_TURN,10.97,0.1263,0.573,1.0201,2.1116,-3.4486,-0.00003,-0.00406,0.00057,0.03254,0.8598
4.0667,JELLY_B,0.0781,0.1321,0.05,J_PAUSE_OPEN,7.28,0.0038,0.000,1.4800,2.8782,-3.7709,-0.00007,0.01135,-0.00025,0.02621,0.0030
4.0667,JELLY_C,0.0069,0.3378,1.00,J_PULSE_CRUISE,8.85,0.0136,0.119,0.5408,3.5826,-3.9283,0.00027,0.00865,0.00353,0.03076,0.0004
4.1000,JELLY_A,0.4027,-0.9346,1.00,J_SOFT_TURN,11.20,0.1221,0.573,1.0201,2.1114,-3.4485,-0.00003,-0.00414,0.00058,0.03187,0.8372
4.1000,JELLY_B,0.0900,0.1385,0.05,J_PAUSE_OPEN,7.28,0.0034,0.000,1.4800,2.8785,-3.7709,-0.00008,0.01127,-0.00026,0.02627,0.0045
4.1000,JELLY_C,0.0201,0.9669,1.00,J_PULSE_CRUISE,8.87,0.0140,0.119,0.5409,3.5829,-3.9282,0.00027,0.00851,0.00349,0.03084,0.0014
4.1333,JELLY_A,0.4131,-0.9514,1.00,J_SOFT_TURN,11.43,0.1180,0.573,1.0201,2.1113,-3.4485,-0.00004,-0.00421,0.00058,0.03121,0.8131
4.1333,JELLY_B,0.1019,0.1402,0.05,J_PAUSE_OPEN,7.29,0.0030,0.000,1.4800,2.8789,-3.7709,-0.00009,0.01120,-0.00028,0.02633,0.0064
4.1333,JELLY_C,0.0333,1.5540,1.00,J_PULSE_CRUISE,8.90,0.0154,0.119,0.5409,3.5832,-3.9281,0.00026,0.00842,0.00346,0.03092,0.0042
4.1667,JELLY_A,0.4234,-0.9641,1.00,J_SOFT_TURN,11.66,0.1140,0.573,1.0201,2.1111,-3.4485,-0.00004,-0.00428,0.00058,0.03059,0.7875
4.1667,JELLY_B,0.1138,0.1370,0.05,J_PAUSE_OPEN,7.29,0.0027,0.000,1.4800,2.8793,-3.7709,-0.00010,0.01112,-0.00030,0.02639,0.0087
4.1667,JELLY_C,0.0465,2.0742,1.00,J_PULSE_CRUISE,8.93,0.0177,0.119,0.5409,3.5835,-3.9280,0.00026,0.00839,0.00343,0.03103,0.0110
4.2000,JELLY_A,0.4338,-0.9728,1.00,J_SOFT_TURN,11.87,0.1102,0.573,1.0201,2.1110,-3.4485,-0.00004,-0.00434,0.00059,0.02999,0.7607
4.2000,JELLY_B,0.1257,0.1290,0.05,J_PAUSE_OPEN,7.30,0.0023,0.000,1.4800,2.8797,-3.7709,-0.00010,0.01105,-0.00031,0.02645,0.0114
4.2000,JELLY_C,0.0597,2.5052,1.00,J_PULSE_CRUISE,8.97,0.0207,0.119,0.5409,3.5838,-3.9279,0.00026,0.00843,0.00342,0.03117,0.0239
4.2333,JELLY_A,0.4442,-0.9773,1.00,J_SOFT_TURN,12.08,0.1064,0.573,1.0201,2.1108,-3.4485,-0.00004,-0.00439,0.00059,0.02944,0.7327
4.2333,JELLY_B,0.1376,0.1165,0.05,J_PAUSE_OPEN,7.30,0.0019,0.000,1.4800,2.8800,-3.7709,-0.00011,0.01097,-0.00033,0.02650,0.0145
4.2333,JELLY_C,0.0729,2.8288,1.00,J_PULSE_CRUISE,9.01,0.0241,0.119,0.5409,3.5840,-3.9278,0.00026,0.00853,0.00341,0.03136,0.0447
4.2667,JELLY_A,0.4546,-0.9777,1.00,J_SOFT_TURN,12.28,0.1028,0.573,1.0201,2.1107,-3.4484,-0.00003,-0.00444,0.00059,0.02892,0.7038
4.2667,JELLY_B,0.1495,0.0999,0.05,J_PAUSE_OPEN,7.31,0.0016,0.000,1.4800,2.8804,-3.7710,-0.00012,0.01090,-0.00034,0.02656,0.0179
4.2667,JELLY_C,0.0861,3.0313,1.00,J_PULSE_CRUISE,9.06,0.0279,0.119,0.5409,3.5843,-3.9276,0.00026,0.00868,0.00341,0.03158,0.0750
4.3000,JELLY_A,0.4649,-0.9739,1.00,J_SOFT_TURN,12.47,0.0992,0.573,1.0201,2.1106,-3.4484,-0.00003,-0.00446,0.00060,0.02845,0.6740
4.3000,JELLY_B,0.1614,0.0799,0.05,J_PAUSE_OPEN,7.31,0.0012,0.000,1.4800,2.8808,-3.7710,-0.00013,0.01083,-0.00036,0.02661,0.0214
4.3000,JELLY_C,0.0992,3.1042,1.00,J_PULSE_CRUISE,9.12,0.0318,0.119,0.5409,3.5846,-3.9275,0.00026,0.00885,0.00342,0.03187,0.1155
4.3333,JELLY_A,0.4753,-0.9660,1.00,J_SOFT_TURN,12.66,0.0958,0.573,1.0201,2.1104,-3.4484,-0.00002,-0.00448,0.00060,0.02803,0.6436
4.3333,JELLY_B,0.1733,0.0571,0.05,J_PAUSE_OPEN,7.31,0.0009,0.000,1.4800,2.8811,-3.7710,-0.00013,0.01076,-0.00037,0.02666,0.0251
4.3333,JELLY_C,0.1124,3.0447,1.00,J_PULSE_CRUISE,9.18,0.0355,0.119,0.5409,3.5849,-3.9274,0.00026,0.00902,0.00342,0.03223,0.1666
4.3667,JELLY_A,0.4857,-0.9540,1.00,J_SOFT_TURN,12.84,0.0924,0.573,1.0201,2.1103,-3.4484,-0.00000,-0.00448,0.00060,0.02764,0.6127
4.3667,JELLY_B,0.1852,0.0323,0.05,J_PAUSE_OPEN,7.31,0.0006,0.000,1.4800,2.8815,-3.7710,-0.00014,0.01068,-0.00039,0.02671,0.0288
4.3667,JELLY_C,0.1256,2.8553,1.00,J_PULSE_CRUISE,9.25,0.0389,0.119,0.5409,3.5852,-3.9273,0.00026,0.00915,0.00342,0.03265,0.2274
4.4000,JELLY_A,0.4961,-0.9379,1.00,J_SOFT_TURN,13.02,0.0892,0.573,1.0201,2.1101,-3.4484,0.00001,-0.00447,0.00060,0.02730,0.5814
4.4000,JELLY_B,0.1971,0.0064,0.05,J_PAUSE_OPEN,7.31,0.0003,0.000,1.4800,2.8818,-3.7710,-0.00015,0.01061,-0.00040,0.02677,0.0323
4.4000,JELLY_C,0.1388,2.5445,1.00,J_PULSE_CRUISE,9.33,0.0417,0.119,0.5409,3.5855,-3.9272,0.00026,0.00923,0.00340,0.03302,0.2968
4.4333,JELLY_A,0.5065,-0.9178,1.00,J_SOFT_TURN,13.18,0.0860,0.573,1.0201,2.1100,-3.4483,0.00003,-0.00445,0.00060,0.02700,0.5498
4.4333,JELLY_B,0.2090,-0.0032,0.05,J_PAUSE_OPEN,7.31,0.0000,0.000,1.4800,2.8822,-3.7710,-0.00016,0.01054,-0.00042,0.02682,0.0356
4.4333,JELLY_C,0.1519,2.1255,1.00,J_PULSE_CRUISE,9.41,0.0439,0.119,0.5409,3.5858,-3.9271,0.00026,0.00925,0.00338,0.03310,0.3727
4.4667,JELLY_A,0.5168,-0.8938,1.00,J_SOFT_TURN,13.35,0.0829,0.573,1.0201,2.1098,-3.4483,0.00005,-0.00441,0.00060,0.02674,0.5181
4.4667,JELLY_B,0.2209,-0.0073,0.05,J_PAUSE_OPEN,7.31,0.0003,0.000,1.4800,2.8825,-3.7710,-0.00016,0.01048,-0.00043,0.02687,0.0385
4.4667,JELLY_C,0.1651,1.6164,1.00,J_PULSE_CRUISE,9.49,0.0452,0.119,0.5410,3.5861,-3.9270,0.00026,0.00920,0.00335,0.03264,0.4528
4.5000,JELLY_A,0.5272,-0.8660,1.00,J_SOFT_TURN,13.50,0.0799,0.573,1.0201,2.1097,-3.4483,0.00008,-0.00436,0.00060,0.02653,0.4863
4.5000,JELLY_B,0.2328,-0.0115,0.05,J_PAUSE_OPEN,7.31,0.0006,0.000,1.4800,2.8829,-3.7711,-0.00017,0.01041,-0.00045,0.02692,0.0411
4.5000,JELLY_C,0.1782,1.0390,1.00,J_PULSE_CRUISE,9.58,0.0455,0.119,0.5410,3.5864,-3.9268,0.00025,0.00909,0.00330,0.03157,0.5343
4.5333,JELLY_A,0.5376,-0.8345,1.00,J_SOFT_TURN,13.65,0.0770,0.573,1.0201,2.1095,-3.4483,0.00011,-0.00430,0.00060,0.02635,0.4547
4.5333,JELLY_B,0.2447,-0.0155,0.05,J_PAUSE_OPEN,7.31,0.0009,0.000,1.4800,2.8832,-3.7711,-0.00018,0.01034,-0.00046,0.02697,0.0433
4.5333,JELLY_C,0.1914,0.4178,1.00,J_PULSE_CRUISE,9.66,0.0448,0.119,0.5410,3.5867,-3.9267,0.00025,0.00894,0.00326,0.03007,0.6140
4.5667,JELLY_A,0.5480,-0.7994,1.00,J_SOFT_TURN,13.80,0.0742,0.573,1.0201,2.1094,-3.4483,0.00014,-0.00422,0.00060,0.02620,0.4234
4.5667,JELLY_B,0.2566,-0.0195,0.05,J_PAUSE_OPEN,7.31,0.0012,0.000,1.4800,2.8836,-3.7711,-0.00018,0.01027,-0.00047,0.02702,0.0450
4.5667,JELLY_C,0.2045,-0.0353,1.00,J_PULSE_CRUISE,9.75,0.0433,0.119,0.5410,3.5870,-3.9266,0.00025,0.00878,0.00321,0.02845,0.6890
4.6000,JELLY_A,0.5584,-0.7609,1.00,J_SOFT_TURN,13.94,0.0714,0.573,1.0201,2.1092,-3.4482,0.00017,-0.00414,0.00060,0.02608,0.3924
4.6000,JELLY_B,0.2685,-0.0234,0.05,J_PAUSE_OPEN,7.31,0.0014,0.000,1.4800,2.8839,-3.7711,-0.00019,0.01021,-0.00049,0.02708,0.0464
4.6000,JELLY_C,0.2177,-0.1373,1.00,J_PULSE_CRUISE,9.83,0.0416,0.119,0.5410,3.5873,-3.9265,0.00024,0.00862,0.00316,0.02696,0.7565
4.6333,JELLY_A,0.5688,-0.7192,1.00,J_SOFT_TURN,14.07,0.0688,0.573,1.0201,2.1091,-3.4482,0.00021,-0.00405,0.00060,0.02599,0.3619
4.6333,JELLY_B,0.2804,-0.0271,0.05,J_PAUSE_OPEN,7.30,0.0017,0.000,1.4800,2.8842,-3.7711,-0.00020,0.01014,-0.00050,0.02713,0.0474
4.6333,JELLY_C,0.2308,-0.2383,1.00,J_PULSE_CRUISE,9.91,0.0400,0.119,0.5410,3.5876,-3.9264,0.00024,0.00847,0.00311,0.02574,0.8150
4.6667,JELLY_A,0.5792,-0.6743,1.00,J_SOFT_TURN,14.20,0.0662,0.573,1.0201,2.1090,-3.4482,0.00025,-0.00395,0.00060,0.02594,0.3320
4.6667,JELLY_B,0.2923,-0.0307,0.05,J_PAUSE_OPEN,7.30,0.0019,0.000,1.4800,2.8846,-3.7711,-0.00020,0.01008,-0.00051,0.02718,0.0480
4.6667,JELLY_C,0.2440,-0.3376,1.00,J_PULSE_CRUISE,9.98,0.0384,0.119,0.5410,3.5879,-3.9263,0.00023,0.00832,0.00306,0.02479,0.8636
4.7000,JELLY_A,0.5896,-0.6266,1.00,J_SOFT_TURN,14.33,0.0636,0.573,1.0201,2.1088,-3.4482,0.00029,-0.00385,0.00059,0.02590,0.3029
4.7000,JELLY_B,0.3042,-0.0341,0.05,J_PAUSE_OPEN,7.30,0.0021,0.000,1.4800,2.8849,-3.7711,-0.00021,0.01001,-0.00053,0.02724,0.0483
4.7000,JELLY_C,0.2571,-0.4345,1.00,J_PULSE_CRUISE,10.06,0.0368,0.119,0.5410,3.5882,-3.9262,0.00023,0.00817,0.00302,0.02403,0.9022
4.7333,JELLY_A,0.6000,-0.5762,1.00,J_SOFT_TURN,14.45,0.0612,0.573,1.0202,2.1087,-3.4482,0.00033,-0.00374,0.00059,0.02589,0.2746
4.7333,JELLY_B,0.3161,-0.0373,0.05,J_PAUSE_OPEN,7.29,0.0024,0.000,1.4799,2.8852,-3.7712,-0.00022,0.00995,-0.00054,0.02729,0.0484
4.7333,JELLY_C,0.2702,-0.5284,1.00,J_PULSE_CRUISE,10.13,0.0353,0.119,0.5410,3.5884,-3.9261,0.00023,0.00802,0.00297,0.02338,0.9311
4.7667,JELLY_A,0.6104,-0.5232,1.00,J_SOFT_TURN,14.56,0.0588,0.573,1.0202,2.1086,-3.4481,0.00037,-0.00364,0.00059,0.02590,0.2473
4.7667,JELLY_B,0.3279,-0.0403,0.05,J_PAUSE_OPEN,7.29,0.0026,0.000,1.4799,2.8856,-3.7712,-0.00022,0.00989,-0.00055,0.02734,0.0481
4.7667,JELLY_C,0.2833,-0.6186,1.00,J_PULSE_CRUISE,10.19,0.0339,0.119,0.5410,3.5887,-3.9260,0.00022,0.00787,0.00293,0.02280,0.9510
4.8000,JELLY_A,0.6208,-0.4681,1.00,J_SOFT_TURN,14.67,0.0564,0.573,1.0202,2.1085,-3.4481,0.00042,-0.00354,0.00058,0.02593,0.2211
4.8000,JELLY_B,0.3398,-0.0431,0.05,J_PAUSE_OPEN,7.28,0.0028,0.000,1.4799,2.8859,-3.7712,-0.00023,0.00983,-0.00056,0.02740,0.0477
4.8000,JELLY_C,0.2965,-0.7045,1.00,J_PULSE_CRUISE,10.26,0.0325,0.119,0.5410,3.5890,-3.9259,0.00022,0.00773,0.00289,0.02224,0.9625
4.8333,JELLY_A,0.6312,-0.4109,1.00,J_SOFT_TURN,14.78,0.0542,0.573,1.0202,2.1084,-3.4481,0.00046,-0.00343,0.00058,0.02598,0.1961
4.8333,JELLY_B,0.3517,-0.0457,0.05,J_PAUSE_OPEN,7.28,0.0030,0.000,1.4799,2.8862,-3.7712,-0.00024,0.00976,-0.00057,0.02745,0.0470
4.8333,JELLY_C,0.3096,-0.7856,1.00,J_PULSE_CRUISE,10.32,0.0311,0.119,0.5410,3.5892,-3.9258,0.00022,0.00759,0.00285,0.02168,0.9666
4.8667,JELLY_A,0.6416,-0.3519,1.00,J_SOFT_TURN,14.88,0.0520,0.573,1.0202,2.1082,-3.4481,0.00050,-0.00333,0.00058,0.02604,0.1724
4.8667,JELLY_B,0.3636,-0.0480,0.05,J_PAUSE_OPEN,7.27,0.0032,0.000,1.4799,2.8866,-3.7712,-0.00024,0.00970,-0.00059,0.02751,0.0461
4.8667,JELLY_C,0.3227,-0.8612,1.00,J_PULSE_CRUISE,10.37,0.0298,0.119,0.5410,3.5895,-3.9257,0.00022,0.00746,0.00281,0.02112,0.9640
4.9000,JELLY_A,0.6520,-0.2914,1.00,J_SOFT_TURN,14.98,0.0498,0.573,1.0202,2.1081,-3.4481,0.00054,-0.00323,0.00058,0.02612,0.1501
4.9000,JELLY_B,0.3755,-0.0500,0.05,J_PAUSE_OPEN,7.27,0.0034,0.000,1.4799,2.8869,-3.7713,-0.00025,0.00964,-0.00060,0.02756,0.0451
4.9000,JELLY_C,0.3358,-0.9310,1.00,J_PULSE_CRUISE,10.43,0.0285,0.119,0.5411,3.5897,-3.9256,0.00021,0.00732,0.00277,0.02054,0.9555
4.9333,JELLY_A,0.6624,-0.2296,1.00,J_SOFT_TURN,15.07,0.0478,0.573,1.0203,2.1080,-3.4480,0.00059,-0.00312,0.00057,0.02621,0.1293
4.9333,JELLY_B,0.3874,-0.0517,0.05,J_PAUSE_OPEN,7.26,0.0036,0.000,1.4799,2.8872,-3.7713,-0.00025,0.00958,-0.00061,0.02762,0.0440
4.9333,JELLY_C,0.3489,-0.9944,1.00,J_PULSE_CRUISE,10.48,0.0272,0.119,0.5411,3.5900,-3.9255,0.00021,0.00719,0.00273,0.01997,0.9418
4.9667,JELLY_A,0.6728,-0.1668,1.00,J_SOFT_TURN,15.16,0.0457,0.573,1.0203,2.1079,-3.4480,0.00063,-0.00302,0.00057,0.02631,0.1101
4.9667,JELLY_B,0.3993,-0.0532,0.05,J_PAUSE_OPEN,7.25,0.0038,0.000,1.4799,2.8875,-3.7713,-0.00026,0.00952,-0.00062,0.02767,0.0427
4.9667,JELLY_C,0.3620,-1.0510,1.00,J_PULSE_CRUISE,10.54,0.0260,0.119,0.5411,3.5902,-3.9255,0.00021,0.00706,0.00269,0.01939,0.9237
5.0000,JELLY_A,0.6832,-0.1032,1.00,J_SOFT_TURN,15.25,0.0438,0.573,1.0203,2.1078,-3.4480,0.00067,-0.00292,0.00057,0.02642,0.0925
5.0000,JELLY_B,0.4112,-0.0544,0.05,J_PAUSE_OPEN,7.24,0.0040,0.000,1.4799,2.8878,-3.7713,-0.00027,0.00946,-0.00063,0.02773,0.0413
5.0000,JELLY_C,0.3751,-1.1005,1.00,J_PULSE_CRUISE,10.58,0.0248,0.119,0.5411,3.5904,-3.9254,0.00020,0.00693,0.00266,0.01883,0.9016
5.0333,JELLY_A,0.6936,-0.0392,1.00,J_SOFT_TURN,15.33,0.0419,0.573,1.0203,2.1077,-3.4480,0.00072,-0.00282,0.00056,0.02654,0.0766
5.0333,JELLY_B,0.4231,-0.0552,0.05,J_PAUSE_OPEN,7.24,0.0041,0.000,1.4799,2.8881,-3.7713,-0.00027,0.00941,-0.00064,0.02778,0.0398
5.0333,JELLY_C,0.3882,-1.1425,1.00,J_PULSE_CRUISE,10.63,0.0236,0.119,0.5411,3.5907,-3.9253,0.00020,0.00680,0.00262,0.01831,0.8761
5.0667,JELLY_A,0.7041,0.0000,1.00,J_GLIDE,15.41,0.0400,0.573,1.0203,2.1076,-3.4480,0.00076,-0.00269,0.00056,0.02667,0.0624
5.0667,JELLY_B,0.4350,-0.0558,0.05,J_PAUSE_OPEN,7.23,0.0043,0.000,1.4799,2.8885,-3.7714,-0.00028,0.00935,-0.00065,0.02784,0.0383
5.0667,JELLY_C,0.4013,-1.1767,1.00,J_PULSE_CRUISE,10.67,0.0225,0.119,0.5411,3.5909,-3.9252,0.00020,0.00668,0.00259,0.01785,0.8476
5.1000,JELLY_A,0.7145,0.0000,1.00,J_GLIDE,15.48,0.0382,0.573,1.0204,2.1076,-3.4480,0.00080,-0.00254,0.00056,0.02680,0.0499
5.1000,JELLY_B,0.4468,-0.0560,0.05,J_PAUSE_OPEN,7.22,0.0045,0.000,1.4799,2.8888,-3.7714,-0.00028,0.00929,-0.00066,0.02789,0.0366
5.1000,JELLY_C,0.4144,-1.2029,1.00,J_PULSE_CRUISE,10.72,0.0214,0.119,0.5411,3.5911,-3.9251,0.00020,0.00656,0.00255,0.01748,0.8166
5.1333,JELLY_A,0.7249,0.0000,1.00,J_GLIDE,15.55,0.0365,0.573,1.0204,2.1075,-3.4479,0.00084,-0.00240,0.00056,0.02694,0.0390
5.1333,JELLY_B,0.4587,-0.0559,0.05,J_PAUSE_OPEN,7.21,0.0046,0.000,1.4798,2.8891,-3.7714,-0.00029,0.00924,-0.00067,0.02795,0.0349
5.1333,JELLY_C,0.4275,-1.2210,1.00,J_PULSE_CRUISE,10.76,0.0203,0.119,0.5411,3.5913,-3.9250,0.00019,0.00646,0.00252,0.01719,0.7833
5.1667,JELLY_A,0.7353,0.0000,1.00,J_GLIDE,15.62,0.0348,0.573,1.0204,2.1074,-3.4479,0.00088,-0.00226,0.00055,0.02708,0.0297
5.1667,JELLY_B,0.4706,-0.0556,0.05,J_PAUSE_OPEN,7.20,0.0048,0.000,1.4798,2.8894,-3.7714,-0.00029,0.00919,-0.00068,0.02801,0.0332
5.1667,JELLY_C,0.4406,-1.2308,1.00,J_PULSE_CRUISE,10.79,0.0193,0.119,0.5411,3.5915,-3.9249,0.00019,0.00637,0.00250,0.01700,0.7482
5.2000,JELLY_A,0.7457,0.0000,1.00,J_GLIDE,15.69,0.0331,0.573,1.0205,2.1073,-3.4479,0.00092,-0.00213,0.00055,0.02723,0.0218
5.2000,JELLY_B,0.4825,-0.0549,0.05,J_PAUSE_OPEN,7.19,0.0049,0.000,1.4798,2.8897,-3.7715,-0.00030,0.00914,-0.00069,0.02806,0.0314
5.2000,JELLY_C,0.4537,-1.2323,1.00,J_PULSE_CRUISE,10.83,0.0183,0.119,0.5411,3.5917,-3.9249,0.00019,0.00631,0.00248,0.01690,0.7115
5.2333,JELLY_A,0.7562,0.0000,1.00,J_GLIDE,15.75,0.0315,0.573,1.0205,2.1073,-3.4479,0.00096,-0.00200,0.00055,0.02738,0.0154
5.2333,JELLY_B,0.4944,-0.0539,0.05,J_PAUSE_OPEN,7.18,0.0051,0.000,1.4798,2.8900,-3.7715,-0.00030,0.00909,-0.00070,0.02812,0.0296
5.2333,JELLY_C,0.4667,-1.2255,1.00,J_PULSE_CRUISE,10.86,0.0173,0.119,0.5411,3.5919,-3.9248,0.00019,0.00627,0.00246,0.01688,0.6736
5.2667,JELLY_A,0.7666,0.0000,1.00,J_GLIDE,15.81,0.0299,0.573,1.0205,2.1072,-3.4479,0.00100,-0.00188,0.00054,0.02753,0.0101
5.2667,JELLY_B,0.5063,-0.0526,0.05,J_PAUSE_OPEN,7.17,0.0052,0.000,1.4798,2.8903,-3.7715,-0.00031,0.00904,-0.00071,0.02817,0.0278
5.2667,JELLY_C,0.4798,-1.2105,1.00,J_PULSE_CRUISE,10.90,0.0164,0.119,0.5411,3.5922,-3.9247,0.00019,0.00625,0.00245,0.01694,0.6346
5.3000,JELLY_A,0.7770,0.0000,1.00,J_GLIDE,15.87,0.0284,0.573,1.0206,2.1071,-3.4478,0.00104,-0.00175,0.00054,0.02768,0.0060
5.3000,JELLY_B,0.5182,-0.0510,0.05,J_PAUSE_OPEN,7.16,0.0053,0.000,1.4798,2.8906,-3.7715,-0.00031,0.00899,-0.00072,0.02823,0.0259
5.3000,JELLY_C,0.4929,-1.1873,1.00,J_PULSE_CRUISE,10.93,0.0154,0.119,0.5411,3.5924,-3.9246,0.00019,0.00627,0.00244,0.01706,0.5949
5.3333,JELLY_A,0.7874,0.0000,1.00,J_GLIDE,15.92,0.0270,0.573,1.0206,2.1071,-3.4478,0.00107,-0.00164,0.00054,0.02783,0.0028
5.3333,JELLY_B,0.5301,-0.0491,0.05,J_PAUSE_OPEN,7.15,0.0055,0.000,1.4798,2.8909,-3.7716,-0.00032,0.00894,-0.00073,0.02829,0.0241
5.3333,JELLY_C,0.5060,-1.1561,1.00,J_PULSE_CRUISE,10.96,0.0145,0.119,0.5411,3.5926,-3.9245,0.00019,0.00631,0.00244,0.01725,0.5547
5.3667,JELLY_A,0.7979,0.0000,1.00,J_GLIDE,15.97,0.0255,0.573,1.0206,2.1070,-3.4478,0.00111,-0.00152,0.00054,0.02798,0.0004
5.3667,JELLY_B,0.5419,-0.0469,0.05,J_PAUSE_OPEN,7.14,0.0056,0.000,1.4798,2.8912,-3.7716,-0.00032,0.00890,-0.00073,0.02834,0.0222
5.3667,JELLY_C,0.5190,-1.1171,1.00,J_PULSE_CRUISE,10.98,0.0137,0.119,0.5411,3.5928,-3.9245,0.00019,0.00637,0.00244,0.01749,0.5143
5.4000,JELLY_A,0.8083,0.0000,1.00,J_GLIDE,16.02,0.0241,0.573,1.0207,2.1070,-3.4478,0.00114,-0.00141,0.00054,0.02814,-0.0014
5.4000,JELLY_B,0.5538,-0.0445,0.05,J_PAUSE_OPEN,7.13,0.0057,0.000,1.4798,2.8915,-3.7716,-0.00033,0.00886,-0.00074,0.02840,0.0204
5.4000,JELLY_C,0.5321,-1.0707,1.00,J_PULSE_CRUISE,11.01,0.0128,0.119,0.5412,3.5930,-3.9244,0.00019,0.00646,0.00245,0.01777,0.4739
5.4333,JELLY_A,0.8187,0.0000,1.00,J_GLIDE,16.06,0.0228,0.573,1.0207,2.1069,-3.4478,0.00117,-0.00130,0.00053,0.02829,-0.0026
5.4333,JELLY_B,0.5657,-0.0419,0.05,J_PAUSE_OPEN,7.12,0.0058,0.000,1.4798,2.8918,-3.7716,-0.00033,0.00881,-0.00075,0.02845,0.0186
5.4333,JELLY_C,0.5451,-1.0171,1.00,J_PULSE_CRUISE,11.03,0.0120,0.119,0.5412,3.5932,-3.9243,0.00019,0.00658,0.00246,0.01809,0.4338
5.4667,JELLY_A,0.8292,0.0000,1.00,J_GLIDE,16.10,0.0215,0.573,1.0207,2.1069,-3.4478,0.00121,-0.00120,0.00053,0.02844,-0.0033
5.4667,JELLY_B,0.5776,-0.0390,0.05,J_PAUSE_OPEN,7.11,0.0059,0.000,1.4797,2.8921,-3.7716,-0.00034,0.00877,-0.00076,0.02851,0.0169
5.4667,JELLY_C,0.5582,-0.9567,1.00,J_PULSE_CRUISE,11.06,0.0112,0.119,0.5412,3.5934,-3.9242,0.00019,0.00671,0.00247,0.01845,0.3942
5.5000,JELLY_A,0.8396,0.0000,1.00,J_GLIDE,16.14,0.0202,0.573,1.0208,2.1068,-3.4477,0.00124,-0.00110,0.00053,0.02859,-0.0037
5.5000,JELLY_B,0.5895,-0.0358,0.05,J_PAUSE_OPEN,7.10,0.0061,0.000,1.4797,2.8924,-3.7717,-0.00034,0.00873,-0.00076,0.02857,0.0152
5.5000,JELLY_C,0.5712,-0.8899,1.00,J_PULSE_CRUISE,11.08,0.0104,0.119,0.5412,3.5937,-3.9241,0.00019,0.00686,0.00248,0.01883,0.3554
5.5333,JELLY_A,0.8501,0.0000,1.00,J_GLIDE,16.18,0.0189,0.573,1.0208,2.1068,-3.4477,0.00127,-0.00100,0.00053,0.02874,-0.0039
5.5333,JELLY_B,0.6014,-0.0325,0.05,J_PAUSE_OPEN,7.09,0.0062,0.000,1.4797,2.8927,-3.7717,-0.00035,0.00869,-0.00077,0.02862,0.0136
5.5333,JELLY_C,0.5843,-0.8172,1.00,J_PULSE_CRUISE,11.10,0.0097,0.119,0.5412,3.5939,-3.9240,0.00020,0.00701,0.00250,0.01923,0.3176
5.5667,JELLY_A,0.8605,0.0000,1.00,J_GLIDE,16.22,0.0177,0.573,1.0209,2.1068,-3.4477,0.00130,-0.00091,0.00053,0.02889,-0.0039
5.5667,JELLY_B,0.6133,-0.0290,0.05,J_PAUSE_OPEN,7.08,0.0063,0.000,1.4797,2.8929,-3.7717,-0.00035,0.00865,-0.00078,0.02868,0.0120
5.5667,JELLY_C,0.5973,-0.7391,1.00,J_PULSE_CRUISE,11.11,0.0090,0.119,0.5412,3.5941,-3.9240,0.00020,0.00717,0.00252,0.01965,0.2811
5.6000,JELLY_A,0.8710,0.0000,1.00,J_GLIDE,16.25,0.0166,0.573,1.0209,2.1068,-3.4477,0.00133,-0.00082,0.00053,0.02904,-0.0037
5.6000,JELLY_B,0.6252,-0.0254,0.05,J_PAUSE_OPEN,7.06,0.0064,0.000,1.4797,2.8932,-3.7718,-0.00036,0.00861,-0.00078,0.02873,0.0105
5.6000,JELLY_C,0.6104,-0.6561,1.00,J_PULSE_CRUISE,11.13,0.0082,0.119,0.5412,3.5944,-3.9239,0.00020,0.00733,0.00253,0.02008,0.2462
5.6333,JELLY_A,0.8814,0.0000,1.00,J_GLIDE,16.28,0.0154,0.573,1.0210,2.1067,-3.4477,0.00135,-0.00073,0.00053,0.02918,-0.0034
5.6333,JELLY_B,0.6371,-0.0216,0.05,J_PAUSE_OPEN,7.05,0.0065,0.000,1.4797,2.8935,-3.7718,-0.00036,0.00857,-0.00079,0.02878,0.0090
5.6333,JELLY_C,0.6234,-0.5687,1.00,J_PULSE_CRUISE,11.15,0.0076,0.119,0.5412,3.5946,-3.9238,0.00020,0.00749,0.00255,0.02051,0.2129
5.6667,JELLY_A,0.8919,0.0000,1.00,J_GLIDE,16.31,0.0143,0.573,1.0210,2.1067,-3.4476,0.00138,-0.00064,0.00053,0.02933,-0.0031
5.6667,JELLY_B,0.6489,-0.0177,0.05,J_PAUSE_OPEN,7.04,0.0065,0.000,1.4797,2.8938,-3.7718,-0.00036,0.00853,-0.00080,0.02884,0.0077
5.6667,JELLY_C,0.6364,-0.4776,1.00,J_PULSE_CRUISE,11.16,0.0069,0.119,0.5412,3.5949,-3.9237,0.00021,0.00765,0.00256,0.02093,0.1816
5.7000,JELLY_A,0.9023,0.0000,1.00,J_GLIDE,16.34,0.0132,0.573,1.0210,2.1067,-3.4476,0.00140,-0.00056,0.00052,0.02947,-0.0027
5.7000,JELLY_B,0.6608,-0.0137,0.05,J_PAUSE_OPEN,7.03,0.0066,0.000,1.4797,2.8941,-3.7718,-0.00037,0.00849,-0.00080,0.02889,0.0065
5.7000,JELLY_C,0.6495,-0.3833,1.00,J_PULSE_CRUISE,11.17,0.0062,0.119,0.5412,3.5951,-3.9236,0.00021,0.00780,0.00257,0.02136,0.1524
5.7333,JELLY_A,0.9128,0.0000,1.00,J_GLIDE,16.36,0.0122,0.573,1.0211,2.1067,-3.4476,0.00143,-0.00048,0.00052,0.02961,-0.0024
5.7333,JELLY_B,0.6727,-0.0096,0.05,J_PAUSE_OPEN,7.01,0.0067,0.000,1.4796,2.8944,-3.7719,-0.00037,0.00845,-0.00081,0.02895,0.0053
5.7333,JELLY_C,0.6625,-0.2866,1.00,J_PULSE_CRUISE,11.18,0.0056,0.119,0.5412,3.5954,-3.9235,0.00021,0.00795,0.00258,0.02177,0.1256
5.7667,JELLY_A,0.9232,0.0000,1.00,J_GLIDE,16.38,0.0112,0.573,1.0211,2.1067,-3.4476,0.00145,-0.00041,0.00052,0.02975,-0.0020
5.7667,JELLY_B,0.6846,-0.0054,0.05,J_PAUSE_OPEN,7.00,0.0068,0.000,1.4796,2.8946,-3.7719,-0.00038,0.00842,-0.00082,0.02900,0.0043
5.7667,JELLY_C,0.6755,-0.1879,1.00,J_PULSE_CRUISE,11.19,0.0050,0.119,0.5412,3.5957,-3.9234,0.00021,0.00810,0.00259,0.02218,0.1012
5.8000,JELLY_A,0.9337,0.0000,1.00,J_GLIDE,16.40,0.0102,0.573,1.0212,2.1066,-3.4476,0.00148,-0.00033,0.00052,0.02988,-0.0017
5.8000,JELLY_B,0.6965,-0.0012,0.05,J_PAUSE_OPEN,6.99,0.0069,0.000,1.4796,2.8949,-3.7719,-0.00038,0.00838,-0.00082,0.02905,0.0034
5.8000,JELLY_C,0.6886,-0.0882,1.00,J_PULSE_CRUISE,11.20,0.0044,0.119,0.5412,3.5959,-3.9234,0.00022,0.00825,0.00260,0.02257,0.0796
5.8333,JELLY_A,0.9441,0.0000,1.00,J_GLIDE,16.42,0.0093,0.573,1.0212,2.1066,-3.4476,0.00150,-0.00026,0.00052,0.03002,-0.0014
5.8333,JELLY_B,0.7084,0.0000,0.05,J_PAUSE_OPEN,6.97,0.0070,0.000,1.4796,2.8952,-3.7719,-0.00038,0.00834,-0.00083,0.02910,0.0026
5.8333,JELLY_C,0.7016,0.0000,1.00,J_GLIDE,11.21,0.0038,0.119,0.5412,3.5962,-3.9233,0.00022,0.00840,0.00260,0.02294,0.0608
5.8667,JELLY_A,0.9546,0.0000,1.00,J_GLIDE,16.44,0.0083,0.573,1.0213,2.1066,-3.4475,0.00152,-0.00019,0.00052,0.03015,-0.0011
5.8667,JELLY_B,0.7203,0.0000,0.05,J_PAUSE_OPEN,6.96,0.0070,0.000,1.4796,2.8955,-3.7720,-0.00039,0.00830,-0.00084,0.02915,0.0019
5.8667,JELLY_C,0.7146,0.0000,1.00,J_GLIDE,11.22,0.0033,0.119,0.5412,3.5965,-3.9232,0.00022,0.00853,0.00261,0.02330,0.0448
5.9000,JELLY_A,0.9651,0.0000,1.00,J_GLIDE,16.45,0.0074,0.573,1.0213,2.1066,-3.4475,0.00154,-0.00013,0.00052,0.03028,-0.0009
5.9000,JELLY_B,0.7322,0.0000,0.05,J_PAUSE_OPEN,6.95,0.0071,0.000,1.4796,2.8958,-3.7720,-0.00039,0.00826,-0.00084,0.02920,0.0014
5.9000,JELLY_C,0.7276,0.0000,1.00,J_GLIDE,11.22,0.0027,0.119,0.5413,3.5968,-3.9231,0.00022,0.00866,0.00261,0.02364,0.0317
5.9333,JELLY_A,0.9755,0.0000,1.00,J_GLIDE,16.47,0.0066,0.573,1.0214,2.1066,-3.4475,0.00156,-0.00006,0.00052,0.03041,-0.0006
5.9333,JELLY_B,0.7441,0.0000,0.05,J_PAUSE_OPEN,6.93,0.0072,0.000,1.4796,2.8960,-3.7720,-0.00040,0.00822,-0.00085,0.02925,0.0009
5.9333,JELLY_C,0.7406,0.0000,1.00,J_GLIDE,11.23,0.0022,0.119,0.5413,3.5971,-3.9230,0.00023,0.00877,0.00261,0.02396,0.0212
5.9667,JELLY_A,0.9860,0.0000,1.00,J_GLIDE,16.48,0.0057,0.573,1.0214,2.1066,-3.4475,0.00158,-0.00000,0.00052,0.03053,-0.0003
5.9667,JELLY_B,0.7560,0.0000,0.05,J_PAUSE_OPEN,6.92,0.0072,0.000,1.4796,2.8963,-3.7721,-0.00040,0.00819,-0.00085,0.02930,0.0006
5.9667,JELLY_C,0.7536,0.0000,1.00,J_GLIDE,11.23,0.0017,0.119,0.5413,3.5974,-3.9229,0.00023,0.00888,0.00261,0.02427,0.0131
6.0000,JELLY_A,0.9965,0.0000,1.00,J_GLIDE,16.49,0.0049,0.573,1.0215,2.1066,-3.4475,0.00160,0.00006,0.00052,0.03066,0.0005
6.0000,JELLY_B,0.7679,0.0000,0.05,J_PAUSE_OPEN,6.91,0.0073,0.000,1.4795,2.8966,-3.7721,-0.00040,0.00815,-0.00086,0.02935,0.0003
6.0000,JELLY_C,0.7666,0.0000,1.00,J_GLIDE,11.23,0.0012,0.119,0.5413,3.5977,-3.9228,0.00023,0.00898,0.00260,0.02456,0.0070
6.0333,JELLY_A,0.0070,0.2695,1.00,J_PULSE_CRUISE,16.50,0.0042,0.055,1.0216,2.1066,-3.4475,0.00159,0.00004,0.00053,0.03078,0.0015
6.0333,JELLY_B,0.7798,0.0000,0.05,J_PAUSE_OPEN,6.89,0.0074,0.000,1.4795,2.8969,-3.7721,-0.00041,0.00811,-0.00087,0.02939,0.0001
6.0333,JELLY_C,0.7796,0.0000,1.00,J_GLIDE,11.24,0.0008,0.119,0.5413,3.5980,-3.9228,0.00023,0.00907,0.00259,0.02483,0.0025
6.0667,JELLY_A,0.0174,0.6680,1.00,J_PULSE_CRUISE,16.51,0.0037,0.055,1.0216,2.1066,-3.4474,0.00159,0.00002,0.00053,0.03090,0.0025
6.0667,JELLY_B,0.7917,0.0000,0.05,J_PAUSE_OPEN,6.88,0.0074,0.000,1.4795,2.8971,-3.7721,-0.00041,0.00807,-0.00087,0.02944,-0.0000
6.0667,JELLY_C,0.7926,0.0000,1.00,J_GLIDE,11.24,0.0004,0.119,0.5413,3.5983,-3.9227,0.00023,0.00915,0.00258,0.02508,-0.0005
6.1000,JELLY_A,0.0279,1.0487,1.00,J_PULSE_CRUISE,16.51,0.0036,0.055,1.0217,2.1066,-3.4474,0.00158,0.00001,0.00053,0.03103,0.0041
6.1000,JELLY_B,0.8036,0.0000,0.05,J_PAUSE_OPEN,6.86,0.0075,0.000,1.4795,2.8974,-3.7722,-0.00041,0.00803,-0.00088,0.02949,-0.0001
6.1000,JELLY_C,0.8056,0.0000,1.00,J_GLIDE,11.24,0.0005,0.119,0.5413,3.5986,-3.9226,0.00023,0.00923,0.00257,0.02532,-0.0025
6.1333,JELLY_A,0.0384,1.4013,1.00,J_PULSE_CRUISE,16.52,0.0040,0.055,1.0217,2.1066,-3.4474,0.00159,0.00003,0.00053,0.03116,0.0074
6.1333,JELLY_B,0.8155,0.0000,0.05,J_PAUSE_OPEN,6.85,0.0075,0.000,1.4795,2.8977,-3.7722,-0.00042,0.00799,-0.00088,0.02953,-0.0002
6.1333,JELLY_C,0.8186,0.0000,1.00,J_GLIDE,11.24,0.0008,0.119,0.5413,3.5989,-3.9225,0.00024,0.00929,0.00256,0.02554,-0.0037
6.1667,JELLY_A,0.0489,1.7162,1.00,J_PULSE_CRUISE,16.53,0.0048,0.055,1.0218,2.1066,-3.4474,0.00161,0.00008,0.00054,0.03131,0.0136
6.1667,JELLY_B,0.8274,0.0000,0.05,J_PAUSE_OPEN,6.84,0.0076,0.000,1.4795,2.8979,-3.7722,-0.00042,0.00796,-0.00089,0.02957,-0.0002
6.1667,JELLY_C,0.8316,0.0000,1.00,J_GLIDE,11.23,0.0012,0.119,0.5413,3.5992,-3.9224,0.00024,0.00935,0.00254,0.02575,-0.0042
6.2000,JELLY_A,0.0594,1.9848,1.00,J_PULSE_CRUISE,16.53,0.0060,0.055,1.0218,2.1066,-3.4474,0.00163,0.00016,0.00053,0.03147,0.0236
6.2000,JELLY_B,0.8393,0.0000,0.05,J_PAUSE_OPEN,6.82,0.0076,0.000,1.4795,2.8982,-3.7723,-0.00043,0.00792,-0.00089,0.02962,-0.0002
6.2000,JELLY_C,0.8446,0.0000,1.00,J_GLIDE,11.23,0.0016,0.119,0.5413,3.5995,-3.9223,0.00024,0.00940,0.00252,0.02594,-0.0043
6.2333,JELLY_A,0.0699,2.1999,1.00,J_PULSE_CRUISE,16.54,0.0074,0.055,1.0219,2.1066,-3.4474,0.00167,0.00028,0.00053,0.03165,0.0386
6.2333,JELLY_B,0.8512,0.0000,0.05,J_PAUSE_OPEN,6.81,0.0077,0.000,1.4794,2.8984,-3.7723,-0.00043,0.00788,-0.00090,0.02966,-0.0002
6.2333,JELLY_C,0.8576,0.0000,1.00,J_GLIDE,11.23,0.0020,0.119,0.5413,3.5998,-3.9222,0.00024,0.00945,0.00251,0.02612,-0.0042
6.2667,JELLY_A,0.0804,2.3555,1.00,J_PULSE_CRUISE,16.55,0.0090,0.055,1.0219,2.1066,-3.4473,0.00171,0.00042,0.00053,0.03184,0.0593
6.2667,JELLY_B,0.8631,0.0000,0.05,J_PAUSE_OPEN,6.79,0.0077,0.000,1.4794,2.8987,-3.7723,-0.00043,0.00784,-0.00090,0.02970,-0.0002
6.2667,JELLY_C,0.8706,0.0000,1.00,J_GLIDE,11.22,0.0024,0.119,0.5413,3.6001,-3.9222,0.00024,0.00949,0.00249,0.02628,-0.0038
6.3000,JELLY_A,0.0908,2.4473,1.00,J_PULSE_CRUISE,16.56,0.0106,0.055,1.0220,2.1067,-3.4473,0.00176,0.00058,0.00053,0.03206,0.0864
6.3000,JELLY_B,0.8750,0.0000,0.05,J_PAUSE_OPEN,6.78,0.0078,0.000,1.4794,2.8990,-3.7723,-0.00044,0.00780,-0.00091,0.02974,-0.0002
6.3000,JELLY_C,0.8836,0.0000,1.00,J_GLIDE,11.22,0.0027,0.119,0.5413,3.6005,-3.9221,0.00024,0.00952,0.00246,0.02644,-0.0033
6.3333,JELLY_A,0.1013,2.4728,1.00,J_PULSE_CRUISE,16.57,0.0123,0.055,1.0220,2.1067,-3.4473,0.00180,0.00075,0.00052,0.03229,0.1201
6.3333,JELLY_B,0.8869,0.0000,0.05,J_PAUSE_OPEN,6.76,0.0078,0.000,1.4794,2.8992,-3.7724,-0.00044,0.00776,-0.00091,0.02978,-0.0002
6.3333,JELLY_C,0.8965,0.0000,1.00,J_GLIDE,11.21,0.0031,0.119,0.5414,3.6008,-3.9220,0.00024,0.00954,0.00244,0.02658,-0.0029
6.3667,JELLY_A,0.1118,2.4313,1.00,J_PULSE_CRUISE,16.58,0.0139,0.055,1.0221,2.1067,-3.4473,0.00185,0.00091,0.00052,0.03254,0.1605
6.3667,JELLY_B,0.8988,0.0000,0.05,J_PAUSE_OPEN,6.75,0.0078,0.000,1.4794,2.8995,-3.7724,-0.00044,0.00772,-0.00092,0.02982,-0.0001
6.3667,JELLY_C,0.9095,0.0000,1.00,J_GLIDE,11.21,0.0035,0.119,0.5414,3.6011,-3.9219,0.00025,0.00957,0.00242,0.02672,-0.0024
6.4000,JELLY_A,0.1223,2.3237,1.00,J_PULSE_CRUISE,16.60,0.0154,0.055,1.0222,2.1068,-3.4473,0.00190,0.00106,0.00052,0.03281,0.2072
6.4000,JELLY_B,0.9107,0.0000,0.05,J_PAUSE_OPEN,6.73,0.0079,0.000,1.4794,2.8997,-3.7724,-0.00045,0.00768,-0.00092,0.02985,-0.0001
6.4000,JELLY_C,0.9225,0.0000,1.00,J_GLIDE,11.20,0.0038,0.119,0.5414,3.6014,-3.9218,0.00025,0.00958,0.00239,0.02684,-0.0019
6.4333,JELLY_A,0.1328,2.1529,1.00,J_PULSE_CRUISE,16.61,0.0167,0.055,1.0222,2.1068,-3.4472,0.00193,0.00119,0.00051,0.03309,0.2598
6.4333,JELLY_B,0.9226,0.0000,0.05,J_PAUSE_OPEN,6.72,0.0079,0.000,1.4794,2.9000,-3.7725,-0.00045,0.00765,-0.00093,0.02989,-0.0001
6.4333,JELLY_C,0.9354,0.0000,1.00,J_GLIDE,11.19,0.0041,0.119,0.5414,3.6017,-3.9218,0.00025,0.00959,0.00237,0.02696,-0.0015
6.4667,JELLY_A,0.1434,1.9235,1.00,J_PULSE_CRUISE,16.63,0.0177,0.055,1.0223,2.1068,-3.4472,0.00196,0.00129,0.00051,0.03339,0.3173
6.4667,JELLY_B,0.9345,0.0000,0.05,J_PAUSE_OPEN,6.70,0.0080,0.000,1.4793,2.9003,-3.7725,-0.00045,0.00761,-0.00093,0.02993,-0.0001
6.4667,JELLY_C,0.9484,0.0000,1.00,J_GLIDE,11.19,0.0045,0.119,0.5414,3.6021,-3.9217,0.00025,0.00960,0.00234,0.02707,-0.0011
6.5000,JELLY_A,0.1539,1.6416,1.00,J_PULSE_CRUISE,16.64,0.0185,0.055,1.0224,2.1069,-3.4472,0.00198,0.00135,0.00051,0.03370,0.3788
6.5000,JELLY_B,0.9464,0.0000,0.05,J_PAUSE_OPEN,6.69,0.0080,0.000,1.4793,2.9005,-3.7725,-0.00046,0.00757,-0.00094,0.02996,-0.0001
6.5000,JELLY_C,0.9614,0.0000,1.00,J_GLIDE,11.18,0.0048,0.119,0.5414,3.6024,-3.9216,0.00025,0.00960,0.00232,0.02717,-0.0008
6.5333,JELLY_A,0.1644,1.3149,1.00,J_PULSE_CRUISE,16.66,0.0190,0.055,1.0224,2.1069,-3.4472,0.00199,0.00138,0.00052,0.03397,0.4428
6.5333,JELLY_B,0.9584,0.0000,0.05,J_PAUSE_OPEN,6.67,0.0080,0.000,1.4793,2.9008,-3.7726,-0.00046,0.00753,-0.00094,0.03000,-0.0000
6.5333,JELLY_C,0.9743,0.0000,1.00,J_GLIDE,11.17,0.0051,0.119,0.5414,3.6027,-3.9215,0.00025,0.00960,0.00229,0.02726,-0.0006
6.5667,JELLY_A,0.1749,0.9522,1.00,J_PULSE_CRUISE,16.67,0.0192,0.055,1.0225,2.1070,-3.4472,0.00199,0.00138,0.00052,0.03422,0.5079
6.5667,JELLY_B,0.9703,0.0000,0.05,J_PAUSE_OPEN,6.66,0.0080,0.000,1.4793,2.9010,-3.7726,-0.00046,0.00749,-0.00095,0.03003,-0.0000
6.5667,JELLY_C,0.9873,0.0000,1.00,J_GLIDE,11.16,0.0054,0.119,0.5414,3.6030,-3.9214,0.00025,0.00959,0.00226,0.02736,-0.0004
6.6000,JELLY_A,0.1854,0.5633,1.00,J_PULSE_CRUISE,16.69,0.0190,0.055,1.0226,2.1070,-3.4472,0.00198,0.00136,0.00052,0.03444,0.5727
6.6000,JELLY_B,0.9822,0.0000,0.05,J_PAUSE_OPEN,6.64,0.0081,0.000,1.4793,2.9013,-3.7726,-0.00046,0.00745,-0.00095,0.03007,-0.0000
6.6000,JELLY_C,0.0003,0.0006,0.05,J_DRIFT_IDLE,11.15,0.0057,0.000,0.5414,3.6033,-3.9214,0.00025,0.00954,0.00222,0.02744,-0.0002
6.6333,JELLY_A,0.1959,0.1588,1.00,J_PULSE_CRUISE,16.70,0.0185,0.055,1.0226,2.1071,-3.4471,0.00197,0.00132,0.00053,0.03463,0.6355
6.6333,JELLY_B,0.9941,0.0000,0.05,J_PAUSE_OPEN,6.63,0.0081,0.000,1.4793,2.9015,-3.7727,-0.00047,0.00741,-0.00096,0.03010,-0.0000
6.6333,JELLY_C,0.0132,0.0315,0.05,J_DRIFT_IDLE,11.14,0.0059,0.000,0.5414,3.6037,-3.9213,0.00025,0.00938,0.00217,0.02753,-0.0001
6.6667,JELLY_A,0.2064,-0.0401,1.00,J_PULSE_CRUISE,16.72,0.0177,0.055,1.0227,2.1071,-3.4471,0.00195,0.00128,0.00053,0.03480,0.6948
6.6667,JELLY_B,0.0060,0.2651,1.00,J_PULSE_CRUISE,6.61,0.0080,0.085,1.4793,2.9018,-3.7727,-0.00047,0.00737,-0.00096,0.03013,0.0000
6.6667,JELLY_C,0.0262,0.0610,0.05,J_DRIFT_IDLE,11.13,0.0062,0.000,0.5414,3.6040,-3.9212,0.00025,0.00923,0.00211,0.02761,0.0000
6.7000,JELLY_A,0.2170,-0.1055,1.00,J_PULSE_CRUISE,16.73,0.0169,0.055,1.0228,2.1071,-3.4471,0.00194,0.00124,0.00054,0.03494,0.7492
6.7000,JELLY_B,0.0179,0.7811,1.00,J_PULSE_CRUISE,6.59,0.0073,0.085,1.4792,2.9020,-3.7727,-0.00047,0.00734,-0.00097,0.03017,0.0004
6.7000,JELLY_C,0.0391,0.0880,0.05,J_DRIFT_IDLE,11.11,0.0065,0.000,0.5414,3.6043,-3.9212,0.00025,0.00908,0.00206,0.02769,0.0003
6.7333,JELLY_A,0.2275,-0.1705,1.00,J_PULSE_CRUISE,16.74,0.0162,0.055,1.0228,2.1072,-3.4471,0.00193,0.00120,0.00054,0.03504,0.7979
6.7333,JELLY_B,0.0299,1.2699,1.00,J_PULSE_CRUISE,6.58,0.0059,0.085,1.4792,2.9022,-3.7728,-0.00047,0.00734,-0.00097,0.03021,0.0022
6.7333,JELLY_C,0.0521,0.1113,0.05,J_DRIFT_IDLE,11.10,0.0067,0.000,0.5415,3.6046,-3.9211,0.00025,0.00893,0.00201,0.02776,0.0008
6.7667,JELLY_A,0.2380,-0.2348,1.00,J_PULSE_CRUISE,16.74,0.0156,0.055,1.0229,2.1072,-3.4471,0.00192,0.00117,0.00055,0.03510,0.8403
6.7667,JELLY_B,0.0418,1.7144,1.00,J_PULSE_CRUISE,6.57,0.0040,0.085,1.4792,2.9025,-3.7728,-0.00047,0.00738,-0.00096,0.03028,0.0067
6.7667,JELLY_C,0.0650,0.1300,0.05,J_DRIFT_IDLE,11.09,0.0070,0.000,0.5415,3.6049,-3.9210,0.00025,0.00878,0.00196,0.02784,0.0016
6.8000,JELLY_A,0.2485,-0.2981,1.00,J_PULSE_CRUISE,16.75,0.0150,0.055,1.0230,2.1073,-3.4471,0.00190,0.00113,0.00055,0.03509,0.8763
6.8000,JELLY_B,0.0537,2.0992,1.00,J_PULSE_CRUISE,6.57,0.0017,0.085,1.4792,2.9027,-3.7728,-0.00047,0.00747,-0.00095,0.03038,0.0156
6.8000,JELLY_C,0.0780,0.1434,0.05,J_DRIFT_IDLE,11.07,0.0072,0.000,0.5415,3.6052,-3.9210,0.00025,0.00864,0.00191,0.02791,0.0027
6.8333,JELLY_A,0.2591,-0.3602,1.00,J_PULSE_CRUISE,16.76,0.0144,0.055,1.0230,2.1073,-3.4470,0.00189,0.00109,0.00056,0.03502,0.9058
6.8333,JELLY_B,0.0656,2.4107,1.00,J_PULSE_CRUISE,6.56,0.0015,0.085,1.4792,2.9030,-3.7729,-0.00047,0.00761,-0.00094,0.03052,0.0303
6.8333,JELLY_C,0.0909,0.1509,0.05,J_DRIFT_IDLE,11.06,0.0074,0.000,0.5415,3.6054,-3.9209,0.00025,0.00849,0.00186,0.02798,0.0044
6.8667,JELLY_A,0.2696,-0.4207,1.00,J_PULSE_CRUISE,16.76,0.0139,0.055,1.0231,2.1073,-3.4470,0.00188,0.00105,0.00056,0.03489,0.9292
6.8667,JELLY_B,0.0776,2.6379,1.00,J_PULSE_CRUISE,6.57,0.0044,0.085,1.4792,2.9032,-3.7729,-0.00047,0.00779,-0.00091,0.03070,0.0521
6.8667,JELLY_C,0.1038,0.1522,0.05,J_DRIFT_IDLE,11.05,0.0077,0.000,0.5415,3.6057,-3.9208,0.00025,0.00835,0.00181,0.02806,0.0066
6.9000,JELLY_A,0.2802,-0.4794,1.00,J_PULSE_CRUISE,16.76,0.0134,0.055,1.0231,2.1074,-3.4470,0.00187,0.00101,0.00056,0.03469,0.9467
6.9000,JELLY_B,0.0895,2.7729,1.00,J_PULSE_CRUISE,6.58,0.0075,0.085,1.4791,2.9035,-3.7729,-0.00046,0.00801,-0.00089,0.03094,0.0821
6.9000,JELLY_C,0.1168,0.1471,0.05,J_DRIFT_IDLE,11.03,0.0079,0.000,0.5415,3.6060,-3.9208,0.00025,0.00822,0.00177,0.02813,0.0093
6.9333,JELLY_A,0.2907,-0.5361,1.00,J_PULSE_CRUISE,16.76,0.0130,0.055,1.0232,2.1074,-3.4470,0.00185,0.00097,0.00057,0.03443,0.9587
6.9333,JELLY_B,0.1014,2.8108,1.00,J_PULSE_CRUISE,6.60,0.0106,0.085,1.4791,2.9038,-3.7729,-0.00046,0.00823,-0.00087,0.03121,0.1206
6.9333,JELLY_C,0.1297,0.1361,0.05,J_DRIFT_IDLE,11.02,0.0081,0.000,0.5415,3.6063,-3.9207,0.00025,0.00808,0.00172,0.02820,0.0124
6.9667,JELLY_A,0.3012,-0.5904,1.00,J_PULSE_CRUISE,16.76,0.0126,0.055,1.0233,2.1074,-3.4470,0.00184,0.00093,0.00057,0.03412,0.9655
6.9667,JELLY_B,0.1134,2.7502,1.00,J_PULSE_CRUISE,6.62,0.0137,0.085,1.4791,2.9041,-3.7730,-0.00046,0.00845,-0.00084,0.03152,0.1677
6.9667,JELLY_C,0.1426,0.1194,0.05,J_DRIFT_IDLE,11.00,0.0083,0.000,0.5415,3.6065,-3.9207,0.00024,0.00795,0.00168,0.02828,0.0159
7.0000,JELLY_A,0.3118,-0.6422,1.00,J_PULSE_CRUISE,16.76,0.0123,0.055,1.0233,2.1075,-3.4469,0.00183,0.00090,0.00058,0.03376,0.9677
7.0000,JELLY_B,0.1253,2.5932,1.00,J_PULSE_CRUISE,6.65,0.0165,0.085,1.4791,2.9043,-3.7730,-0.00045,0.00865,-0.00082,0.03185,0.2229
7.0000,JELLY_C,0.1556,0.0979,0.05,J_DRIFT_IDLE,10.98,0.0085,0.000,0.5415,3.6068,-3.9206,0.00024,0.00782,0.00164,0.02835,0.0197
7.0333,JELLY_A,0.3223,-0.6912,1.00,J_PULSE_CRUISE,16.76,0.0120,0.055,1.0234,2.1075,-3.4469,0.00182,0.00086,0.00058,0.03336,0.9656
7.0333,JELLY_B,0.1372,2.3453,1.00,J_PULSE_CRUISE,6.68,0.0189,0.085,1.4791,2.9046,-3.7730,-0.00045,0.00881,-0.00080,0.03216,0.2852
7.0333,JELLY_C,0.1685,0.0723,0.05,J_DRIFT_IDLE,10.97,0.0087,0.000,0.5415,3.6071,-3.9206,0.00024,0.00769,0.00160,0.02842,0.0237
7.0667,JELLY_A,0.3329,-0.7372,1.00,J_PULSE_CRUISE,16.75,0.0118,0.055,1.0234,2.1075,-3.4469,0.00181,0.00082,0.00058,0.03291,0.9596
7.0667,JELLY_B,0.1492,2.0150,1.00,J_PULSE_CRUISE,6.72,0.0208,0.085,1.4791,2.9049,-3.7731,-0.00045,0.00892,-0.00079,0.03242,0.3532
7.0667,JELLY_C,0.1814,0.0438,0.05,J_DRIFT_IDLE,10.95,0.0088,0.000,0.5415,3.6073,-3.9205,0.00024,0.00756,0.00156,0.02850,0.0277
7.1000,JELLY_A,0.3434,-0.7800,1.00,J_PULSE_CRUISE,16.75,0.0116,0.055,1.0235,2.1075,-3.4469,0.00179,0.00078,0.00059,0.03244,0.9501
7.1000,JELLY_B,0.1611,1.6139,1.00,J_PULSE_CRUISE,6.76,0.0222,0.085,1.4791,2.9052,-3.7731,-0.00045,0.00898,-0.00079,0.03261,0.4252
7.1000,JELLY_C,0.1944,0.0135,0.05,J_DRIFT_IDLE,10.93,0.0090,0.000,0.5415,3.6076,-3.9204,0.00024,0.00744,0.00152,0.02857,0.0316
7.1333,JELLY_A,0.3540,-0.8194,1.00,J_PULSE_CRUISE,16.74,0.0114,0.055,1.0236,2.1076,-3.4469,0.00178,0.00075,0.00059,0.03193,0.9375
7.1333,JELLY_B,0.1730,1.1560,1.00,J_PULSE_CRUISE,6.80,0.0230,0.085,1.4790,2.9055,-3.7731,-0.00045,0.00899,-0.00079,0.03271,0.4992
7.1333,JELLY_C,0.2073,-0.0028,0.05,J_DRIFT_IDLE,10.92,0.0092,0.000,0.5416,3.6078,-3.9204,0.00024,0.00731,0.00148,0.02864,0.0352
7.1667,JELLY_A,0.3646,-0.8553,1.00,J_PULSE_CRUISE,16.74,0.0113,0.055,1.0236,2.1076,-3.4468,0.00177,0.00071,0.00060,0.03139,0.9220
7.1667,JELLY_B,0.1850,0.6573,1.00,J_PULSE_CRUISE,6.84,0.0232,0.085,1.4790,2.9058,-3.7731,-0.00046,0.00896,-0.00079,0.03269,0.5728
7.1667,JELLY_C,0.2202,-0.0077,0.05,J_DRIFT_IDLE,10.90,0.0093,0.000,0.5416,3.6080,-3.9203,0.00025,0.00719,0.00145,0.02871,0.0384
7.2000,JELLY_A,0.3751,-0.8874,1.00,J_PULSE_CRUISE,16.73,0.0112,0.055,1.0237,2.1076,-3.4468,0.00176,0.00067,0.00060,0.03083,0.9041
7.2000,JELLY_B,0.1969,0.1353,1.00,J_PULSE_CRUISE,6.89,0.0226,0.085,1.4790,2.9061,-3.7732,-0.00046,0.00891,-0.00080,0.03256,0.6439
7.2000,JELLY_C,0.2331,-0.0126,0.05,J_DRIFT_IDLE,10.88,0.0095,0.000,0.5416,3.6083,-3.9203,0.00025,0.00707,0.00141,0.02879,0.0412
7.2333,JELLY_A,0.3857,-0.9156,1.00,J_PULSE_CRUISE,16.72,0.0112,0.055,1.0237,2.1076,-3.4468,0.00175,0.00064,0.00060,0.03024,0.8838
7.2333,JELLY_B,0.2089,-0.0629,1.00,J_PULSE_CRUISE,6.93,0.0217,0.085,1.4790,2.9064,-3.7732,-0.00047,0.00886,-0.00081,0.03235,0.7101
7.2333,JELLY_C,0.2460,-0.0174,0.05,J_DRIFT_IDLE,10.86,0.0097,0.000,0.5416,3.6085,-3.9203,0.00025,0.00695,0.00138,0.02886,0.0435
7.2667,JELLY_A,0.3962,-0.9398,1.00,J_PULSE_CRUISE,16.71,0.0112,0.055,1.0238,2.1077,-3.4468,0.00174,0.00060,0.00061,0.02966,0.8616
7.2667,JELLY_B,0.2208,-0.1470,1.00,J_PULSE_CRUISE,6.97,0.0208,0.085,1.4790,2.9067,-3.7732,-0.00047,0.00881,-0.00081,0.03208,0.7697
7.2667,JELLY_C,0.2590,-0.0220,0.05,J_DRIFT_IDLE,10.84,0.0098,0.000,0.5416,3.6087,-3.9202,0.00025,0.00684,0.00134,0.02892,0.0454
7.3000,JELLY_A,0.4068,-0.9598,1.00,J_PULSE_CRUISE,16.70,0.0112,0.055,1.0239,2.1077,-3.4468,0.00173,0.00056,0.00061,0.02907,0.8376
7.3000,JELLY_B,0.2328,-0.2305,1.00,J_PULSE_CRUISE,7.01,0.0199,0.085,1.4790,2.9070,-3.7732,-0.00047,0.00876,-0.00082,0.03175,0.8215
7.3000,JELLY_C,0.2719,-0.0266,0.05,J_DRIFT_IDLE,10.83,0.0100,0.000,0.5416,3.6090,-3.9202,0.00025,0.00672,0.00131,0.02899,0.0467
7.3333,JELLY_A,0.4174,-0.9757,1.00,J_PULSE_CRUISE,16.69,0.0112,0.055,1.0239,2.1077,-3.4467,0.00172,0.00053,0.00061,0.02851,0.8119
7.3333,JELLY_B,0.2447,-0.3126,1.00,J_PULSE_CRUISE,7.04,0.0190,0.085,1.4789,2.9073,-3.7733,-0.00048,0.00871,-0.00083,0.03138,0.8651
7.3333,JELLY_C,0.2848,-0.0309,0.05,J_DRIFT_IDLE,10.81,0.0101,0.000,0.5416,3.6092,-3.9201,0.00025,0.00661,0.00128,0.02906,0.0477
7.3667,JELLY_A,0.4280,-0.9873,1.00,J_PULSE_CRUISE,16.67,0.0113,0.055,1.0240,2.1077,-3.4467,0.00171,0.00051,0.00062,0.02798,0.7849
7.3667,JELLY_B,0.2567,-0.3930,1.00,J_PULSE_CRUISE,7.08,0.0182,0.085,1.4789,2.9076,-3.7733,-0.00048,0.00866,-0.00083,0.03096,0.9005
7.3667,JELLY_C,0.2977,-0.0350,0.05,J_DRIFT_IDLE,10.79,0.0102,0.000,0.5416,3.6094,-3.9201,0.00025,0.00649,0.00125,0.02912,0.0482
7.4000,JELLY_A,0.4385,-0.9945,1.00,J_PULSE_CRUISE,16.66,0.0114,0.055,1.0240,2.1077,-3.4467,0.00171,0.00050,0.00062,0.02748,0.7566
7.4000,JELLY_B,0.2687,-0.4713,1.00,J_PULSE_CRUISE,7.11,0.0173,0.085,1.4789,2.9079,-3.7733,-0.00048,0.00861,-0.00084,0.03051,0.9277
7.4000,JELLY_C,0.3106,-0.0390,0.05,J_DRIFT_IDLE,10.77,0.0103,0.000,0.5416,3.6096,-3.9200,0.00025,0.00638,0.00122,0.02918,0.0484
7.4333,JELLY_A,0.4491,-0.9973,1.00,J_PULSE_CRUISE,16.65,0.0115,0.055,1.0241,2.1077,-3.4467,0.00170,0.00049,0.00062,0.02701,0.7273
7.4333,JELLY_B,0.2806,-0.5469,1.00,J_PULSE_CRUISE,7.15,0.0166,0.085,1.4789,2.9082,-3.7733,-0.00049,0.00856,-0.00084,0.03000,0.9474
7.4333,JELLY_C,0.3235,-0.0426,0.05,J_DRIFT_IDLE,10.75,0.0105,0.000,0.5416,3.6098,-3.9200,0.00025,0.00627,0.00119,0.02924,0.0482
7.4667,JELLY_A,0.4597,-0.9957,1.00,J_PULSE_CRUISE,16.63,0.0116,0.055,1.0241,2.1078,-3.4467,0.00171,0.00050,0.00063,0.02659,0.6970
7.4667,JELLY_B,0.2926,-0.6195,1.00,J_PULSE_CRUISE,7.18,0.0158,0.085,1.4789,2.9084,-3.7734,-0.00049,0.00851,-0.00085,0.02946,0.9600
7.4667,JELLY_C,0.3364,-0.0460,0.05,J_DRIFT_IDLE,10.73,0.0106,0.000,0.5416,3.6100,-3.9200,0.00025,0.00616,0.00116,0.02929,0.0478
7.5000,JELLY_A,0.4703,-0.9897,1.00,J_PULSE_CRUISE,16.61,0.0117,0.055,1.0242,2.1078,-3.4466,0.00171,0.00052,0.00063,0.02621,0.6659
7.5000,JELLY_B,0.3045,-0.6887,1.00,J_PULSE_CRUISE,7.21,0.0150,0.085,1.4789,2.9087,-3.7734,-0.00049,0.00846,-0.00086,0.02888,0.9662
7.5000,JELLY_C,0.3493,-0.0490,0.05,J_DRIFT_IDLE,10.71,0.0107,0.000,0.5416,3.6102,-3.9199,0.00025,0.00606,0.00113,0.02934,0.0471
7.5333,JELLY_A,0.4809,-0.9793,1.00,J_PULSE_CRUISE,16.60,0.0119,0.055,1.0243,2.1078,-3.4466,0.00172,0.00056,0.00063,0.02587,0.6342
7.5333,JELLY_B,0.3165,-0.7539,1.00,J_PULSE_CRUISE,7.23,0.0143,0.085,1.4788,2.9090,-3.7734,-0.00050,0.00841,-0.00086,0.02825,0.9665
7.5333,JELLY_C,0.3622,-0.0518,0.05,J_DRIFT_IDLE,10.69,0.0108,0.000,0.5417,3.6104,-3.9199,0.00025,0.00595,0.00110,0.02939,0.0462
7.5667,JELLY_A,0.4915,-0.9646,1.00,J_PULSE_CRUISE,16.58,0.0121,0.055,1.0243,2.1078,-3.4466,0.00173,0.00060,0.00063,0.02557,0.6020
7.5667,JELLY_B,0.3285,-0.8150,1.00,J_PULSE_CRUISE,7.26,0.0136,0.085,1.4788,2.9093,-3.7735,-0.00050,0.00836,-0.00087,0.02760,0.9616
7.5667,JELLY_C,0.3751,-0.0542,0.05,J_DRIFT_IDLE,10.67,0.0109,0.000,0.5417,3.6106,-3.9199,0.00026,0.00585,0.00107,0.02944,0.0451
7.6000,JELLY_A,0.5021,-0.9456,1.00,J_PULSE_CRUISE,16.56,0.0122,0.055,1.0244,2.1078,-3.4466,0.00175,0.00066,0.00063,0.02532,0.5694
7.6000,JELLY_B,0.3405,-0.8715,1.00,J_PULSE_CRUISE,7.29,0.0129,0.085,1.4788,2.9096,-3.7735,-0.00050,0.00831,-0.00087,0.02692,0.9521
7.6000,JELLY_C,0.3880,-0.0562,0.05,J_DRIFT_IDLE,10.65,0.0110,0.000,0.5417,3.6108,-3.9198,0.00026,0.00574,0.00105,0.02949,0.0439
7.6333,JELLY_A,0.5127,-0.9224,1.00,J_PULSE_CRUISE,16.54,0.0124,0.055,1.0244,2.1079,-3.4466,0.00177,0.00074,0.00063,0.02510,0.5366
7.6333,JELLY_B,0.3524,-0.9231,1.00,J_PULSE_CRUISE,7.31,0.0122,0.085,1.4788,2.9098,-3.7735,-0.00051,0.00826,-0.00088,0.02622,0.9384
7.6333,JELLY_C,0.4009,-0.0579,0.05,J_DRIFT_IDLE,10.62,0.0111,0.000,0.5417,3.6110,-3.9198,0.00026,0.00564,0.00102,0.02953,0.0425
7.6667,JELLY_A,0.5233,-0.8951,1.00,J_PULSE_CRUISE,16.52,0.0126,0.055,1.0245,2.1079,-3.4465,0.00180,0.00083,0.00064,0.02492,0.5038
7.6667,JELLY_B,0.3644,-0.9695,1.00,J_PULSE_CRUISE,7.33,0.0116,0.085,1.4788,2.9101,-3.7735,-0.00051,0.00821,-0.00089,0.02550,0.9210
7.6667,JELLY_C,0.4138,-0.0592,0.05,J_DRIFT_IDLE,10.60,0.0112,0.000,0.5417,3.6112,-3.9197,0.00026,0.00554,0.00100,0.02957,0.0409
7.7000,JELLY_A,0.5339,-0.8638,1.00,J_PULSE_CRUISE,16.50,0.0128,0.055,1.0246,2.1079,-3.4465,0.00183,0.00093,0.00064,0.02478,0.4710
7.7000,JELLY_B,0.3764,-1.0104,1.00,J_PULSE_CRUISE,7.35,0.0109,0.085,1.4788,2.9104,-3.7736,-0.00051,0.00816,-0.00089,0.02475,0.9004
7.7000,JELLY_C,0.4267,-0.0601,0.05,J_DRIFT_IDLE,10.58,0.0113,0.000,0.5417,3.6114,-3.9197,0.00026,0.00544,0.00097,0.02961,0.0393
7.7333,JELLY_A,0.5445,-0.8286,1.00,J_PULSE_CRUISE,16.48,0.0129,0.055,1.0246,2.1080,-3.4465,0.00186,0.00105,0.00064,0.02467,0.4383
7.7333,JELLY_B,0.3884,-1.0456,1.00,J_PULSE_CRUISE,7.37,0.0103,0.085,1.4787,2.9107,-3.7736,-0.00052,0.00812,-0.00090,0.02401,0.8770
7.7333,JELLY_C,0.4396,-0.0606,0.05,J_DRIFT_IDLE,10.56,0.0114,0.000,0.5417,3.6116,-3.9197,0.00026,0.00534,0.00095,0.02965,0.0376
7.7667,JELLY_A,0.5551,-0.7897,1.00,J_PULSE_CRUISE,16.46,0.0131,0.055,1.0247,2.1080,-3.4465,0.00190,0.00117,0.00064,0.02459,0.4060
7.7667,JELLY_B,0.4003,-1.0750,1.00,J_PULSE_CRUISE,7.39,0.0097,0.085,1.4787,2.9109,-3.7736,-0.00052,0.00807,-0.00090,0.02327,0.8511
7.7667,JELLY_C,0.4525,-0.0608,0.05,J_DRIFT_IDLE,10.54,0.0115,0.000,0.5417,3.6117,-3.9197,0.00026,0.00525,0.00093,0.02969,0.0358
7.8000,JELLY_A,0.5657,-0.7473,1.00,J_PULSE_CRUISE,16.44,0.0133,0.055,1.0247,2.1080,-3.4464,0.00193,0.00130,0.00064,0.02454,0.3741
7.8000,JELLY_B,0.4123,-1.0982,1.00,J_PULSE_CRUISE,7.41,0.0091,0.085,1.4787,2.9112,-3.7737,-0.00052,0.00803,-0.00090,0.02257,0.8229
7.8000,JELLY_C,0.4654,-0.0605,0.05,J_DRIFT_IDLE,10.52,0.0116,0.000,0.5417,3.6119,-3.9196,0.00027,0.00515,0.00090,0.02973,0.0339
7.8333,JELLY_A,0.5763,-0.7016,1.00,J_PULSE_CRUISE,16.41,0.0135,0.055,1.0248,2.1081,-3.4464,0.00197,0.00145,0.00064,0.02452,0.3429
7.8333,JELLY_B,0.4243,-1.1153,1.00,J_PULSE_CRUISE,7.43,0.0086,0.085,1.4787,2.9115,-3.7737,-0.00052,0.00799,-0.00091,0.02192,0.7929
7.8333,JELLY_C,0.4783,-0.0598,0.05,J_DRIFT_IDLE,10.49,0.0116,0.000,0.5417,3.6121,-3.9196,0.00027,0.00506,0.00088,0.02976,0.0320
7.8667,JELLY_A,0.5869,-0.6526,1.00,J_PULSE_CRUISE,16.39,0.0137,0.055,1.0249,2.1081,-3.4464,0.00202,0.00159,0.00064,0.02453,0.3123
7.8667,JELLY_B,0.4363,-1.1260,1.00,J_PULSE_CRUISE,7.44,0.0080,0.085,1.4787,2.9117,-3.7737,-0.00053,0.00797,-0.00091,0.02133,0.7612
7.8667,JELLY_C,0.4912,-0.0587,0.05,J_DRIFT_IDLE,10.47,0.0117,0.000,0.5417,3.6123,-3.9196,0.00027,0.00497,0.00086,0.02980,0.0300
7.9000,JELLY_A,0.5975,-0.6008,1.00,J_PULSE_CRUISE,16.37,0.0139,0.055,1.0249,2.1082,-3.4464,0.00206,0.00174,0.00064,0.02455,0.2826
7.9000,JELLY_B,0.4483,-1.1304,1.00,J_PULSE_CRUISE,7.46,0.0075,0.085,1.4787,2.9120,-3.7738,-0.00053,0.00797,-0.00091,0.02080,0.7281
7.9000,JELLY_C,0.5041,-0.0573,0.05,J_DRIFT_IDLE,10.45,0.0118,0.000,0.5417,3.6124,-3.9195,0.00027,0.00489,0.00084,0.02983,0.0280
7.9333,JELLY_A,0.6081,-0.5462,1.00,J_PULSE_CRUISE,16.34,0.0141,0.055,1.0250,2.1082,-3.4464,0.00210,0.00189,0.00064,0.02459,0.2539
7.9333,JELLY_B,0.4603,-1.1283,1.00,J_PULSE_CRUISE,7.47,0.0070,0.085,1.4786,2.9123,-3.7738,-0.00053,0.00798,-0.00091,0.02034,0.6938
7.9333,JELLY_C,0.5170,-0.0554,0.05,J_DRIFT_IDLE,10.43,0.0119,0.000,0.5418,3.6126,-3.9195,0.00027,0.00480,0.00082,0.02986,0.0261
7.9667,JELLY_A,0.6188,-0.4892,1.00,J_PULSE_CRUISE,16.32,0.0143,0.055,1.0251,2.1083,-3.4463,0.00214,0.00204,0.00064,0.02466,0.2263
7.9667,JELLY_B,0.4723,-1.1199,1.00,J_PULSE_CRUISE,7.48,0.0065,0.085,1.4786,2.9125,-3.7738,-0.00053,0.00801,-0.00090,0.01994,0.6585
7.9667,JELLY_C,0.5299,-0.0532,0.05,J_DRIFT_IDLE,10.40,0.0119,0.000,0.5418,3.6127,-3.9195,0.00028,0.00472,0.00080,0.02990,0.0241
8.0000,JELLY_A,0.6294,-0.4299,1.00,J_PULSE_CRUISE,16.29,0.0144,0.055,1.0252,2.1084,-3.4463,0.00218,0.00219,0.00064,0.02473,0.1999
8.0000,JELLY_B,0.4843,-1.1050,1.00,J_PULSE_CRUISE,7.50,0.0060,0.085,1.4786,2.9128,-3.7739,-0.00053,0.00806,-0.00089,0.01961,0.6224
8.0000,JELLY_C,0.5427,-0.0507,0.05,J_DRIFT_IDLE,10.38,0.0120,0.000,0.5418,3.6129,-3.9195,0.00028,0.00464,0.00078,0.02993,0.0221
8.0333,JELLY_A,0.6400,-0.3687,1.00,J_PULSE_CRUISE,16.27,0.0146,0.055,1.0252,2.1085,-3.4463,0.00222,0.00233,0.00064,0.02482,0.1749
8.0333,JELLY_B,0.4963,-1.0839,1.00,J_PULSE_CRUISE,7.51,0.0055,0.085,1.4786,2.9131,-3.7739,-0.00053,0.00813,-0.00088,0.01934,0.5858
8.0333,JELLY_C,0.5556,-0.0478,0.05,J_DRIFT_IDLE,10.36,0.0120,0.000,0.5418,3.6130,-3.9194,0.00028,0.00456,0.00077,0.02996,0.0201
8.0667,JELLY_A,0.6507,-0.3057,1.00,J_PULSE_CRUISE,16.24,0.0148,0.055,1.0253,2.1085,-3.4463,0.00226,0.00248,0.00064,0.02493,0.1513
8.0667,JELLY_B,0.5083,-1.0566,1.00,J_PULSE_CRUISE,7.52,0.0051,0.085,1.4786,2.9133,-3.7739,-0.00053,0.00822,-0.00087,0.01913,0.5488
8.0667,JELLY_C,0.5685,-0.0446,0.05,J_DRIFT_IDLE,10.34,0.0121,0.000,0.5418,3.6132,-3.9194,0.00028,0.00448,0.00075,0.02999,0.0182
8.1000,JELLY_A,0.6613,-0.2414,1.00,J_PULSE_CRUISE,16.21,0.0150,0.055,1.0254,2.1086,-3.4463,0.00230,0.00263,0.00064,0.02504,0.1292
8.1000,JELLY_B,0.5203,-1.0232,1.00,J_PULSE_CRUISE,7.53,0.0046,0.085,1.4786,2.9136,-3.7739,-0.00052,0.00833,-0.00085,0.01897,0.5116
8.1000,JELLY_C,0.5814,-0.0412,0.05,J_DRIFT_IDLE,10.31,0.0122,0.000,0.5418,3.6133,-3.9194,0.00029,0.00441,0.00073,0.03002,0.0163
8.1333,JELLY_A,0.6719,-0.1759,1.00,J_PULSE_CRUISE,16.18,0.0151,0.055,1.0255,2.1087,-3.4462,0.00234,0.00278,0.00064,0.02517,0.1088
8.1333,JELLY_B,0.5323,-0.9841,1.00,J_PULSE_CRUISE,7.53,0.0042,0.085,1.4785,2.9139,-3.7740,-0.00052,0.00847,-0.00084,0.01886,0.4744
8.1333,JELLY_C,0.5943,-0.0374,0.05,J_DRIFT_IDLE,10.29,0.0122,0.000,0.5418,3.6135,-3.9194,0.00029,0.00433,0.00072,0.03005,0.0145
8.1667,JELLY_A,0.6826,-0.1096,1.00,J_PULSE_CRUISE,16.16,0.0153,0.055,1.0255,2.1088,-3.4462,0.00238,0.00292,0.00064,0.02530,0.0901
8.1667,JELLY_B,0.5443,-0.9392,1.00,J_PULSE_CRUISE,7.54,0.0038,0.085,1.4785,2.9142,-3.7740,-0.00052,0.00862,-0.00082,0.01879,0.4374
8.1667,JELLY_C,0.6072,-0.0334,0.05,J_DRIFT_IDLE,10.27,0.0123,0.000,0.5418,3.6136,-3.9193,0.00029,0.00426,0.00070,0.03008,0.0127
8.2000,JELLY_A,0.6932,-0.0428,1.00,J_PULSE_CRUISE,16.13,0.0155,0.055,1.0256,2.1089,-3.4462,0.00241,0.00307,0.00064,0.02544,0.0733
8.2000,JELLY_B,0.5564,-0.8890,1.00,J_PULSE_CRUISE,7.55,0.0034,0.085,1.4785,2.9145,-3.7740,-0.00051,0.00878,-0.00079,0.01876,0.4009
8.2000,JELLY_C,0.6200,-0.0292,0.05,J_DRIFT_IDLE,10.24,0.0123,0.000,0.5418,3.6138,-3.9193,0.00030,0.00419,0.00068,0.03011,0.0111
8.2333,JELLY_A,0.7039,0.0000,1.00,J_GLIDE,16.10,0.0156,0.055,1.0257,2.1090,-3.4462,0.00245,0.00321,0.00064,0.02558,0.0584
8.2333,JELLY_B,0.5684,-0.8338,1.00,J_PULSE_CRUISE,7.55,0.0030,0.085,1.4785,2.9148,-3.7740,-0.00051,0.00896,-0.00077,0.01877,0.3650
8.2333,JELLY_C,0.6329,-0.0248,0.05,J_DRIFT_IDLE,10.22,0.0123,0.000,0.5418,3.6139,-3.9193,0.00030,0.00411,0.00067,0.03014,0.0095
8.2667,JELLY_A,0.7145,0.0000,1.00,J_GLIDE,16.07,0.0158,0.055,1.0258,2.1091,-3.4461,0.00249,0.00335,0.00065,0.02573,0.0454
8.2667,JELLY_B,0.5804,-0.7737,1.00,J_PULSE_CRUISE,7.56,0.0026,0.085,1.4785,2.9151,-3.7741,-0.00051,0.00915,-0.00074,0.01881,0.3299
8.2667,JELLY_C,0.6458,-0.0203,0.05,J_DRIFT_IDLE,10.19,0.0124,0.000,0.5419,3.6140,-3.9193,0.00030,0.00404,0.00065,0.03017,0.0080
8.3000,JELLY_A,0.7252,0.0000,1.00,J_GLIDE,16.04,0.0159,0.055,1.0259,2.1092,-3.4461,0.00252,0.00349,0.00065,0.02588,0.0343
8.3000,JELLY_B,0.5924,-0.7091,1.00,J_PULSE_CRUISE,7.56,0.0023,0.085,1.4784,2.9154,-3.7741,-0.00050,0.00934,-0.00072,0.01889,0.2957
8.3000,JELLY_C,0.6587,-0.0156,0.05,J_DRIFT_IDLE,10.17,0.0124,0.000,0.5419,3.6142,-3.9192,0.00030,0.00397,0.00064,0.03020,0.0067
8.3333,JELLY_A,0.7358,0.0000,1.00,J_GLIDE,16.01,0.0161,0.055,1.0259,2.1094,-3.4461,0.00255,0.00362,0.00065,0.02604,0.0250
8.3333,JELLY_B,0.6045,-0.6405,1.00,J_PULSE_CRUISE,7.57,0.0019,0.085,1.4784,2.9157,-3.7741,-0.00050,0.00954,-0.00069,0.01898,0.2628
8.3333,JELLY_C,0.6716,-0.0108,0.05,J_DRIFT_IDLE,10.15,0.0125,0.000,0.5419,3.6143,-3.9192,0.00031,0.00390,0.00062,0.03023,0.0054
8.3667,JELLY_A,0.7465,0.0000,1.00,J_GLIDE,15.98,0.0162,0.055,1.0260,2.1095,-3.4461,0.00258,0.00375,0.00065,0.02620,0.0174
8.3667,JELLY_B,0.6165,-0.5681,1.00,J_PULSE_CRUISE,7.57,0.0016,0.085,1.4784,2.9160,-3.7741,-0.00050,0.00973,-0.00067,0.01910,0.2312
8.3667,JELLY_C,0.6844,-0.0059,0.05,J_DRIFT_IDLE,10.12,0.0125,0.000,0.5419,3.6144,-3.9192,0.00031,0.00383,0.00061,0.03026,0.0043
8.4000,JELLY_A,0.7571,0.0000,1.00,J_GLIDE,15.95,0.0163,0.055,1.0261,2.1096,-3.4461,0.00261,0.00387,0.00065,0.02636,0.0113
8.4000,JELLY_B,0.6285,-0.4925,1.00,J_PULSE_CRUISE,7.57,0.0013,0.085,1.4784,2.9163,-3.7742,-0.00049,0.00992,-0.00064,0.01924,0.2012
8.4000,JELLY_C,0.6973,-0.0010,0.05,J_DRIFT_IDLE,10.10,0.0125,0.000,0.5419,3.6146,-3.9192,0.00031,0.00376,0.00060,0.03029,0.0033
8.4333,JELLY_A,0.7678,0.0000,1.00,J_GLIDE,15.92,0.0165,0.055,1.0262,2.1097,-3.4460,0.00264,0.00399,0.00065,0.02652,0.0064
8.4333,JELLY_B,0.6406,-0.4140,1.00,J_PULSE_CRUISE,7.57,0.0011,0.085,1.4784,2.9167,-3.7742,-0.00049,0.01012,-0.00062,0.01940,0.1729
8.4333,JELLY_C,0.7102,0.0000,0.05,J_DRIFT_IDLE,10.08,0.0126,0.000,0.5419,3.6147,-3.9192,0.00032,0.00369,0.00058,0.03032,0.0025
8.4667,JELLY_A,0.7784,0.0000,1.00,J_GLIDE,15.89,0.0166,0.055,1.0263,2.1099,-3.4460,0.00266,0.00410,0.00066,0.02668,0.0027
8.4667,JELLY_B,0.6526,-0.3330,1.00,J_PULSE_CRUISE,7.57,0.0009,0.085,1.4784,2.9170,-3.7742,-0.00049,0.01031,-0.00059,0.01957,0.1464
8.4667,JELLY_C,0.7231,0.0000,0.05,J_DRIFT_IDLE,10.05,0.0126,0.000,0.5419,3.6148,-3.9191,0.00032,0.00362,0.00057,0.03035,0.0018
8.5000,JELLY_A,0.7891,0.0000,1.00,J_GLIDE,15.86,0.0167,0.055,1.0264,2.1100,-3.4460,0.00269,0.00421,0.00066,0.02684,0.0000
8.5000,JELLY_B,0.6646,-0.2501,1.00,J_PULSE_CRUISE,7.57,0.0008,0.085,1.4783,2.9174,-3.7742,-0.00048,0.01049,-0.00057,0.01975,0.1220
8.5000,JELLY_C,0.7360,0.0000,0.05,J_DRIFT_IDLE,10.03,0.0126,0.000,0.5419,3.6149,-3.9191,0.00032,0.00356,0.00055,0.03038,0.0012
8.5333,JELLY_A,0.7998,0.0000,1.00,J_GLIDE,15.83,0.0168,0.055,1.0265,2.1102,-3.4460,0.00271,0.00431,0.00066,0.02700,-0.0019
8.5333,JELLY_B,0.6767,-0.1657,1.00,J_PULSE_CRUISE,7.57,0.0009,0.085,1.4783,2.9177,-3.7742,-0.00048,0.01068,-0.00055,0.01994,0.0997
8.5333,JELLY_C,0.7488,0.0000,0.05,J_DRIFT_IDLE,10.00,0.0127,0.000,0.5419,3.6150,-3.9191,0.00033,0.00349,0.00054,0.03041,0.0008
8.5667,JELLY_A,0.8104,0.0000,1.00,J_GLIDE,15.80,0.0170,0.055,1.0266,2.1103,-3.4460,0.00273,0.00441,0.00066,0.02716,-0.0032
8.5667,JELLY_B,0.6887,-0.0803,1.00,J_PULSE_CRUISE,7.57,0.0010,0.085,1.4783,2.9181,-3.7743,-0.00048,0.01087,-0.00052,0.02014,0.0798
8.5667,JELLY_C,0.7617,0.0000,0.05,J_DRIFT_IDLE,9.98,0.0127,0.000,0.5419,3.6152,-3.9191,0.00033,0.00342,0.00053,0.03044,0.0004
8.6000,JELLY_A,0.8211,0.0000,1.00,J_GLIDE,15.76,0.0171,0.055,1.0267,2.1105,-3.4459,0.00275,0.00451,0.00067,0.02732,-0.0040
8.6000,JELLY_B,0.7008,0.0000,1.00,J_GLIDE,7.57,0.0012,0.085,1.4783,2.9185,-3.7743,-0.00047,0.01105,-0.00050,0.02034,0.0622
8.6000,JELLY_C,0.7746,0.0000,0.05,J_DRIFT_IDLE,9.95,0.0127,0.000,0.5420,3.6153,-3.9191,0.00033,0.00335,0.00051,0.03047,0.0002
8.6333,JELLY_A,0.8318,0.0000,1.00,J_GLIDE,15.73,0.0172,0.055,1.0267,2.1106,-3.4459,0.00277,0.00460,0.00067,0.02748,-0.0045
8.6333,JELLY_B,0.7128,0.0000,1.00,J_GLIDE,7.57,0.0014,0.085,1.4783,2.9188,-3.7743,-0.00047,0.01123,-0.00048,0.02055,0.0471
8.6333,JELLY_C,0.7875,0.0000,0.05,J_DRIFT_IDLE,9.93,0.0127,0.000,0.5420,3.6154,-3.9191,0.00034,0.00329,0.00050,0.03049,0.0000
8.6667,JELLY_A,0.8425,0.0000,1.00,J_GLIDE,15.70,0.0173,0.055,1.0268,2.1108,-3.4459,0.00279,0.00469,0.00067,0.02764,-0.0046
8.6667,JELLY_B,0.7249,0.0000,1.00,J_GLIDE,7.57,0.0016,0.085,1.4783,2.9192,-3.7743,-0.00047,0.01140,-0.00046,0.02075,0.0344
8.6667,JELLY_C,0.8003,0.0000,0.05,J_DRIFT_IDLE,9.91,0.0127,0.000,0.5420,3.6155,-3.9190,0.00034,0.00322,0.00049,0.03052,-0.0001
8.7000,JELLY_A,0.8532,0.0000,1.00,J_GLIDE,15.67,0.0174,0.055,1.0269,2.1109,-3.4459,0.00281,0.00478,0.00068,0.02780,-0.0044
8.7000,JELLY_B,0.7370,0.0000,1.00,J_GLIDE,7.56,0.0018,0.085,1.4783,2.9196,-3.7743,-0.00047,0.01156,-0.00044,0.02096,0.0241
8.7000,JELLY_C,0.8132,0.0000,0.05,J_DRIFT_IDLE,9.88,0.0128,0.000,0.5420,3.6156,-3.9190,0.00035,0.00315,0.00048,0.03055,-0.0002
8.7333,JELLY_A,0.8638,0.0000,1.00,J_GLIDE,15.63,0.0175,0.055,1.0270,2.1111,-3.4458,0.00282,0.00486,0.00068,0.02795,-0.0042
8.7333,JELLY_B,0.7490,0.0000,1.00,J_GLIDE,7.56,0.0021,0.085,1.4782,2.9200,-3.7743,-0.00046,0.01172,-0.00042,0.02117,0.0158
8.7333,JELLY_C,0.8261,0.0000,0.05,J_DRIFT_IDLE,9.86,0.0128,0.000,0.5420,3.6157,-3.9190,0.00035,0.00309,0.00046,0.03058,-0.0002
8.7667,JELLY_A,0.8745,0.0000,1.00,J_GLIDE,15.60,0.0176,0.055,1.0271,2.1112,-3.4458,0.00283,0.00494,0.00068,0.02811,-0.0038
8.7667,JELLY_B,0.7611,0.0000,1.00,J_GLIDE,7.56,0.0023,0.085,1.4782,2.9204,-3.7744,-0.00046,0.01187,-0.00040,0.02137,0.0094
8.7667,JELLY_C,0.8389,0.0000,0.05,J_DRIFT_IDLE,9.83,0.0128,0.000,0.5420,3.6158,-3.9190,0.00035,0.00302,0.00045,0.03060,-0.0002
8.8000,JELLY_A,0.8852,0.0000,1.00,J_GLIDE,15.57,0.0177,0.055,1.0272,2.1114,-3.4458,0.00285,0.00501,0.00069,0.02826,-0.0034
8.8000,JELLY_B,0.7732,0.0000,1.00,J_GLIDE,7.55,0.0025,0.085,1.4782,2.9208,-3.7744,-0.00046,0.01201,-0.00038,0.02158,0.0046
8.8000,JELLY_C,0.8518,0.0000,0.05,J_DRIFT_IDLE,9.81,0.0128,0.000,0.5420,3.6159,-3.9190,0.00036,0.00295,0.00044,0.03063,-0.0002
8.8333,JELLY_A,0.8959,0.0000,1.00,J_GLIDE,15.53,0.0178,0.055,1.0273,2.1116,-3.4458,0.00286,0.00508,0.00069,0.02841,-0.0030
8.8333,JELLY_B,0.7852,0.0000,1.00,J_GLIDE,7.55,0.0027,0.085,1.4782,2.9212,-3.7744,-0.00046,0.01214,-0.00037,0.02178,0.0010
8.8333,JELLY_C,0.8647,0.0000,0.05,J_DRIFT_IDLE,9.78,0.0128,0.000,0.5420,3.6160,-3.9190,0.00036,0.00289,0.00043,0.03066,-0.0002
8.8667,JELLY_A,0.9066,0.0000,1.00,J_GLIDE,15.50,0.0179,0.055,1.0274,2.1118,-3.4457,0.00287,0.00515,0.00069,0.02856,-0.0026
8.8667,JELLY_B,0.7973,0.0000,1.00,J_GLIDE,7.54,0.0029,0.085,1.4782,2.9216,-3.7744,-0.00046,0.01227,-0.00035,0.02197,-0.0014
8.8667,JELLY_C,0.8776,0.0000,0.05,J_DRIFT_IDLE,9.76,0.0128,0.000,0.5421,3.6161,-3.9189,0.00037,0.00282,0.00041,0.03068,-0.0002
8.9000,JELLY_A,0.9173,0.0000,1.00,J_GLIDE,15.47,0.0179,0.055,1.0275,2.1119,-3.4457,0.00288,0.00522,0.00070,0.02871,-0.0022
8.9000,JELLY_B,0.8094,0.0000,1.00,J_GLIDE,7.54,0.0032,0.085,1.4782,2.9220,-3.7744,-0.00046,0.01239,-0.00034,0.02217,-0.0030
8.9000,JELLY_C,0.8904,0.0000,0.05,J_DRIFT_IDLE,9.74,0.0128,0.000,0.5421,3.6162,-3.9189,0.00037,0.00276,0.00040,0.03071,-0.0002
8.9333,JELLY_A,0.9280,0.0000,1.00,J_GLIDE,15.43,0.0180,0.055,1.0276,2.1121,-3.4457,0.00289,0.00528,0.00070,0.02886,-0.0018
8.9333,JELLY_B,0.8215,0.0000,1.00,J_GLIDE,7.53,0.0034,0.085,1.4781,2.9224,-3.7744,-0.00046,0.01250,-0.00033,0.02236,-0.0039
8.9333,JELLY_C,0.9033,0.0000,0.05,J_DRIFT_IDLE,9.71,0.0129,0.000,0.5421,3.6163,-3.9189,0.00037,0.00269,0.00039,0.03073,-0.0001
8.9667,JELLY_A,0.9387,0.0000,1.00,J_GLIDE,15.40,0.0181,0.055,1.0277,2.1123,-3.4457,0.00289,0.00534,0.00071,0.02901,-0.0014
8.9667,JELLY_B,0.8336,0.0000,1.00,J_GLIDE,7.52,0.0036,0.085,1.4781,2.9228,-3.7744,-0.00046,0.01261,-0.00031,0.02254,-0.0043
8.9667,JELLY_C,0.9162,0.0000,0.05,J_DRIFT_IDLE,9.69,0.0129,0.000,0.5421,3.6164,-3.9189,0.00038,0.00263,0.00038,0.03076,-0.0001
9.0000,JELLY_A,0.9494,0.0000,1.00,J_GLIDE,15.36,0.0182,0.055,1.0278,2.1125,-3.4457,0.00290,0.00540,0.00071,0.02915,-0.0011
9.0000,JELLY_B,0.8456,0.0000,1.00,J_GLIDE,7.52,0.0038,0.085,1.4781,2.9232,-3.7744,-0.00046,0.01271,-0.00030,0.02272,-0.0044
9.0000,JELLY_C,0.9291,0.0000,0.05,J_DRIFT_IDLE,9.66,0.0129,0.000,0.5421,3.6165,-3.9189,0.00038,0.00256,0.00037,0.03078,-0.0001
9.0333,JELLY_A,0.9601,0.0000,1.00,J_GLIDE,15.33,0.0182,0.055,1.0279,2.1126,-3.4456,0.00291,0.00545,0.00071,0.02930,-0.0009
9.0333,JELLY_B,0.8577,0.0000,1.00,J_GLIDE,7.51,0.0039,0.085,1.4781,2.9237,-3.7744,-0.00046,0.01281,-0.00029,0.02290,-0.0042
9.0333,JELLY_C,0.9419,0.0000,0.05,J_DRIFT_IDLE,9.64,0.0129,0.000,0.5421,3.6165,-3.9189,0.00039,0.00250,0.00035,0.03081,-0.0001
9.0667,JELLY_A,0.9708,0.0000,1.00,J_GLIDE,15.30,0.0183,0.055,1.0280,2.1128,-3.4456,0.00291,0.00550,0.00072,0.02944,-0.0007
9.0667,JELLY_B,0.8698,0.0000,1.00,J_GLIDE,7.50,0.0041,0.085,1.4781,2.9241,-3.7745,-0.00046,0.01290,-0.00028,0.02307,-0.0039
9.0667,JELLY_C,0.9548,0.0000,0.05,J_DRIFT_IDLE,9.61,0.0129,0.000,0.5421,3.6166,-3.9189,0.00039,0.00243,0.00034,0.03083,-0.0000
9.1000,JELLY_A,0.9816,0.0000,1.00,J_GLIDE,15.26,0.0183,0.055,1.0281,2.1130,-3.4456,0.00292,0.00555,0.00072,0.02958,-0.0005
9.1000,JELLY_B,0.8819,0.0000,1.00,J_GLIDE,7.50,0.0043,0.085,1.4781,2.9245,-3.7745,-0.00046,0.01298,-0.00027,0.02323,-0.0035
9.1000,JELLY_C,0.9677,0.0000,0.05,J_DRIFT_IDLE,9.59,0.0129,0.000,0.5421,3.6167,-3.9189,0.00040,0.00237,0.00033,0.03086,-0.0000
9.1333,JELLY_A,0.9923,0.0000,1.00,J_GLIDE,15.23,0.0184,0.055,1.0282,2.1132,-3.4456,0.00292,0.00559,0.00072,0.02972,-0.0003
9.1333,JELLY_B,0.8940,0.0000,1.00,J_GLIDE,7.49,0.0045,0.085,1.4781,2.9250,-3.7745,-0.00046,0.01306,-0.00027,0.02339,-0.0030
9.1333,JELLY_C,0.9806,0.0000,0.05,J_DRIFT_IDLE,9.56,0.0129,0.000,0.5422,3.6168,-3.9188,0.00040,0.00231,0.00032,0.03088,-0.0000
9.1667,JELLY_A,0.0030,0.1186,1.00,J_PULSE_CRUISE,15.19,0.0184,0.090,1.0283,2.1134,-3.4455,0.00291,0.00559,0.00073,0.02985,-0.0002
9.1667,JELLY_B,0.9061,0.0000,1.00,J_GLIDE,7.48,0.0046,0.085,1.4780,2.9254,-3.7745,-0.00046,0.01313,-0.00026,0.02355,-0.0025
9.1667,JELLY_C,0.9934,0.0000,0.05,J_DRIFT_IDLE,9.54,0.0129,0.000,0.5422,3.6168,-3.9188,0.00041,0.00224,0.00031,0.03091,-0.0000
9.2000,JELLY_A,0.0137,0.5400,1.00,J_PULSE_CRUISE,15.16,0.0180,0.090,1.0284,2.1136,-3.4455,0.00288,0.00554,0.00074,0.02999,0.0001
9.2000,JELLY_B,0.9182,0.0000,1.00,J_GLIDE,7.47,0.0048,0.085,1.4780,2.9258,-3.7745,-0.00046,0.01320,-0.00025,0.02370,-0.0021
9.2000,JELLY_C,0.0063,0.2999,1.00,J_DESCEND,9.51,0.0127,0.088,0.5422,3.6169,-3.9188,0.00041,0.00213,0.00030,0.03093,0.0000
9.2333,JELLY_A,0.0244,0.9463,1.00,J_PULSE_CRUISE,15.12,0.0171,0.090,1.0285,2.1137,-3.4455,0.00287,0.00550,0.00074,0.03013,0.0011
9.2333,JELLY_B,0.9304,0.0000,1.00,J_GLIDE,7.46,0.0050,0.085,1.4780,2.9263,-3.7745,-0.00046,0.01326,-0.00025,0.02385,-0.0017
9.2333,JELLY_C,0.0192,0.9001,1.00,J_DESCEND,9.49,0.0119,0.088,0.5422,3.6170,-3.9188,0.00042,0.00198,0.00029,0.03096,0.0005
9.2667,JELLY_A,0.0352,1.3262,1.00,J_PULSE_CRUISE,15.09,0.0157,0.090,1.0286,2.1139,-3.4455,0.00285,0.00550,0.00075,0.03027,0.0037
9.2667,JELLY_B,0.9425,0.0000,1.00,J_GLIDE,7.45,0.0051,0.085,1.4780,2.9267,-3.7745,-0.00046,0.01332,-0.00024,0.02400,-0.0013
9.2667,JELLY_C,0.0321,1.4637,1.00,J_DESCEND,9.47,0.0104,0.088,0.5422,3.6171,-3.9188,0.00042,0.00188,0.00028,0.03100,0.0028
9.3000,JELLY_A,0.0459,1.6687,1.00,J_PULSE_CRUISE,15.06,0.0141,0.090,1.0287,2.1141,-3.4454,0.00285,0.00552,0.00075,0.03043,0.0090
9.3000,JELLY_B,0.9546,0.0000,1.00,J_GLIDE,7.44,0.0053,0.085,1.4780,2.9272,-3.7745,-0.00047,0.01338,-0.00023,0.02414,-0.0010
9.3000,JELLY_C,0.0449,1.9677,1.00,J_DESCEND,9.45,0.0083,0.088,0.5422,3.6171,-3.9188,0.00043,0.00183,0.00029,0.03109,0.0087
9.3333,JELLY_A,0.0566,1.9642,1.00,J_PULSE_CRUISE,15.04,0.0124,0.090,1.0288,2.1143,-3.4454,0.00286,0.00559,0.00075,0.03061,0.0183
9.3333,JELLY_B,0.9667,0.0000,1.00,J_GLIDE,7.43,0.0054,0.085,1.4780,2.9276,-3.7745,-0.00047,0.01343,-0.00023,0.02428,-0.0007
9.3333,JELLY_C,0.0578,2.3915,1.00,J_DESCEND,9.44,0.0057,0.088,0.5422,3.6172,-3.9188,0.00043,0.00184,0.00031,0.03122,0.0202
9.3667,JELLY_A,0.0674,2.2042,1.00,J_PULSE_CRUISE,15.02,0.0108,0.090,1.0289,2.1145,-3.4454,0.00288,0.00568,0.00076,0.03080,0.0325
9.3667,JELLY_B,0.9788,0.0000,1.00,J_GLIDE,7.42,0.0055,0.085,1.4779,2.9281,-3.7745,-0.00047,0.01347,-0.00023,0.02441,-0.0005
9.3667,JELLY_C,0.0707,2.7178,1.00,J_DESCEND,9.43,0.0030,0.088,0.5423,3.6172,-3.9188,0.00044,0.00192,0.00033,0.03140,0.0391
9.4000,JELLY_A,0.0781,2.3817,1.00,J_PULSE_CRUISE,15.01,0.0099,0.090,1.0289,2.1147,-3.4454,0.00290,0.00581,0.00076,0.03102,0.0527
9.4000,JELLY_B,0.9910,0.0000,1.00,J_GLIDE,7.41,0.0057,0.085,1.4779,2.9285,-3.7745,-0.00047,0.01351,-0.00022,0.02454,-0.0003
9.4000,JELLY_C,0.0836,2.9334,1.00,J_DESCEND,9.42,0.0020,0.088,0.5423,3.6173,-3.9188,0.00045,0.00204,0.00037,0.03164,0.0669
9.4333,JELLY_A,0.0888,2.4918,1.00,J_PULSE_CRUISE,15.00,0.0100,0.090,1.0290,2.1149,-3.4453,0.00293,0.00596,0.00076,0.03125,0.0793
9.4333,JELLY_B,0.0031,0.1394,1.00,J_PULSE_CRUISE,7.40,0.0058,0.075,1.4779,2.9290,-3.7745,-0.00047,0.01349,-0.00023,0.02467,-0.0002
9.4333,JELLY_C,0.0964,3.0294,1.00,J_DESCEND,9.43,0.0046,0.088,0.5423,3.6174,-3.9188,0.00046,0.00219,0.00040,0.03192,0.1044
9.4667,JELLY_A,0.0996,2.5312,1.00,J_PULSE_CRUISE,14.99,0.0110,0.090,1.0291,2.1151,-3.4453,0.00296,0.00612,0.00076,0.03150,0.1129
9.4667,JELLY_B,0.0152,0.6781,1.00,J_PULSE_CRUISE,7.39,0.0053,0.075,1.4779,2.9294,-3.7745,-0.00048,0.01340,-0.00024,0.02480,0.0002
9.4667,JELLY_C,0.1093,3.0019,1.00,J_DESCEND,9.44,0.0076,0.088,0.5423,3.6175,-3.9187,0.00047,0.00234,0.00044,0.03219,0.1520
9.5000,JELLY_A,0.1103,2.4986,1.00,J_PULSE_CRUISE,15.00,0.0127,0.090,1.0292,2.1153,-3.4453,0.00300,0.00627,0.00077,0.03177,0.1535
9.5000,JELLY_B,0.0274,1.1927,1.00,J_PULSE_CRUISE,7.38,0.0044,0.075,1.4779,2.9299,-3.7746,-0.00048,0.01335,-0.00025,0.02493,0.0016
9.5000,JELLY_C,0.1222,2.8520,1.00,J_DESCEND,9.45,0.0106,0.088,0.5423,3.6175,-3.9187,0.00048,0.00247,0.00048,0.03241,0.2093
9.5333,JELLY_A,0.1211,2.3950,1.00,J_PULSE_CRUISE,15.00,0.0148,0.090,1.0293,2.1155,-3.4453,0.00302,0.00642,0.00077,0.03206,0.2008
9.5333,JELLY_B,0.0395,1.6645,1.00,J_PULSE_CRUISE,7.37,0.0029,0.075,1.4779,2.9303,-3.7746,-0.00048,0.01333,-0.00025,0.02508,0.0056
9.5333,JELLY_C,0.1351,2.5857,1.00,J_DESCEND,9.47,0.0132,0.088,0.5423,3.6176,-3.9187,0.00049,0.00256,0.00050,0.03250,0.2751
9.5667,JELLY_A,0.1318,2.2232,1.00,J_PULSE_CRUISE,15.02,0.0168,0.090,1.0294,2.1157,-3.4452,0.00304,0.00654,0.00077,0.03237,0.2542
9.5667,JELLY_B,0.0517,2.0763,1.00,J_PULSE_CRUISE,7.37,0.0010,0.075,1.4779,2.9307,-3.7746,-0.00049,0.01337,-0.00025,0.02524,0.0137
9.5667,JELLY_C,0.1479,2.2139,1.00,J_DESCEND,9.50,0.0154,0.088,0.5423,3.6177,-3.9187,0.00050,0.00259,0.00052,0.03238,0.3479
9.6000,JELLY_A,0.1426,1.9880,1.00,J_PULSE_CRUISE,15.03,0.0186,0.090,1.0295,2.1159,-3.4452,0.00306,0.00662,0.00078,0.03269,0.3129
9.6000,JELLY_B,0.0638,2.4130,1.00,J_PULSE_CRUISE,7.37,0.0016,0.075,1.4778,2.9312,-3.7746,-0.00049,0.01347,-0.00024,0.02543,0.0277
9.6000,JELLY_C,0.1608,1.7517,1.00,J_DESCEND,9.53,0.0169,0.088,0.5424,3.6178,-3.9187,0.00051,0.00255,0.00053,0.03199,0.4254
9.6333,JELLY_A,0.1533,1.6961,1.00,J_PULSE_CRUISE,15.05,0.0201,0.090,1.0296,2.1162,-3.4452,0.00306,0.00667,0.00078,0.03300,0.3757
9.6333,JELLY_B,0.0760,2.6623,1.00,J_PULSE_CRUISE,7.37,0.0041,0.075,1.4778,2.9316,-3.7746,-0.00048,0.01360,-0.00022,0.02564,0.0489
9.6333,JELLY_C,0.1737,1.2180,1.00,J_DESCEND,9.56,0.0178,0.088,0.5424,3.6179,-3.9187,0.00051,0.00246,0.00052,0.03136,0.5052
9.6667,JELLY_A,0.1641,1.3556,1.00,J_PULSE_CRUISE,15.08,0.0211,0.090,1.0298,2.1164,-3.4452,0.00305,0.00668,0.00079,0.03330,0.4412
9.6667,JELLY_B,0.0881,2.8151,1.00,J_PULSE_CRUISE,7.38,0.0068,0.075,1.4778,2.9321,-3.7746,-0.00048,0.01378,-0.00020,0.02586,0.0784
9.6667,JELLY_C,0.1866,0.6345,1.00,J_DESCEND,9.60,0.0180,0.088,0.5424,3.6180,-3.9186,0.00052,0.00232,0.00051,0.03057,0.5844
9.7000,JELLY_A,0.1748,0.9763,1.00,J_PULSE_CRUISE,15.10,0.0217,0.090,1.0299,2.1166,-3.4451,0.00304,0.00667,0.00079,0.03358,0.5079
9.7000,JELLY_B,0.1003,2.8655,1.00,J_PULSE_CRUISE,7.40,0.0095,0.075,1.4778,2.9326,-3.7746,-0.00048,0.01396,-0.00018,0.02610,0.1167
9.7000,JELLY_C,0.1995,0.0251,1.00,J_DESCEND,9.63,0.0174,0.088,0.5424,3.6180,-3.9186,0.00053,0.00216,0.00050,0.02970,0.6602
9.7333,JELLY_A,0.1856,0.5689,1.00,J_PULSE_CRUISE,15.13,0.0216,0.090,1.0300,2.1168,-3.4451,0.00301,0.00662,0.00080,0.03383,0.5742
9.7333,JELLY_B,0.1125,2.8117,1.00,J_PULSE_CRUISE,7.42,0.0121,0.075,1.4778,2.9330,-3.7746,-0.00048,0.01415,-0.00016,0.02634,0.1640
9.7333,JELLY_C,0.2124,-0.0942,1.00,J_DESCEND,9.66,0.0165,0.088,0.5424,3.6181,-3.9186,0.00053,0.00200,0.00048,0.02883,0.7297
9.7667,JELLY_A,0.1964,0.1450,1.00,J_PULSE_CRUISE,15.15,0.0210,0.090,1.0301,2.1170,-3.4451,0.00299,0.00656,0.00081,0.03403,0.6384
9.7667,JELLY_B,0.1246,2.6555,1.00,J_PULSE_CRUISE,7.44,0.0145,0.075,1.4778,2.9335,-3.7746,-0.00047,0.01430,-0.00014,0.02660,0.2198
9.7667,JELLY_C,0.2252,-0.1918,1.00,J_DESCEND,9.69,0.0156,0.088,0.5425,3.6182,-3.9186,0.00054,0.00183,0.00047,0.02803,0.7910
9.8000,JELLY_A,0.2071,-0.0454,1.00,J_PULSE_CRUISE,15.18,0.0201,0.090,1.0302,2.1173,-3.4450,0.00296,0.00650,0.00081,0.03418,0.6987
9.8000,JELLY_B,0.1368,2.4023,1.00,J_PULSE_CRUISE,7.47,0.0166,0.075,1.4777,2.9340,-3.7746,-0.00047,0.01442,-0.00013,0.02687,0.2830
9.8000,JELLY_C,0.2381,-0.2881,1.00,J_DESCEND,9.72,0.0148,0.088,0.5425,3.6182,-3.9186,0.00054,0.00167,0.00045,0.02730,0.8430
9.8333,JELLY_A,0.2179,-0.1139,1.00,J_PULSE_CRUISE,15.20,0.0191,0.090,1.0302,2.1175,-3.4450,0.00293,0.00644,0.00082,0.03426,0.7539
9.8333,JELLY_B,0.1490,2.0614,1.00,J_PULSE_CRUISE,7.50,0.0183,0.075,1.4777,2.9345,-3.7746,-0.00047,0.01448,-0.00012,0.02719,0.3523
9.8333,JELLY_C,0.2510,-0.3826,1.00,J_DESCEND,9.75,0.0140,0.088,0.5425,3.6183,-3.9186,0.00055,0.00152,0.00044,0.02664,0.8854
9.8667,JELLY_A,0.2287,-0.1819,1.00,J_PULSE_CRUISE,15.22,0.0182,0.090,1.0303,2.1177,-3.4450,0.00291,0.00638,0.00082,0.03428,0.8030
9.8667,JELLY_B,0.1611,1.6449,1.00,J_PULSE_CRUISE,7.54,0.0195,0.075,1.4777,2.9350,-3.7746,-0.00048,0.01449,-0.00012,0.02758,0.4258
9.8667,JELLY_C,0.2639,-0.4746,1.00,J_DESCEND,9.77,0.0132,0.088,0.5425,3.6183,-3.9185,0.00055,0.00136,0.00042,0.02601,0.9183
9.9000,JELLY_A,0.2394,-0.2491,1.00,J_PULSE_CRUISE,15.24,0.0173,0.090,1.0304,2.1179,-3.4450,0.00288,0.00632,0.00083,0.03426,0.8455
9.9000,JELLY_B,0.1733,1.1680,1.00,J_PULSE_CRUISE,7.58,0.0201,0.075,1.4777,2.9354,-3.7746,-0.00048,0.01445,-0.00013,0.02795,0.5012
9.9000,JELLY_C,0.2768,-0.5636,1.00,J_DESCEND,9.79,0.0124,0.088,0.5425,3.6184,-3.9185,0.00056,0.00120,0.00041,0.02541,0.9422
9.9333,JELLY_A,0.2502,-0.3152,1.00,J_PULSE_CRUISE,15.25,0.0165,0.090,1.0305,2.1181,-3.4449,0.00286,0.00627,0.00083,0.03419,0.8813
9.9333,JELLY_B,0.1855,0.6481,1.00,J_PULSE_CRUISE,7.61,0.0201,0.075,1.4777,2.9359,-3.7746,-0.00048,0.01437,-0.00014,0.02827,0.5763
9.9333,JELLY_C,0.2897,-0.6488,1.00,J_DESCEND,9.82,0.0117,0.088,0.5425,3.6184,-3.9185,0.00057,0.00105,0.00039,0.02483,0.9576
9.9667,JELLY_A,0.2610,-0.3798,1.00,J_PULSE_CRUISE,15.27,0.0157,0.090,1.0306,2.1183,-3.4449,0.00283,0.00621,0.00084,0.03406,0.9104
9.9667,JELLY_B,0.1977,0.1040,1.00,J_PULSE_CRUISE,7.65,0.0196,0.075,1.4777,2.9364,-3.7746,-0.00049,0.01427,-0.00015,0.02848,0.6486
9.9667,JELLY_C,0.3026,-0.7298,1.00,J_DESCEND,9.84,0.0109,0.088,0.5426,3.6184,-3.9185,0.00057,0.00089,0.00037,0.02424,0.9654
10.0000,JELLY_A,0.2718,-0.4428,1.00,J_PULSE_CRUISE,15.28,0.0150,0.090,1.0307,2.1185,-3.4449,0.00281,0.00615,0.00084,0.03388,0.9331
10.0000,JELLY_B,0.2099,-0.0713,1.00,J_PULSE_CRUISE,7.69,0.0187,0.075,1.4776,2.9369,-3.7746,-0.00049,0.01417,-0.00017,0.02855,0.7157
10.0000,JELLY_C,0.3155,-0.8061,1.00,J_DESCEND,9.86,0.0102,0.088,0.5426,3.6185,-3.9185,0.00058,0.00074,0.00036,0.02366,0.9664
10.0333,JELLY_A,0.2826,-0.5038,1.00,J_PULSE_CRUISE,15.29,0.0143,0.090,1.0308,2.1187,-3.4449,0.00278,0.00609,0.00085,0.03364,0.9497
10.0333,JELLY_B,0.2221,-0.1590,1.00,J_PULSE_CRUISE,7.72,0.0178,0.075,1.4776,2.9373,-3.7747,-0.00050,0.01407,-0.00018,0.02849,0.7757
10.0333,JELLY_C,0.3283,-0.8771,1.00,J_DESCEND,9.87,0.0096,0.088,0.5426,3.6185,-3.9185,0.00059,0.00059,0.00034,0.02305,0.9612
10.0667,JELLY_A,0.2933,-0.5626,1.00,J_PULSE_CRUISE,15.31,0.0136,0.090,1.0309,2.1189,-3.4448,0.00276,0.00604,0.00085,0.03334,0.9606
10.0667,JELLY_B,0.2343,-0.2458,1.00,J_PULSE_CRUISE,7.76,0.0170,0.075,1.4776,2.9378,-3.7747,-0.00050,0.01397,-0.00019,0.02832,0.8276
10.0667,JELLY_C,0.3412,-0.9423,1.00,J_DESCEND,9.89,0.0089,0.088,0.5426,3.6185,-3.9185,0.00059,0.00044,0.00033,0.02241,0.9507
10.1000,JELLY_A,0.3041,-0.6187,1.00,J_PULSE_CRUISE,15.31,0.0130,0.090,1.0310,2.1191,-3.4448,0.00273,0.00598,0.00086,0.03299,0.9663
10.1000,JELLY_B,0.2465,-0.3312,1.00,J_PULSE_CRUISE,7.79,0.0162,0.075,1.4776,2.9383,-3.7747,-0.00051,0.01387,-0.00021,0.02809,0.8709
10.1000,JELLY_C,0.3541,-1.0014,1.00,J_DESCEND,9.91,0.0083,0.088,0.5426,3.6185,-3.9185,0.00060,0.00029,0.00031,0.02174,0.9354
10.1333,JELLY_A,0.3149,-0.6721,1.00,J_PULSE_CRUISE,15.32,0.0124,0.090,1.0311,2.1193,-3.4448,0.00271,0.00592,0.00086,0.03258,0.9672
10.1333,JELLY_B,0.2587,-0.4147,1.00,J_PULSE_CRUISE,7.82,0.0154,0.075,1.4776,2.9387,-3.7747,-0.00051,0.01377,-0.00022,0.02781,0.9056
10.1333,JELLY_C,0.3670,-1.0539,1.00,J_DESCEND,9.92,0.0076,0.088,0.5427,3.6185,-3.9185,0.00060,0.00014,0.00030,0.02106,0.9160
10.1667,JELLY_A,0.3257,-0.7224,1.00,J_PULSE_CRUISE,15.33,0.0119,0.090,1.0312,2.1195,-3.4447,0.00269,0.00587,0.00087,0.03213,0.9638
10.1667,JELLY_B,0.2709,-0.4959,1.00,J_PULSE_CRUISE,7.85,0.0146,0.075,1.4776,2.9392,-3.7747,-0.00052,0.01367,-0.00023,0.02749,0.9320
10.1667,JELLY_C,0.3799,-1.0996,1.00,J_DESCEND,9.93,0.0070,0.088,0.5427,3.6185,-3.9184,0.00061,-0.00000,0.00028,0.02038,0.8930
10.2000,JELLY_A,0.3365,-0.7695,1.00,J_PULSE_CRUISE,15.33,0.0114,0.090,1.0313,2.1197,-3.4447,0.00266,0.00581,0.00087,0.03164,0.9564
10.2000,JELLY_B,0.2831,-0.5742,1.00,J_PULSE_CRUISE,7.88,0.0139,0.075,1.4775,2.9396,-3.7747,-0.00052,0.01358,-0.00024,0.02711,0.9506
10.2000,JELLY_C,0.3928,-1.1380,1.00,J_DESCEND,9.95,0.0065,0.088,0.5427,3.6185,-3.9184,0.00062,-0.00015,0.00027,0.01973,0.8668
10.2333,JELLY_A,0.3473,-0.8130,1.00,J_PULSE_CRUISE,15.34,0.0110,0.090,1.0314,2.1199,-3.4447,0.00264,0.00576,0.00088,0.03112,0.9455
10.2333,JELLY_B,0.2953,-0.6493,1.00,J_PULSE_CRUISE,7.90,0.0131,0.075,1.4775,2.9401,-3.7747,-0.00053,0.01348,-0.00026,0.02666,0.9620
10.2333,JELLY_C,0.4057,-1.1690,1.00,J_DESCEND,9.96,0.0059,0.088,0.5427,3.6185,-3.9184,0.00063,-0.00029,0.00025,0.01913,0.8378
10.2667,JELLY_A,0.3581,-0.8528,1.00,J_PULSE_CRUISE,15.34,0.0106,0.090,1.0314,2.1201,-3.4447,0.00262,0.00571,0.00088,0.03058,0.9314
10.2667,JELLY_B,0.3076,-0.7205,1.00,J_PULSE_CRUISE,7.93,0.0124,0.075,1.4775,2.9405,-3.7747,-0.00053,0.01339,-0.00027,0.02615,0.9667
10.2667,JELLY_C,0.4186,-1.1923,1.00,J_DESCEND,9.97,0.0054,0.088,0.5427,3.6185,-3.9184,0.00063,-0.00042,0.00024,0.01862,0.8065
10.3000,JELLY_A,0.3689,-0.8887,1.00,J_PULSE_CRUISE,15.34,0.0102,0.090,1.0315,2.1203,-3.4446,0.00260,0.00565,0.00089,0.03001,0.9146
10.3000,JELLY_B,0.3198,-0.7876,1.00,J_PULSE_CRUISE,7.95,0.0118,0.075,1.4775,2.9410,-3.7747,-0.00053,0.01330,-0.00028,0.02559,0.9656
10.3000,JELLY_C,0.4315,-1.2078,1.00,J_DESCEND,9.98,0.0049,0.088,0.5428,3.6185,-3.9184,0.00064,-0.00054,0.00022,0.01820,0.7732
10.3333,JELLY_A,0.3797,-0.9205,1.00,J_PULSE_CRUISE,15.34,0.0099,0.090,1.0316,2.1205,-3.4446,0.00257,0.00560,0.00089,0.02943,0.8952
10.3333,JELLY_B,0.3320,-0.8501,1.00,J_PULSE_CRUISE,7.97,0.0111,0.075,1.4775,2.9414,-3.7747,-0.00054,0.01321,-0.00029,0.02498,0.9591
10.3333,JELLY_C,0.4444,-1.2153,1.00,J_DESCEND,9.98,0.0044,0.088,0.5428,3.6184,-3.9184,0.00065,-0.00064,0.00021,0.01787,0.7380
10.3667,JELLY_A,0.3905,-0.9481,1.00,J_PULSE_CRUISE,15.34,0.0096,0.090,1.0317,2.1207,-3.4446,0.00255,0.00555,0.00090,0.02883,0.8736
10.3667,JELLY_B,0.3442,-0.9076,1.00,J_PULSE_CRUISE,7.99,0.0104,0.075,1.4775,2.9419,-3.7747,-0.00054,0.01312,-0.00030,0.02434,0.9480
10.3667,JELLY_C,0.4573,-1.2149,1.00,J_DESCEND,9.99,0.0039,0.088,0.5428,3.6184,-3.9184,0.00066,-0.00072,0.00021,0.01762,0.7015
10.4000,JELLY_A,0.4013,-0.9713,1.00,J_PULSE_CRUISE,15.34,0.0094,0.090,1.0318,2.1208,-3.4445,0.00253,0.00550,0.00090,0.02825,0.8499
10.4000,JELLY_B,0.3565,-0.9598,1.00,J_PULSE_CRUISE,8.01,0.0098,0.075,1.4774,2.9423,-3.7747,-0.00054,0.01303,-0.00031,0.02367,0.9327
10.4000,JELLY_C,0.4702,-1.2065,1.00,J_DESCEND,10.00,0.0035,0.088,0.5428,3.6184,-3.9184,0.00067,-0.00077,0.00020,0.01746,0.6637
10.4333,JELLY_A,0.4121,-0.9901,1.00,J_PULSE_CRUISE,15.34,0.0093,0.090,1.0319,2.1210,-3.4445,0.00251,0.00545,0.00091,0.02768,0.8245
10.4333,JELLY_B,0.3687,-1.0064,1.00,J_PULSE_CRUISE,8.03,0.0092,0.075,1.4774,2.9427,-3.7748,-0.00055,0.01295,-0.00032,0.02298,0.9138
10.4333,JELLY_C,0.4831,-1.1902,1.00,J_DESCEND,10.00,0.0031,0.088,0.5429,3.6184,-3.9184,0.00068,-0.00080,0.00021,0.01738,0.6250
10.4667,JELLY_A,0.4229,-1.0043,1.00,J_PULSE_CRUISE,15.33,0.0091,0.090,1.0320,2.1212,-3.4445,0.00249,0.00541,0.00091,0.02714,0.7976
10.4667,JELLY_B,0.3810,-1.0471,1.00,J_PULSE_CRUISE,8.05,0.0086,0.075,1.4774,2.9432,-3.7748,-0.00055,0.01286,-0.00033,0.02228,0.8916
10.4667,JELLY_C,0.4960,-1.1661,1.00,J_DESCEND,10.01,0.0027,0.088,0.5429,3.6183,-3.9184,0.00069,-0.00081,0.00021,0.01737,0.5857
10.5000,JELLY_A,0.4337,-1.0139,1.00,J_PULSE_CRUISE,15.33,0.0091,0.090,1.0320,2.1214,-3.4444,0.00248,0.00538,0.00091,0.02664,0.7692
10.5000,JELLY_B,0.3932,-1.0816,1.00,J_PULSE_CRUISE,8.06,0.0080,0.075,1.4774,2.9436,-3.7748,-0.00055,0.01277,-0.00034,0.02160,0.8666
10.5000,JELLY_C,0.5090,-1.1342,1.00,J_DESCEND,10.01,0.0024,0.088,0.5429,3.6183,-3.9184,0.00070,-0.00078,0.00022,0.01742,0.5459
10.5333,JELLY_A,0.4446,-1.0188,1.00,J_PULSE_CRUISE,15.32,0.0090,0.090,1.0321,2.1216,-3.4444,0.00246,0.00535,0.00092,0.02617,0.7397
10.5333,JELLY_B,0.4054,-1.1097,1.00,J_PULSE_CRUISE,8.08,0.0075,0.075,1.4774,2.9440,-3.7748,-0.00056,0.01269,-0.00035,0.02095,0.8392
10.5333,JELLY_C,0.5219,-1.0949,1.00,J_DESCEND,10.01,0.0021,0.088,0.5429,3.6183,-3.9184,0.00071,-0.00073,0.00024,0.01753,0.5059
10.5667,JELLY_A,0.4554,-1.0190,1.00,J_PULSE_CRUISE,15.31,0.0090,0.090,1.0322,2.1217,-3.4444,0.00245,0.00534,0.00092,0.02575,0.7091
10.5667,JELLY_B,0.4177,-1.1313,1.00,J_PULSE_CRUISE,8.09,0.0069,0.075,1.4773,2.9444,-3.7748,-0.00056,0.01262,-0.00036,0.02035,0.8095
10.5667,JELLY_C,0.5348,-1.0484,1.00,J_DESCEND,10.01,0.0019,0.088,0.5429,3.6183,-3.9183,0.00072,-0.00066,0.00026,0.01769,0.4660
10.6000,JELLY_A,0.4662,-1.0145,1.00,J_PULSE_CRUISE,15.30,0.0090,0.090,1.0323,2.1219,-3.4443,0.00245,0.00535,0.00093,0.02538,0.6776
10.6000,JELLY_B,0.4300,-1.1462,1.00,J_PULSE_CRUISE,8.10,0.0064,0.075,1.4773,2.9449,-3.7748,-0.00056,0.01255,-0.00036,0.01981,0.7780
10.6000,JELLY_C,0.5477,-0.9950,1.00,J_DESCEND,10.01,0.0018,0.088,0.5430,3.6183,-3.9183,0.00073,-0.00057,0.00028,0.01790,0.4264
10.6333,JELLY_A,0.4770,-1.0053,1.00,J_PULSE_CRUISE,15.30,0.0091,0.090,1.0324,2.1221,-3.4443,0.00245,0.00536,0.00093,0.02505,0.6455
10.6333,JELLY_B,0.4422,-1.1543,1.00,J_PULSE_CRUISE,8.12,0.0059,0.075,1.4773,2.9453,-3.7748,-0.00057,0.01251,-0.00037,0.01933,0.7449
10.6333,JELLY_C,0.5606,-0.9350,1.00,J_DESCEND,10.01,0.0017,0.088,0.5430,3.6182,-3.9183,0.00074,-0.00045,0.00031,0.01815,0.3873
10.6667,JELLY_A,0.4878,-0.9915,1.00,J_PULSE_CRUISE,15.29,0.0092,0.090,1.0325,2.1223,-3.4443,0.00245,0.00540,0.00094,0.02476,0.6127
10.6667,JELLY_B,0.4545,-1.1556,1.00,J_PULSE_CRUISE,8.13,0.0054,0.075,1.4773,2.9457,-3.7748,-0.00057,0.01248,-0.00037,0.01892,0.7104
10.6667,JELLY_C,0.5735,-0.8688,1.00,J_DESCEND,10.01,0.0018,0.088,0.5430,3.6182,-3.9183,0.00076,-0.00032,0.00034,0.01843,0.3491
10.7000,JELLY_A,0.4987,-0.9730,1.00,J_PULSE_CRUISE,15.28,0.0093,0.090,1.0325,2.1225,-3.4443,0.00245,0.00544,0.00094,0.02452,0.5796
10.7000,JELLY_B,0.4667,-1.1500,1.00,J_PULSE_CRUISE,8.14,0.0049,0.075,1.4773,2.9461,-3.7748,-0.00057,0.01247,-0.00037,0.01859,0.6747
10.7000,JELLY_C,0.5864,-0.7969,1.00,J_DESCEND,10.01,0.0020,0.088,0.5430,3.6182,-3.9183,0.00077,-0.00019,0.00037,0.01874,0.3119
10.7333,JELLY_A,0.5095,-0.9501,1.00,J_PULSE_CRUISE,15.26,0.0094,0.090,1.0326,2.1226,-3.4442,0.00246,0.00551,0.00095,0.02432,0.5461
10.7333,JELLY_B,0.4790,-1.1375,1.00,J_PULSE_CRUISE,8.14,0.0044,0.075,1.4772,2.9465,-3.7749,-0.00057,0.01248,-0.00037,0.01832,0.6382
10.7333,JELLY_C,0.5994,-0.7197,1.00,J_DESCEND,10.01,0.0022,0.088,0.5431,3.6182,-3.9183,0.00078,-0.00004,0.00040,0.01907,0.2759
10.7667,JELLY_A,0.5203,-0.9227,1.00,J_PULSE_CRUISE,15.25,0.0095,0.090,1.0327,2.1228,-3.4442,0.00248,0.00558,0.00095,0.02416,0.5126
10.7667,JELLY_B,0.4913,-1.1183,1.00,J_PULSE_CRUISE,8.15,0.0040,0.075,1.4772,2.9469,-3.7749,-0.00057,0.01251,-0.00036,0.01811,0.6009
10.7667,JELLY_C,0.6123,-0.6378,1.00,J_DESCEND,10.00,0.0024,0.088,0.5431,3.6182,-3.9183,0.00080,0.00010,0.00044,0.01942,0.2414
10.8000,JELLY_A,0.5311,-0.8911,1.00,J_PULSE_CRUISE,15.24,0.0097,0.090,1.0328,2.1230,-3.4442,0.00250,0.00567,0.00096,0.02403,0.4790
10.8000,JELLY_B,0.5036,-1.0924,1.00,J_PULSE_CRUISE,8.16,0.0035,0.075,1.4772,2.9474,-3.7749,-0.00057,0.01256,-0.00035,0.01796,0.5632
10.8000,JELLY_C,0.6252,-0.5516,1.00,J_DESCEND,10.00,0.0026,0.088,0.5431,3.6182,-3.9183,0.00081,0.00024,0.00047,0.01978,0.2087
10.8333,JELLY_A,0.5420,-0.8553,1.00,J_PULSE_CRUISE,15.22,0.0099,0.090,1.0329,2.1232,-3.4441,0.00252,0.00578,0.00096,0.02395,0.4456
10.8333,JELLY_B,0.5159,-1.0600,1.00,J_PULSE_CRUISE,8.17,0.0031,0.075,1.4772,2.9478,-3.7749,-0.00056,0.01264,-0.00033,0.01787,0.5252
10.8333,JELLY_C,0.6381,-0.4617,1.00,J_DESCEND,10.00,0.0029,0.088,0.5432,3.6182,-3.9182,0.00082,0.00038,0.00050,0.02014,0.1779
10.8667,JELLY_A,0.5528,-0.8155,1.00,J_PULSE_CRUISE,15.21,0.0100,0.090,1.0329,2.1234,-3.4441,0.00254,0.00589,0.00097,0.02389,0.4125
10.8667,JELLY_B,0.5281,-1.0213,1.00,J_PULSE_CRUISE,8.17,0.0027,0.075,1.4772,2.9482,-3.7749,-0.00056,0.01274,-0.00032,0.01782,0.4872
10.8667,JELLY_C,0.6511,-0.3688,1.00,J_DESCEND,9.99,0.0032,0.088,0.5432,3.6182,-3.9182,0.00083,0.00052,0.00053,0.02050,0.1492
10.9000,JELLY_A,0.5637,-0.7719,1.00,J_PULSE_CRUISE,15.19,0.0102,0.090,1.0330,2.1236,-3.4441,0.00257,0.00602,0.00097,0.02386,0.3799
10.9000,JELLY_B,0.5404,-0.9764,1.00,J_PULSE_CRUISE,8.18,0.0023,0.075,1.4772,2.9486,-3.7749,-0.00056,0.01286,-0.00030,0.01782,0.4493
10.9000,JELLY_C,0.6640,-0.2733,1.00,J_DESCEND,9.99,0.0034,0.088,0.5432,3.6183,-3.9182,0.00085,0.00066,0.00057,0.02087,0.1228
10.9333,JELLY_A,0.5745,-0.7247,1.00,J_PULSE_CRUISE,15.18,0.0104,0.090,1.0331,2.1238,-3.4440,0.00259,0.00615,0.00098,0.02387,0.3479
10.9333,JELLY_B,0.5527,-0.9257,1.00,J_PULSE_CRUISE,8.18,0.0019,0.075,1.4771,2.9491,-3.7749,-0.00056,0.01299,-0.00028,0.01787,0.4117
10.9333,JELLY_C,0.6769,-0.1761,1.00,J_DESCEND,9.98,0.0037,0.088,0.5432,3.6183,-3.9182,0.00086,0.00079,0.00060,0.02123,0.0990
10.9667,JELLY_A,0.5853,-0.6741,1.00,J_PULSE_CRUISE,15.16,0.0106,0.090,1.0332,2.1240,-3.4440,0.00262,0.00629,0.00098,0.02389,0.3166
10.9667,JELLY_B,0.5650,-0.8694,1.00,J_PULSE_CRUISE,8.18,0.0016,0.075,1.4771,2.9495,-3.7749,-0.00055,0.01314,-0.00025,0.01795,0.3748
10.9667,JELLY_C,0.6899,-0.0776,1.00,J_DESCEND,9.97,0.0040,0.088,0.5433,3.6183,-3.9182,0.00087,0.00093,0.00063,0.02159,0.0777
11.0000,JELLY_A,0.5962,-0.6204,1.00,J_PULSE_CRUISE,15.14,0.0108,0.090,1.0333,2.1242,-3.4440,0.00265,0.00643,0.00099,0.02394,0.2861
11.0000,JELLY_B,0.5773,-0.8078,1.00,J_PULSE_CRUISE,8.19,0.0012,0.075,1.4771,2.9499,-3.7749,-0.00055,0.01330,-0.00023,0.01806,0.3386
11.0000,JELLY_C,0.7028,0.0000,1.00,J_GLIDE,9.97,0.0042,0.088,0.5433,3.6184,-3.9182,0.00089,0.00109,0.00066,0.02195,0.0592
11.0333,JELLY_A,0.6070,-0.5638,1.00,J_PULSE_CRUISE,15.13,0.0110,0.090,1.0334,2.1244,-3.4439,0.00268,0.00657,0.00099,0.02401,0.2567
11.0333,JELLY_B,0.5896,-0.7414,1.00,J_PULSE_CRUISE,8.19,0.0009,0.075,1.4771,2.9504,-3.7749,-0.00054,0.01346,-0.00020,0.01820,0.3034
11.0333,JELLY_C,0.7157,0.0000,1.00,J_GLIDE,9.96,0.0045,0.088,0.5433,3.6184,-3.9181,0.00090,0.00131,0.00069,0.02230,0.0436
11.0667,JELLY_A,0.6179,-0.5045,1.00,J_PULSE_CRUISE,15.11,0.0112,0.090,1.0335,2.1247,-3.4439,0.00271,0.00671,0.00100,0.02410,0.2284
11.0667,JELLY_B,0.6019,-0.6705,1.00,J_PULSE_CRUISE,8.19,0.0006,0.075,1.4771,2.9508,-3.7750,-0.00054,0.01363,-0.00017,0.01836,0.2695
11.0667,JELLY_C,0.7287,0.0000,1.00,J_GLIDE,9.95,0.0047,0.088,0.5434,3.6184,-3.9181,0.00091,0.00152,0.00072,0.02264,0.0308
11.1000,JELLY_A,0.6287,-0.4428,1.00,J_PULSE_CRUISE,15.09,0.0114,0.090,1.0336,2.1249,-3.4439,0.00274,0.00685,0.00101,0.02420,0.2014
11.1000,JELLY_B,0.6142,-0.5955,1.00,J_PULSE_CRUISE,8.19,0.0005,0.075,1.4770,2.9513,-3.7750,-0.00054,0.01379,-0.00015,0.01855,0.2369
11.1000,JELLY_C,0.7416,0.0000,1.00,J_GLIDE,9.94,0.0050,0.088,0.5434,3.6185,-3.9181,0.00093,0.00173,0.00075,0.02297,0.0206
11.1333,JELLY_A,0.6396,-0.3791,1.00,J_PULSE_CRUISE,15.07,0.0116,0.090,1.0337,2.1251,-3.4438,0.00277,0.00699,0.00101,0.02432,0.1758
11.1333,JELLY_B,0.6266,-0.5169,1.00,J_PULSE_CRUISE,8.19,0.0006,0.075,1.4770,2.9518,-3.7750,-0.00053,0.01396,-0.00012,0.01876,0.2059
11.1333,JELLY_C,0.7545,0.0000,1.00,J_GLIDE,9.93,0.0052,0.088,0.5434,3.6186,-3.9181,0.00094,0.00192,0.00078,0.02328,0.0126
11.1667,JELLY_A,0.6504,-0.3135,1.00,J_PULSE_CRUISE,15.05,0.0118,0.090,1.0337,2.1254,-3.4438,0.00279,0.00713,0.00102,0.02445,0.1516
11.1667,JELLY_B,0.6389,-0.4351,1.00,J_PULSE_CRUISE,8.19,0.0008,0.075,1.4770,2.9522,-3.7750,-0.00053,0.01412,-0.00010,0.01898,0.1766
11.1667,JELLY_C,0.7675,0.0000,1.00,J_GLIDE,9.92,0.0055,0.088,0.5434,3.6186,-3.9180,0.00095,0.00211,0.00080,0.02359,0.0066
11.2000,JELLY_A,0.6613,-0.2465,1.00,J_PULSE_CRUISE,15.03,0.0120,0.090,1.0338,2.1256,-3.4438,0.00282,0.00726,0.00102,0.02458,0.1291
11.2000,JELLY_B,0.6512,-0.3506,1.00,J_PULSE_CRUISE,8.19,0.0010,0.075,1.4770,2.9527,-3.7750,-0.00052,0.01428,-0.00007,0.01921,0.1493
11.2000,JELLY_C,0.7804,0.0000,1.00,J_GLIDE,9.91,0.0057,0.088,0.5435,3.6187,-3.9180,0.00096,0.00228,0.00082,0.02388,0.0023
11.2333,JELLY_A,0.6721,-0.1783,1.00,J_PULSE_CRUISE,15.01,0.0122,0.090,1.0339,2.1258,-3.4437,0.00285,0.00740,0.00103,0.02473,0.1083
11.2333,JELLY_B,0.6635,-0.2640,1.00,J_PULSE_CRUISE,8.19,0.0013,0.075,1.4770,2.9532,-3.7750,-0.00052,0.01443,-0.00005,0.01944,0.1241
11.2333,JELLY_C,0.7934,0.0000,1.00,J_GLIDE,9.90,0.0059,0.088,0.5435,3.6188,-3.9180,0.00098,0.00245,0.00085,0.02415,-0.0007
11.2667,JELLY_A,0.6830,-0.1092,1.00,J_PULSE_CRUISE,14.98,0.0124,0.090,1.0340,2.1261,-3.4437,0.00287,0.00753,0.00104,0.02489,0.0894
11.2667,JELLY_B,0.6758,-0.1757,1.00,J_PULSE_CRUISE,8.18,0.0016,0.075,1.4770,2.9537,-3.7750,-0.00052,0.01459,-0.00002,0.01969,0.1011
11.2667,JELLY_C,0.8063,0.0000,1.00,J_GLIDE,9.89,0.0061,0.088,0.5435,3.6189,-3.9179,0.00099,0.00261,0.00087,0.02441,-0.0026
11.3000,JELLY_A,0.6938,-0.0396,1.00,J_PULSE_CRUISE,14.96,0.0126,0.090,1.0341,2.1263,-3.4437,0.00290,0.00767,0.00104,0.02505,0.0723
11.3000,JELLY_B,0.6882,-0.0862,1.00,J_PULSE_CRUISE,8.18,0.0019,0.075,1.4769,2.9541,-3.7750,-0.00051,0.01474,0.00000,0.01994,0.0805
11.3000,JELLY_C,0.8193,0.0000,1.00,J_GLIDE,9.88,0.0063,0.088,0.5436,3.6190,-3.9179,0.00100,0.00277,0.00088,0.02466,-0.0037
11.3333,JELLY_A,0.7047,0.0000,1.00,J_GLIDE,14.94,0.0128,0.090,1.0342,2.1266,-3.4436,0.00292,0.00780,0.00105,0.02522,0.0572
11.3333,JELLY_B,0.7005,0.0000,1.00,J_GLIDE,8.18,0.0021,0.075,1.4769,2.9546,-3.7750,-0.00051,0.01489,0.00003,0.02019,0.0625
11.3333,JELLY_C,0.8322,0.0000,1.00,J_GLIDE,9.86,0.0065,0.088,0.5436,3.6191,-3.9179,0.00101,0.00292,0.00090,0.02489,-0.0042
11.3667,JELLY_A,0.7156,0.0000,1.00,J_GLIDE,14.91,0.0130,0.090,1.0343,2.1269,-3.4436,0.00294,0.00793,0.00106,0.02539,0.0442
11.3667,JELLY_B,0.7129,0.0000,1.00,J_GLIDE,8.17,0.0024,0.075,1.4769,2.9551,-3.7750,-0.00051,0.01503,0.00005,0.02044,0.0470
11.3667,JELLY_C,0.8452,0.0000,1.00,J_GLIDE,9.85,0.0067,0.088,0.5436,3.6192,-3.9179,0.00102,0.00305,0.00092,0.02511,-0.0043
11.4000,JELLY_A,0.7264,0.0000,1.00,J_GLIDE,14.89,0.0132,0.090,1.0344,2.1271,-3.4436,0.00296,0.00805,0.00106,0.02556,0.0331
11.4000,JELLY_B,0.7252,0.0000,1.00,J_GLIDE,8.17,0.0026,0.075,1.4769,2.9556,-3.7750,-0.00050,0.01517,0.00007,0.02069,0.0341
11.4000,JELLY_C,0.8581,0.0000,1.00,J_GLIDE,9.84,0.0069,0.088,0.5437,3.6193,-3.9178,0.00103,0.00319,0.00093,0.02532,-0.0041
11.4333,JELLY_A,0.7373,0.0000,1.00,J_GLIDE,14.87,0.0133,0.090,1.0345,2.1274,-3.4435,0.00298,0.00817,0.00107,0.02574,0.0238
11.4333,JELLY_B,0.7375,0.0000,1.00,J_GLIDE,8.16,0.0029,0.075,1.4769,2.9562,-3.7750,-0.00050,0.01530,0.00009,0.02094,0.0236
11.4333,JELLY_C,0.8711,0.0000,1.00,J_GLIDE,9.83,0.0071,0.088,0.5437,3.6194,-3.9178,0.00105,0.00331,0.00095,0.02551,-0.0038
11.4667,JELLY_A,0.7482,0.0000,1.00,J_GLIDE,14.84,0.0135,0.090,1.0346,2.1277,-3.4435,0.00300,0.00828,0.00108,0.02592,0.0163
11.4667,JELLY_B,0.7499,0.0000,1.00,J_GLIDE,8.16,0.0031,0.075,1.4769,2.9567,-3.7750,-0.00050,0.01541,0.00011,0.02118,0.0153
11.4667,JELLY_C,0.8841,0.0000,1.00,J_GLIDE,9.81,0.0073,0.088,0.5438,3.6195,-3.9178,0.00106,0.00343,0.00096,0.02570,-0.0033
11.5000,JELLY_A,0.7590,0.0000,1.00,J_GLIDE,14.82,0.0137,0.090,1.0347,2.1280,-3.4434,0.00301,0.00838,0.00108,0.02609,0.0103
11.5000,JELLY_B,0.7622,0.0000,1.00,J_GLIDE,8.15,0.0034,0.075,1.4768,2.9572,-3.7750,-0.00049,0.01552,0.00013,0.02142,0.0089
11.5000,JELLY_C,0.8970,0.0000,1.00,J_GLIDE,9.80,0.0075,0.088,0.5438,3.6196,-3.9177,0.00107,0.00355,0.00097,0.02587,-0.0028
11.5333,JELLY_A,0.7699,0.0000,1.00,J_GLIDE,14.79,0.0138,0.090,1.0348,2.1282,-3.4434,0.00303,0.00848,0.00109,0.02627,0.0056
11.5333,JELLY_B,0.7746,0.0000,1.00,J_GLIDE,8.14,0.0036,0.075,1.4768,2.9577,-3.7750,-0.00049,0.01562,0.00015,0.02165,0.0041
11.5333,JELLY_C,0.9100,0.0000,1.00,J_GLIDE,9.78,0.0076,0.088,0.5438,3.6197,-3.9177,0.00108,0.00365,0.00098,0.02603,-0.0023
11.5667,JELLY_A,0.7808,0.0000,1.00,J_GLIDE,14.77,0.0140,0.090,1.0349,2.1285,-3.4434,0.00304,0.00858,0.00110,0.02645,0.0021
11.5667,JELLY_B,0.7870,0.0000,1.00,J_GLIDE,8.14,0.0038,0.075,1.4768,2.9582,-3.7749,-0.00049,0.01572,0.00016,0.02188,0.0006
11.5667,JELLY_C,0.9230,0.0000,1.00,J_GLIDE,9.77,0.0078,0.088,0.5439,3.6198,-3.9177,0.00109,0.00375,0.00099,0.02619,-0.0019
11.6000,JELLY_A,0.7916,0.0000,1.00,J_GLIDE,14.74,0.0142,0.090,1.0350,2.1288,-3.4433,0.00305,0.00867,0.00110,0.02663,-0.0005
11.6000,JELLY_B,0.7993,0.0000,1.00,J_GLIDE,8.13,0.0040,0.075,1.4768,2.9588,-3.7749,-0.00049,0.01581,0.00018,0.02210,-0.0017
11.6000,JELLY_C,0.9359,0.0000,1.00,J_GLIDE,9.75,0.0080,0.088,0.5439,3.6200,-3.9176,0.00110,0.00385,0.00100,0.02633,-0.0015
11.6333,JELLY_A,0.8025,0.0000,1.00,J_GLIDE,14.71,0.0143,0.090,1.0351,2.1291,-3.4433,0.00306,0.00876,0.00111,0.02680,-0.0023
11.6333,JELLY_B,0.8117,0.0000,1.00,J_GLIDE,8.12,0.0042,0.075,1.4768,2.9593,-3.7749,-0.00049,0.01589,0.00019,0.02232,-0.0032
11.6333,JELLY_C,0.9489,0.0000,1.00,J_GLIDE,9.74,0.0081,0.088,0.5439,3.6201,-3.9176,0.00111,0.00394,0.00101,0.02647,-0.0011
11.6667,JELLY_A,0.8134,0.0000,1.00,J_GLIDE,14.69,0.0145,0.090,1.0352,2.1294,-3.4433,0.00307,0.00884,0.00112,0.02698,-0.0035
11.6667,JELLY_B,0.8241,0.0000,1.00,J_GLIDE,8.11,0.0044,0.075,1.4768,2.9598,-3.7749,-0.00049,0.01596,0.00021,0.02252,-0.0040
11.6667,JELLY_C,0.9619,0.0000,1.00,J_GLIDE,9.72,0.0083,0.088,0.5440,3.6202,-3.9176,0.00112,0.00402,0.00102,0.02660,-0.0008
11.7000,JELLY_A,0.8243,0.0000,1.00,J_GLIDE,14.66,0.0146,0.090,1.0353,2.1297,-3.4432,0.00307,0.00892,0.00112,0.02715,-0.0042
11.7000,JELLY_B,0.8364,0.0000,1.00,J_GLIDE,8.10,0.0046,0.075,1.4767,2.9603,-3.7749,-0.00048,0.01602,0.00022,0.02273,-0.0044
11.7000,JELLY_C,0.9749,0.0000,1.00,J_GLIDE,9.71,0.0084,0.088,0.5440,3.6204,-3.9175,0.00114,0.00410,0.00102,0.02672,-0.0006
11.7333,JELLY_A,0.8352,0.0000,1.00,J_GLIDE,14.63,0.0147,0.090,1.0354,2.1300,-3.4432,0.00308,0.00899,0.00113,0.02732,-0.0045
11.7333,JELLY_B,0.8488,0.0000,1.00,J_GLIDE,8.10,0.0048,0.075,1.4767,2.9609,-3.7749,-0.00048,0.01608,0.00023,0.02292,-0.0043
11.7333,JELLY_C,0.9878,0.0000,1.00,J_GLIDE,9.69,0.0085,0.088,0.5440,3.6205,-3.9175,0.00115,0.00418,0.00103,0.02683,-0.0004
11.7667,JELLY_A,0.8460,0.0000,1.00,J_GLIDE,14.60,0.0149,0.090,1.0355,2.1303,-3.4432,0.00308,0.00906,0.00114,0.02749,-0.0045
11.7667,JELLY_B,0.8612,0.0000,1.00,J_GLIDE,8.09,0.0050,0.075,1.4767,2.9614,-3.7749,-0.00048,0.01614,0.00024,0.02311,-0.0041
11.7667,JELLY_C,0.0008,0.0392,1.00,J_PULSE_CRUISE,9.67,0.0087,0.072,0.5441,3.6206,-3.9175,0.00116,0.00421,0.00102,0.02695,-0.0002
11.8000,JELLY_A,0.8569,0.0000,1.00,J_GLIDE,14.58,0.0150,0.090,1.0356,2.1306,-3.4431,0.00309,0.00913,0.00114,0.02766,-0.0044
11.8000,JELLY_B,0.8736,0.0000,1.00,J_GLIDE,8.08,0.0052,0.075,1.4767,2.9620,-3.7749,-0.00048,0.01619,0.00025,0.02329,-0.0037
11.8000,JELLY_C,0.0138,0.6579,1.00,J_PULSE_CRUISE,9.66,0.0084,0.072,0.5441,3.6208,-3.9174,0.00116,0.00414,0.00100,0.02705,0.0001
11.8333,JELLY_A,0.8678,0.0000,1.00,J_GLIDE,14.55,0.0151,0.090,1.0357,2.1309,-3.4431,0.00309,0.00919,0.00115,0.02783,-0.0041
11.8333,JELLY_B,0.8860,0.0000,1.00,J_GLIDE,8.07,0.0053,0.075,1.4767,2.9625,-3.7749,-0.00048,0.01623,0.00026,0.02347,-0.0033
11.8333,JELLY_C,0.0268,1.2497,1.00,J_PULSE_CRUISE,9.64,0.0075,0.072,0.5442,3.6209,-3.9174,0.00117,0.00410,0.00099,0.02716,0.0015
11.8667,JELLY_A,0.8787,0.0000,1.00,J_GLIDE,14.52,0.0152,0.090,1.0358,2.1312,-3.4430,0.00309,0.00925,0.00116,0.02799,-0.0037
11.8667,JELLY_B,0.8984,0.0000,1.00,J_GLIDE,8.06,0.0055,0.075,1.4767,2.9630,-3.7749,-0.00048,0.01626,0.00027,0.02363,-0.0028
11.8667,JELLY_C,0.0398,1.7900,1.00,J_PULSE_CRUISE,9.63,0.0060,0.072,0.5442,3.6211,-3.9174,0.00118,0.00411,0.00098,0.02726,0.0058
11.9000,JELLY_A,0.8896,0.0000,1.00,J_GLIDE,14.49,0.0154,0.090,1.0359,2.1315,-3.4430,0.00309,0.00931,0.00117,0.02816,-0.0032
11.9000,JELLY_B,0.9108,0.0000,1.00,J_GLIDE,8.05,0.0057,0.075,1.4766,2.9636,-3.7749,-0.00048,0.01630,0.00027,0.02380,-0.0023
11.9000,JELLY_C,0.0528,2.2562,1.00,J_PULSE_CRUISE,9.62,0.0042,0.072,0.5442,3.6212,-3.9173,0.00119,0.00418,0.00099,0.02737,0.0149
11.9333,JELLY_A,0.9005,0.0000,1.00,J_GLIDE,14.46,0.0155,0.090,1.0361,2.1318,-3.4430,0.00309,0.00936,0.00117,0.02832,-0.0028
11.9333,JELLY_B,0.9232,0.0000,1.00,J_GLIDE,8.04,0.0058,0.075,1.4766,2.9641,-3.7749,-0.00048,0.01632,0.00028,0.02395,-0.0019
11.9333,JELLY_C,0.0658,2.6291,1.00,J_PULSE_CRUISE,9.61,0.0022,0.072,0.5443,3.6213,-3.9173,0.00120,0.00432,0.00100,0.02748,0.0309
11.9667,JELLY_A,0.9113,0.0000,1.00,J_GLIDE,14.43,0.0156,0.090,1.0362,2.1321,-3.4429,0.00308,0.00940,0.00118,0.02848,-0.0024
11.9667,JELLY_B,0.9356,0.0000,1.00,J_GLIDE,8.02,0.0060,0.075,1.4766,2.9647,-3.7749,-0.00048,0.01634,0.00029,0.02410,-0.0015
11.9667,JELLY_C,0.0787,2.8929,1.00,J_PULSE_CRUISE,9.61,0.0015,0.072,0.5443,3.6215,-3.9173,0.00122,0.00451,0.00103,0.02758,0.0554
12.0000,JELLY_A,0.9222,0.0000,1.00,J_GLIDE,14.40,0.0157,0.090,1.0363,2.1325,-3.4429,0.00308,0.00945,0.00119,0.02863,-0.0020
12.0000,JELLY_B,0.9480,0.0000,1.00,J_GLIDE,8.01,0.0061,0.075,1.4766,2.9652,-3.7748,-0.00048,0.01636,0.00029,0.02425,-0.0011
12.0000,JELLY_C,0.0917,3.0368,1.00,J_PULSE_CRUISE,9.61,0.0036,0.072,0.5444,3.6216,-3.9172,0.00123,0.00474,0.00106,0.02768,0.0896
12.0333,JELLY_A,0.9331,0.0000,1.00,J_GLIDE,14.37,0.0158,0.090,1.0364,2.1328,-3.4428,0.00308,0.00949,0.00119,0.02879,-0.0016
12.0333,JELLY_B,0.9604,0.0000,1.00,J_GLIDE,8.00,0.0062,0.075,1.4766,2.9658,-3.7748,-0.00048,0.01637,0.00030,0.02439,-0.0008
12.0333,JELLY_C,0.1047,3.0546,1.00,J_PULSE_CRUISE,9.62,0.0062,0.072,0.5444,3.6218,-3.9172,0.00125,0.00498,0.00109,0.02776,0.1340
12.0667,JELLY_A,0.9440,0.0000,1.00,J_GLIDE,14.34,0.0159,0.090,1.0365,2.1331,-3.4428,0.00307,0.00953,0.00120,0.02894,-0.0013
12.0667,JELLY_B,0.9728,0.0000,1.00,J_GLIDE,7.99,0.0064,0.075,1.4766,2.9663,-3.7748,-0.00048,0.01638,0.00030,0.02453,-0.0006
12.0667,JELLY_C,0.1177,2.9454,1.00,J_PULSE_CRUISE,9.64,0.0086,0.072,0.5444,3.6220,-3.9172,0.00126,0.00520,0.00112,0.02785,0.1885
12.1000,JELLY_A,0.9549,0.0000,1.00,J_GLIDE,14.31,0.0160,0.090,1.0366,2.1334,-3.4428,0.00306,0.00956,0.00121,0.02909,-0.0010
12.1000,JELLY_B,0.9852,0.0000,1.00,J_GLIDE,7.98,0.0065,0.075,1.4765,2.9669,-3.7748,-0.00048,0.01639,0.00031,0.02466,-0.0004
12.1000,JELLY_C,0.1307,2.7137,1.00,J_PULSE_CRUISE,9.65,0.0108,0.072,0.5445,3.6222,-3.9171,0.00127,0.00539,0.00114,0.02794,0.2522
12.1333,JELLY_A,0.9658,0.0000,1.00,J_GLIDE,14.28,0.0161,0.090,1.0367,2.1337,-3.4427,0.00306,0.00960,0.00121,0.02924,-0.0008
12.1333,JELLY_B,0.9976,0.0000,1.00,J_GLIDE,7.96,0.0066,0.075,1.4765,2.9674,-3.7748,-0.00049,0.01639,0.00031,0.02479,-0.0003
12.1333,JELLY_C,0.1438,2.3689,1.00,J_PULSE_CRUISE,9.68,0.0126,0.072,0.5445,3.6223,-3.9171,0.00129,0.00552,0.00115,0.02803,0.3236
12.1667,JELLY_A,0.9767,0.0000,1.00,J_GLIDE,14.25,0.0162,0.090,1.0368,2.1341,-3.4427,0.00305,0.00963,0.00122,0.02939,-0.0006
12.1667,JELLY_B,0.0100,0.4595,1.00,J_PULSE_CRUISE,7.95,0.0065,0.081,1.4765,2.9679,-3.7748,-0.00049,0.01625,0.00030,0.02492,-0.0001
12.1667,JELLY_C,0.1568,1.9255,1.00,J_PULSE_CRUISE,9.70,0.0140,0.072,0.5446,3.6225,-3.9170,0.00130,0.00558,0.00116,0.02814,0.4006
12.2000,JELLY_A,0.9876,0.0000,1.00,J_GLIDE,14.22,0.0162,0.090,1.0369,2.1344,-3.4426,0.00304,0.00965,0.00123,0.02953,-0.0004
12.2000,JELLY_B,0.0225,1.0117,1.00,J_PULSE_CRUISE,7.94,0.0056,0.081,1.4765,2.9685,-3.7748,-0.00049,0.01614,0.00029,0.02504,0.0008
12.2000,JELLY_C,0.1698,1.4016,1.00,J_PULSE_CRUISE,9.73,0.0148,0.072,0.5446,3.6227,-3.9170,0.00131,0.00558,0.00115,0.02825,0.4809
12.2333,JELLY_A,0.9985,0.0000,1.00,J_GLIDE,14.19,0.0163,0.090,1.0370,2.1347,-3.4426,0.00303,0.00968,0.00123,0.02967,-0.0002
12.2333,JELLY_B,0.0349,1.5258,1.00,J_PULSE_CRUISE,7.93,0.0042,0.081,1.4765,2.9690,-3.7748,-0.00050,0.01607,0.00028,0.02517,0.0037
12.2333,JELLY_C,0.1828,0.8191,1.00,J_PULSE_CRUISE,9.76,0.0150,0.072,0.5447,3.6229,-3.9170,0.00131,0.00553,0.00113,0.02832,0.5614
12.2667,JELLY_A,0.0094,0.0189,0.05,J_DRIFT_IDLE,14.16,0.0164,0.000,1.0371,2.1350,-3.4426,0.00300,0.00960,0.00124,0.02981,-0.0001
12.2667,JELLY_B,0.0473,1.9823,1.00,J_PULSE_CRUISE,7.92,0.0023,0.081,1.4765,2.9696,-3.7748,-0.00050,0.01605,0.00028,0.02532,0.0103
12.2667,JELLY_C,0.1958,0.2021,1.00,J_PULSE_CRUISE,9.78,0.0146,0.072,0.5447,3.6231,-3.9169,0.00132,0.00545,0.00111,0.02828,0.6393
12.3000,JELLY_A,0.0203,0.0403,0.05,J_DRIFT_IDLE,14.13,0.0165,0.000,1.0372,2.1353,-3.4425,0.00296,0.00952,0.00124,0.02995,-0.0000
12.3000,JELLY_B,0.0598,2.3638,1.00,J_PULSE_CRUISE,7.92,0.0004,0.081,1.4765,2.9701,-3.7748,-0.00050,0.01609,0.00029,0.02548,0.0224
12.3000,JELLY_C,0.2088,-0.0680,1.00,J_PULSE_CRUISE,9.81,0.0138,0.072,0.5447,3.6233,-3.9169,0.00133,0.00536,0.00108,0.02806,0.7115
12.3333,JELLY_A,0.0312,0.0605,0.05,J_DRIFT_IDLE,14.10,0.0165,0.000,1.0373,2.1357,-3.4425,0.00293,0.00944,0.00125,0.03009,0.0001
12.3333,JELLY_B,0.0722,2.6556,1.00,J_PULSE_CRUISE,7.92,0.0029,0.081,1.4764,2.9706,-3.7747,-0.00050,0.01619,0.00031,0.02565,0.0417
12.3333,JELLY_C,0.2218,-0.1679,1.00,J_PULSE_CRUISE,9.84,0.0130,0.072,0.5448,3.6234,-3.9169,0.00134,0.00527,0.00106,0.02759,0.7759
12.3667,JELLY_A,0.0421,0.0789,0.05,J_DRIFT_IDLE,14.07,0.0166,0.000,1.0374,2.1360,-3.4424,0.00289,0.00936,0.00126,0.03022,0.0004
12.3667,JELLY_B,0.0846,2.8465,1.00,J_PULSE_CRUISE,7.93,0.0058,0.081,1.4764,2.9712,-3.7747,-0.00049,0.01632,0.00033,0.02585,0.0693
12.3667,JELLY_C,0.2349,-0.2667,1.00,J_PULSE_CRUISE,9.86,0.0122,0.072,0.5448,3.6236,-3.9168,0.00135,0.00519,0.00104,0.02684,0.8309
12.4000,JELLY_A,0.0530,0.0950,0.05,J_DRIFT_IDLE,14.03,0.0167,0.000,1.0375,2.1363,-3.4424,0.00286,0.00929,0.00126,0.03035,0.0008
12.4000,JELLY_B,0.0971,2.9292,1.00,J_PULSE_CRUISE,7.94,0.0087,0.081,1.4764,2.9717,-3.7747,-0.00049,0.01648,0.00036,0.02607,0.1061
12.4000,JELLY_C,0.2479,-0.3638,1.00,J_PULSE_CRUISE,9.88,0.0115,0.072,0.5449,3.6238,-3.9168,0.00135,0.00510,0.00102,0.02591,0.8761
12.4333,JELLY_A,0.0639,0.1084,0.05,J_DRIFT_IDLE,14.00,0.0167,0.000,1.0376,2.1366,-3.4423,0.00283,0.00921,0.00127,0.03048,0.0014
12.4333,JELLY_B,0.1095,2.9003,1.00,J_PULSE_CRUISE,7.96,0.0116,0.081,1.4764,2.9723,-3.7747,-0.00049,0.01663,0.00038,0.02630,0.1523
12.4333,JELLY_C,0.2609,-0.4586,1.00,J_PULSE_CRUISE,9.90,0.0107,0.072,0.5449,3.6239,-3.9167,0.00136,0.00501,0.00099,0.02495,0.9116
12.4667,JELLY_A,0.0748,0.1186,0.05,J_DRIFT_IDLE,13.97,0.0168,0.000,1.0376,2.1369,-3.4423,0.00279,0.00914,0.00127,0.03060,0.0024
12.4667,JELLY_B,0.1220,2.7608,1.00,J_PULSE_CRUISE,7.99,0.0143,0.081,1.4764,2.9728,-3.7747,-0.00048,0.01677,0.00040,0.02655,0.2075
12.4667,JELLY_C,0.2739,-0.5503,1.00,J_PULSE_CRUISE,9.92,0.0100,0.072,0.5450,3.6241,-3.9167,0.00137,0.00493,0.00097,0.02408,0.9377
12.5000,JELLY_A,0.0857,0.1253,0.05,J_DRIFT_IDLE,13.94,0.0169,0.000,1.0377,2.1372,-3.4423,0.00276,0.00907,0.00128,0.03073,0.0036
12.5000,JELLY_B,0.1344,2.5159,1.00,J_PULSE_CRUISE,8.02,0.0166,0.081,1.4764,2.9734,-3.7747,-0.00048,0.01686,0.00042,0.02683,0.2708
12.5000,JELLY_C,0.2870,-0.6384,1.00,J_PULSE_CRUISE,9.94,0.0093,0.072,0.5450,3.6243,-3.9167,0.00138,0.00485,0.00095,0.02330,0.9551
12.5333,JELLY_A,0.0966,0.1283,0.05,J_DRIFT_IDLE,13.91,0.0169,0.000,1.0378,2.1375,-3.4422,0.00273,0.00899,0.00128,0.03085,0.0052
12.5333,JELLY_B,0.1469,2.1747,1.00,J_PULSE_CRUISE,8.05,0.0186,0.081,1.4763,2.9739,-3.7747,-0.00048,0.01690,0.00043,0.02722,0.3407
12.5333,JELLY_C,0.3000,-0.7222,1.00,J_PULSE_CRUISE,9.96,0.0087,0.072,0.5451,3.6244,-3.9167,0.00138,0.00476,0.00093,0.02262,0.9645
12.5667,JELLY_A,0.1075,0.1276,0.05,J_DRIFT_IDLE,13.87,0.0170,0.000,1.0379,2.1378,-3.4422,0.00270,0.00892,0.00129,0.03096,0.0072
12.5667,JELLY_B,0.1593,1.7503,1.00,J_PULSE_CRUISE,8.08,0.0199,0.081,1.4763,2.9745,-3.7747,-0.00048,0.01688,0.00043,0.02776,0.4153
12.5667,JELLY_C,0.3130,-0.8013,1.00,J_PULSE_CRUISE,9.97,0.0080,0.072,0.5451,3.6246,-3.9166,0.00139,0.00468,0.00091,0.02200,0.9667
12.6000,JELLY_A,0.1185,0.1232,0.05,J_DRIFT_IDLE,13.84,0.0170,0.000,1.0380,2.1381,-3.4421,0.00267,0.00885,0.00129,0.03108,0.0095
12.6000,JELLY_B,0.1718,1.2587,1.00,J_PULSE_CRUISE,8.12,0.0207,0.081,1.4763,2.9751,-3.7746,-0.00049,0.01680,0.00043,0.02830,0.4924
12.6000,JELLY_C,0.3261,-0.8750,1.00,J_PULSE_CRUISE,9.99,0.0074,0.072,0.5452,3.6247,-3.9166,0.00140,0.00460,0.00090,0.02139,0.9625
12.6333,JELLY_A,0.1294,0.1151,0.05,J_DRIFT_IDLE,13.81,0.0170,0.000,1.0381,2.1384,-3.4421,0.00264,0.00878,0.00130,0.03119,0.0121
12.6333,JELLY_B,0.1843,0.7187,1.00,J_PULSE_CRUISE,8.16,0.0209,0.081,1.4763,2.9756,-3.7746,-0.00049,0.01669,0.00042,0.02874,0.5693
12.6333,JELLY_C,0.3391,-0.9429,1.00,J_PULSE_CRUISE,10.00,0.0068,0.072,0.5452,3.6249,-3.9166,0.00141,0.00452,0.00088,0.02078,0.9527
12.6667,JELLY_A,0.1403,0.1037,0.05,J_DRIFT_IDLE,13.78,0.0171,0.000,1.0382,2.1387,-3.4420,0.00261,0.00871,0.00130,0.03130,0.0150
12.6667,JELLY_B,0.1967,0.1507,1.00,J_PULSE_CRUISE,8.20,0.0204,0.081,1.4763,2.9762,-3.7746,-0.00050,0.01655,0.00040,0.02904,0.6436
12.6667,JELLY_C,0.3522,-1.0045,1.00,J_PULSE_CRUISE,10.01,0.0062,0.072,0.5453,3.6250,-3.9165,0.00141,0.00443,0.00086,0.02014,0.9380
12.7000,JELLY_A,0.1512,0.0892,0.05,J_DRIFT_IDLE,13.75,0.0171,0.000,1.0383,2.1390,-3.4420,0.00258,0.00864,0.00131,0.03141,0.0182
12.7000,JELLY_B,0.2092,-0.0679,1.00,J_PULSE_CRUISE,8.24,0.0194,0.081,1.4763,2.9767,-3.7746,-0.00050,0.01641,0.00039,0.02914,0.7126
12.7000,JELLY_C,0.3652,-1.0594,1.00,J_PULSE_CRUISE,10.02,0.0056,0.072,0.5453,3.6252,-3.9165,0.00142,0.00435,0.00084,0.01950,0.9189
12.7333,JELLY_A,0.1621,0.0721,0.05,J_DRIFT_IDLE,13.71,0.0172,0.000,1.0384,2.1392,-3.4420,0.00255,0.00857,0.00131,0.03152,0.0215
12.7333,JELLY_B,0.2217,-0.1597,1.00,J_PULSE_CRUISE,8.28,0.0185,0.081,1.4762,2.9773,-3.7746,-0.00051,0.01627,0.00037,0.02906,0.7743
12.7333,JELLY_C,0.3783,-1.1072,1.00,J_PULSE_CRUISE,10.03,0.0051,0.072,0.5453,3.6253,-3.9165,0.00143,0.00428,0.00082,0.01886,0.8961
12.7667,JELLY_A,0.1730,0.0529,0.05,J_DRIFT_IDLE,13.68,0.0172,0.000,1.0384,2.1395,-3.4419,0.00252,0.00851,0.00132,0.03162,0.0249
12.7667,JELLY_B,0.2342,-0.2504,1.00,J_PULSE_CRUISE,8.31,0.0177,0.081,1.4762,2.9778,-3.7746,-0.00051,0.01613,0.00036,0.02883,0.8274
12.7667,JELLY_C,0.3913,-1.1476,1.00,J_PULSE_CRUISE,10.04,0.0045,0.072,0.5454,3.6255,-3.9165,0.00143,0.00420,0.00081,0.01826,0.8699
12.8000,JELLY_A,0.1839,0.0321,0.05,J_DRIFT_IDLE,13.65,0.0172,0.000,1.0385,2.1398,-3.4419,0.00249,0.00844,0.00132,0.03173,0.0282
12.8000,JELLY_B,0.2466,-0.3398,1.00,J_PULSE_CRUISE,8.35,0.0168,0.081,1.4762,2.9784,-3.7746,-0.00052,0.01600,0.00035,0.02851,0.8716
12.8000,JELLY_C,0.4044,-1.1803,1.00,J_PULSE_CRUISE,10.05,0.0040,0.072,0.5454,3.6256,-3.9164,0.00144,0.00412,0.00079,0.01771,0.8409
12.8333,JELLY_A,0.1948,0.0104,0.05,J_DRIFT_IDLE,13.61,0.0173,0.000,1.0386,2.1401,-3.4418,0.00246,0.00837,0.00133,0.03183,0.0315
12.8333,JELLY_B,0.2591,-0.4271,1.00,J_PULSE_CRUISE,8.38,0.0160,0.081,1.4762,2.9789,-3.7746,-0.00052,0.01586,0.00033,0.02815,0.9069
12.8333,JELLY_C,0.4174,-1.2050,1.00,J_PULSE_CRUISE,10.06,0.0035,0.072,0.5455,3.6257,-3.9164,0.00145,0.00405,0.00078,0.01723,0.8094
12.8667,JELLY_A,0.2058,-0.0019,0.05,J_DRIFT_IDLE,13.58,0.0173,0.000,1.0387,2.1404,-3.4418,0.00243,0.00831,0.00133,0.03193,0.0346
12.8667,JELLY_B,0.2716,-0.5118,1.00,J_PULSE_CRUISE,8.41,0.0151,0.081,1.4762,2.9794,-3.7745,-0.00052,0.01573,0.00032,0.02774,0.9334
12.8667,JELLY_C,0.4305,-1.2217,1.00,J_PULSE_CRUISE,10.06,0.0031,0.072,0.5455,3.6259,-3.9164,0.00146,0.00400,0.00077,0.01685,0.7758
12.9000,JELLY_A,0.2167,-0.0054,0.05,J_DRIFT_IDLE,13.55,0.0173,0.000,1.0388,2.1406,-3.4417,0.00241,0.00824,0.00134,0.03203,0.0374
12.9000,JELLY_B,0.2841,-0.5934,1.00,J_PULSE_CRUISE,8.44,0.0144,0.081,1.4762,2.9799,-3.7745,-0.00053,0.01560,0.00031,0.02729,0.9518
12.9000,JELLY_C,0.4436,-1.2302,1.00,J_PULSE_CRUISE,10.07,0.0026,0.072,0.5456,3.6260,-3.9163,0.00146,0.00396,0.00076,0.01655,0.7404
12.9333,JELLY_A,0.2276,-0.0089,0.05,J_DRIFT_IDLE,13.52,0.0173,0.000,1.0389,2.1409,-3.4417,0.00238,0.00818,0.00134,0.03213,0.0400
12.9333,JELLY_B,0.2966,-0.6715,1.00,J_PULSE_CRUISE,8.46,0.0136,0.081,1.4761,2.9804,-3.7745,-0.00053,0.01548,0.00030,0.02679,0.9627
12.9333,JELLY_C,0.4566,-1.2303,1.00,J_PULSE_CRUISE,10.07,0.0022,0.072,0.5456,3.6261,-3.9163,0.00147,0.00395,0.00075,0.01634,0.7035
12.9667,JELLY_A,0.2385,-0.0123,0.05,J_DRIFT_IDLE,13.48,0.0174,0.000,1.0389,2.1412,-3.4417,0.00235,0.00811,0.00135,0.03222,0.0421
12.9667,JELLY_B,0.3091,-0.7454,1.00,J_PULSE_CRUISE,8.49,0.0129,0.081,1.4761,2.9810,-3.7745,-0.00054,0.01535,0.00029,0.02623,0.9668
12.9667,JELLY_C,0.4697,-1.2222,1.00,J_PULSE_CRUISE,10.08,0.0018,0.072,0.5457,3.6263,-3.9163,0.00148,0.00396,0.00075,0.01621,0.6653
13.0000,JELLY_A,0.2494,-0.0157,0.05,J_DRIFT_IDLE,13.45,0.0174,0.000,1.0390,2.1415,-3.4416,0.00233,0.00805,0.00135,0.03232,0.0440
13.0000,JELLY_B,0.3216,-0.8148,1.00,J_PULSE_CRUISE,8.51,0.0121,0.081,1.4761,2.9815,-3.7745,-0.00054,0.01523,0.00027,0.02563,0.9648
13.0000,JELLY_C,0.4828,-1.2059,1.00,J_PULSE_CRUISE,10.08,0.0015,0.072,0.5457,3.6264,-3.9163,0.00149,0.00399,0.00076,0.01616,0.6261
13.0333,JELLY_A,0.2604,-0.0191,0.05,J_DRIFT_IDLE,13.42,0.0174,0.000,1.0391,2.1417,-3.4416,0.00230,0.00799,0.00136,0.03241,0.0455
13.0333,JELLY_B,0.3341,-0.8792,1.00,J_PULSE_CRUISE,8.53,0.0114,0.081,1.4761,2.9820,-3.7745,-0.00055,0.01511,0.00026,0.02498,0.9574
13.0333,JELLY_C,0.4958,-1.1814,1.00,J_PULSE_CRUISE,10.08,0.0012,0.072,0.5458,3.6265,-3.9162,0.00150,0.00405,0.00077,0.01619,0.5863
13.0667,JELLY_A,0.2713,-0.0223,0.05,J_DRIFT_IDLE,13.38,0.0174,0.000,1.0392,2.1420,-3.4415,0.00227,0.00792,0.00136,0.03251,0.0466
13.0667,JELLY_B,0.3466,-0.9383,1.00,J_PULSE_CRUISE,8.56,0.0107,0.081,1.4761,2.9825,-3.7745,-0.00055,0.01499,0.00025,0.02431,0.9452
13.0667,JELLY_C,0.5089,-1.1489,1.00,J_PULSE_CRUISE,10.08,0.0011,0.072,0.5458,3.6267,-3.9162,0.00151,0.00414,0.00078,0.01627,0.5460
13.1000,JELLY_A,0.2822,-0.0254,0.05,J_DRIFT_IDLE,13.35,0.0174,0.000,1.0392,2.1423,-3.4415,0.00225,0.00786,0.00137,0.03260,0.0475
13.1000,JELLY_B,0.3591,-0.9916,1.00,J_PULSE_CRUISE,8.58,0.0101,0.081,1.4760,2.9830,-3.7745,-0.00056,0.01487,0.00024,0.02361,0.9287
13.1000,JELLY_C,0.5220,-1.1087,1.00,J_PULSE_CRUISE,10.08,0.0011,0.072,0.5459,3.6268,-3.9162,0.00152,0.00425,0.00080,0.01641,0.5055
13.1333,JELLY_A,0.2931,-0.0284,0.05,J_DRIFT_IDLE,13.32,0.0175,0.000,1.0393,2.1425,-3.4414,0.00222,0.00780,0.00137,0.03269,0.0480
13.1333,JELLY_B,0.3716,-1.0388,1.00,J_PULSE_CRUISE,8.59,0.0094,0.081,1.4760,2.9835,-3.7745,-0.00056,0.01475,0.00023,0.02290,0.9086
13.1333,JELLY_C,0.5351,-1.0609,1.00,J_PULSE_CRUISE,10.08,0.0013,0.072,0.5459,3.6270,-3.9162,0.00154,0.00439,0.00082,0.01660,0.4651
13.1667,JELLY_A,0.3040,-0.0313,0.05,J_DRIFT_IDLE,13.28,0.0175,0.000,1.0394,2.1428,-3.4414,0.00220,0.00774,0.00138,0.03278,0.0483
13.1667,JELLY_B,0.3841,-1.0796,1.00,J_PULSE_CRUISE,8.61,0.0088,0.081,1.4760,2.9840,-3.7745,-0.00056,0.01464,0.00022,0.02218,0.8852
13.1667,JELLY_C,0.5481,-1.0060,1.00,J_PULSE_CRUISE,10.08,0.0015,0.072,0.5460,3.6271,-3.9161,0.00155,0.00455,0.00085,0.01683,0.4250
13.2000,JELLY_A,0.3150,-0.0340,0.05,J_DRIFT_IDLE,13.25,0.0175,0.000,1.0395,2.1430,-3.4413,0.00217,0.00768,0.00138,0.03287,0.0484
13.2000,JELLY_B,0.3966,-1.1137,1.00,J_PULSE_CRUISE,8.63,0.0082,0.081,1.4760,2.9844,-3.7745,-0.00057,0.01453,0.00021,0.02148,0.8589
13.2000,JELLY_C,0.5612,-0.9442,1.00,J_PULSE_CRUISE,10.08,0.0018,0.072,0.5460,3.6273,-3.9161,0.00156,0.00473,0.00088,0.01711,0.3854
13.2333,JELLY_A,0.3259,-0.0366,0.05,J_DRIFT_IDLE,13.22,0.0175,0.000,1.0395,2.1433,-3.4413,0.00215,0.00762,0.00139,0.03296,0.0482
13.2333,JELLY_B,0.4091,-1.1410,1.00,J_PULSE_CRUISE,8.64,0.0076,0.081,1.4760,2.9849,-3.7744,-0.00057,0.01442,0.00020,0.02082,0.8302
13.2333,JELLY_C,0.5743,-0.8760,1.00,J_PULSE_CRUISE,10.07,0.0021,0.072,0.5461,3.6274,-3.9161,0.00158,0.00493,0.00091,0.01742,0.3467
13.2667,JELLY_A,0.3368,-0.0390,0.05,J_DRIFT_IDLE,13.18,0.0175,0.000,1.0396,2.1435,-3.4412,0.00212,0.00756,0.00139,0.03305,0.0478
13.2667,JELLY_B,0.4216,-1.1613,1.00,J_PULSE_CRUISE,8.66,0.0070,0.081,1.4759,2.9854,-3.7744,-0.00058,0.01432,0.00020,0.02022,0.7993
13.2667,JELLY_C,0.5874,-0.8018,1.00,J_PULSE_CRUISE,10.07,0.0024,0.072,0.5461,3.6276,-3.9160,0.00159,0.00513,0.00094,0.01775,0.3091
13.3000,JELLY_A,0.3477,-0.0412,0.05,J_DRIFT_IDLE,13.15,0.0175,0.000,1.0397,2.1438,-3.4412,0.00210,0.00750,0.00140,0.03313,0.0473
13.3000,JELLY_B,0.4342,-1.1744,1.00,J_PULSE_CRUISE,8.67,0.0065,0.081,1.4759,2.9859,-3.7744,-0.00058,0.01424,0.00019,0.01968,0.7665
13.3000,JELLY_C,0.6005,-0.7222,1.00,J_PULSE_CRUISE,10.06,0.0027,0.072,0.5462,3.6278,-3.9160,0.00160,0.00534,0.00098,0.01810,0.2728
13.3333,JELLY_A,0.3587,-0.0432,0.05,J_DRIFT_IDLE,13.12,0.0175,0.000,1.0397,2.1440,-3.4411,0.00207,0.00744,0.00140,0.03322,0.0465
13.3333,JELLY_B,0.4467,-1.1802,1.00,J_PULSE_CRUISE,8.68,0.0060,0.081,1.4759,2.9864,-3.7744,-0.00058,0.01417,0.00019,0.01921,0.7321
13.3333,JELLY_C,0.6136,-0.6377,1.00,J_PULSE_CRUISE,10.06,0.0030,0.072,0.5463,3.6280,-3.9160,0.00162,0.00555,0.00101,0.01846,0.2380
13.3667,JELLY_A,0.3696,-0.0451,0.05,J_DRIFT_IDLE,13.08,0.0175,0.000,1.0398,2.1443,-3.4411,0.00205,0.00739,0.00140,0.03330,0.0457
13.3667,JELLY_B,0.4592,-1.1787,1.00,J_PULSE_CRUISE,8.69,0.0054,0.081,1.4759,2.9868,-3.7744,-0.00058,0.01412,0.00019,0.01882,0.6964
13.3667,JELLY_C,0.6267,-0.5488,1.00,J_PULSE_CRUISE,10.05,0.0033,0.072,0.5463,3.6282,-3.9160,0.00163,0.00575,0.00104,0.01883,0.2050
13.4000,JELLY_A,0.3805,-0.0467,0.05,J_DRIFT_IDLE,13.05,0.0175,0.000,1.0399,2.1445,-3.4411,0.00203,0.00733,0.00141,0.03339,0.0447
13.4000,JELLY_B,0.4717,-1.1699,1.00,J_PULSE_CRUISE,8.70,0.0049,0.081,1.4759,2.9873,-3.7744,-0.00058,0.01410,0.00019,0.01850,0.6596
13.4000,JELLY_C,0.6398,-0.4561,1.00,J_PULSE_CRUISE,10.05,0.0036,0.072,0.5464,3.6283,-3.9159,0.00164,0.00596,0.00107,0.01920,0.1741
13.4333,JELLY_A,0.3914,-0.0480,0.05,J_DRIFT_IDLE,13.02,0.0175,0.000,1.0399,2.1448,-3.4410,0.00200,0.00727,0.00141,0.03347,0.0436
13.4333,JELLY_B,0.4843,-1.1539,1.00,J_PULSE_CRUISE,8.71,0.0044,0.081,1.4759,2.9878,-3.7744,-0.00059,0.01410,0.00020,0.01825,0.6220
13.4333,JELLY_C,0.6529,-0.3603,1.00,J_PULSE_CRUISE,10.04,0.0039,0.072,0.5464,3.6285,-3.9159,0.00166,0.00616,0.00110,0.01957,0.1453
13.4667,JELLY_A,0.4024,-0.0492,0.05,J_DRIFT_IDLE,12.98,0.0175,0.000,1.0400,2.1450,-3.4410,0.00198,0.00721,0.00142,0.03356,0.0424
13.4667,JELLY_B,0.4968,-1.1307,1.00,J_PULSE_CRUISE,8.72,0.0039,0.081,1.4758,2.9882,-3.7744,-0.00059,0.01412,0.00021,0.01806,0.5837
13.4667,JELLY_C,0.6660,-0.2619,1.00,J_PULSE_CRUISE,10.03,0.0041,0.072,0.5465,3.6288,-3.9158,0.00167,0.00636,0.00113,0.01993,0.1189
13.5000,JELLY_A,0.4133,-0.0501,0.05,J_DRIFT_IDLE,12.95,0.0175,0.000,1.0401,2.1453,-3.4409,0.00196,0.00716,0.00142,0.03364,0.0411
13.5000,JELLY_B,0.5093,-1.1004,1.00,J_PULSE_CRUISE,8.73,0.0035,0.081,1.4758,2.9887,-3.7744,-0.00059,0.01417,0.00023,0.01793,0.5451
13.5000,JELLY_C,0.6791,-0.1618,1.00,J_PULSE_CRUISE,10.02,0.0044,0.072,0.5465,3.6290,-3.9158,0.00169,0.00656,0.00116,0.02029,0.0951
13.5333,JELLY_A,0.4242,-0.0508,0.05,J_DRIFT_IDLE,12.92,0.0175,0.000,1.0401,2.1455,-3.4409,0.00193,0.00710,0.00143,0.03372,0.0397
13.5333,JELLY_B,0.5219,-1.0633,1.00,J_PULSE_CRUISE,8.73,0.0030,0.081,1.4758,2.9892,-3.7744,-0.00058,0.01424,0.00025,0.01786,0.5062
13.5333,JELLY_C,0.6922,-0.0605,1.00,J_PULSE_CRUISE,10.02,0.0047,0.072,0.5466,3.6292,-3.9158,0.00170,0.00676,0.00119,0.02064,0.0741
13.5667,JELLY_A,0.4352,-0.0513,0.05,J_DRIFT_IDLE,12.88,0.0175,0.000,1.0402,2.1457,-3.4408,0.00191,0.00705,0.00143,0.03380,0.0383
13.5667,JELLY_B,0.5344,-1.0196,1.00,J_PULSE_CRUISE,8.74,0.0026,0.081,1.4758,2.9897,-3.7744,-0.00058,0.01433,0.00027,0.01784,0.4674
13.5667,JELLY_C,0.7053,0.0000,1.00,J_GLIDE,10.01,0.0049,0.072,0.5466,3.6294,-3.9157,0.00171,0.00696,0.00122,0.02097,0.0559
13.6000,JELLY_A,0.4461,-0.0515,0.05,J_DRIFT_IDLE,12.85,0.0175,0.000,1.0403,2.1460,-3.4408,0.00189,0.00700,0.00144,0.03388,0.0368
13.6000,JELLY_B,0.5470,-0.9696,1.00,J_PULSE_CRUISE,8.74,0.0022,0.081,1.4758,2.9901,-3.7744,-0.00058,0.01444,0.00029,0.01786,0.4289
13.6000,JELLY_C,0.7184,0.0000,1.00,J_GLIDE,10.00,0.0052,0.072,0.5467,3.6297,-3.9157,0.00173,0.00714,0.00124,0.02130,0.0407
13.6333,JELLY_A,0.4570,-0.0515,0.05,J_DRIFT_IDLE,12.82,0.0175,0.000,1.0403,2.1462,-3.4407,0.00187,0.00694,0.00144,0.03396,0.0352
13.6333,JELLY_B,0.5595,-0.9134,1.00,J_PULSE_CRUISE,8.75,0.0018,0.081,1.4757,2.9906,-3.7744,-0.00058,0.01456,0.00032,0.01793,0.3910
13.6333,JELLY_C,0.7315,0.0000,1.00,J_GLIDE,9.99,0.0054,0.072,0.5468,3.6299,-3.9156,0.00174,0.00732,0.00127,0.02161,0.0283
13.6667,JELLY_A,0.4679,-0.0512,0.05,J_DRIFT_IDLE,12.78,0.0175,0.000,1.0404,2.1464,-3.4407,0.00185,0.00689,0.00144,0.03404,0.0336
13.6667,JELLY_B,0.5721,-0.8516,1.00,J_PULSE_CRUISE,8.75,0.0014,0.081,1.4757,2.9911,-3.7743,-0.00057,0.01470,0.00035,0.01803,0.3537
13.6667,JELLY_C,0.7447,0.0000,1.00,J_GLIDE,9.98,0.0057,0.072,0.5468,3.6302,-3.9156,0.00175,0.00749,0.00129,0.02191,0.0185
13.7000,JELLY_A,0.4789,-0.0507,0.05,J_DRIFT_IDLE,12.75,0.0175,0.000,1.0405,2.1467,-3.4406,0.00183,0.00684,0.00145,0.03412,0.0320
13.7000,JELLY_B,0.5846,-0.7844,1.00,J_PULSE_CRUISE,8.75,0.0010,0.081,1.4757,2.9916,-3.7743,-0.00057,0.01485,0.00038,0.01817,0.3174
13.7000,JELLY_C,0.7578,0.0000,1.00,J_GLIDE,9.97,0.0059,0.072,0.5469,3.6304,-3.9156,0.00177,0.00764,0.00130,0.02220,0.0109
13.7333,JELLY_A,0.4898,-0.0499,0.05,J_DRIFT_IDLE,12.72,0.0175,0.000,1.0405,2.1469,-3.4406,0.00181,0.00679,0.00145,0.03420,0.0303
13.7333,JELLY_B,0.5972,-0.7124,1.00,J_PULSE_CRUISE,8.75,0.0006,0.081,1.4757,2.9921,-3.7743,-0.00057,0.01500,0.00041,0.01833,0.2822
13.7333,JELLY_C,0.7709,0.0000,1.00,J_GLIDE,9.95,0.0061,0.072,0.5469,3.6307,-3.9155,0.00178,0.00779,0.00132,0.02247,0.0054
13.7667,JELLY_A,0.5007,-0.0489,0.05,J_DRIFT_IDLE,12.68,0.0174,0.000,1.0406,2.1471,-3.4405,0.00179,0.00675,0.00146,0.03427,0.0287
13.7667,JELLY_B,0.6097,-0.6358,1.00,J_PULSE_CRUISE,8.76,0.0003,0.081,1.4757,2.9926,-3.7743,-0.00056,0.01515,0.00044,0.01851,0.2484
13.7667,JELLY_C,0.7840,0.0000,1.00,J_GLIDE,9.94,0.0063,0.072,0.5470,3.6309,-3.9155,0.00179,0.00793,0.00134,0.02273,0.0014
13.8000,JELLY_A,0.5117,-0.0477,0.05,J_DRIFT_IDLE,12.65,0.0174,0.000,1.0406,2.1473,-3.4405,0.00177,0.00670,0.00146,0.03435,0.0270
13.8000,JELLY_B,0.6223,-0.5553,1.00,J_PULSE_CRUISE,8.76,0.0003,0.081,1.4756,2.9931,-3.7743,-0.00056,0.01529,0.00047,0.01872,0.2162
13.8000,JELLY_C,0.7972,0.0000,1.00,J_GLIDE,9.93,0.0065,0.072,0.5471,3.6312,-3.9154,0.00180,0.00807,0.00135,0.02297,-0.0013
13.8333,JELLY_A,0.5226,-0.0462,0.05,J_DRIFT_IDLE,12.62,0.0174,0.000,1.0407,2.1476,-3.4404,0.00175,0.00665,0.00147,0.03442,0.0253
13.8333,JELLY_B,0.6348,-0.4712,1.00,J_PULSE_CRUISE,8.75,0.0006,0.081,1.4756,2.9936,-3.7743,-0.00056,0.01544,0.00050,0.01894,0.1858
13.8333,JELLY_C,0.8103,0.0000,1.00,J_GLIDE,9.92,0.0067,0.072,0.5471,3.6315,-3.9154,0.00182,0.00819,0.00136,0.02320,-0.0030
13.8667,JELLY_A,0.5335,-0.0446,0.05,J_DRIFT_IDLE,12.58,0.0174,0.000,1.0407,2.1478,-3.4404,0.00173,0.00661,0.00147,0.03450,0.0236
13.8667,JELLY_B,0.6474,-0.3842,1.00,J_PULSE_CRUISE,8.75,0.0009,0.081,1.4756,2.9941,-3.7743,-0.00056,0.01558,0.00053,0.01918,0.1573
13.8667,JELLY_C,0.8234,0.0000,1.00,J_GLIDE,9.91,0.0069,0.072,0.5472,3.6317,-3.9153,0.00183,0.00830,0.00137,0.02342,-0.0039
13.9000,JELLY_A,0.5445,-0.0427,0.05,J_DRIFT_IDLE,12.55,0.0174,0.000,1.0408,2.1480,-3.4403,0.00171,0.00656,0.00147,0.03457,0.0219
13.9000,JELLY_B,0.6600,-0.2947,1.00,J_PULSE_CRUISE,8.75,0.0012,0.081,1.4756,2.9947,-3.7742,-0.00055,0.01572,0.00056,0.01942,0.1310
13.9000,JELLY_C,0.8366,0.0000,1.00,J_GLIDE,9.89,0.0071,0.072,0.5472,3.6320,-3.9153,0.00184,0.00841,0.00138,0.02361,-0.0043
13.9333,JELLY_A,0.5554,-0.0406,0.05,J_DRIFT_IDLE,12.52,0.0174,0.000,1.0409,2.1482,-3.4403,0.00169,0.00652,0.00148,0.03464,0.0202
13.9333,JELLY_B,0.6725,-0.2034,1.00,J_PULSE_CRUISE,8.75,0.0015,0.081,1.4756,2.9952,-3.7742,-0.00055,0.01586,0.00059,0.01967,0.1069
13.9333,JELLY_C,0.8497,0.0000,1.00,J_GLIDE,9.88,0.0073,0.072,0.5473,3.6323,-3.9152,0.00185,0.00851,0.00138,0.02380,-0.0043
13.9667,JELLY_A,0.5663,-0.0384,0.05,J_DRIFT_IDLE,12.48,0.0174,0.000,1.0409,2.1484,-3.4402,0.00167,0.00648,0.00148,0.03472,0.0186
13.9667,JELLY_B,0.6851,-0.1107,1.00,J_PULSE_CRUISE,8.75,0.0018,0.081,1.4755,2.9957,-3.7742,-0.00055,0.01599,0.00062,0.01993,0.0853
13.9667,JELLY_C,0.8628,0.0000,1.00,J_GLIDE,9.86,0.0075,0.072,0.5474,3.6326,-3.9152,0.00186,0.00861,0.00139,0.02397,-0.0040
14.0000,JELLY_A,0.5773,-0.0359,0.05,J_DRIFT_IDLE,12.45,0.0173,0.000,1.0410,2.1486,-3.4402,0.00166,0.00644,0.00149,0.03479,0.0170
14.0000,JELLY_B,0.6977,-0.0173,1.00,J_PULSE_CRUISE,8.74,0.0021,0.081,1.4755,2.9963,-3.7742,-0.00055,0.01613,0.00065,0.02019,0.0663
14.0000,JELLY_C,0.8760,0.0000,1.00,J_GLIDE,9.85,0.0077,0.072,0.5474,3.6329,-3.9151,0.00188,0.00870,0.00139,0.02413,-0.0036
14.0333,JELLY_A,0.5882,-0.0333,0.05,J_DRIFT_IDLE,12.42,0.0173,0.000,1.0410,2.1489,-3.4401,0.00164,0.00640,0.00149,0.03486,0.0154
14.0333,JELLY_B,0.7102,0.0000,1.00,J_GLIDE,8.74,0.0024,0.081,1.4755,2.9968,-3.7742,-0.00055,0.01626,0.00068,0.02045,0.0500
14.0333,JELLY_C,0.8891,0.0000,1.00,J_GLIDE,9.83,0.0078,0.072,0.5475,3.6332,-3.9151,0.00189,0.00878,0.00139,0.02428,-0.0031
14.0667,JELLY_A,0.5991,-0.0305,0.05,J_DRIFT_IDLE,12.38,0.0173,0.000,1.0411,2.1491,-3.4401,0.00162,0.00636,0.00150,0.03493,0.0139
14.0667,JELLY_B,0.7228,0.0000,1.00,J_GLIDE,8.73,0.0027,0.081,1.4755,2.9973,-3.7741,-0.00054,0.01637,0.00070,0.02071,0.0363
14.0667,JELLY_C,0.9023,0.0000,1.00,J_GLIDE,9.82,0.0080,0.072,0.5475,3.6335,-3.9151,0.00190,0.00885,0.00139,0.02442,-0.0026
14.1000,JELLY_A,0.6100,-0.0276,0.05,J_DRIFT_IDLE,12.35,0.0173,0.000,1.0411,2.1493,-3.4400,0.00160,0.00632,0.00150,0.03499,0.0124
14.1000,JELLY_B,0.7354,0.0000,1.00,J_GLIDE,8.73,0.0029,0.081,1.4755,2.9979,-3.7741,-0.00054,0.01648,0.00073,0.02096,0.0252
14.1000,JELLY_C,0.9154,0.0000,1.00,J_GLIDE,9.80,0.0081,0.072,0.5476,3.6338,-3.9150,0.00191,0.00892,0.00139,0.02455,-0.0021
14.1333,JELLY_A,0.6210,-0.0245,0.05,J_DRIFT_IDLE,12.32,0.0173,0.000,1.0412,2.1495,-3.4400,0.00159,0.00628,0.00151,0.03506,0.0110
14.1333,JELLY_B,0.7480,0.0000,1.00,J_GLIDE,8.72,0.0032,0.081,1.4755,2.9984,-3.7741,-0.00054,0.01658,0.00075,0.02122,0.0164
14.1333,JELLY_C,0.9286,0.0000,1.00,J_GLIDE,9.79,0.0083,0.072,0.5477,3.6341,-3.9150,0.00192,0.00898,0.00139,0.02467,-0.0017
14.1667,JELLY_A,0.6319,-0.0214,0.05,J_DRIFT_IDLE,12.28,0.0172,0.000,1.0412,2.1497,-3.4399,0.00157,0.00624,0.00151,0.03513,0.0097
14.1667,JELLY_B,0.7606,0.0000,1.00,J_GLIDE,8.72,0.0035,0.081,1.4754,2.9990,-3.7741,-0.00054,0.01667,0.00077,0.02146,0.0096
14.1667,JELLY_C,0.9417,0.0000,1.00,J_GLIDE,9.77,0.0084,0.072,0.5477,3.6344,-3.9149,0.00193,0.00904,0.00139,0.02478,-0.0013
14.2000,JELLY_A,0.6428,-0.0181,0.05,J_DRIFT_IDLE,12.25,0.0172,0.000,1.0413,2.1499,-3.4399,0.00155,0.00620,0.00151,0.03519,0.0084
14.2000,JELLY_B,0.7731,0.0000,1.00,J_GLIDE,8.71,0.0037,0.081,1.4754,2.9996,-3.7740,-0.00054,0.01676,0.00080,0.02170,0.0046
14.2000,JELLY_C,0.9549,0.0000,1.00,J_GLIDE,9.76,0.0086,0.072,0.5478,3.6347,-3.9149,0.00194,0.00909,0.00139,0.02489,-0.0010
14.2333,JELLY_A,0.6538,-0.0148,0.05,J_DRIFT_IDLE,12.22,0.0172,0.000,1.0413,2.1501,-3.4398,0.00153,0.00616,0.00152,0.03526,0.0072
14.2333,JELLY_B,0.7857,0.0000,1.00,J_GLIDE,8.70,0.0039,0.081,1.4754,3.0001,-3.7740,-0.00054,0.01683,0.00082,0.02194,0.0009
14.2333,JELLY_C,0.9681,0.0000,1.00,J_GLIDE,9.74,0.0087,0.072,0.5479,3.6350,-3.9148,0.00195,0.00913,0.00138,0.02498,-0.0007
14.2667,JELLY_A,0.6647,-0.0113,0.05,J_DRIFT_IDLE,12.19,0.0172,0.000,1.0414,2.1503,-3.4398,0.00152,0.00612,0.00152,0.03532,0.0061
14.2667,JELLY_B,0.7983,0.0000,1.00,J_GLIDE,8.69,0.0042,0.081,1.4754,3.0007,-3.7740,-0.00054,0.01690,0.00084,0.02217,-0.0015
14.2667,JELLY_C,0.9812,0.0000,1.00,J_GLIDE,9.72,0.0089,0.072,0.5479,3.6353,-3.9148,0.00196,0.00917,0.00138,0.02507,-0.0005
14.3000,JELLY_A,0.6756,-0.0079,0.05,J_DRIFT_IDLE,12.15,0.0172,0.000,1.0414,2.1505,-3.4397,0.00150,0.00608,0.00153,0.03538,0.0051
14.3000,JELLY_B,0.8109,0.0000,1.00,J_GLIDE,8.69,0.0044,0.081,1.4754,3.0012,-3.7739,-0.00054,0.01696,0.00085,0.02239,-0.0031
14.3000,JELLY_C,0.9944,0.0000,1.00,J_GLIDE,9.71,0.0090,0.072,0.5480,3.6356,-3.9147,0.00197,0.00921,0.00137,0.02516,-0.0003
14.3333,JELLY_A,0.6866,-0.0043,0.05,J_DRIFT_IDLE,12.12,0.0171,0.000,1.0415,2.1507,-3.4397,0.00148,0.00604,0.00153,0.03544,0.0042
14.3333,JELLY_B,0.8235,0.0000,1.00,J_GLIDE,8.68,0.0046,0.081,1.4753,3.0018,-3.7739,-0.00055,0.01701,0.00087,0.02261,-0.0040
14.3333,JELLY_C,0.0075,0.3669,1.00,J_PULSE_CRUISE,9.69,0.0090,0.067,0.5481,3.6359,-3.9147,0.00198,0.00913,0.00135,0.02524,-0.0001
14.3667,JELLY_A,0.6975,-0.0008,0.05,J_DRIFT_IDLE,12.09,0.0171,0.000,1.0415,2.1509,-3.4396,0.00147,0.00600,0.00154,0.03550,0.0033
14.3667,JELLY_B,0.8361,0.0000,1.00,J_GLIDE,8.67,0.0048,0.081,1.4753,3.0024,-3.7739,-0.00055,0.01706,0.00089,0.02281,-0.0043
14.3667,JELLY_C,0.0207,0.9920,1.00,J_PULSE_CRUISE,9.67,0.0084,0.067,0.5481,3.6362,-3.9146,0.00198,0.00903,0.00132,0.02532,0.0006
14.4000,JELLY_A,0.7084,0.0000,0.05,J_DRIFT_IDLE,12.05,0.0171,0.000,1.0416,2.1511,-3.4396,0.00145,0.00597,0.00154,0.03556,0.0026
14.4000,JELLY_B,0.8487,0.0000,1.00,J_GLIDE,8.66,0.0050,0.081,1.4753,3.0029,-3.7739,-0.00055,0.01710,0.00090,0.02301,-0.0043
14.4000,JELLY_C,0.0339,1.5751,1.00,J_PULSE_CRUISE,9.66,0.0073,0.067,0.5482,3.6365,-3.9146,0.00199,0.00898,0.00130,0.02540,0.0034
14.4333,JELLY_A,0.7194,0.0000,0.05,J_DRIFT_IDLE,12.02,0.0171,0.000,1.0416,2.1513,-3.4395,0.00143,0.00593,0.00154,0.03562,0.0020
14.4333,JELLY_B,0.8613,0.0000,1.00,J_GLIDE,8.65,0.0052,0.081,1.4753,3.0035,-3.7738,-0.00055,0.01713,0.00092,0.02321,-0.0041
14.4333,JELLY_C,0.0471,2.0913,1.00,J_PULSE_CRUISE,9.64,0.0057,0.067,0.5483,3.6368,-3.9146,0.00200,0.00899,0.00129,0.02549,0.0102
14.4667,JELLY_A,0.7303,0.0000,0.05,J_DRIFT_IDLE,11.99,0.0170,0.000,1.0417,2.1515,-3.4395,0.00142,0.00589,0.00155,0.03568,0.0015
14.4667,JELLY_B,0.8739,0.0000,1.00,J_GLIDE,8.64,0.0054,0.081,1.4753,3.0041,-3.7738,-0.00055,0.01716,0.00093,0.02339,-0.0037
14.4667,JELLY_C,0.0602,2.5184,1.00,J_PULSE_CRUISE,9.64,0.0038,0.067,0.5483,3.6371,-3.9145,0.00201,0.00907,0.00130,0.02560,0.0231
14.5000,JELLY_A,0.7412,0.0000,0.05,J_DRIFT_IDLE,11.96,0.0170,0.000,1.0417,2.1517,-3.4394,0.00140,0.00585,0.00155,0.03574,0.0010
14.5000,JELLY_B,0.8865,0.0000,1.00,J_GLIDE,8.63,0.0056,0.081,1.4753,3.0047,-3.7738,-0.00056,0.01718,0.00094,0.02357,-0.0033
14.5000,JELLY_C,0.0734,2.8383,1.00,J_PULSE_CRUISE,9.63,0.0017,0.067,0.5484,3.6374,-3.9145,0.00202,0.00921,0.00131,0.02572,0.0442
14.5333,JELLY_A,0.7522,0.0000,0.05,J_DRIFT_IDLE,11.92,0.0170,0.000,1.0418,2.1519,-3.4394,0.00139,0.00581,0.00156,0.03579,0.0007
14.5333,JELLY_B,0.8991,0.0000,1.00,J_GLIDE,8.62,0.0058,0.081,1.4752,3.0052,-3.7737,-0.00056,0.01719,0.00095,0.02375,-0.0028
14.5333,JELLY_C,0.0866,3.0371,1.00,J_PULSE_CRUISE,9.63,0.0013,0.067,0.5485,3.6377,-3.9144,0.00203,0.00939,0.00133,0.02584,0.0749
14.5667,JELLY_A,0.7631,0.0000,0.05,J_DRIFT_IDLE,11.89,0.0169,0.000,1.0418,2.1521,-3.4393,0.00137,0.00577,0.00156,0.03585,0.0004
14.5667,JELLY_B,0.9117,0.0000,1.00,J_GLIDE,8.61,0.0060,0.081,1.4752,3.0058,-3.7737,-0.00056,0.01721,0.00096,0.02391,-0.0023
14.5667,JELLY_C,0.0998,3.1062,1.00,J_PULSE_CRUISE,9.63,0.0035,0.067,0.5485,3.6380,-3.9144,0.00204,0.00960,0.00135,0.02598,0.1159
14.6000,JELLY_A,0.7740,0.0000,0.05,J_DRIFT_IDLE,11.86,0.0169,0.000,1.0419,2.1523,-3.4393,0.00135,0.00574,0.00157,0.03590,0.0002
14.6000,JELLY_B,0.9243,0.0000,1.00,J_GLIDE,8.60,0.0061,0.081,1.4752,3.0064,-3.7737,-0.00057,0.01721,0.00097,0.02407,-0.0018
14.6000,JELLY_C,0.1130,3.0426,1.00,J_PULSE_CRUISE,9.64,0.0058,0.067,0.5486,3.6383,-3.9143,0.00206,0.00981,0.00138,0.02614,0.1675
14.6333,JELLY_A,0.7849,0.0000,0.05,J_DRIFT_IDLE,11.83,0.0169,0.000,1.0419,2.1525,-3.4392,0.00134,0.00570,0.00157,0.03596,0.0000
14.6333,JELLY_B,0.9369,0.0000,1.00,J_GLIDE,8.58,0.0063,0.081,1.4752,3.0070,-3.7736,-0.00057,0.01721,0.00098,0.02423,-0.0014
14.6333,JELLY_C,0.1261,2.8488,1.00,J_PULSE_CRUISE,9.65,0.0079,0.067,0.5487,3.6387,-3.9143,0.00207,0.00998,0.00139,0.02631,0.2289
14.6667,JELLY_A,0.7959,0.0000,0.05,J_DRIFT_IDLE,11.80,0.0169,0.000,1.0420,2.1527,-3.4392,0.00132,0.00566,0.00157,0.03601,-0.0001
14.6667,JELLY_B,0.9495,0.0000,1.00,J_GLIDE,8.57,0.0064,0.081,1.4752,3.0075,-3.7736,-0.00057,0.01721,0.00099,0.02438,-0.0011
14.6667,JELLY_C,0.1393,2.5332,1.00,J_PULSE_CRUISE,9.67,0.0097,0.067,0.5487,3.6390,-3.9142,0.00208,0.01009,0.00140,0.02651,0.2988
14.7000,JELLY_A,0.8068,0.0000,0.05,J_DRIFT_IDLE,11.76,0.0168,0.000,1.0420,2.1529,-3.4391,0.00130,0.00562,0.00158,0.03606,-0.0001
14.7000,JELLY_B,0.9621,0.0000,1.00,J_GLIDE,8.56,0.0066,0.081,1.4751,3.0081,-3.7736,-0.00058,0.01720,0.00100,0.02452,-0.0008
14.7000,JELLY_C,0.1525,2.1090,1.00,J_PULSE_CRUISE,9.69,0.0111,0.067,0.5488,3.6393,-3.9142,0.00209,0.01014,0.00140,0.02673,0.3754
14.7333,JELLY_A,0.8177,0.0000,0.05,J_DRIFT_IDLE,11.73,0.0168,0.000,1.0420,2.1530,-3.4391,0.00129,0.00558,0.00158,0.03611,-0.0002
14.7333,JELLY_B,0.9747,0.0000,1.00,J_GLIDE,8.55,0.0067,0.081,1.4751,3.0087,-3.7735,-0.00058,0.01719,0.00101,0.02466,-0.0006
14.7333,JELLY_C,0.1657,1.5943,1.00,J_PULSE_CRUISE,9.71,0.0120,0.067,0.5489,3.6397,-3.9141,0.00210,0.01013,0.00138,0.02696,0.4560
14.7667,JELLY_A,0.8287,0.0000,0.05,J_DRIFT_IDLE,11.70,0.0168,0.000,1.0421,2.1532,-3.4390,0.00127,0.00554,0.00159,0.03616,-0.0002
14.7667,JELLY_B,0.9873,0.0000,1.00,J_GLIDE,8.53,0.0069,0.081,1.4751,3.0092,-3.7735,-0.00059,0.01717,0.00101,0.02480,-0.0004
14.7667,JELLY_C,0.1789,1.0112,1.00,J_PULSE_CRUISE,9.73,0.0124,0.067,0.5489,3.6400,-3.9141,0.00210,0.01005,0.00135,0.02710,0.5379
14.8000,JELLY_A,0.8396,0.0000,0.05,J_DRIFT_IDLE,11.67,0.0167,0.000,1.0421,2.1534,-3.4390,0.00126,0.00551,0.00159,0.03621,-0.0002
14.8000,JELLY_B,0.9999,0.0000,1.00,J_GLIDE,8.52,0.0070,0.081,1.4751,3.0098,-3.7735,-0.00059,0.01715,0.00102,0.02493,-0.0002
14.8000,JELLY_C,0.1921,0.3845,1.00,J_PULSE_CRUISE,9.76,0.0122,0.067,0.5490,3.6404,-3.9141,0.00211,0.00994,0.00132,0.02697,0.6180
14.8333,JELLY_A,0.8505,0.0000,0.05,J_DRIFT_IDLE,11.63,0.0167,0.000,1.0422,2.1536,-3.4389,0.00124,0.00547,0.00160,0.03626,-0.0002
14.8333,JELLY_B,0.0125,0.0291,0.05,J_PAUSE_OPEN,8.51,0.0072,0.000,1.4751,3.0104,-3.7734,-0.00060,0.01699,0.00101,0.02506,-0.0001
14.8333,JELLY_C,0.2053,-0.0415,1.00,J_PULSE_CRUISE,9.78,0.0115,0.067,0.5491,3.6407,-3.9140,0.00211,0.00981,0.00129,0.02647,0.6931
14.8667,JELLY_A,0.8614,0.0000,0.05,J_DRIFT_IDLE,11.60,0.0167,0.000,1.0422,2.1538,-3.4388,0.00123,0.00543,0.00160,0.03630,-0.0002
14.8667,JELLY_B,0.0251,0.0572,0.05,J_PAUSE_OPEN,8.49,0.0073,0.000,1.4750,3.0109,-3.7734,-0.00061,0.01683,0.00099,0.02518,0.0000
14.8667,JELLY_C,0.2185,-0.1444,1.00,J_PULSE_CRUISE,9.80,0.0108,0.067,0.5492,3.6410,-3.9140,0.00212,0.00968,0.00126,0.02566,0.7606
14.9000,JELLY_A,0.8724,0.0000,0.05,J_DRIFT_IDLE,11.57,0.0166,0.000,1.0423,2.1540,-3.4388,0.00121,0.00539,0.00161,0.03635,-0.0002
14.9000,JELLY_B,0.0378,0.0831,0.05,J_PAUSE_OPEN,8.48,0.0074,0.000,1.4750,3.0115,-3.7734,-0.00062,0.01668,0.00098,0.02530,0.0003
14.9000,JELLY_C,0.2317,-0.2463,1.00,J_PULSE_CRUISE,9.82,0.0101,0.067,0.5492,3.6413,-3.9139,0.00212,0.00956,0.00123,0.02473,0.8188
14.9333,JELLY_A,0.8833,0.0000,0.05,J_DRIFT_IDLE,11.54,0.0166,0.000,1.0423,2.1541,-3.4387,0.00119,0.00535,0.00161,0.03640,-0.0002
14.9333,JELLY_B,0.0504,0.1058,0.05,J_PAUSE_OPEN,8.46,0.0075,0.000,1.4750,3.0121,-3.7733,-0.00062,0.01652,0.00096,0.02542,0.0007
14.9333,JELLY_C,0.2449,-0.3466,1.00,J_PULSE_CRUISE,9.84,0.0094,0.067,0.5493,3.6416,-3.9139,0.00213,0.00944,0.00120,0.02384,0.8669
14.9667,JELLY_A,0.8942,0.0000,0.05,J_DRIFT_IDLE,11.51,0.0166,0.000,1.0423,2.1543,-3.4387,0.00118,0.00532,0.00161,0.03644,-0.0002
14.9667,JELLY_B,0.0630,0.1243,0.05,J_PAUSE_OPEN,8.45,0.0076,0.000,1.4750,3.0126,-3.7733,-0.00063,0.01637,0.00095,0.02553,0.0014
14.9667,JELLY_C,0.2581,-0.4446,1.00,J_PULSE_CRUISE,9.86,0.0087,0.067,0.5494,3.6420,-3.9138,0.00213,0.00932,0.00117,0.02309,0.9050
15.0000,JELLY_A,0.9052,0.0000,0.05,J_DRIFT_IDLE,11.48,0.0166,0.000,1.0424,2.1545,-3.4386,0.00116,0.00528,0.00162,0.03649,-0.0001
15.0000,JELLY_B,0.0756,0.1379,0.05,J_PAUSE_OPEN,8.44,0.0078,0.000,1.4750,3.0131,-3.7733,-0.00064,0.01622,0.00094,0.02564,0.0025
15.0000,JELLY_C,0.2713,-0.5395,1.00,J_PULSE_CRUISE,9.87,0.0081,0.067,0.5494,3.6423,-3.9138,0.00213,0.00920,0.00115,0.02246,0.9333
15.0333,JELLY_A,0.9161,0.0000,0.05,J_DRIFT_IDLE,11.44,0.0165,0.000,1.0424,2.1547,-3.4386,0.00115,0.00524,0.00162,0.03653,-0.0001
15.0333,JELLY_B,0.0882,0.1462,0.05,J_PAUSE_OPEN,8.42,0.0079,0.000,1.4749,3.0137,-3.7732,-0.00065,0.01608,0.00093,0.02574,0.0040
15.0333,JELLY_C,0.2845,-0.6308,1.00,J_PULSE_CRUISE,9.89,0.0074,0.067,0.5495,3.6426,-3.9138,0.00214,0.00908,0.00112,0.02190,0.9525
15.0667,JELLY_A,0.9270,0.0000,0.05,J_DRIFT_IDLE,11.41,0.0165,0.000,1.0425,2.1548,-3.4385,0.00113,0.00520,0.00163,0.03657,-0.0001
15.0667,JELLY_B,0.1009,0.1487,0.05,J_PAUSE_OPEN,8.41,0.0080,0.000,1.4749,3.0142,-3.7732,-0.00066,0.01594,0.00092,0.02584,0.0060
15.0667,JELLY_C,0.2978,-0.7178,1.00,J_PULSE_CRUISE,9.90,0.0068,0.067,0.5496,3.6429,-3.9137,0.00214,0.00897,0.00110,0.02136,0.9634
15.1000,JELLY_A,0.9379,0.0000,0.05,J_DRIFT_IDLE,11.38,0.0165,0.000,1.0425,2.1550,-3.4385,0.00112,0.00516,0.00163,0.03661,-0.0001
15.1000,JELLY_B,0.1135,0.1454,0.05,J_PAUSE_OPEN,8.39,0.0081,0.000,1.4749,3.0147,-3.7732,-0.00067,0.01580,0.00090,0.02594,0.0085
15.1000,JELLY_C,0.3110,-0.7998,1.00,J_PULSE_CRUISE,9.91,0.0062,0.067,0.5497,3.6432,-3.9137,0.00214,0.00885,0.00107,0.02081,0.9668
15.1333,JELLY_A,0.9489,0.0000,0.05,J_DRIFT_IDLE,11.35,0.0164,0.000,1.0425,2.1552,-3.4384,0.00110,0.00512,0.00164,0.03665,-0.0001
15.1333,JELLY_B,0.1261,0.1364,0.05,J_PAUSE_OPEN,8.37,0.0082,0.000,1.4749,3.0153,-3.7732,-0.00067,0.01566,0.00089,0.02604,0.0114
15.1333,JELLY_C,0.3242,-0.8764,1.00,J_PULSE_CRUISE,9.92,0.0057,0.067,0.5497,3.6435,-3.9137,0.00215,0.00874,0.00105,0.02024,0.9634
15.1667,JELLY_A,0.9598,0.0000,0.05,J_DRIFT_IDLE,11.32,0.0164,0.000,1.0426,2.1554,-3.4384,0.00109,0.00509,0.00164,0.03670,-0.0000
15.1667,JELLY_B,0.1387,0.1220,0.05,J_PAUSE_OPEN,8.36,0.0083,0.000,1.4749,3.0158,-3.7731,-0.00068,0.01552,0.00088,0.02613,0.0148
15.1667,JELLY_C,0.3374,-0.9470,1.00,J_PULSE_CRUISE,9.93,0.0051,0.067,0.5498,3.6437,-3.9136,0.00215,0.00863,0.00103,0.01965,0.9542
15.2000,JELLY_A,0.9707,0.0000,0.05,J_DRIFT_IDLE,11.29,0.0164,0.000,1.0426,2.1555,-3.4383,0.00107,0.00505,0.00165,0.03673,-0.0000
15.2000,JELLY_B,0.1514,0.1029,0.05,J_PAUSE_OPEN,8.34,0.0084,0.000,1.4748,3.0163,-3.7731,-0.00069,0.01539,0.00087,0.02623,0.0184
15.2000,JELLY_C,0.3506,-1.0111,1.00,J_PULSE_CRUISE,9.94,0.0046,0.067,0.5499,3.6440,-3.9136,0.00215,0.00852,0.00100,0.01904,0.9399
15.2333,JELLY_A,0.9816,0.0000,0.05,J_DRIFT_IDLE,11.26,0.0163,0.000,1.0426,2.1557,-3.4382,0.00105,0.00501,0.00165,0.03677,-0.0000
15.2333,JELLY_B,0.1640,0.0797,0.05,J_PAUSE_OPEN,8.33,0.0084,0.000,1.4748,3.0168,-3.7731,-0.00070,0.01526,0.00086,0.02632,0.0222
15.2333,JELLY_C,0.3639,-1.0682,1.00,J_PULSE_CRUISE,9.95,0.0040,0.067,0.5499,3.6443,-3.9136,0.00216,0.00841,0.00098,0.01841,0.9210
15.2667,JELLY_A,0.9926,0.0000,0.05,J_DRIFT_IDLE,11.23,0.0163,0.000,1.0427,2.1559,-3.4382,0.00104,0.00497,0.00165,0.03681,-0.0000
15.2667,JELLY_B,0.1766,0.0534,0.05,J_PAUSE_OPEN,8.31,0.0085,0.000,1.4748,3.0173,-3.7730,-0.00070,0.01513,0.00085,0.02640,0.0262
15.2667,JELLY_C,0.3771,-1.1180,1.00,J_PULSE_CRUISE,9.96,0.0035,0.067,0.5500,3.6446,-3.9135,0.00216,0.00830,0.00096,0.01778,0.8982
15.3000,JELLY_A,0.0035,0.1660,1.18,J_SOFT_TURN,11.19,0.0156,0.815,1.0427,2.1560,-3.4381,0.00102,0.00493,0.00166,0.03685,0.0006
15.3000,JELLY_B,0.1893,0.0250,0.05,J_PAUSE_OPEN,8.29,0.0086,0.000,1.4748,3.0178,-3.7730,-0.00071,0.01500,0.00084,0.02649,0.0300
15.3000,JELLY_C,0.3903,-1.1600,1.00,J_PULSE_CRUISE,9.96,0.0031,0.067,0.5501,3.6449,-3.9135,0.00216,0.00820,0.00094,0.01718,0.8719
15.3333,JELLY_A,0.0144,0.6812,1.18,J_SOFT_TURN,11.17,0.0100,0.815,1.0427,2.1562,-3.4381,0.00101,0.00490,0.00166,0.03689,0.0043
15.3333,JELLY_B,0.2019,-0.0007,0.05,J_PAUSE_OPEN,8.28,0.0087,0.000,1.4747,3.0183,-3.7730,-0.00072,0.01487,0.00083,0.02658,0.0337
15.3333,JELLY_C,0.4035,-1.1941,1.00,J_PULSE_CRUISE,9.97,0.0026,0.067,0.5502,3.6451,-3.9135,0.00217,0.00809,0.00093,0.01663,0.8427
15.3667,JELLY_A,0.0253,1.1764,1.18,J_SOFT_TURN,11.16,0.0087,0.815,1.0428,2.1563,-3.4380,0.00100,0.00489,0.00167,0.03693,0.0118
15.3667,JELLY_B,0.2145,-0.0054,0.05,J_PAUSE_OPEN,8.26,0.0088,0.000,1.4747,3.0188,-3.7730,-0.00073,0.01474,0.00082,0.02666,0.0370
15.3667,JELLY_C,0.4168,-1.2200,1.00,J_PULSE_CRUISE,9.97,0.0021,0.067,0.5502,3.6454,-3.9134,0.00217,0.00800,0.00091,0.01615,0.8109
15.4000,JELLY_A,0.0362,1.6369,1.18,J_SOFT_TURN,11.17,0.0260,0.815,1.0428,2.1565,-3.4380,0.00100,0.00492,0.00167,0.03700,0.0236
15.4000,JELLY_B,0.2272,-0.0101,0.05,J_PAUSE_OPEN,8.25,0.0088,0.000,1.4747,3.0193,-3.7729,-0.00074,0.01462,0.00081,0.02674,0.0400
15.4000,JELLY_C,0.4300,-1.2374,1.00,J_PULSE_CRUISE,9.98,0.0017,0.067,0.5503,3.6457,-3.9134,0.00217,0.00792,0.00090,0.01575,0.7770
15.4333,JELLY_A,0.0472,2.0493,1.18,J_SOFT_TURN,11.23,0.0502,0.815,1.0428,2.1567,-3.4379,0.00101,0.00500,0.00168,0.03709,0.0400
15.4333,JELLY_B,0.2398,-0.0147,0.05,J_PAUSE_OPEN,8.23,0.0089,0.000,1.4747,3.0198,-3.7729,-0.00074,0.01450,0.00081,0.02682,0.0425
15.4333,JELLY_C,0.4432,-1.2463,1.00,J_PULSE_CRUISE,9.98,0.0013,0.067,0.5504,3.6459,-3.9134,0.00218,0.00786,0.00089,0.01544,0.7411
15.4667,JELLY_A,0.0581,2.4015,1.18,J_SOFT_TURN,11.33,0.0790,0.815,1.0429,2.1568,-3.4379,0.00103,0.00514,0.00169,0.03721,0.0616
15.4667,JELLY_B,0.2524,-0.0193,0.05,J_PAUSE_OPEN,8.21,0.0090,0.000,1.4746,3.0203,-3.7729,-0.00075,0.01438,0.00080,0.02690,0.0445
15.4667,JELLY_C,0.4565,-1.2465,1.00,J_PULSE_CRUISE,9.98,0.0010,0.067,0.5504,3.6462,-3.9133,0.00218,0.00782,0.00088,0.01522,0.7037
15.5000,JELLY_A,0.0690,2.6832,1.18,J_SOFT_TURN,11.49,0.1112,0.815,1.0429,2.1570,-3.4378,0.00106,0.00533,0.00169,0.03738,0.0888
15.5000,JELLY_B,0.2651,-0.0237,0.05,J_PAUSE_OPEN,8.19,0.0090,0.000,1.4746,3.0207,-3.7728,-0.00076,0.01426,0.00079,0.02698,0.0461
15.5000,JELLY_C,0.4697,-1.2382,1.00,J_PULSE_CRUISE,9.98,0.0008,0.067,0.5505,3.6465,-3.9133,0.00219,0.00780,0.00088,0.01507,0.6651
15.5333,JELLY_A,0.0799,2.8861,1.18,J_SOFT_TURN,11.70,0.1457,0.815,1.0429,2.1572,-3.4377,0.00110,0.00556,0.00170,0.03759,0.1217
15.5333,JELLY_B,0.2777,-0.0279,0.05,J_PAUSE_OPEN,8.18,0.0091,0.000,1.4746,3.0212,-3.7728,-0.00076,0.01414,0.00078,0.02706,0.0472
15.5333,JELLY_C,0.4829,-1.2212,1.00,J_PULSE_CRUISE,9.98,0.0008,0.067,0.5506,3.6467,-3.9133,0.00219,0.00782,0.00089,0.01500,0.6254
15.5667,JELLY_A,0.0908,3.0042,1.18,J_SOFT_TURN,11.98,0.1812,0.815,1.0430,2.1574,-3.4377,0.00114,0.00581,0.00171,0.03784,0.1608
15.5667,JELLY_B,0.2903,-0.0320,0.05,J_PAUSE_OPEN,8.16,0.0091,0.000,1.4746,3.0217,-3.7728,-0.00077,0.01403,0.00077,0.02714,0.0479
15.5667,JELLY_C,0.4962,-1.1959,1.00,J_PULSE_CRUISE,9.98,0.0010,0.067,0.5507,3.6470,-3.9133,0.00220,0.00786,0.00089,0.01500,0.5850
15.6000,JELLY_A,0.1018,3.0342,1.18,J_SOFT_TURN,12.32,0.2165,0.815,1.0430,2.1576,-3.4376,0.00119,0.00608,0.00172,0.03813,0.2058
15.6000,JELLY_B,0.3030,-0.0359,0.05,J_PAUSE_OPEN,8.14,0.0092,0.000,1.4745,3.0222,-3.7728,-0.00078,0.01392,0.00077,0.02722,0.0483
15.6000,JELLY_C,0.5094,-1.1622,1.00,J_PULSE_CRUISE,9.98,0.0012,0.067,0.5507,3.6472,-3.9132,0.00220,0.00793,0.00091,0.01506,0.5442
15.6333,JELLY_A,0.1127,2.9752,1.18,J_SOFT_TURN,12.73,0.2503,0.815,1.0431,2.1578,-3.4376,0.00124,0.00635,0.00173,0.03845,0.2567
15.6333,JELLY_B,0.3156,-0.0396,0.05,J_PAUSE_OPEN,8.12,0.0093,0.000,1.4745,3.0226,-3.7727,-0.00079,0.01380,0.00076,0.02730,0.0483
15.6333,JELLY_C,0.5227,-1.1205,1.00,J_PULSE_CRUISE,9.98,0.0015,0.067,0.5508,3.6475,-3.9132,0.00221,0.00802,0.00093,0.01518,0.5032
15.6667,JELLY_A,0.1236,2.8290,1.18,J_SOFT_TURN,13.20,0.2816,0.815,1.0431,2.1580,-3.4375,0.00129,0.00658,0.00175,0.03878,0.3130
15.6667,JELLY_B,0.3283,-0.0430,0.05,J_PAUSE_OPEN,8.11,0.0093,0.000,1.4745,3.0231,-3.7727,-0.00079,0.01369,0.00075,0.02738,0.0481
15.6667,JELLY_C,0.5359,-1.0710,1.00,J_PULSE_CRUISE,9.98,0.0018,0.067,0.5509,3.6478,-3.9132,0.00222,0.00814,0.00095,0.01533,0.4622
15.7000,JELLY_A,0.1345,2.5997,1.18,J_SOFT_TURN,13.72,0.3093,0.815,1.0431,2.1582,-3.4375,0.00132,0.00678,0.00176,0.03908,0.3738
15.7000,JELLY_B,0.3409,-0.0461,0.05,J_PAUSE_OPEN,8.09,0.0094,0.000,1.4745,3.0235,-3.7727,-0.00080,0.01358,0.00074,0.02746,0.0476
15.7000,JELLY_C,0.5492,-1.0140,1.00,J_PULSE_CRUISE,9.97,0.0022,0.067,0.5510,3.6480,-3.9131,0.00223,0.00829,0.00097,0.01553,0.4217
15.7333,JELLY_A,0.1454,2.2943,1.18,J_SOFT_TURN,14.30,0.3324,0.815,1.0432,2.1585,-3.4374,0.00135,0.00693,0.00177,0.03934,0.4381
15.7333,JELLY_B,0.3535,-0.0490,0.05,J_PAUSE_OPEN,8.07,0.0094,0.000,1.4744,3.0240,-3.7727,-0.00081,0.01347,0.00074,0.02755,0.0468
15.7333,JELLY_C,0.5624,-0.9500,1.00,J_PULSE_CRUISE,9.97,0.0025,0.067,0.5510,3.6483,-3.9131,0.00223,0.00845,0.00100,0.01578,0.3817
15.7667,JELLY_A,0.1563,1.9217,1.18,J_SOFT_TURN,14.91,0.3500,0.815,1.0432,2.1587,-3.4373,0.00137,0.00702,0.00178,0.03950,0.5048
15.7667,JELLY_B,0.3662,-0.0515,0.05,J_PAUSE_OPEN,8.05,0.0094,0.000,1.4744,3.0244,-3.7726,-0.00082,0.01337,0.00073,0.02764,0.0459
15.7667,JELLY_C,0.5757,-0.8794,1.00,J_PULSE_CRUISE,9.96,0.0028,0.067,0.5511,3.6486,-3.9131,0.00224,0.00863,0.00103,0.01605,0.3426
15.8000,JELLY_A,0.1673,1.4928,1.18,J_SOFT_TURN,15.56,0.3615,0.815,1.0433,2.1589,-3.4373,0.00137,0.00707,0.00179,0.03956,0.5726
15.8000,JELLY_B,0.3788,-0.0537,0.05,J_PAUSE_OPEN,8.03,0.0095,0.000,1.4744,3.0249,-3.7726,-0.00082,0.01326,0.00073,0.02774,0.0448
15.8000,JELLY_C,0.5889,-0.8027,1.00,J_PULSE_CRUISE,9.96,0.0031,0.067,0.5512,3.6489,-3.9130,0.00225,0.00881,0.00107,0.01635,0.3046
15.8333,JELLY_A,0.1782,1.0202,1.18,J_SOFT_TURN,16.23,0.3665,0.815,1.0433,2.1592,-3.4372,0.00136,0.00706,0.00180,0.03948,0.6401
15.8333,JELLY_B,0.3915,-0.0556,0.05,J_PAUSE_OPEN,8.02,0.0095,0.000,1.4743,3.0253,-3.7726,-0.00083,0.01316,0.00072,0.02784,0.0435
15.8333,JELLY_C,0.6022,-0.7204,1.00,J_PULSE_CRUISE,9.95,0.0034,0.067,0.5513,3.6492,-3.9130,0.00226,0.00900,0.00110,0.01667,0.2681
15.8667,JELLY_A,0.1891,0.5178,1.18,J_SOFT_TURN,16.90,0.3646,0.815,1.0434,2.1594,-3.4372,0.00135,0.00703,0.00181,0.03929,0.7062
15.8667,JELLY_B,0.4041,-0.0571,0.05,J_PAUSE_OPEN,8.00,0.0096,0.000,1.4743,3.0257,-3.7726,-0.00084,0.01305,0.00071,0.02794,0.0421
15.8667,JELLY_C,0.6154,-0.6331,1.00,J_PULSE_CRUISE,9.94,0.0037,0.067,0.5513,3.6495,-3.9130,0.00227,0.00919,0.00113,0.01700,0.2331
15.9000,JELLY_A,0.2000,0.0003,1.18,J_SOFT_TURN,17.56,0.3557,0.815,1.0434,2.1596,-3.4371,0.00132,0.00698,0.00181,0.03901,0.7696
15.9000,JELLY_B,0.4168,-0.0583,0.05,J_PAUSE_OPEN,7.98,0.0096,0.000,1.4743,3.0262,-3.7726,-0.00084,0.01295,0.00071,0.02804,0.0406
15.9000,JELLY_C,0.6287,-0.5413,1.00,J_PULSE_CRUISE,9.94,0.0040,0.067,0.5514,3.6498,-3.9129,0.00228,0.00938,0.00116,0.01735,0.2000
15.9333,JELLY_A,0.2109,-0.0831,1.18,J_SOFT_TURN,18.21,0.3445,0.815,1.0435,2.1599,-3.4370,0.00130,0.00692,0.00182,0.03864,0.8293
15.9333,JELLY_B,0.4294,-0.0591,0.05,J_PAUSE_OPEN,7.96,0.0096,0.000,1.4743,3.0266,-3.7725,-0.00085,0.01285,0.00070,0.02814,0.0390
15.9333,JELLY_C,0.6420,-0.4458,1.00,J_PULSE_CRUISE,9.93,0.0043,0.067,0.5515,3.6501,-3.9129,0.00229,0.00956,0.00119,0.01769,0.1690
15.9667,JELLY_A,0.2218,-0.1658,1.18,J_SOFT_TURN,18.84,0.3335,0.815,1.0435,2.1601,-3.4370,0.00128,0.00687,0.00182,0.03823,0.8845
15.9667,JELLY_B,0.4421,-0.0595,0.05,J_PAUSE_OPEN,7.94,0.0097,0.000,1.4742,3.0270,-3.7725,-0.00086,0.01276,0.00070,0.02823,0.0373
15.9667,JELLY_C,0.6552,-0.3471,1.00,J_PULSE_CRUISE,9.92,0.0045,0.067,0.5516,3.6505,-3.9128,0.00230,0.00974,0.00122,0.01804,0.1403
16.0000,JELLY_A,0.2327,-0.2477,1.18,J_SOFT_TURN,19.46,0.3229,0.815,1.0435,2.1603,-3.4369,0.00126,0.00682,0.00183,0.03778,0.9343
16.0000,JELLY_B,0.4547,-0.0596,0.05,J_PAUSE_OPEN,7.92,0.0097,0.000,1.4742,3.0275,-3.7725,-0.00086,0.01266,0.00069,0.02833,0.0355
16.0000,JELLY_C,0.6685,-0.2460,1.00,J_PULSE_CRUISE,9.91,0.0048,0.067,0.5516,3.6508,-3.9128,0.00231,0.00992,0.00124,0.01839,0.1141
16.0333,JELLY_A,0.2436,-0.3285,1.18,J_SOFT_TURN,20.05,0.3126,0.815,1.0436,2.1606,-3.4369,0.00124,0.00677,0.00184,0.03730,0.9781
16.0333,JELLY_B,0.4673,-0.0592,0.05,J_PAUSE_OPEN,7.91,0.0097,0.000,1.4742,3.0279,-3.7725,-0.00087,0.01257,0.00069,0.02842,0.0336
16.0333,JELLY_C,0.6817,-0.1431,1.00,J_PULSE_CRUISE,9.90,0.0050,0.067,0.5517,3.6511,-3.9128,0.00231,0.01010,0.00127,0.01873,0.0906
16.0667,JELLY_A,0.2545,-0.4076,1.18,J_SOFT_TURN,20.62,0.3025,0.815,1.0436,2.1608,-3.4368,0.00122,0.00672,0.00184,0.03679,1.0156
16.0667,JELLY_B,0.4800,-0.0585,0.05,J_PAUSE_OPEN,7.89,0.0098,0.000,1.4741,3.0283,-3.7724,-0.00088,0.01247,0.00068,0.02852,0.0317
16.0667,JELLY_C,0.6950,-0.0392,1.00,J_PULSE_CRUISE,9.89,0.0053,0.067,0.5518,3.6515,-3.9127,0.00232,0.01028,0.00129,0.01906,0.0699
16.1000,JELLY_A,0.2654,-0.4849,1.18,J_SOFT_TURN,21.18,0.2927,0.815,1.0437,2.1610,-3.4367,0.00120,0.00667,0.00185,0.03625,1.0464
16.1000,JELLY_B,0.4926,-0.0575,0.05,J_PAUSE_OPEN,7.87,0.0098,0.000,1.4741,3.0287,-3.7724,-0.00088,0.01239,0.00068,0.02861,0.0298
16.1000,JELLY_C,0.7083,0.0000,1.00,J_GLIDE,9.88,0.0055,0.067,0.5519,3.6518,-3.9127,0.00233,0.01045,0.00132,0.01938,0.0522
16.1333,JELLY_A,0.2764,-0.5598,1.18,J_SOFT_TURN,21.72,0.2832,0.815,1.0437,2.1612,-3.4367,0.00118,0.00662,0.00185,0.03568,1.0706
16.1333,JELLY_B,0.5053,-0.0560,0.05,J_PAUSE_OPEN,7.85,0.0098,0.000,1.4741,3.0291,-3.7724,-0.00089,0.01230,0.00068,0.02870,0.0279
16.1333,JELLY_C,0.7215,0.0000,1.00,J_GLIDE,9.87,0.0058,0.067,0.5520,3.6522,-3.9126,0.00234,0.01061,0.00134,0.01969,0.0374
16.1667,JELLY_A,0.2873,-0.6322,1.18,J_SOFT_TURN,22.24,0.2740,0.815,1.0437,2.1614,-3.4366,0.00115,0.00657,0.00186,0.03508,1.0882
16.1667,JELLY_B,0.5179,-0.0543,0.05,J_PAUSE_OPEN,7.83,0.0098,0.000,1.4741,3.0295,-3.7724,-0.00090,0.01221,0.00067,0.02878,0.0259
16.1667,JELLY_C,0.7348,0.0000,1.00,J_GLIDE,9.86,0.0060,0.067,0.5520,3.6525,-3.9126,0.00235,0.01076,0.00136,0.01999,0.0256
16.2000,JELLY_A,0.2982,-0.7015,1.18,J_SOFT_TURN,22.74,0.2650,0.815,1.0438,2.1617,-3.4365,0.00113,0.00652,0.00186,0.03444,1.0997
16.2000,JELLY_B,0.5306,-0.0521,0.05,J_PAUSE_OPEN,7.81,0.0099,0.000,1.4740,3.0299,-3.7723,-0.00090,0.01213,0.00067,0.02887,0.0240
16.2000,JELLY_C,0.7481,0.0000,1.00,J_GLIDE,9.85,0.0062,0.067,0.5521,3.6529,-3.9125,0.00235,0.01090,0.00137,0.02027,0.0163
16.2333,JELLY_A,0.3091,-0.7675,1.18,J_SOFT_TURN,23.23,0.2562,0.815,1.0438,2.1619,-3.4365,0.00111,0.00647,0.00187,0.03378,1.1053
16.2333,JELLY_B,0.5432,-0.0497,0.05,J_PAUSE_OPEN,7.79,0.0099,0.000,1.4740,3.0303,-3.7723,-0.00091,0.01205,0.00067,0.02896,0.0220
16.2333,JELLY_C,0.7613,0.0000,1.00,J_GLIDE,9.84,0.0064,0.067,0.5522,3.6532,-3.9125,0.00236,0.01103,0.00139,0.02054,0.0092
16.2667,JELLY_A,0.3200,-0.8299,1.18,J_SOFT_TURN,23.71,0.2477,0.815,1.0439,2.1621,-3.4364,0.00109,0.00642,0.00187,0.03310,1.1056
16.2667,JELLY_B,0.5559,-0.0469,0.05,J_PAUSE_OPEN,7.77,0.0099,0.000,1.4740,3.0307,-3.7723,-0.00092,0.01197,0.00066,0.02904,0.0201
16.2667,JELLY_C,0.7746,0.0000,1.00,J_GLIDE,9.83,0.0066,0.067,0.5523,3.6536,-3.9124,0.00237,0.01115,0.00140,0.02080,0.0041
16.3000,JELLY_A,0.3309,-0.8884,1.18,J_SOFT_TURN,24.16,0.2395,0.815,1.0439,2.1623,-3.4364,0.00107,0.00637,0.00188,0.03240,1.1008
16.3000,JELLY_B,0.5685,-0.0438,0.05,J_PAUSE_OPEN,7.76,0.0099,0.000,1.4739,3.0311,-3.7723,-0.00092,0.01189,0.00066,0.02912,0.0182
16.3000,JELLY_C,0.7879,0.0000,1.00,J_GLIDE,9.81,0.0068,0.067,0.5523,3.6540,-3.9124,0.00237,0.01127,0.00141,0.02104,0.0005
16.3333,JELLY_A,0.3418,-0.9428,1.18,J_SOFT_TURN,24.61,0.2314,0.815,1.0439,2.1625,-3.4363,0.00105,0.00632,0.00188,0.03169,1.0915
16.3333,JELLY_B,0.5812,-0.0405,0.05,J_PAUSE_OPEN,7.74,0.0099,0.000,1.4739,3.0315,-3.7723,-0.00093,0.01182,0.00066,0.02920,0.0164
16.3333,JELLY_C,0.8012,0.0000,1.00,J_GLIDE,9.80,0.0070,0.067,0.5524,3.6544,-3.9124,0.00238,0.01137,0.00142,0.02127,-0.0019
16.3667,JELLY_A,0.3527,-0.9926,1.18,J_SOFT_TURN,25.04,0.2236,0.815,1.0440,2.1627,-3.4362,0.00103,0.00627,0.00189,0.03098,1.0782
16.3667,JELLY_B,0.5938,-0.0369,0.05,J_PAUSE_OPEN,7.72,0.0099,0.000,1.4739,3.0319,-3.7722,-0.00094,0.01174,0.00066,0.02927,0.0146
16.3667,JELLY_C,0.8145,0.0000,1.00,J_GLIDE,9.79,0.0072,0.067,0.5525,3.6547,-3.9123,0.00238,0.01147,0.00143,0.02148,-0.0034
16.4000,JELLY_A,0.3636,-1.0379,1.18,J_SOFT_TURN,25.45,0.2160,0.815,1.0440,2.1629,-3.4362,0.00101,0.00623,0.00190,0.03025,1.0611
16.4000,JELLY_B,0.6065,-0.0330,0.05,J_PAUSE_OPEN,7.70,0.0100,0.000,1.4738,3.0323,-3.7722,-0.00094,0.01167,0.00065,0.02935,0.0128
16.4000,JELLY_C,0.8277,0.0000,1.00,J_GLIDE,9.77,0.0074,0.067,0.5526,3.6551,-3.9123,0.00239,0.01155,0.00143,0.02168,-0.0041
16.4333,JELLY_A,0.3745,-1.0782,1.18,J_SOFT_TURN,25.85,0.2086,0.815,1.0440,2.1631,-3.4361,0.00100,0.00618,0.00190,0.02953,1.0407
16.4333,JELLY_B,0.6191,-0.0290,0.05,J_PAUSE_OPEN,7.68,0.0100,0.000,1.4738,3.0327,-3.7722,-0.00095,0.01159,0.00065,0.02942,0.0112
16.4333,JELLY_C,0.8410,0.0000,1.00,J_GLIDE,9.76,0.0075,0.067,0.5527,3.6555,-3.9122,0.00239,0.01163,0.00144,0.02187,-0.0043
16.4667,JELLY_A,0.3854,-1.1135,1.18,J_SOFT_TURN,26.24,0.2014,0.815,1.0441,2.1633,-3.4360,0.00098,0.00613,0.00191,0.02881,1.0174
16.4667,JELLY_B,0.6318,-0.0248,0.05,J_PAUSE_OPEN,7.66,0.0100,0.000,1.4738,3.0331,-3.7722,-0.00095,0.01152,0.00065,0.02949,0.0096
16.4667,JELLY_C,0.8543,0.0000,1.00,J_GLIDE,9.74,0.0077,0.067,0.5527,3.6559,-3.9122,0.00240,0.01170,0.00144,0.02204,-0.0042
16.5000,JELLY_A,0.3963,-1.1435,1.18,J_SOFT_TURN,26.61,0.1944,0.815,1.0441,2.1635,-3.4360,0.00096,0.00608,0.00191,0.02811,0.9915
16.5000,JELLY_B,0.6444,-0.0204,0.05,J_PAUSE_OPEN,7.64,0.0100,0.000,1.4737,3.0335,-3.7721,-0.00096,0.01145,0.00065,0.02956,0.0082
16.5000,JELLY_C,0.8676,0.0000,1.00,J_GLIDE,9.73,0.0079,0.067,0.5528,3.6563,-3.9121,0.00240,0.01177,0.00144,0.02221,-0.0039
16.5333,JELLY_A,0.4072,-1.1682,1.18,J_SOFT_TURN,26.97,0.1877,0.815,1.0441,2.1638,-3.4359,0.00094,0.00604,0.00192,0.02744,0.9632
16.5333,JELLY_B,0.6571,-0.0159,0.05,J_PAUSE_OPEN,7.62,0.0100,0.000,1.4737,3.0338,-3.7721,-0.00097,0.01137,0.00065,0.02962,0.0068
16.5333,JELLY_C,0.8809,0.0000,1.00,J_GLIDE,9.71,0.0080,0.067,0.5529,3.6567,-3.9121,0.00241,0.01183,0.00144,0.02236,-0.0034
16.5667,JELLY_A,0.4181,-1.1874,1.18,J_SOFT_TURN,27.32,0.1810,0.815,1.0442,2.1640,-3.4359,0.00092,0.00600,0.00192,0.02682,0.9329
16.5667,JELLY_B,0.6697,-0.0113,0.05,J_PAUSE_OPEN,7.60,0.0100,0.000,1.4737,3.0342,-3.7721,-0.00097,0.01130,0.00065,0.02969,0.0056
16.5667,JELLY_C,0.8941,0.0000,1.00,J_GLIDE,9.70,0.0082,0.067,0.5530,3.6571,-3.9120,0.00241,0.01188,0.00144,0.02250,-0.0029
16.6000,JELLY_A,0.4290,-1.2011,1.18,J_SOFT_TURN,27.65,0.1746,0.815,1.0442,2.1642,-3.4358,0.00091,0.00597,0.00193,0.02626,0.9009
16.6000,JELLY_B,0.6824,-0.0066,0.05,J_PAUSE_OPEN,7.58,0.0100,0.000,1.4737,3.0346,-3.7721,-0.00098,0.01123,0.00064,0.02975,0.0045
16.6000,JELLY_C,0.9074,0.0000,1.00,J_GLIDE,9.68,0.0083,0.067,0.5531,3.6575,-3.9120,0.00241,0.01192,0.00144,0.02263,-0.0024
16.6333,JELLY_A,0.4399,-1.2091,1.18,J_SOFT_TURN,27.98,0.1684,0.815,1.0442,2.1643,-3.4357,0.00091,0.00595,0.00194,0.02576,0.8673
16.6333,JELLY_B,0.6950,-0.0019,0.05,J_PAUSE_OPEN,7.57,0.0100,0.000,1.4736,3.0350,-3.7721,-0.00099,0.01116,0.00064,0.02981,0.0035
16.6333,JELLY_C,0.9207,0.0000,1.00,J_GLIDE,9.67,0.0085,0.067,0.5531,3.6579,-3.9119,0.00242,0.01196,0.00143,0.02276,-0.0019
16.6667,JELLY_A,0.4508,-1.2114,1.18,J_SOFT_TURN,28.29,0.1623,0.815,1.0443,2.1645,-3.4357,0.00091,0.00594,0.00195,0.02531,0.8324
16.6667,JELLY_B,0.7077,0.0000,0.05,J_PAUSE_OPEN,7.55,0.0100,0.000,1.4736,3.0353,-3.7720,-0.00099,0.01109,0.00064,0.02987,0.0026
16.6667,JELLY_C,0.9340,0.0000,1.00,J_GLIDE,9.65,0.0086,0.067,0.5532,3.6583,-3.9119,0.00242,0.01200,0.00143,0.02287,-0.0015
16.7000,JELLY_A,0.4616,-1.2081,1.18,J_SOFT_TURN,28.59,0.1564,0.815,1.0443,2.1647,-3.4356,0.00092,0.00594,0.00197,0.02492,0.7963
16.7000,JELLY_B,0.7203,0.0000,0.05,J_PAUSE_OPEN,7.53,0.0100,0.000,1.4736,3.0357,-3.7720,-0.00100,0.01102,0.00064,0.02993,0.0019
16.7000,JELLY_C,0.9473,0.0000,1.00,J_GLIDE,9.63,0.0087,0.067,0.5533,3.6587,-3.9118,0.00242,0.01202,0.00143,0.02298,-0.0011
16.7333,JELLY_A,0.4725,-1.1991,1.18,J_SOFT_TURN,28.88,0.1507,0.815,1.0443,2.1649,-3.4355,0.00093,0.00597,0.00199,0.02458,0.7594
16.7333,JELLY_B,0.7330,0.0000,0.05,J_PAUSE_OPEN,7.51,0.0100,0.000,1.4735,3.0361,-3.7720,-0.00100,0.01095,0.00064,0.02998,0.0013
16.7333,JELLY_C,0.9606,0.0000,1.00,J_GLIDE,9.62,0.0088,0.067,0.5534,3.6591,-3.9118,0.00242,0.01205,0.00142,0.02308,-0.0008
16.7667,JELLY_A,0.4834,-1.1845,1.18,J_SOFT_TURN,29.16,0.1451,0.815,1.0443,2.1651,-3.4355,0.00096,0.00600,0.00201,0.02430,0.7218
16.7667,JELLY_B,0.7456,0.0000,0.05,J_PAUSE_OPEN,7.49,0.0100,0.000,1.4735,3.0364,-3.7720,-0.00101,0.01089,0.00064,0.03003,0.0009
16.7667,JELLY_C,0.9739,0.0000,1.00,J_GLIDE,9.60,0.0090,0.067,0.5535,3.6595,-3.9117,0.00243,0.01206,0.00141,0.02318,-0.0006
16.8000,JELLY_A,0.4943,-1.1644,1.18,J_SOFT_TURN,29.43,0.1397,0.815,1.0444,2.1653,-3.4354,0.00099,0.00605,0.00203,0.02407,0.6836
16.8000,JELLY_B,0.7583,0.0000,0.05,J_PAUSE_OPEN,7.47,0.0101,0.000,1.4735,3.0368,-3.7720,-0.00102,0.01082,0.00064,0.03009,0.0005
16.8000,JELLY_C,0.9872,0.0000,1.00,J_GLIDE,9.58,0.0091,0.067,0.5535,3.6599,-3.9117,0.00243,0.01207,0.00141,0.02327,-0.0004
16.8333,JELLY_A,0.5052,-1.1388,1.18,J_SOFT_TURN,29.68,0.1344,0.815,1.0444,2.1655,-3.4353,0.00103,0.00612,0.00206,0.02388,0.6451
16.8333,JELLY_B,0.7709,0.0000,0.05,J_PAUSE_OPEN,7.45,0.0101,0.000,1.4734,3.0372,-3.7719,-0.00102,0.01075,0.00064,0.03014,0.0003
16.8333,JELLY_C,0.0005,0.0011,0.05,J_DRIFT_IDLE,9.57,0.0092,0.000,0.5536,3.6603,-3.9116,0.00243,0.01204,0.00139,0.02335,-0.0002
16.8667,JELLY_A,0.5161,-1.1079,1.18,J_SOFT_TURN,29.93,0.1293,0.815,1.0444,2.1658,-3.4353,0.00108,0.00620,0.00209,0.02375,0.6065
16.8667,JELLY_B,0.7836,0.0000,0.05,J_PAUSE_OPEN,7.43,0.0101,0.000,1.4734,3.0375,-3.7719,-0.00103,0.01068,0.00064,0.03018,0.0001
16.8667,JELLY_C,0.0138,0.0336,0.05,J_DRIFT_IDLE,9.55,0.0093,0.000,0.5537,3.6607,-3.9116,0.00242,0.01189,0.00136,0.02343,-0.0001
16.9000,JELLY_A,0.5270,-1.0719,1.18,J_SOFT_TURN,30.17,0.1243,0.815,1.0445,2.1660,-3.4352,0.00114,0.00630,0.00212,0.02366,0.5679
16.9000,JELLY_B,0.7962,0.0000,0.05,J_PAUSE_OPEN,7.41,0.0101,0.000,1.4733,3.0379,-3.7719,-0.00104,0.01061,0.00063,0.03023,-0.0001
16.9000,JELLY_C,0.0270,0.0646,0.05,J_DRIFT_IDLE,9.53,0.0094,0.000,0.5538,3.6611,-3.9115,0.00242,0.01175,0.00133,0.02351,0.0000
16.9333,JELLY_A,0.5379,-1.0308,1.18,J_SOFT_TURN,30.40,0.1195,0.815,1.0445,2.1662,-3.4351,0.00121,0.00641,0.00216,0.02361,0.5294
16.9333,JELLY_B,0.8089,0.0000,0.05,J_PAUSE_OPEN,7.39,0.0101,0.000,1.4733,3.0382,-3.7719,-0.00104,0.01054,0.00063,0.03028,-0.0001
16.9333,JELLY_C,0.0403,0.0928,0.05,J_DRIFT_IDLE,9.51,0.0095,0.000,0.5539,3.6615,-3.9115,0.00242,0.01161,0.00130,0.02358,0.0003
16.9667,JELLY_A,0.5488,-0.9849,1.18,J_SOFT_TURN,30.62,0.1147,0.815,1.0446,2.1664,-3.4350,0.00128,0.00654,0.00219,0.02359,0.4913
16.9667,JELLY_B,0.8215,0.0000,0.05,J_PAUSE_OPEN,7.37,0.0100,0.000,1.4733,3.0386,-3.7718,-0.00105,0.01048,0.00063,0.03032,-0.0002
16.9667,JELLY_C,0.0536,0.1169,0.05,J_DRIFT_IDLE,9.49,0.0096,0.000,0.5540,3.6619,-3.9115,0.00242,0.01146,0.00127,0.02365,0.0008
17.0000,JELLY_A,0.5596,-0.9344,1.18,J_SOFT_TURN,30.84,0.1100,0.815,1.0446,2.1666,-3.4350,0.00137,0.00667,0.00224,0.02362,0.4538
17.0000,JELLY_B,0.8342,0.0000,0.05,J_PAUSE_OPEN,7.35,0.0100,0.000,1.4732,3.0389,-3.7718,-0.00105,0.01041,0.00063,0.03036,-0.0002
17.0000,JELLY_C,0.0669,0.1360,0.05,J_DRIFT_IDLE,9.48,0.0097,0.000,0.5540,3.6622,-3.9114,0.00241,0.01133,0.00124,0.02371,0.0017
17.0333,JELLY_A,0.5705,-0.8796,1.18,J_SOFT_TURN,31.04,0.1053,0.815,1.0447,2.1668,-3.4349,0.00145,0.00682,0.00228,0.02368,0.4169
17.0333,JELLY_B,0.8468,0.0000,0.05,J_PAUSE_OPEN,7.34,0.0100,0.000,1.4732,3.0393,-3.7718,-0.00106,0.01034,0.00063,0.03041,-0.0002
17.0333,JELLY_C,0.0802,0.1492,0.05,J_DRIFT_IDLE,9.46,0.0098,0.000,0.5541,3.6626,-3.9114,0.00241,0.01119,0.00121,0.02378,0.0030
17.0667,JELLY_A,0.5814,-0.8206,1.18,J_SOFT_TURN,31.23,0.1007,0.815,1.0447,2.1671,-3.4348,0.00154,0.00697,0.00232,0.02377,0.3809
17.0667,JELLY_B,0.8595,0.0000,0.05,J_PAUSE_OPEN,7.32,0.0100,0.000,1.4732,3.0396,-3.7718,-0.00107,0.01028,0.00063,0.03045,-0.0002
17.0667,JELLY_C,0.0935,0.1559,0.05,J_DRIFT_IDLE,9.44,0.0099,0.000,0.5542,3.6630,-3.9113,0.00241,0.01106,0.00118,0.02384,0.0048
17.1000,JELLY_A,0.5923,-0.7579,1.18,J_SOFT_TURN,31.42,0.0960,0.815,1.0448,2.1673,-3.4347,0.00164,0.00712,0.00237,0.02389,0.3459
17.1000,JELLY_B,0.8721,0.0000,0.05,J_PAUSE_OPEN,7.30,0.0100,0.000,1.4731,3.0399,-3.7718,-0.00107,0.01021,0.00063,0.03048,-0.0002
17.1000,JELLY_C,0.1068,0.1558,0.05,J_DRIFT_IDLE,9.42,0.0100,0.000,0.5543,3.6633,-3.9113,0.00240,0.01092,0.00116,0.02390,0.0072
17.1333,JELLY_A,0.6032,-0.6916,1.18,J_SOFT_TURN,31.60,0.0914,0.815,1.0448,2.1675,-3.4347,0.00173,0.00727,0.00242,0.02403,0.3121
17.1333,JELLY_B,0.8848,0.0000,0.05,J_PAUSE_OPEN,7.28,0.0100,0.000,1.4731,3.0403,-3.7717,-0.00108,0.01014,0.00063,0.03052,-0.0002
17.1333,JELLY_C,0.1201,0.1489,0.05,J_DRIFT_IDLE,9.40,0.0101,0.000,0.5544,3.6637,-3.9113,0.00240,0.01079,0.00113,0.02395,0.0100
17.1667,JELLY_A,0.6141,-0.6221,1.18,J_SOFT_TURN,31.76,0.0868,0.815,1.0449,2.1678,-3.4346,0.00182,0.00743,0.00247,0.02420,0.2796
17.1667,JELLY_B,0.8974,0.0000,0.05,J_PAUSE_OPEN,7.26,0.0100,0.000,1.4731,3.0406,-3.7717,-0.00109,0.01008,0.00063,0.03056,-0.0001
17.1667,JELLY_C,0.1334,0.1356,0.05,J_DRIFT_IDLE,9.38,0.0101,0.000,0.5544,3.6641,-3.9112,0.00240,0.01067,0.00111,0.02401,0.0134
17.2000,JELLY_A,0.6249,-0.5497,1.18,J_SOFT_TURN,31.92,0.0821,0.815,1.0449,2.1680,-3.4345,0.00191,0.00758,0.00251,0.02438,0.2486
17.2000,JELLY_B,0.9101,0.0000,0.05,J_PAUSE_OPEN,7.24,0.0100,0.000,1.4730,3.0410,-3.7717,-0.00109,0.01001,0.00063,0.03059,-0.0001
17.2000,JELLY_C,0.1467,0.1163,0.05,J_DRIFT_IDLE,9.36,0.0102,0.000,0.5545,3.6644,-3.9112,0.00239,0.01054,0.00109,0.02406,0.0171
17.2333,JELLY_A,0.6358,-0.4748,1.18,J_SOFT_TURN,32.07,0.0775,0.815,1.0450,2.1683,-3.4344,0.00201,0.00773,0.00256,0.02458,0.2192
17.2333,JELLY_B,0.9227,0.0000,0.05,J_PAUSE_OPEN,7.22,0.0100,0.000,1.4730,3.0413,-3.7717,-0.00110,0.00994,0.00063,0.03063,-0.0001
17.2333,JELLY_C,0.1600,0.0920,0.05,J_DRIFT_IDLE,9.34,0.0103,0.000,0.5546,3.6648,-3.9112,0.00239,0.01041,0.00107,0.02412,0.0211
17.2667,JELLY_A,0.6467,-0.3977,1.18,J_SOFT_TURN,32.22,0.0728,0.815,1.0451,2.1686,-3.4343,0.00210,0.00788,0.00261,0.02478,0.1916
17.2667,JELLY_B,0.9354,0.0000,0.05,J_PAUSE_OPEN,7.20,0.0100,0.000,1.4730,3.0416,-3.7717,-0.00110,0.00988,0.00062,0.03066,-0.0001
17.2667,JELLY_C,0.1734,0.0637,0.05,J_DRIFT_IDLE,9.32,0.0104,0.000,0.5547,3.6651,-3.9111,0.00239,0.01029,0.00105,0.02417,0.0252
17.3000,JELLY_A,0.6576,-0.3187,1.18,J_SOFT_TURN,32.35,0.0682,0.815,1.0451,2.1688,-3.4342,0.00219,0.00802,0.00266,0.02500,0.1658
17.3000,JELLY_B,0.9480,0.0000,0.05,J_PAUSE_OPEN,7.18,0.0100,0.000,1.4729,3.0419,-3.7716,-0.00111,0.00981,0.00062,0.03069,-0.0001
17.3000,JELLY_C,0.1867,0.0326,0.05,J_DRIFT_IDLE,9.30,0.0104,0.000,0.5548,3.6654,-3.9111,0.00238,0.01017,0.00103,0.02422,0.0293
17.3333,JELLY_A,0.6684,-0.2383,1.18,J_SOFT_TURN,32.47,0.0635,0.815,1.0452,2.1691,-3.4341,0.00228,0.00817,0.00270,0.02523,0.1419
17.3333,JELLY_B,0.9606,0.0000,0.05,J_PAUSE_OPEN,7.16,0.0100,0.000,1.4729,3.0423,-3.7716,-0.00112,0.00975,0.00062,0.03072,-0.0000
17.3333,JELLY_C,0.2000,0.0001,0.05,J_DRIFT_IDLE,9.28,0.0105,0.000,0.5548,3.6658,-3.9110,0.00238,0.01005,0.00101,0.02428,0.0332
17.3667,JELLY_A,0.6793,-0.1567,1.18,J_SOFT_TURN,32.59,0.0589,0.815,1.0453,2.1694,-3.4341,0.00236,0.00831,0.00275,0.02547,0.1201
17.3667,JELLY_B,0.9733,0.0000,0.05,J_PAUSE_OPEN,7.14,0.0100,0.000,1.4728,3.0426,-3.7716,-0.00112,0.00968,0.00062,0.03075,-0.0000
17.3667,JELLY_C,0.2133,-0.0052,0.05,J_DRIFT_IDLE,9.26,0.0105,0.000,0.5549,3.6661,-3.9110,0.00238,0.00993,0.00099,0.02433,0.0368
17.4000,JELLY_A,0.6902,-0.0745,1.18,J_SOFT_TURN,32.69,0.0542,0.815,1.0454,2.1696,-3.4340,0.00245,0.00845,0.00280,0.02572,0.1004
17.4000,JELLY_B,0.9859,0.0000,0.05,J_PAUSE_OPEN,7.12,0.0100,0.000,1.4728,3.0429,-3.7716,-0.00113,0.00962,0.00062,0.03078,-0.0000
17.4000,JELLY_C,0.2266,-0.0104,0.05,J_DRIFT_IDLE,9.24,0.0106,0.000,0.5550,3.6664,-3.9110,0.00237,0.00981,0.00097,0.02438,0.0399
17.4333,JELLY_A,0.7011,0.0000,1.18,J_GLIDE,32.79,0.0496,0.815,1.0455,2.1699,-3.4339,0.00254,0.00859,0.00285,0.02597,0.0827
17.4333,JELLY_B,0.9986,0.0000,0.05,J_PAUSE_OPEN,7.11,0.0100,0.000,1.4728,3.0432,-3.7716,-0.00114,0.00956,0.00062,0.03081,-0.0000
17.4333,JELLY_C,0.2399,-0.0156,0.05,J_DRIFT_IDLE,9.22,0.0107,0.000,0.5551,3.6668,-3.9110,0.00237,0.00969,0.00096,0.02443,0.0425
17.4667,JELLY_A,0.7119,0.0000,1.18,J_GLIDE,32.88,0.0450,0.815,1.0455,2.1702,-3.4338,0.00262,0.00873,0.00290,0.02622,0.0670
17.4667,JELLY_B,0.0112,0.5222,1.00,J_SOFT_TURN,7.09,0.0092,0.164,1.4727,3.0436,-3.7715,-0.00114,0.00949,0.00062,0.03084,0.0002
17.4667,JELLY_C,0.2532,-0.0206,0.05,J_DRIFT_IDLE,9.20,0.0107,0.000,0.5551,3.6671,-3.9109,0.00237,0.00958,0.00094,0.02449,0.0446
17.5000,JELLY_A,0.7228,0.0000,1.18,J_GLIDE,32.96,0.0405,0.815,1.0456,2.1705,-3.4337,0.00270,0.00886,0.00294,0.02648,0.0532
17.5000,JELLY_B,0.0239,1.0905,1.00,J_SOFT_TURN,7.07,0.0072,0.164,1.4727,3.0439,-3.7715,-0.00115,0.00945,0.00062,0.03087,0.0014
17.5000,JELLY_C,0.2665,-0.0255,0.05,J_DRIFT_IDLE,9.18,0.0108,0.000,0.5552,3.6674,-3.9109,0.00236,0.00947,0.00092,0.02454,0.0462
17.5333,JELLY_A,0.7337,0.0000,1.18,J_GLIDE,33.03,0.0360,0.815,1.0457,2.1708,-3.4336,0.00278,0.00898,0.00299,0.02673,0.0414
17.5333,JELLY_B,0.0365,1.6158,1.00,J_SOFT_TURN,7.06,0.0039,0.164,1.4727,3.0442,-3.7715,-0.00115,0.00945,0.00063,0.03092,0.0049
17.5333,JELLY_C,0.2798,-0.0302,0.05,J_DRIFT_IDLE,9.16,0.0108,0.000,0.5553,3.6677,-3.9109,0.00236,0.00935,0.00091,0.02459,0.0473
17.5667,JELLY_A,0.7445,0.0000,1.18,J_GLIDE,33.09,0.0317,0.815,1.0458,2.1711,-3.4335,0.00285,0.00910,0.00303,0.02698,0.0313
17.5667,JELLY_B,0.0491,2.0775,1.00,J_SOFT_TURN,7.05,0.0004,0.164,1.4726,3.0445,-3.7715,-0.00116,0.00950,0.00064,0.03099,0.0127
17.5667,JELLY_C,0.2931,-0.0346,0.05,J_DRIFT_IDLE,9.14,0.0109,0.000,0.5554,3.6680,-3.9108,0.00236,0.00924,0.00090,0.02465,0.0480
17.6000,JELLY_A,0.7554,0.0000,1.18,J_GLIDE,33.14,0.0274,0.815,1.0459,2.1714,-3.4334,0.00292,0.00921,0.00307,0.02722,0.0228
17.6000,JELLY_B,0.0618,2.4576,1.00,J_SOFT_TURN,7.06,0.0056,0.164,1.4726,3.0448,-3.7715,-0.00116,0.00962,0.00066,0.03111,0.0263
17.6000,JELLY_C,0.3064,-0.0389,0.05,J_DRIFT_IDLE,9.12,0.0109,0.000,0.5555,3.6683,-3.9108,0.00235,0.00913,0.00088,0.02470,0.0483
17.6333,JELLY_A,0.7663,0.0000,1.18,J_GLIDE,33.19,0.0233,0.815,1.0460,2.1717,-3.4333,0.00299,0.00932,0.00312,0.02746,0.0159
17.6333,JELLY_B,0.0744,2.7410,1.00,J_SOFT_TURN,7.07,0.0114,0.164,1.4725,3.0451,-3.7714,-0.00116,0.00979,0.00069,0.03128,0.0476
17.6333,JELLY_C,0.3197,-0.0429,0.05,J_DRIFT_IDLE,9.10,0.0109,0.000,0.5555,3.6686,-3.9108,0.00235,0.00902,0.00087,0.02476,0.0483
17.6667,JELLY_A,0.7771,0.0000,1.18,J_GLIDE,33.22,0.0193,0.815,1.0461,2.1720,-3.4332,0.00305,0.00942,0.00316,0.02769,0.0103
17.6667,JELLY_B,0.0871,2.9167,1.00,J_SOFT_TURN,7.10,0.0175,0.164,1.4725,3.0455,-3.7714,-0.00116,0.01000,0.00073,0.03151,0.0776
17.6667,JELLY_C,0.3331,-0.0465,0.05,J_DRIFT_IDLE,9.08,0.0110,0.000,0.5556,3.6689,-3.9107,0.00234,0.00892,0.00086,0.02481,0.0479
17.7000,JELLY_A,0.7880,0.0000,1.18,J_GLIDE,33.25,0.0157,0.815,1.0462,2.1724,-3.4331,0.00311,0.00952,0.00320,0.02791,0.0060
17.7000,JELLY_B,0.0997,2.9778,1.00,J_SOFT_TURN,7.14,0.0237,0.164,1.4725,3.0458,-3.7714,-0.00116,0.01024,0.00076,0.03178,0.1171
17.7000,JELLY_C,0.3464,-0.0499,0.05,J_DRIFT_IDLE,9.06,0.0110,0.000,0.5557,3.6692,-3.9107,0.00234,0.00881,0.00085,0.02487,0.0473
17.7333,JELLY_A,0.7989,0.0000,1.18,J_GLIDE,33.27,0.0126,0.815,1.0463,2.1727,-3.4330,0.00316,0.00961,0.00323,0.02813,0.0026
17.7333,JELLY_B,0.1123,2.9219,1.00,J_SOFT_TURN,7.19,0.0296,0.164,1.4724,3.0462,-3.7714,-0.00116,0.01046,0.00080,0.03209,0.1661
17.7333,JELLY_C,0.3597,-0.0529,0.05,J_DRIFT_IDLE,9.04,0.0111,0.000,0.5558,3.6695,-3.9107,0.00234,0.00871,0.00084,0.02492,0.0464
17.7667,JELLY_A,0.8097,0.0000,1.18,J_GLIDE,33.28,0.0102,0.815,1.0464,2.1730,-3.4328,0.00321,0.00970,0.00327,0.02834,0.0002
17.7667,JELLY_B,0.1250,2.7512,1.00,J_SOFT_TURN,7.25,0.0351,0.164,1.4724,3.0465,-3.7713,-0.00116,0.01066,0.00083,0.03241,0.2242
17.7667,JELLY_C,0.3730,-0.0555,0.05,J_DRIFT_IDLE,9.01,0.0111,0.000,0.5559,3.6698,-3.9107,0.00233,0.00860,0.00083,0.02498,0.0453
17.8000,JELLY_A,0.8206,0.0000,1.18,J_GLIDE,33.29,0.0091,0.815,1.0465,2.1733,-3.4327,0.00326,0.00978,0.00331,0.02854,-0.0016
17.8000,JELLY_B,0.1376,2.4726,1.00,J_SOFT_TURN,7.32,0.0398,0.164,1.4723,3.0469,-3.7713,-0.00116,0.01081,0.00086,0.03272,0.2901
17.8000,JELLY_C,0.3863,-0.0578,0.05,J_DRIFT_IDLE,8.99,0.0111,0.000,0.5559,3.6701,-3.9106,0.00233,0.00850,0.00082,0.02503,0.0440
17.8333,JELLY_A,0.8315,0.0000,1.18,J_GLIDE,33.29,0.0097,0.815,1.0467,2.1737,-3.4326,0.00331,0.00985,0.00334,0.02873,-0.0028
17.8333,JELLY_B,0.1502,2.0969,1.00,J_SOFT_TURN,7.40,0.0436,0.164,1.4723,3.0472,-3.7713,-0.00117,0.01090,0.00088,0.03297,0.3622
17.8333,JELLY_C,0.3996,-0.0596,0.05,J_DRIFT_IDLE,8.97,0.0111,0.000,0.5560,3.6704,-3.9106,0.00232,0.00840,0.00081,0.02509,0.0426
17.8667,JELLY_A,0.8423,0.0000,1.18,J_GLIDE,33.28,0.0115,0.815,1.0468,2.1740,-3.4325,0.00335,0.00993,0.00338,0.02891,-0.0035
17.8667,JELLY_B,0.1629,1.6390,1.00,J_SOFT_TURN,7.48,0.0463,0.164,1.4723,3.0476,-3.7712,-0.00118,0.01093,0.00089,0.03312,0.4385
17.8667,JELLY_C,0.4129,-0.0611,0.05,J_DRIFT_IDLE,8.95,0.0112,0.000,0.5561,3.6707,-3.9106,0.00232,0.00829,0.00080,0.02515,0.0410
17.9000,JELLY_A,0.8532,0.0000,1.18,J_GLIDE,33.26,0.0139,0.815,1.0469,2.1743,-3.4324,0.00339,0.01000,0.00341,0.02909,-0.0038
17.9000,JELLY_B,0.1755,1.1168,1.00,J_SOFT_TURN,7.57,0.0477,0.164,1.4722,3.0480,-3.7712,-0.00118,0.01091,0.00089,0.03316,0.5165
17.9000,JELLY_C,0.4263,-0.0621,0.05,J_DRIFT_IDLE,8.93,0.0112,0.000,0.5562,3.6709,-3.9105,0.00231,0.00820,0.00079,0.02520,0.0393
17.9333,JELLY_A,0.8640,0.0000,1.18,J_GLIDE,33.24,0.0167,0.815,1.0470,2.1746,-3.4323,0.00343,0.01006,0.00344,0.02926,-0.0039
17.9333,JELLY_B,0.1882,0.5508,1.00,J_SOFT_TURN,7.66,0.0478,0.164,1.4722,3.0483,-3.7712,-0.00119,0.01084,0.00089,0.03307,0.5935
17.9333,JELLY_C,0.4396,-0.0626,0.05,J_DRIFT_IDLE,8.91,0.0112,0.000,0.5562,3.6712,-3.9105,0.00231,0.00810,0.00078,0.02526,0.0376
17.9667,JELLY_A,0.8749,0.0000,1.18,J_GLIDE,33.21,0.0195,0.815,1.0471,2.1750,-3.4322,0.00346,0.01012,0.00348,0.02942,-0.0038
17.9667,JELLY_B,0.2008,-0.0059,1.00,J_SOFT_TURN,7.75,0.0465,0.164,1.4721,3.0487,-3.7712,-0.00120,0.01076,0.00089,0.03287,0.6669
17.9667,JELLY_C,0.4529,-0.0627,0.05,J_DRIFT_IDLE,8.89,0.0113,0.000,0.5563,3.6715,-3.9105,0.00231,0.00800,0.00078,0.02531,0.0357
18.0000,JELLY_A,0.8858,0.0000,1.18,J_GLIDE,33.17,0.0224,0.815,1.0472,2.1753,-3.4320,0.00349,0.01018,0.00351,0.02957,-0.0036
18.0000,JELLY_B,0.2134,-0.1002,1.00,J_SOFT_TURN,7.84,0.0449,0.164,1.4721,3.0490,-3.7711,-0.00121,0.01068,0.00089,0.03257,0.7341
18.0000,JELLY_C,0.4662,-0.0624,0.05,J_DRIFT_IDLE,8.86,0.0113,0.000,0.5564,3.6717,-3.9105,0.00230,0.00791,0.00077,0.02536,0.0338
18.0333,JELLY_A,0.8966,0.0000,1.18,J_GLIDE,33.13,0.0251,0.815,1.0473,2.1757,-3.4319,0.00352,0.01023,0.00354,0.02971,-0.0033
18.0333,JELLY_B,0.2260,-0.1939,1.00,J_SOFT_TURN,7.93,0.0432,0.164,1.4721,3.0494,-3.7711,-0.00122,0.01059,0.00089,0.03220,0.7935
18.0333,JELLY_C,0.4795,-0.0617,0.05,J_DRIFT_IDLE,8.84,0.0113,0.000,0.5565,3.6720,-3.9104,0.00230,0.00782,0.00077,0.02542,0.0318
18.0667,JELLY_A,0.9075,0.0000,1.18,J_GLIDE,33.08,0.0278,0.815,1.0475,2.1760,-3.4318,0.00355,0.01028,0.00357,0.02985,-0.0029
18.0667,JELLY_B,0.2387,-0.2864,1.00,J_SOFT_TURN,8.01,0.0416,0.164,1.4720,3.0497,-3.7711,-0.00123,0.01051,0.00088,0.03179,0.8439
18.0667,JELLY_C,0.4928,-0.0605,0.05,J_DRIFT_IDLE,8.82,0.0113,0.000,0.5565,3.6723,-3.9104,0.00229,0.00773,0.00076,0.02547,0.0298
18.1000,JELLY_A,0.9183,0.0000,1.18,J_GLIDE,33.03,0.0304,0.815,1.0476,2.1764,-3.4317,0.00357,0.01032,0.00359,0.02999,-0.0026
18.1000,JELLY_B,0.2513,-0.3771,1.00,J_SOFT_TURN,8.09,0.0400,0.164,1.4720,3.0501,-3.7710,-0.00124,0.01043,0.00088,0.03133,0.8852
18.1000,JELLY_C,0.5062,-0.0589,0.05,J_DRIFT_IDLE,8.80,0.0113,0.000,0.5566,3.6725,-3.9104,0.00229,0.00764,0.00076,0.02552,0.0277
18.1333,JELLY_A,0.9292,0.0000,1.18,J_GLIDE,32.97,0.0328,0.815,1.0477,2.1767,-3.4316,0.00359,0.01037,0.00362,0.03012,-0.0022
18.1333,JELLY_B,0.2639,-0.4653,1.00,J_SOFT_TURN,8.16,0.0385,0.164,1.4719,3.0504,-3.7710,-0.00125,0.01035,0.00088,0.03082,0.9173
18.1333,JELLY_C,0.5195,-0.0569,0.05,J_DRIFT_IDLE,8.78,0.0113,0.000,0.5567,3.6728,-3.9104,0.00228,0.00756,0.00075,0.02557,0.0257
18.1667,JELLY_A,0.9400,0.0000,1.18,J_GLIDE,32.90,0.0351,0.815,1.0478,2.1770,-3.4315,0.00361,0.01041,0.00365,0.03024,-0.0018
18.1667,JELLY_B,0.2766,-0.5506,1.00,J_SOFT_TURN,8.23,0.0371,0.164,1.4719,3.0508,-3.7710,-0.00125,0.01027,0.00088,0.03027,0.9409
18.1667,JELLY_C,0.5328,-0.0545,0.05,J_DRIFT_IDLE,8.76,0.0114,0.000,0.5568,3.6730,-3.9103,0.00228,0.00747,0.00075,0.02562,0.0236
18.2000,JELLY_A,0.9509,0.0000,1.18,J_GLIDE,32.84,0.0372,0.815,1.0479,2.1774,-3.4313,0.00363,0.01044,0.00367,0.03036,-0.0015
18.2000,JELLY_B,0.2892,-0.6325,1.00,J_SOFT_TURN,8.30,0.0356,0.164,1.4719,3.0511,-3.7709,-0.00126,0.01019,0.00087,0.02967,0.9563
18.2000,JELLY_C,0.5461,-0.0517,0.05,J_DRIFT_IDLE,8.74,0.0114,0.000,0.5569,3.6733,-3.9103,0.00227,0.00739,0.00075,0.02567,0.0215
18.2333,JELLY_A,0.9617,0.0000,1.18,J_GLIDE,32.77,0.0392,0.815,1.0481,2.1777,-3.4312,0.00364,0.01047,0.00370,0.03048,-0.0011
18.2333,JELLY_B,0.3018,-0.7103,1.00,J_SOFT_TURN,8.37,0.0342,0.164,1.4718,3.0515,-3.7709,-0.00127,0.01011,0.00087,0.02902,0.9644
18.2333,JELLY_C,0.5594,-0.0485,0.05,J_DRIFT_IDLE,8.71,0.0114,0.000,0.5569,3.6735,-3.9103,0.00227,0.00731,0.00075,0.02572,0.0195
18.2667,JELLY_A,0.9726,0.0000,1.18,J_GLIDE,32.69,0.0411,0.815,1.0482,2.1781,-3.4311,0.00365,0.01050,0.00372,0.03059,-0.0006
18.2667,JELLY_B,0.3144,-0.7837,1.00,J_SOFT_TURN,8.44,0.0329,0.164,1.4718,3.0518,-3.7709,-0.00128,0.01003,0.00087,0.02834,0.9659
18.2667,JELLY_C,0.5728,-0.0450,0.05,J_DRIFT_IDLE,8.69,0.0114,0.000,0.5570,3.6737,-3.9103,0.00227,0.00723,0.00075,0.02577,0.0176
18.3000,JELLY_A,0.9834,0.0000,1.18,J_GLIDE,32.61,0.0428,0.815,1.0483,2.1784,-3.4310,0.00366,0.01053,0.00374,0.03070,0.0005
18.3000,JELLY_B,0.3271,-0.8521,1.00,J_SOFT_TURN,8.50,0.0316,0.164,1.4717,3.0521,-3.7709,-0.00129,0.00995,0.00087,0.02762,0.9614
18.3000,JELLY_C,0.5861,-0.0412,0.05,J_DRIFT_IDLE,8.67,0.0114,0.000,0.5571,3.6740,-3.9102,0.00226,0.00716,0.00074,0.02582,0.0156
18.3333,JELLY_A,0.9943,0.0000,1.18,J_GLIDE,32.53,0.0444,0.815,1.0484,2.1788,-3.4308,0.00367,0.01055,0.00377,0.03080,0.0026
18.3333,JELLY_B,0.3397,-0.9151,1.00,J_SOFT_TURN,8.56,0.0303,0.164,1.4717,3.0525,-3.7708,-0.00130,0.00987,0.00087,0.02687,0.9517
18.3333,JELLY_C,0.5994,-0.0371,0.05,J_DRIFT_IDLE,8.65,0.0114,0.000,0.5572,3.6742,-3.9102,0.00226,0.00708,0.00074,0.02586,0.0138
18.3667,JELLY_A,0.0051,0.2055,1.00,J_PULSE_CRUISE,32.44,0.0458,0.319,1.0485,2.1791,-3.4307,0.00365,0.01052,0.00377,0.03090,0.0058
18.3667,JELLY_B,0.3523,-0.9724,1.00,J_SOFT_TURN,8.61,0.0290,0.164,1.4716,3.0528,-3.7708,-0.00131,0.00979,0.00086,0.02611,0.9374
18.3667,JELLY_C,0.6127,-0.0327,0.05,J_DRIFT_IDLE,8.63,0.0114,0.000,0.5572,3.6745,-3.9102,0.00225,0.00701,0.00074,0.02591,0.0120
18.4000,JELLY_A,0.0160,0.6344,1.00,J_PULSE_CRUISE,32.36,0.0471,0.319,1.0487,2.1795,-3.4306,0.00360,0.01045,0.00377,0.03101,0.0087
18.4000,JELLY_B,0.3649,-1.0235,1.00,J_SOFT_TURN,8.67,0.0278,0.164,1.4716,3.0531,-3.7708,-0.00131,0.00972,0.00086,0.02533,0.9190
18.4000,JELLY_C,0.6260,-0.0281,0.05,J_DRIFT_IDLE,8.60,0.0114,0.000,0.5573,3.6747,-3.9102,0.00225,0.00693,0.00074,0.02595,0.0103
18.4333,JELLY_A,0.0268,1.0448,1.00,J_PULSE_CRUISE,32.27,0.0486,0.319,1.0488,2.1798,-3.4305,0.00356,0.01039,0.00378,0.03111,0.0120
18.4333,JELLY_B,0.3775,-1.0682,1.00,J_SOFT_TURN,8.72,0.0267,0.164,1.4716,3.0534,-3.7707,-0.00132,0.00964,0.00086,0.02454,0.8971
18.4333,JELLY_C,0.6394,-0.0233,0.05,J_DRIFT_IDLE,8.58,0.0114,0.000,0.5574,3.6749,-3.9101,0.00224,0.00686,0.00074,0.02599,0.0087
18.4667,JELLY_A,0.0377,1.4249,1.00,J_PULSE_CRUISE,32.18,0.0507,0.319,1.0489,2.1802,-3.4303,0.00353,0.01036,0.00379,0.03122,0.0168
18.4667,JELLY_B,0.3902,-1.1062,1.00,J_SOFT_TURN,8.77,0.0255,0.164,1.4715,3.0538,-3.7707,-0.00133,0.00957,0.00086,0.02376,0.8720
18.4667,JELLY_C,0.6527,-0.0184,0.05,J_DRIFT_IDLE,8.56,0.0114,0.000,0.5575,3.6751,-3.9101,0.00224,0.00678,0.00074,0.02604,0.0073
18.5000,JELLY_A,0.0485,1.7637,1.00,J_PULSE_CRUISE,32.09,0.0541,0.319,1.0490,2.1805,-3.4302,0.00352,0.01036,0.00380,0.03135,0.0243
18.5000,JELLY_B,0.4028,-1.1372,1.00,J_SOFT_TURN,8.82,0.0244,0.164,1.4715,3.0541,-3.7707,-0.00134,0.00949,0.00086,0.02299,0.8443
18.5000,JELLY_C,0.6660,-0.0133,0.05,J_DRIFT_IDLE,8.54,0.0114,0.000,0.5575,3.6754,-3.9101,0.00223,0.00671,0.00074,0.02608,0.0059
18.5333,JELLY_A,0.0593,2.0513,1.00,J_PULSE_CRUISE,32.00,0.0590,0.319,1.0491,2.1809,-3.4301,0.00354,0.01039,0.00383,0.03149,0.0356
18.5333,JELLY_B,0.4154,-1.1611,1.00,J_SOFT_TURN,8.86,0.0233,0.164,1.4714,3.0544,-3.7707,-0.00135,0.00943,0.00086,0.02227,0.8142
18.5333,JELLY_C,0.6793,-0.0081,0.05,J_DRIFT_IDLE,8.52,0.0114,0.000,0.5576,3.6756,-3.9101,0.00223,0.00664,0.00074,0.02612,0.0047
18.5667,JELLY_A,0.0702,2.2795,1.00,J_PULSE_CRUISE,31.91,0.0655,0.319,1.0493,2.1812,-3.4299,0.00357,0.01046,0.00386,0.03164,0.0519
18.5667,JELLY_B,0.4280,-1.1776,1.00,J_SOFT_TURN,8.91,0.0223,0.164,1.4714,3.0547,-3.7706,-0.00136,0.00937,0.00086,0.02161,0.7821
18.5667,JELLY_C,0.6926,-0.0029,0.05,J_DRIFT_IDLE,8.50,0.0115,0.000,0.5577,3.6758,-3.9100,0.00222,0.00656,0.00074,0.02616,0.0037
18.6000,JELLY_A,0.0810,2.4418,1.00,J_PULSE_CRUISE,31.83,0.0734,0.319,1.0494,2.1816,-3.4298,0.00361,0.01055,0.00389,0.03182,0.0741
18.6000,JELLY_B,0.4406,-1.1868,1.00,J_SOFT_TURN,8.95,0.0213,0.164,1.4713,3.0550,-3.7706,-0.00136,0.00933,0.00086,0.02101,0.7483
18.6000,JELLY_C,0.7060,0.0000,0.05,J_DRIFT_IDLE,8.47,0.0115,0.000,0.5577,3.6760,-3.9100,0.00222,0.00649,0.00075,0.02620,0.0027
18.6333,JELLY_A,0.0919,2.5334,1.00,J_PULSE_CRUISE,31.75,0.0822,0.319,1.0495,2.1819,-3.4297,0.00366,0.01065,0.00393,0.03202,0.1027
18.6333,JELLY_B,0.4532,-1.1885,1.00,J_SOFT_TURN,8.99,0.0203,0.164,1.4713,3.0553,-3.7706,-0.00137,0.00931,0.00087,0.02048,0.7129
18.6333,JELLY_C,0.7193,0.0000,0.05,J_DRIFT_IDLE,8.45,0.0115,0.000,0.5578,3.6762,-3.9100,0.00221,0.00642,0.00075,0.02623,0.0020
18.6667,JELLY_A,0.1027,2.5516,1.00,J_PULSE_CRUISE,31.67,0.0915,0.319,1.0496,2.1823,-3.4296,0.00372,0.01076,0.00397,0.03226,0.1382
18.6667,JELLY_B,0.4659,-1.1827,1.00,J_SOFT_TURN,9.03,0.0193,0.164,1.4712,3.0556,-3.7705,-0.00138,0.00931,0.00088,0.02002,0.6764
18.6667,JELLY_C,0.7326,0.0000,0.05,J_DRIFT_IDLE,8.43,0.0114,0.000,0.5579,3.6765,-3.9100,0.00221,0.00635,0.00075,0.02627,0.0014
18.7000,JELLY_A,0.1135,2.4961,1.00,J_PULSE_CRUISE,31.59,0.1009,0.319,1.0497,2.1826,-3.4294,0.00377,0.01087,0.00402,0.03253,0.1803
18.7000,JELLY_B,0.4785,-1.1696,1.00,J_SOFT_TURN,9.06,0.0184,0.164,1.4712,3.0559,-3.7705,-0.00138,0.00933,0.00089,0.01963,0.6389
18.7000,JELLY_C,0.7459,0.0000,0.05,J_DRIFT_IDLE,8.41,0.0114,0.000,0.5580,3.6767,-3.9099,0.00220,0.00628,0.00075,0.02631,0.0009
18.7333,JELLY_A,0.1244,2.3685,1.00,J_PULSE_CRUISE,31.52,0.1097,0.319,1.0499,2.1830,-3.4293,0.00381,0.01096,0.00405,0.03286,0.2289
18.7333,JELLY_B,0.4911,-1.1491,1.00,J_SOFT_TURN,9.10,0.0175,0.164,1.4712,3.0563,-3.7705,-0.00139,0.00938,0.00091,0.01931,0.6007
18.7333,JELLY_C,0.7592,0.0000,0.05,J_DRIFT_IDLE,8.39,0.0114,0.000,0.5580,3.6769,-3.9099,0.00220,0.00620,0.00075,0.02634,0.0005
18.7667,JELLY_A,0.1352,2.1724,1.00,J_PULSE_CRUISE,31.45,0.1176,0.319,1.0500,2.1834,-3.4292,0.00384,0.01102,0.00409,0.03325,0.2831
18.7667,JELLY_B,0.5037,-1.1214,1.00,J_SOFT_TURN,9.13,0.0166,0.164,1.4711,3.0566,-3.7705,-0.00139,0.00945,0.00093,0.01905,0.5620
18.7667,JELLY_C,0.7726,0.0000,0.05,J_DRIFT_IDLE,8.36,0.0114,0.000,0.5581,3.6771,-3.9099,0.00219,0.00613,0.00075,0.02637,0.0002
18.8000,JELLY_A,0.1461,1.9135,1.00,J_PULSE_CRUISE,31.39,0.1243,0.319,1.0501,2.1837,-3.4290,0.00385,0.01106,0.00411,0.03372,0.3421
18.8000,JELLY_B,0.5163,-1.0866,1.00,J_SOFT_TURN,9.16,0.0157,0.164,1.4711,3.0569,-3.7704,-0.00139,0.00954,0.00095,0.01886,0.5230
18.8000,JELLY_C,0.7859,0.0000,0.05,J_DRIFT_IDLE,8.34,0.0114,0.000,0.5582,3.6773,-3.9099,0.00219,0.00606,0.00075,0.02641,0.0000
18.8333,JELLY_A,0.1569,1.5995,1.00,J_PULSE_CRUISE,31.33,0.1293,0.319,1.0503,2.1841,-3.4289,0.00384,0.01106,0.00413,0.03424,0.4047
18.8333,JELLY_B,0.5289,-1.0451,1.00,J_SOFT_TURN,9.19,0.0149,0.164,1.4710,3.0572,-3.7704,-0.00140,0.00965,0.00098,0.01871,0.4840
18.8333,JELLY_C,0.7992,0.0000,0.05,J_DRIFT_IDLE,8.32,0.0114,0.000,0.5583,3.6775,-3.9098,0.00218,0.00599,0.00076,0.02644,-0.0001
18.8667,JELLY_A,0.1677,1.2392,1.00,J_PULSE_CRUISE,31.27,0.1326,0.319,1.0504,2.1845,-3.4287,0.00381,0.01103,0.00414,0.03477,0.4693
18.8667,JELLY_B,0.5415,-0.9970,1.00,J_SOFT_TURN,9.22,0.0141,0.164,1.4710,3.0575,-3.7704,-0.00140,0.00979,0.00101,0.01861,0.4452
18.8667,JELLY_C,0.8125,0.0000,0.05,J_DRIFT_IDLE,8.30,0.0114,0.000,0.5583,3.6777,-3.9098,0.00218,0.00592,0.00076,0.02647,-0.0002
18.9000,JELLY_A,0.1786,0.8433,1.00,J_PULSE_CRUISE,31.22,0.1339,0.319,1.0505,2.1848,-3.4286,0.00377,0.01097,0.00414,0.03523,0.5345
18.9000,JELLY_B,0.5541,-0.9427,1.00,J_SOFT_TURN,9.25,0.0133,0.164,1.4709,3.0579,-3.7703,-0.00140,0.00994,0.00105,0.01856,0.4068
18.9000,JELLY_C,0.8258,0.0000,0.05,J_DRIFT_IDLE,8.28,0.0114,0.000,0.5584,3.6779,-3.9098,0.00217,0.00584,0.00076,0.02650,-0.0002
18.9333,JELLY_A,0.1894,0.4230,1.00,J_PULSE_CRUISE,31.16,0.1331,0.319,1.0506,2.1852,-3.4285,0.00371,0.01089,0.00414,0.03558,0.5987
18.9333,JELLY_B,0.5667,-0.8825,1.00,J_SOFT_TURN,9.27,0.0125,0.164,1.4709,3.0582,-3.7703,-0.00140,0.01011,0.00109,0.01855,0.3691
18.9333,JELLY_C,0.8392,0.0000,0.05,J_DRIFT_IDLE,8.25,0.0114,0.000,0.5585,3.6781,-3.9098,0.00217,0.00577,0.00076,0.02653,-0.0002
18.9667,JELLY_A,0.2002,-0.0015,1.00,J_PULSE_CRUISE,31.11,0.1302,0.319,1.0508,2.1856,-3.4283,0.00365,0.01081,0.00413,0.03577,0.6601
18.9667,JELLY_B,0.5793,-0.8167,1.00,J_SOFT_TURN,9.29,0.0118,0.164,1.4708,3.0585,-3.7702,-0.00141,0.01029,0.00113,0.01857,0.3322
18.9667,JELLY_C,0.8525,0.0000,0.05,J_DRIFT_IDLE,8.23,0.0114,0.000,0.5586,3.6783,-3.9097,0.00216,0.00570,0.00076,0.02656,-0.0002
19.0000,JELLY_A,0.2111,-0.0709,1.00,J_PULSE_CRUISE,31.06,0.1266,0.319,1.0509,2.1859,-3.4282,0.00360,0.01072,0.00413,0.03581,0.7174
19.0000,JELLY_B,0.5919,-0.7459,1.00,J_SOFT_TURN,9.32,0.0111,0.164,1.4708,3.0589,-3.7702,-0.00141,0.01048,0.00117,0.01863,0.2965
19.0000,JELLY_C,0.8658,0.0000,0.05,J_DRIFT_IDLE,8.21,0.0114,0.000,0.5586,3.6784,-3.9097,0.00216,0.00563,0.00077,0.02659,-0.0002
19.0333,JELLY_A,0.2219,-0.1400,1.00,J_PULSE_CRUISE,31.01,0.1232,0.319,1.0510,2.1863,-3.4281,0.00354,0.01064,0.00413,0.03575,0.7696
19.0333,JELLY_B,0.6045,-0.6704,1.00,J_SOFT_TURN,9.34,0.0104,0.164,1.4707,3.0592,-3.7702,-0.00141,0.01066,0.00121,0.01871,0.2620
19.0333,JELLY_C,0.8791,0.0000,0.05,J_DRIFT_IDLE,8.19,0.0114,0.000,0.5587,3.6786,-3.9097,0.00215,0.00556,0.00077,0.02662,-0.0002
19.0667,JELLY_A,0.2327,-0.2084,1.00,J_PULSE_CRUISE,30.96,0.1199,0.319,1.0511,2.1866,-3.4279,0.00349,0.01056,0.00412,0.03563,0.8157
19.0667,JELLY_B,0.6171,-0.5908,1.00,J_SOFT_TURN,9.36,0.0097,0.164,1.4707,3.0596,-3.7701,-0.00141,0.01085,0.00125,0.01882,0.2291
19.0667,JELLY_C,0.8925,0.0000,0.05,J_DRIFT_IDLE,8.17,0.0114,0.000,0.5588,3.6788,-3.9097,0.00214,0.00549,0.00077,0.02665,-0.0001
19.1000,JELLY_A,0.2436,-0.2758,1.00,J_PULSE_CRUISE,30.91,0.1166,0.319,1.0512,2.1870,-3.4278,0.00343,0.01047,0.00412,0.03545,0.8554
19.1000,JELLY_B,0.6297,-0.5074,1.00,J_SOFT_TURN,9.37,0.0090,0.164,1.4706,3.0600,-3.7701,-0.00142,0.01103,0.00129,0.01895,0.1978
19.1000,JELLY_C,0.9058,0.0000,0.05,J_DRIFT_IDLE,8.15,0.0114,0.000,0.5588,3.6790,-3.9096,0.00214,0.00541,0.00077,0.02668,-0.0001
19.1333,JELLY_A,0.2544,-0.3420,1.00,J_PULSE_CRUISE,30.86,0.1135,0.319,1.0513,2.1873,-3.4276,0.00338,0.01039,0.00412,0.03524,0.8885
19.1333,JELLY_B,0.6423,-0.4209,1.00,J_SOFT_TURN,9.39,0.0084,0.164,1.4706,3.0603,-3.7700,-0.00142,0.01121,0.00133,0.01910,0.1685
19.1333,JELLY_C,0.9191,0.0000,0.05,J_DRIFT_IDLE,8.12,0.0114,0.000,0.5589,3.6792,-3.9096,0.00213,0.00534,0.00078,0.02670,-0.0001
19.1667,JELLY_A,0.2652,-0.4066,1.00,J_PULSE_CRUISE,30.81,0.1104,0.319,1.0514,2.1877,-3.4275,0.00332,0.01031,0.00411,0.03498,0.9152
19.1667,JELLY_B,0.6549,-0.3318,1.00,J_SOFT_TURN,9.41,0.0077,0.164,1.4705,3.0607,-3.7700,-0.00143,0.01139,0.00137,0.01926,0.1413
19.1667,JELLY_C,0.9324,0.0000,0.05,J_DRIFT_IDLE,8.10,0.0113,0.000,0.5590,3.6794,-3.9096,0.00213,0.00527,0.00078,0.02673,-0.0001
19.2000,JELLY_A,0.2760,-0.4692,1.00,J_PULSE_CRUISE,30.76,0.1075,0.319,1.0516,2.1880,-3.4274,0.00327,0.01023,0.00411,0.03468,0.9355
19.2000,JELLY_B,0.6675,-0.2407,1.00,J_SOFT_TURN,9.42,0.0071,0.164,1.4705,3.0611,-3.7700,-0.00143,0.01156,0.00141,0.01944,0.1163
19.2000,JELLY_C,0.9457,0.0000,0.05,J_DRIFT_IDLE,8.08,0.0113,0.000,0.5591,3.6795,-3.9096,0.00212,0.00520,0.00078,0.02675,-0.0001
19.2333,JELLY_A,0.2869,-0.5297,1.00,J_PULSE_CRUISE,30.71,0.1046,0.319,1.0517,2.1884,-3.4272,0.00322,0.01016,0.00411,0.03433,0.9500
19.2333,JELLY_B,0.6801,-0.1481,1.00,J_SOFT_TURN,9.43,0.0065,0.164,1.4704,3.0615,-3.7699,-0.00143,0.01173,0.00144,0.01963,0.0937
19.2333,JELLY_C,0.9591,0.0000,0.05,J_DRIFT_IDLE,8.06,0.0113,0.000,0.5591,3.6797,-3.9095,0.00211,0.00513,0.00078,0.02678,-0.0000
19.2667,JELLY_A,0.2977,-0.5877,1.00,J_PULSE_CRUISE,30.66,0.1018,0.319,1.0518,2.1887,-3.4271,0.00317,0.01008,0.00410,0.03393,0.9589
19.2667,JELLY_B,0.6927,-0.0545,1.00,J_SOFT_TURN,9.45,0.0060,0.164,1.4704,3.0619,-3.7699,-0.00144,0.01190,0.00148,0.01983,0.0737
19.2667,JELLY_C,0.9724,0.0000,0.05,J_DRIFT_IDLE,8.04,0.0113,0.000,0.5592,3.6799,-3.9095,0.00211,0.00506,0.00079,0.02680,-0.0000
19.3000,JELLY_A,0.3085,-0.6430,1.00,J_PULSE_CRUISE,30.61,0.0991,0.319,1.0519,2.1890,-3.4270,0.00312,0.01000,0.00410,0.03348,0.9628
19.3000,JELLY_B,0.7053,0.0000,1.00,J_GLIDE,9.46,0.0054,0.164,1.4703,3.0623,-3.7698,-0.00145,0.01207,0.00152,0.02003,0.0563
19.3000,JELLY_C,0.9857,0.0000,0.05,J_DRIFT_IDLE,8.02,0.0113,0.000,0.5593,3.6800,-3.9095,0.00210,0.00499,0.00079,0.02683,-0.0000
19.3333,JELLY_A,0.3193,-0.6953,1.00,J_PULSE_CRUISE,30.57,0.0965,0.319,1.0520,2.1894,-3.4268,0.00307,0.00993,0.00410,0.03299,0.9621
19.3333,JELLY_B,0.7179,0.0000,1.00,J_GLIDE,9.47,0.0049,0.164,1.4703,3.0627,-3.7698,-0.00145,0.01223,0.00156,0.02024,0.0416
19.3333,JELLY_C,0.9990,0.0000,0.05,J_DRIFT_IDLE,7.99,0.0113,0.000,0.5593,3.6802,-3.9095,0.00210,0.00492,0.00079,0.02685,-0.0000
19.3667,JELLY_A,0.3302,-0.7444,1.00,J_PULSE_CRUISE,30.52,0.0940,0.319,1.0521,2.1897,-3.4267,0.00302,0.00985,0.00409,0.03247,0.9571
19.3667,JELLY_B,0.7304,0.0000,1.00,J_GLIDE,9.48,0.0044,0.164,1.4703,3.0631,-3.7697,-0.00146,0.01238,0.00159,0.02044,0.0295
19.3667,JELLY_C,0.0123,0.7134,1.18,J_ACTIVE_CRUISE,7.97,0.0105,0.129,0.5594,3.6804,-3.9094,0.00209,0.00484,0.00080,0.02687,0.0002
19.4000,JELLY_A,0.3410,-0.7900,1.00,J_PULSE_CRUISE,30.47,0.0916,0.319,1.0522,2.1900,-3.4265,0.00297,0.00978,0.00409,0.03193,0.9484
19.4000,JELLY_B,0.7430,0.0000,1.00,J_GLIDE,9.48,0.0038,0.164,1.4702,3.0635,-3.7696,-0.00147,0.01251,0.00163,0.02066,0.0198
19.4000,JELLY_C,0.0257,1.4527,1.18,J_ACTIVE_CRUISE,7.95,0.0085,0.129,0.5595,3.6805,-3.9094,0.00208,0.00482,0.00080,0.02690,0.0018
19.4333,JELLY_A,0.3518,-0.8320,1.00,J_PULSE_CRUISE,30.42,0.0892,0.319,1.0523,2.1903,-3.4264,0.00293,0.00970,0.00409,0.03136,0.9363
19.4333,JELLY_B,0.7556,0.0000,1.00,J_GLIDE,9.49,0.0033,0.164,1.4702,3.0639,-3.7696,-0.00147,0.01264,0.00166,0.02087,0.0122
19.4333,JELLY_C,0.0390,2.1286,1.18,J_ACTIVE_CRUISE,7.94,0.0052,0.129,0.5595,3.6807,-3.9094,0.00208,0.00486,0.00082,0.02696,0.0069
19.4667,JELLY_A,0.3626,-0.8701,1.00,J_PULSE_CRUISE,30.37,0.0869,0.319,1.0524,2.1907,-3.4263,0.00288,0.00963,0.00409,0.03077,0.9212
19.4667,JELLY_B,0.7682,0.0000,1.00,J_GLIDE,9.50,0.0029,0.164,1.4701,3.0644,-3.7695,-0.00148,0.01277,0.00169,0.02108,0.0065
19.4667,JELLY_C,0.0523,2.7116,1.18,J_ACTIVE_CRUISE,7.93,0.0011,0.129,0.5596,3.6809,-3.9094,0.00208,0.00500,0.00086,0.02707,0.0178
19.5000,JELLY_A,0.3735,-0.9042,1.00,J_PULSE_CRUISE,30.32,0.0847,0.319,1.0525,2.1910,-3.4261,0.00284,0.00956,0.00409,0.03018,0.9034
19.5000,JELLY_B,0.7808,0.0000,1.00,J_GLIDE,9.50,0.0024,0.164,1.4701,3.0648,-3.7695,-0.00149,0.01288,0.00172,0.02128,0.0023
19.5000,JELLY_C,0.0656,3.1764,1.18,J_ACTIVE_CRUISE,7.94,0.0041,0.129,0.5597,3.6810,-3.9093,0.00208,0.00524,0.00090,0.02723,0.0372
19.5333,JELLY_A,0.3843,-0.9341,1.00,J_PULSE_CRUISE,30.27,0.0826,0.319,1.0526,2.1913,-3.4260,0.00279,0.00949,0.00408,0.02957,0.8831
19.5333,JELLY_B,0.7934,0.0000,1.00,J_GLIDE,9.51,0.0020,0.164,1.4700,3.0652,-3.7694,-0.00150,0.01298,0.00175,0.02149,-0.0006
19.5333,JELLY_C,0.0789,3.5026,1.18,J_ACTIVE_CRUISE,7.95,0.0096,0.129,0.5597,3.6812,-3.9093,0.00208,0.00556,0.00096,0.02746,0.0671
19.5667,JELLY_A,0.3951,-0.9597,1.00,J_PULSE_CRUISE,30.22,0.0805,0.319,1.0527,2.1916,-3.4259,0.00275,0.00942,0.00408,0.02898,0.8607
19.5667,JELLY_B,0.8059,0.0000,1.00,J_GLIDE,9.51,0.0015,0.164,1.4700,3.0656,-3.7694,-0.00151,0.01308,0.00178,0.02169,-0.0025
19.5667,JELLY_C,0.0923,3.6760,1.18,J_ACTIVE_CRUISE,7.97,0.0153,0.129,0.5598,3.6814,-3.9093,0.00208,0.00594,0.00102,0.02774,0.1090
19.6000,JELLY_A,0.4059,-0.9809,1.00,J_PULSE_CRUISE,30.17,0.0785,0.319,1.0527,2.1919,-3.4257,0.00270,0.00935,0.00408,0.02841,0.8364
19.6000,JELLY_B,0.8185,0.0000,1.00,J_GLIDE,9.51,0.0011,0.164,1.4699,3.0661,-3.7693,-0.00152,0.01317,0.00180,0.02189,-0.0037
19.6000,JELLY_C,0.1056,3.6890,1.18,J_ACTIVE_CRUISE,8.00,0.0210,0.129,0.5599,3.6816,-3.9092,0.00208,0.00633,0.00109,0.02804,0.1635
19.6333,JELLY_A,0.4167,-0.9975,1.00,J_PULSE_CRUISE,30.12,0.0766,0.319,1.0528,2.1922,-3.4256,0.00266,0.00928,0.00408,0.02787,0.8103
19.6333,JELLY_B,0.8311,0.0000,1.00,J_GLIDE,9.51,0.0007,0.164,1.4699,3.0665,-3.7692,-0.00153,0.01325,0.00183,0.02209,-0.0042
19.6333,JELLY_C,0.1189,3.5412,1.18,J_ACTIVE_CRUISE,8.05,0.0264,0.129,0.5600,3.6818,-3.9092,0.00208,0.00670,0.00115,0.02831,0.2304
19.6667,JELLY_A,0.4276,-1.0095,1.00,J_PULSE_CRUISE,30.07,0.0747,0.319,1.0529,2.1926,-3.4255,0.00262,0.00923,0.00408,0.02736,0.7829
19.6667,JELLY_B,0.8437,0.0000,1.00,J_GLIDE,9.52,0.0003,0.164,1.4698,3.0670,-3.7692,-0.00154,0.01333,0.00185,0.02228,-0.0044
19.6667,JELLY_C,0.1322,3.2390,1.18,J_ACTIVE_CRUISE,8.10,0.0312,0.129,0.5600,3.6821,-3.9091,0.00208,0.00701,0.00120,0.02845,0.3084
19.7000,JELLY_A,0.4384,-1.0169,1.00,J_PULSE_CRUISE,30.02,0.0729,0.319,1.0530,2.1929,-3.4253,0.00259,0.00918,0.00409,0.02691,0.7541
19.7000,JELLY_B,0.8563,0.0000,1.00,J_GLIDE,9.52,0.0001,0.164,1.4698,3.0674,-3.7691,-0.00155,0.01339,0.00187,0.02247,-0.0042
19.7000,JELLY_C,0.1455,2.7954,1.18,J_ACTIVE_CRUISE,8.16,0.0352,0.129,0.5601,3.6823,-3.9091,0.00208,0.00723,0.00124,0.02836,0.3956
19.7333,JELLY_A,0.4492,-1.0195,1.00,J_PULSE_CRUISE,29.96,0.0712,0.319,1.0531,2.1932,-3.4252,0.00256,0.00914,0.00410,0.02650,0.7242
19.7333,JELLY_B,0.8688,0.0000,1.00,J_GLIDE,9.51,0.0005,0.164,1.4697,3.0679,-3.7691,-0.00156,0.01346,0.00189,0.02265,-0.0039
19.7333,JELLY_C,0.1589,2.2300,1.18,J_ACTIVE_CRUISE,8.23,0.0381,0.129,0.5602,3.6825,-3.9091,0.00208,0.00735,0.00126,0.02800,0.4893
19.7667,JELLY_A,0.4600,-1.0175,1.00,J_PULSE_CRUISE,29.91,0.0695,0.319,1.0532,2.1935,-3.4250,0.00254,0.00912,0.00411,0.02613,0.6933
19.7667,JELLY_B,0.8814,0.0000,1.00,J_GLIDE,9.51,0.0009,0.164,1.4696,3.0683,-3.7690,-0.00157,0.01351,0.00191,0.02283,-0.0034
19.7667,JELLY_C,0.1722,1.5674,1.18,J_ACTIVE_CRUISE,8.31,0.0399,0.129,0.5602,3.6828,-3.9090,0.00207,0.00737,0.00128,0.02741,0.5863
19.8000,JELLY_A,0.4708,-1.0107,1.00,J_PULSE_CRUISE,29.86,0.0679,0.319,1.0533,2.1938,-3.4249,0.00253,0.00910,0.00412,0.02582,0.6616
19.8000,JELLY_B,0.8940,0.0000,1.00,J_GLIDE,9.51,0.0012,0.164,1.4696,3.0688,-3.7689,-0.00159,0.01356,0.00193,0.02301,-0.0030
19.8000,JELLY_C,0.1855,0.8364,1.18,J_ACTIVE_CRUISE,8.38,0.0403,0.129,0.5603,3.6830,-3.9090,0.00206,0.00732,0.00128,0.02667,0.6829
19.8333,JELLY_A,0.4816,-0.9993,1.00,J_PULSE_CRUISE,29.81,0.0663,0.319,1.0534,2.1941,-3.4248,0.00252,0.00910,0.00414,0.02555,0.6293
19.8333,JELLY_B,0.9065,0.0000,1.00,J_GLIDE,9.51,0.0016,0.164,1.4695,3.0692,-3.7689,-0.00160,0.01360,0.00195,0.02318,-0.0025
19.8333,JELLY_C,0.1988,0.0690,1.18,J_ACTIVE_CRUISE,8.46,0.0394,0.129,0.5604,3.6833,-3.9089,0.00205,0.00724,0.00127,0.02587,0.7754
19.8667,JELLY_A,0.4925,-0.9833,1.00,J_PULSE_CRUISE,29.76,0.0648,0.319,1.0534,2.1944,-3.4246,0.00251,0.00911,0.00417,0.02532,0.5965
19.8667,JELLY_B,0.9191,0.0000,1.00,J_GLIDE,9.51,0.0019,0.164,1.4695,3.0697,-3.7688,-0.00161,0.01364,0.00197,0.02335,-0.0020
19.8667,JELLY_C,0.2121,-0.1128,1.18,J_ACTIVE_CRUISE,8.53,0.0379,0.129,0.5604,3.6835,-3.9089,0.00205,0.00715,0.00127,0.02509,0.8602
19.9000,JELLY_A,0.5033,-0.9627,1.00,J_PULSE_CRUISE,29.71,0.0634,0.319,1.0535,2.1947,-3.4245,0.00251,0.00914,0.00420,0.02513,0.5634
19.9000,JELLY_B,0.9317,0.0000,1.00,J_GLIDE,9.50,0.0022,0.164,1.4694,3.0701,-3.7687,-0.00162,0.01367,0.00198,0.02351,-0.0016
19.9000,JELLY_C,0.2254,-0.2358,1.18,J_ACTIVE_CRUISE,8.60,0.0364,0.129,0.5605,3.6837,-3.9089,0.00204,0.00706,0.00126,0.02436,0.9347
19.9333,JELLY_A,0.5141,-0.9377,1.00,J_PULSE_CRUISE,29.65,0.0620,0.319,1.0536,2.1950,-3.4244,0.00252,0.00918,0.00423,0.02498,0.5301
19.9333,JELLY_B,0.9442,0.0000,1.00,J_GLIDE,9.50,0.0025,0.164,1.4694,3.0706,-3.7687,-0.00164,0.01370,0.00200,0.02367,-0.0012
19.9333,JELLY_C,0.2388,-0.3572,1.18,J_ACTIVE_CRUISE,8.67,0.0350,0.129,0.5606,3.6840,-3.9088,0.00203,0.00697,0.00126,0.02367,0.9976
19.9667,JELLY_A,0.5249,-0.9084,1.00,J_PULSE_CRUISE,29.60,0.0607,0.319,1.0537,2.1953,-3.4242,0.00254,0.00923,0.00427,0.02487,0.4967
19.9667,JELLY_B,0.9568,0.0000,1.00,J_GLIDE,9.49,0.0028,0.164,1.4693,3.0710,-3.7686,-0.00165,0.01372,0.00201,0.02383,-0.0009
19.9667,JELLY_C,0.2521,-0.4761,1.18,J_ACTIVE_CRUISE,8.74,0.0336,0.129,0.5606,3.6842,-3.9088,0.00202,0.00688,0.00126,0.02301,1.0483
20.0000,JELLY_A,0.5357,-0.8749,1.00,J_PULSE_CRUISE,29.55,0.0594,0.319,1.0538,2.1956,-3.4241,0.00256,0.00930,0.00431,0.02480,0.4634
20.0000,JELLY_B,0.9694,0.0000,1.00,J_GLIDE,9.49,0.0031,0.164,1.4693,3.0715,-3.7685,-0.00166,0.01374,0.00203,0.02398,-0.0007
20.0000,JELLY_C,0.2654,-0.5916,1.18,J_ACTIVE_CRUISE,8.80,0.0323,0.129,0.5607,3.6844,-3.9087,0.00201,0.00679,0.00125,0.02237,1.0871
20.0333,JELLY_A,0.5465,-0.8373,1.00,J_PULSE_CRUISE,29.50,0.0582,0.319,1.0539,2.1959,-3.4239,0.00258,0.00937,0.00435,0.02475,0.4303
20.0333,JELLY_B,0.9819,0.0000,1.00,J_GLIDE,9.48,0.0034,0.164,1.4692,3.0720,-3.7685,-0.00168,0.01375,0.00204,0.02414,-0.0005
20.0333,JELLY_C,0.2787,-0.7030,1.18,J_ACTIVE_CRUISE,8.86,0.0309,0.129,0.5608,3.6847,-3.9087,0.00200,0.00670,0.00125,0.02173,1.1147
20.0667,JELLY_A,0.5573,-0.7959,1.00,J_PULSE_CRUISE,29.44,0.0570,0.319,1.0539,2.1962,-3.4238,0.00261,0.00946,0.00440,0.02473,0.3976
20.0667,JELLY_B,0.9945,0.0000,1.00,J_GLIDE,9.47,0.0037,0.164,1.4692,3.0724,-3.7684,-0.00169,0.01376,0.00205,0.02429,-0.0003
20.0667,JELLY_C,0.2920,-0.8095,1.18,J_ACTIVE_CRUISE,8.92,0.0297,0.129,0.5608,3.6849,-3.9086,0.00199,0.00661,0.00125,0.02107,1.1318
20.1000,JELLY_A,0.5682,-0.7509,1.00,J_PULSE_CRUISE,29.39,0.0559,0.319,1.0540,2.1965,-3.4236,0.00264,0.00955,0.00445,0.02474,0.3655
20.1000,JELLY_B,0.0071,0.3273,1.00,J_PULSE_CRUISE,9.47,0.0038,0.109,1.4691,3.0729,-3.7683,-0.00171,0.01366,0.00204,0.02443,-0.0001
20.1000,JELLY_C,0.3054,-0.9103,1.18,J_ACTIVE_CRUISE,8.98,0.0284,0.129,0.5609,3.6851,-3.9086,0.00198,0.00652,0.00124,0.02040,1.1395
20.1333,JELLY_A,0.5790,-0.7023,1.00,J_PULSE_CRUISE,29.33,0.0548,0.319,1.0541,2.1969,-3.4235,0.00267,0.00965,0.00450,0.02477,0.3340
20.1333,JELLY_B,0.0196,0.8973,1.00,J_PULSE_CRUISE,9.46,0.0029,0.109,1.4690,3.0733,-3.7683,-0.00173,0.01355,0.00204,0.02458,0.0006
20.1333,JELLY_C,0.3187,-1.0048,1.18,J_ACTIVE_CRUISE,9.03,0.0272,0.129,0.5610,3.6853,-3.9086,0.00197,0.00644,0.00124,0.01971,1.1388
20.1667,JELLY_A,0.5898,-0.6506,1.00,J_PULSE_CRUISE,29.28,0.0538,0.319,1.0542,2.1972,-3.4233,0.00271,0.00975,0.00456,0.02483,0.3033
20.1667,JELLY_B,0.0322,1.4323,1.00,J_PULSE_CRUISE,9.46,0.0013,0.109,1.4690,3.0738,-3.7682,-0.00174,0.01347,0.00203,0.02473,0.0030
20.1667,JELLY_C,0.3320,-1.0921,1.18,J_ACTIVE_CRUISE,9.08,0.0261,0.129,0.5610,3.6855,-3.9085,0.00196,0.00635,0.00124,0.01900,1.1307
20.2000,JELLY_A,0.6006,-0.5958,1.00,J_PULSE_CRUISE,29.22,0.0528,0.319,1.0543,2.1975,-3.4232,0.00274,0.00986,0.00461,0.02490,0.2735
20.2000,JELLY_B,0.0447,1.9115,1.00,J_PULSE_CRUISE,9.45,0.0011,0.109,1.4689,3.0742,-3.7681,-0.00176,0.01345,0.00204,0.02490,0.0088
20.2000,JELLY_C,0.3453,-1.1719,1.18,J_ACTIVE_CRUISE,9.13,0.0249,0.129,0.5611,3.6857,-3.9085,0.00195,0.00627,0.00124,0.01828,1.1160
20.2333,JELLY_A,0.6114,-0.5383,1.00,J_PULSE_CRUISE,29.17,0.0518,0.319,1.0544,2.1978,-3.4230,0.00277,0.00996,0.00467,0.02499,0.2448
20.2333,JELLY_B,0.0573,2.3166,1.00,J_PULSE_CRUISE,9.46,0.0041,0.109,1.4689,3.0747,-3.7681,-0.00177,0.01348,0.00205,0.02508,0.0199
20.2333,JELLY_C,0.3586,-1.2435,1.18,J_ACTIVE_CRUISE,9.18,0.0238,0.129,0.5612,3.6859,-3.9084,0.00194,0.00618,0.00123,0.01754,1.0956
20.2667,JELLY_A,0.6222,-0.4784,1.00,J_PULSE_CRUISE,29.11,0.0509,0.319,1.0545,2.1982,-3.4229,0.00281,0.01006,0.00472,0.02509,0.2173
20.2667,JELLY_B,0.0698,2.6317,1.00,J_PULSE_CRUISE,9.47,0.0076,0.109,1.4688,3.0751,-3.7680,-0.00178,0.01357,0.00208,0.02528,0.0379
20.2667,JELLY_C,0.3719,-1.3063,1.18,J_ACTIVE_CRUISE,9.22,0.0227,0.129,0.5612,3.6861,-3.9084,0.00194,0.00610,0.00123,0.01681,1.0703
20.3000,JELLY_A,0.6330,-0.4162,1.00,J_PULSE_CRUISE,29.06,0.0501,0.319,1.0546,2.1985,-3.4227,0.00284,0.01016,0.00477,0.02521,0.1911
20.3000,JELLY_B,0.0824,2.8448,1.00,J_PULSE_CRUISE,9.49,0.0113,0.109,1.4687,3.0756,-3.7679,-0.00179,0.01370,0.00211,0.02550,0.0642
20.3000,JELLY_C,0.3853,-1.3600,1.18,J_ACTIVE_CRUISE,9.26,0.0217,0.129,0.5613,3.6864,-3.9084,0.00193,0.00601,0.00123,0.01611,1.0406
20.3333,JELLY_A,0.6438,-0.3521,1.00,J_PULSE_CRUISE,29.00,0.0493,0.319,1.0547,2.1989,-3.4225,0.00287,0.01027,0.00483,0.02534,0.1663
20.3333,JELLY_B,0.0949,2.9476,1.00,J_PULSE_CRUISE,9.51,0.0152,0.109,1.4687,3.0760,-3.7678,-0.00180,0.01386,0.00215,0.02574,0.0997
20.3333,JELLY_C,0.3986,-1.4042,1.18,J_ACTIVE_CRUISE,9.30,0.0207,0.129,0.5614,3.6865,-3.9083,0.00192,0.00593,0.00123,0.01546,1.0072
20.3667,JELLY_A,0.6546,-0.2864,1.00,J_PULSE_CRUISE,28.95,0.0485,0.319,1.0548,2.1992,-3.4224,0.00290,0.01037,0.00488,0.02548,0.1431
20.3667,JELLY_B,0.1075,2.9362,1.00,J_PULSE_CRUISE,9.54,0.0190,0.109,1.4686,3.0765,-3.7678,-0.00181,0.01403,0.00218,0.02601,0.1448
20.3667,JELLY_C,0.4119,-1.4386,1.18,J_ACTIVE_CRUISE,9.34,0.0197,0.129,0.5614,3.6867,-3.9083,0.00191,0.00585,0.00123,0.01490,0.9705
20.4000,JELLY_A,0.6655,-0.2194,1.00,J_PULSE_CRUISE,28.89,0.0477,0.319,1.0549,2.1996,-3.4222,0.00293,0.01046,0.00493,0.02563,0.1215
20.4000,JELLY_B,0.1200,2.8112,1.00,J_PULSE_CRUISE,9.58,0.0226,0.109,1.4686,3.0770,-3.7677,-0.00182,0.01417,0.00222,0.02631,0.1991
20.4000,JELLY_C,0.4252,-1.4629,1.18,J_ACTIVE_CRUISE,9.38,0.0187,0.129,0.5615,3.6869,-3.9082,0.00190,0.00579,0.00123,0.01443,0.9311
20.4333,JELLY_A,0.6763,-0.1514,1.00,J_PULSE_CRUISE,28.83,0.0470,0.319,1.0550,2.1999,-3.4221,0.00295,0.01056,0.00498,0.02578,0.1017
20.4333,JELLY_B,0.1326,2.5773,1.00,J_PULSE_CRUISE,9.63,0.0257,0.109,1.4685,3.0774,-3.7676,-0.00183,0.01428,0.00225,0.02665,0.2617
20.4333,JELLY_C,0.4385,-1.4769,1.18,J_ACTIVE_CRUISE,9.41,0.0178,0.129,0.5616,3.6871,-3.9082,0.00189,0.00575,0.00124,0.01406,0.8893
20.4667,JELLY_A,0.6871,-0.0827,1.00,J_PULSE_CRUISE,28.78,0.0463,0.319,1.0551,2.2003,-3.4219,0.00298,0.01066,0.00504,0.02594,0.0837
20.4667,JELLY_B,0.1451,2.2438,1.00,J_PULSE_CRUISE,9.68,0.0283,0.109,1.4684,3.0779,-3.7675,-0.00184,0.01433,0.00226,0.02708,0.3312
20.4667,JELLY_C,0.4518,-1.4807,1.18,J_ACTIVE_CRUISE,9.45,0.0169,0.129,0.5616,3.6873,-3.9081,0.00188,0.00573,0.00125,0.01379,0.8456
20.5000,JELLY_A,0.6979,-0.0136,1.00,J_PULSE_CRUISE,28.72,0.0457,0.319,1.0552,2.2006,-3.4217,0.00301,0.01076,0.00509,0.02611,0.0676
20.5000,JELLY_B,0.1577,1.8235,1.00,J_PULSE_CRUISE,9.73,0.0302,0.109,1.4684,3.0784,-3.7675,-0.00186,0.01432,0.00227,0.02758,0.4058
20.5000,JELLY_C,0.4651,-1.4740,1.18,J_ACTIVE_CRUISE,9.48,0.0160,0.129,0.5617,3.6875,-3.9081,0.00188,0.00574,0.00126,0.01362,0.8002
20.5333,JELLY_A,0.7087,0.0000,1.00,J_GLIDE,28.66,0.0451,0.319,1.0553,2.2010,-3.4215,0.00303,0.01085,0.00514,0.02628,0.0534
20.5333,JELLY_B,0.1702,1.3329,1.00,J_PULSE_CRUISE,9.79,0.0313,0.109,1.4683,3.0789,-3.7674,-0.00188,0.01426,0.00227,0.02806,0.4831
20.5333,JELLY_C,0.4785,-1.4571,1.18,J_ACTIVE_CRUISE,9.51,0.0152,0.129,0.5617,3.6877,-3.9081,0.00187,0.00578,0.00128,0.01354,0.7535
20.5667,JELLY_A,0.7195,0.0000,1.00,J_GLIDE,28.60,0.0445,0.319,1.0554,2.2013,-3.4214,0.00305,0.01094,0.00519,0.02645,0.0412
20.5667,JELLY_B,0.1828,0.7908,1.00,J_PULSE_CRUISE,9.85,0.0316,0.109,1.4683,3.0794,-3.7673,-0.00190,0.01415,0.00226,0.02846,0.5606
20.5667,JELLY_C,0.4918,-1.4300,1.18,J_ACTIVE_CRUISE,9.54,0.0143,0.129,0.5618,3.6879,-3.9080,0.00186,0.00586,0.00130,0.01356,0.7058
20.6000,JELLY_A,0.7303,0.0000,1.00,J_GLIDE,28.54,0.0439,0.319,1.0555,2.2017,-3.4212,0.00307,0.01102,0.00523,0.02662,0.0308
20.6000,JELLY_B,0.1953,0.2183,1.00,J_PULSE_CRUISE,9.91,0.0309,0.109,1.4682,3.0798,-3.7672,-0.00191,0.01401,0.00225,0.02873,0.6356
20.6000,JELLY_C,0.5051,-1.3929,1.18,J_ACTIVE_CRUISE,9.56,0.0135,0.129,0.5619,3.6881,-3.9080,0.00186,0.00597,0.00133,0.01364,0.6576
20.6333,JELLY_A,0.7411,0.0000,1.00,J_GLIDE,28.49,0.0434,0.319,1.0556,2.2021,-3.4210,0.00309,0.01110,0.00528,0.02680,0.0222
20.6333,JELLY_B,0.2078,-0.0581,1.00,J_PULSE_CRUISE,9.97,0.0297,0.109,1.4681,3.0803,-3.7672,-0.00193,0.01387,0.00224,0.02883,0.7056
20.6333,JELLY_C,0.5184,-1.3460,1.18,J_ACTIVE_CRUISE,9.59,0.0127,0.129,0.5619,3.6883,-3.9079,0.00186,0.00611,0.00137,0.01380,0.6090
20.6667,JELLY_A,0.7519,0.0000,1.00,J_GLIDE,28.43,0.0429,0.319,1.0557,2.2024,-3.4208,0.00310,0.01118,0.00532,0.02697,0.0151
20.6667,JELLY_B,0.2204,-0.1508,1.00,J_PULSE_CRUISE,10.03,0.0284,0.109,1.4681,3.0807,-3.7671,-0.00195,0.01373,0.00222,0.02877,0.7684
20.6667,JELLY_C,0.5317,-1.2897,1.18,J_ACTIVE_CRUISE,9.61,0.0120,0.129,0.5620,3.6885,-3.9079,0.00185,0.00628,0.00141,0.01403,0.5604
20.7000,JELLY_A,0.7627,0.0000,1.00,J_GLIDE,28.37,0.0424,0.319,1.0558,2.2028,-3.4207,0.00312,0.01125,0.00536,0.02715,0.0095
20.7000,JELLY_B,0.2329,-0.2425,1.00,J_PULSE_CRUISE,10.08,0.0271,0.109,1.4680,3.0812,-3.7670,-0.00197,0.01360,0.00221,0.02860,0.8227
20.7000,JELLY_C,0.5450,-1.2245,1.18,J_ACTIVE_CRUISE,9.64,0.0112,0.129,0.5621,3.6887,-3.9078,0.00185,0.00648,0.00145,0.01432,0.5121
20.7333,JELLY_A,0.7735,0.0000,1.00,J_GLIDE,28.31,0.0420,0.319,1.0559,2.2032,-3.4205,0.00313,0.01131,0.00540,0.02732,0.0051
20.7333,JELLY_B,0.2454,-0.3327,1.00,J_PULSE_CRUISE,10.13,0.0259,0.109,1.4679,3.0816,-3.7669,-0.00199,0.01346,0.00220,0.02837,0.8679
20.7333,JELLY_C,0.5583,-1.1506,1.18,J_ACTIVE_CRUISE,9.66,0.0105,0.129,0.5621,3.6889,-3.9078,0.00185,0.00671,0.00150,0.01465,0.4645
20.7667,JELLY_A,0.7843,0.0000,1.00,J_GLIDE,28.25,0.0415,0.319,1.0560,2.2036,-3.4203,0.00313,0.01137,0.00544,0.02750,0.0018
20.7667,JELLY_B,0.2580,-0.4208,1.00,J_PULSE_CRUISE,10.18,0.0247,0.109,1.4679,3.0821,-3.7669,-0.00201,0.01333,0.00218,0.02808,0.9041
20.7667,JELLY_C,0.5717,-1.0687,1.18,J_ACTIVE_CRUISE,9.68,0.0098,0.129,0.5622,3.6892,-3.9077,0.00185,0.00696,0.00155,0.01502,0.4179
20.8000,JELLY_A,0.7951,0.0000,1.00,J_GLIDE,28.19,0.0411,0.319,1.0561,2.2040,-3.4201,0.00314,0.01143,0.00547,0.02767,-0.0006
20.8000,JELLY_B,0.2705,-0.5063,1.00,J_PULSE_CRUISE,10.23,0.0236,0.109,1.4678,3.0825,-3.7668,-0.00202,0.01320,0.00217,0.02773,0.9314
20.8000,JELLY_C,0.5850,-0.9794,1.18,J_ACTIVE_CRUISE,9.69,0.0091,0.129,0.5622,3.6894,-3.9077,0.00184,0.00722,0.00161,0.01543,0.3725
20.8333,JELLY_A,0.8059,0.0000,1.00,J_GLIDE,28.13,0.0407,0.319,1.0562,2.2043,-3.4199,0.00314,0.01148,0.00551,0.02784,-0.0023
20.8333,JELLY_B,0.2830,-0.5886,1.00,J_PULSE_CRUISE,10.27,0.0225,0.109,1.4677,3.0830,-3.7667,-0.00204,0.01307,0.00216,0.02731,0.9506
20.8333,JELLY_C,0.5983,-0.8831,1.18,J_ACTIVE_CRUISE,9.71,0.0085,0.129,0.5623,3.6897,-3.9076,0.00184,0.00748,0.00166,0.01585,0.3286
20.8667,JELLY_A,0.8168,0.0000,1.00,J_GLIDE,28.07,0.0404,0.319,1.0563,2.2047,-3.4198,0.00315,0.01153,0.00554,0.02801,-0.0034
20.8667,JELLY_B,0.2956,-0.6672,1.00,J_PULSE_CRUISE,10.31,0.0214,0.109,1.4677,3.0834,-3.7667,-0.00206,0.01294,0.00215,0.02683,0.9621
20.8667,JELLY_C,0.6116,-0.7808,1.18,J_ACTIVE_CRUISE,9.73,0.0078,0.129,0.5624,3.6899,-3.9076,0.00184,0.00775,0.00171,0.01630,0.2867
20.9000,JELLY_A,0.8276,0.0000,1.00,J_GLIDE,28.01,0.0400,0.319,1.0564,2.2051,-3.4196,0.00315,0.01158,0.00557,0.02818,-0.0040
20.9000,JELLY_B,0.3081,-0.7417,1.00,J_PULSE_CRUISE,10.35,0.0204,0.109,1.4676,3.0838,-3.7666,-0.00208,0.01282,0.00214,0.02629,0.9667
20.9000,JELLY_C,0.6249,-0.6729,1.18,J_ACTIVE_CRUISE,9.74,0.0072,0.129,0.5624,3.6902,-3.9075,0.00184,0.00801,0.00176,0.01675,0.2468
20.9333,JELLY_A,0.8384,0.0000,1.00,J_GLIDE,27.95,0.0397,0.319,1.0565,2.2055,-3.4194,0.00315,0.01162,0.00560,0.02834,-0.0043
20.9333,JELLY_B,0.3206,-0.8116,1.00,J_PULSE_CRUISE,10.39,0.0193,0.109,1.4675,3.0843,-3.7665,-0.00209,0.01269,0.00212,0.02569,0.9651
20.9333,JELLY_C,0.6382,-0.5604,1.18,J_ACTIVE_CRUISE,9.75,0.0066,0.129,0.5625,3.6904,-3.9075,0.00183,0.00827,0.00181,0.01720,0.2094
20.9667,JELLY_A,0.8492,0.0000,1.00,J_GLIDE,27.89,0.0394,0.319,1.0566,2.2059,-3.4192,0.00314,0.01166,0.00563,0.02851,-0.0043
20.9667,JELLY_B,0.3331,-0.8764,1.00,J_PULSE_CRUISE,10.43,0.0184,0.109,1.4675,3.0847,-3.7664,-0.00211,0.01257,0.00211,0.02505,0.9580
20.9667,JELLY_C,0.6515,-0.4439,1.18,J_ACTIVE_CRUISE,9.77,0.0060,0.129,0.5625,3.6907,-3.9074,0.00183,0.00853,0.00186,0.01765,0.1747
21.0000,JELLY_A,0.8600,0.0000,1.00,J_GLIDE,27.83,0.0391,0.319,1.0567,2.2063,-3.4190,0.00314,0.01170,0.00566,0.02867,-0.0042
21.0000,JELLY_B,0.3457,-0.9358,1.00,J_PULSE_CRUISE,10.46,0.0174,0.109,1.4674,3.0851,-3.7664,-0.00213,0.01245,0.00210,0.02438,0.9461
21.0000,JELLY_C,0.6648,-0.3244,1.18,J_ACTIVE_CRUISE,9.78,0.0055,0.129,0.5626,3.6910,-3.9073,0.00182,0.00878,0.00191,0.01810,0.1428
21.0333,JELLY_A,0.8708,0.0000,1.00,J_GLIDE,27.76,0.0388,0.319,1.0568,2.2067,-3.4188,0.00313,0.01173,0.00569,0.02883,-0.0039
21.0333,JELLY_B,0.3582,-0.9893,1.00,J_PULSE_CRUISE,10.49,0.0165,0.109,1.4673,3.0855,-3.7663,-0.00214,0.01233,0.00209,0.02369,0.9299
21.0333,JELLY_C,0.6782,-0.2026,1.18,J_ACTIVE_CRUISE,9.79,0.0049,0.129,0.5627,3.6913,-3.9073,0.00182,0.00904,0.00196,0.01854,0.1141
21.0667,JELLY_A,0.8816,0.0000,1.00,J_GLIDE,27.70,0.0386,0.319,1.0569,2.2071,-3.4186,0.00313,0.01176,0.00571,0.02898,-0.0035
21.0667,JELLY_B,0.3707,-1.0368,1.00,J_PULSE_CRUISE,10.52,0.0155,0.109,1.4672,3.0859,-3.7662,-0.00216,0.01221,0.00208,0.02298,0.9100
21.0667,JELLY_C,0.6915,-0.0793,1.18,J_ACTIVE_CRUISE,9.80,0.0044,0.129,0.5627,3.6916,-3.9072,0.00182,0.00929,0.00201,0.01897,0.0887
21.1000,JELLY_A,0.8924,0.0000,1.00,J_GLIDE,27.64,0.0383,0.319,1.0570,2.2074,-3.4184,0.00312,0.01178,0.00574,0.02914,-0.0031
21.1000,JELLY_B,0.3832,-1.0778,1.00,J_PULSE_CRUISE,10.55,0.0147,0.109,1.4672,3.0863,-3.7662,-0.00217,0.01210,0.00207,0.02226,0.8867
21.1000,JELLY_C,0.7048,0.0000,1.18,J_GLIDE,9.80,0.0039,0.129,0.5628,3.6919,-3.9071,0.00181,0.00954,0.00205,0.01939,0.0668
21.1333,JELLY_A,0.9032,0.0000,1.00,J_GLIDE,27.58,0.0381,0.319,1.0571,2.2078,-3.4183,0.00311,0.01180,0.00576,0.02929,-0.0027
21.1333,JELLY_B,0.3958,-1.1121,1.00,J_PULSE_CRUISE,10.58,0.0138,0.109,1.4671,3.0867,-3.7661,-0.00219,0.01198,0.00206,0.02156,0.8606
21.1333,JELLY_C,0.7181,0.0000,1.18,J_GLIDE,9.81,0.0034,0.129,0.5628,3.6923,-3.9071,0.00180,0.00978,0.00209,0.01978,0.0485
21.1667,JELLY_A,0.9140,0.0000,1.00,J_GLIDE,27.52,0.0379,0.319,1.0572,2.2082,-3.4181,0.00310,0.01182,0.00578,0.02944,-0.0023
21.1667,JELLY_B,0.4083,-1.1395,1.00,J_PULSE_CRUISE,10.61,0.0130,0.109,1.4670,3.0871,-3.7660,-0.00220,0.01187,0.00205,0.02090,0.8320
21.1667,JELLY_C,0.7314,0.0000,1.18,J_GLIDE,9.82,0.0029,0.129,0.5629,3.6926,-3.9070,0.00180,0.01000,0.00213,0.02016,0.0336
21.2000,JELLY_A,0.9248,0.0000,1.00,J_GLIDE,27.46,0.0377,0.319,1.0573,2.2086,-3.4179,0.00308,0.01184,0.00580,0.02959,-0.0019
21.2000,JELLY_B,0.4208,-1.1599,1.00,J_PULSE_CRUISE,10.63,0.0122,0.109,1.4670,3.0875,-3.7660,-0.00222,0.01177,0.00204,0.02028,0.8012
21.2000,JELLY_C,0.7447,0.0000,1.18,J_GLIDE,9.82,0.0024,0.129,0.5630,3.6929,-3.9069,0.00179,0.01021,0.00217,0.02052,0.0218
21.2333,JELLY_A,0.9356,0.0000,1.00,J_GLIDE,27.39,0.0375,0.319,1.0574,2.2090,-3.4177,0.00307,0.01186,0.00582,0.02973,-0.0016
21.2333,JELLY_B,0.4333,-1.1731,1.00,J_PULSE_CRUISE,10.65,0.0114,0.109,1.4669,3.0879,-3.7659,-0.00223,0.01168,0.00203,0.01973,0.7686
21.2333,JELLY_C,0.7580,0.0000,1.18,J_GLIDE,9.83,0.0020,0.129,0.5630,3.6933,-3.9068,0.00178,0.01041,0.00220,0.02085,0.0129
21.2667,JELLY_A,0.9464,0.0000,1.00,J_GLIDE,27.33,0.0373,0.319,1.0575,2.2094,-3.4175,0.00306,0.01187,0.00584,0.02988,-0.0012
21.2667,JELLY_B,0.4458,-1.1791,1.00,J_PULSE_CRUISE,10.67,0.0106,0.109,1.4668,3.0883,-3.7658,-0.00224,0.01162,0.00203,0.01925,0.7343
21.2667,JELLY_C,0.7713,0.0000,1.18,J_GLIDE,9.83,0.0015,0.129,0.5631,3.6936,-3.9068,0.00177,0.01060,0.00223,0.02117,0.0062
21.3000,JELLY_A,0.9572,0.0000,1.00,J_GLIDE,27.27,0.0371,0.319,1.0577,2.2098,-3.4173,0.00304,0.01188,0.00585,0.03002,-0.0010
21.3000,JELLY_B,0.4583,-1.1778,1.00,J_PULSE_CRUISE,10.69,0.0099,0.109,1.4667,3.0887,-3.7658,-0.00226,0.01156,0.00203,0.01884,0.6987
21.3000,JELLY_C,0.7846,0.0000,1.18,J_GLIDE,9.83,0.0011,0.129,0.5631,3.6940,-3.9067,0.00176,0.01078,0.00226,0.02146,0.0015
21.3333,JELLY_A,0.9680,0.0000,1.00,J_GLIDE,27.21,0.0369,0.319,1.0578,2.2102,-3.4171,0.00303,0.01188,0.00587,0.03016,-0.0007
21.3333,JELLY_B,0.4709,-1.1692,1.00,J_PULSE_CRUISE,10.71,0.0091,0.109,1.4667,3.0891,-3.7657,-0.00227,0.01154,0.00204,0.01850,0.6621
21.3333,JELLY_C,0.7980,0.0000,1.18,J_GLIDE,9.83,0.0008,0.129,0.5632,3.6943,-3.9066,0.00175,0.01094,0.00229,0.02173,-0.0016
21.3667,JELLY_A,0.9788,0.0000,1.00,J_GLIDE,27.14,0.0368,0.319,1.0579,2.2106,-3.4169,0.00301,0.01189,0.00589,0.03029,-0.0005
21.3667,JELLY_B,0.4834,-1.1533,1.00,J_PULSE_CRUISE,10.73,0.0084,0.109,1.4666,3.0894,-3.7656,-0.00228,0.01153,0.00204,0.01823,0.6245
21.3667,JELLY_C,0.8113,0.0000,1.18,J_GLIDE,9.83,0.0005,0.129,0.5633,3.6947,-3.9065,0.00174,0.01110,0.00231,0.02198,-0.0036
21.4000,JELLY_A,0.9896,0.0000,1.00,J_GLIDE,27.08,0.0366,0.319,1.0580,2.2110,-3.4167,0.00299,0.01189,0.00590,0.03043,-0.0004
21.4000,JELLY_B,0.4959,-1.1304,1.00,J_PULSE_CRUISE,10.74,0.0078,0.109,1.4665,3.0898,-3.7656,-0.00229,0.01155,0.00206,0.01803,0.5864
21.4000,JELLY_C,0.8246,0.0000,1.18,J_GLIDE,9.83,0.0005,0.129,0.5633,3.6951,-3.9065,0.00173,0.01124,0.00233,0.02221,-0.0046
21.4333,JELLY_A,0.0004,0.0178,1.00,J_SOFT_TURN,27.02,0.0365,0.218,1.0581,2.2114,-3.4165,0.00296,0.01187,0.00591,0.03056,-0.0001
21.4333,JELLY_B,0.5084,-1.1005,1.00,J_PULSE_CRUISE,10.76,0.0071,0.109,1.4664,3.0902,-3.7655,-0.00230,0.01159,0.00208,0.01788,0.5478
21.4333,JELLY_C,0.8379,0.0000,1.18,J_GLIDE,9.83,0.0008,0.129,0.5634,3.6955,-3.9064,0.00172,0.01138,0.00235,0.02242,-0.0050
21.4667,JELLY_A,0.0112,0.4476,1.00,J_SOFT_TURN,26.95,0.0374,0.218,1.0581,2.2118,-3.4163,0.00291,0.01178,0.00589,0.03069,0.0004
21.4667,JELLY_B,0.5209,-1.0638,1.00,J_PULSE_CRUISE,10.77,0.0065,0.109,1.4663,3.0906,-3.7654,-0.00231,0.01165,0.00210,0.01778,0.5091
21.4667,JELLY_C,0.8512,0.0000,1.18,J_GLIDE,9.83,0.0011,0.129,0.5634,3.6958,-3.9063,0.00170,0.01150,0.00237,0.02262,-0.0050
21.5000,JELLY_A,0.0221,0.8645,1.00,J_SOFT_TURN,26.89,0.0398,0.218,1.0582,2.2122,-3.4161,0.00286,0.01170,0.00588,0.03082,0.0016
21.5000,JELLY_B,0.5334,-1.0205,1.00,J_PULSE_CRUISE,10.78,0.0058,0.109,1.4663,3.0910,-3.7653,-0.00231,0.01174,0.00212,0.01774,0.4704
21.5000,JELLY_C,0.8645,0.0000,1.18,J_GLIDE,9.83,0.0014,0.129,0.5635,3.6962,-3.9062,0.00169,0.01162,0.00239,0.02279,-0.0047
21.5333,JELLY_A,0.0329,1.2566,1.00,J_SOFT_TURN,26.82,0.0436,0.218,1.0583,2.2126,-3.4159,0.00283,0.01165,0.00587,0.03096,0.0043
21.5333,JELLY_B,0.5459,-0.9710,1.00,J_PULSE_CRUISE,10.79,0.0052,0.109,1.4662,3.0914,-3.7653,-0.00232,0.01184,0.00215,0.01774,0.4320
21.5333,JELLY_C,0.8778,0.0000,1.18,J_GLIDE,9.83,0.0018,0.129,0.5635,3.6966,-3.9061,0.00168,0.01173,0.00240,0.02295,-0.0042
21.5667,JELLY_A,0.0437,1.6126,1.00,J_SOFT_TURN,26.74,0.0486,0.218,1.0584,2.2130,-3.4157,0.00280,0.01163,0.00588,0.03111,0.0096
21.5667,JELLY_B,0.5584,-0.9155,1.00,J_PULSE_CRUISE,10.80,0.0046,0.109,1.4661,3.0918,-3.7652,-0.00233,0.01196,0.00218,0.01778,0.3941
21.5667,JELLY_C,0.8911,0.0000,1.18,J_GLIDE,9.82,0.0021,0.129,0.5636,3.6970,-3.9061,0.00166,0.01183,0.00241,0.02309,-0.0036
21.6000,JELLY_A,0.0545,1.9223,1.00,J_SOFT_TURN,26.65,0.0546,0.218,1.0585,2.2133,-3.4155,0.00279,0.01164,0.00590,0.03127,0.0186
21.6000,JELLY_B,0.5709,-0.8543,1.00,J_PULSE_CRUISE,10.81,0.0041,0.109,1.4660,3.0922,-3.7651,-0.00233,0.01209,0.00222,0.01785,0.3569
21.6000,JELLY_C,0.9045,0.0000,1.18,J_GLIDE,9.82,0.0024,0.129,0.5637,3.6974,-3.9060,0.00165,0.01192,0.00242,0.02322,-0.0030
21.6333,JELLY_A,0.0653,2.1767,1.00,J_SOFT_TURN,26.56,0.0615,0.218,1.0586,2.2137,-3.4153,0.00279,0.01169,0.00592,0.03146,0.0324
21.6333,JELLY_B,0.5834,-0.7879,1.00,J_PULSE_CRUISE,10.82,0.0035,0.109,1.4660,3.0926,-3.7651,-0.00234,0.01223,0.00225,0.01796,0.3206
21.6333,JELLY_C,0.9178,0.0000,1.18,J_GLIDE,9.81,0.0027,0.129,0.5637,3.6978,-3.9059,0.00163,0.01200,0.00243,0.02334,-0.0024
21.6667,JELLY_A,0.0761,2.3686,1.00,J_SOFT_TURN,26.45,0.0689,0.218,1.0587,2.2141,-3.4151,0.00280,0.01176,0.00596,0.03167,0.0519
21.6667,JELLY_B,0.5959,-0.7167,1.00,J_PULSE_CRUISE,10.83,0.0030,0.109,1.4659,3.0930,-3.7650,-0.00235,0.01238,0.00229,0.01810,0.2855
21.6667,JELLY_C,0.9311,0.0000,1.18,J_GLIDE,9.81,0.0031,0.129,0.5638,3.6982,-3.9058,0.00162,0.01208,0.00244,0.02344,-0.0019
21.7000,JELLY_A,0.0869,2.4924,1.00,J_SOFT_TURN,26.33,0.0767,0.218,1.0588,2.2145,-3.4149,0.00282,0.01186,0.00601,0.03190,0.0778
21.7000,JELLY_B,0.6084,-0.6411,1.00,J_PULSE_CRUISE,10.83,0.0025,0.109,1.4658,3.0934,-3.7649,-0.00235,0.01252,0.00233,0.01826,0.2517
21.7000,JELLY_C,0.9444,0.0000,1.18,J_GLIDE,9.80,0.0034,0.129,0.5638,3.6986,-3.9057,0.00160,0.01214,0.00244,0.02353,-0.0014
21.7333,JELLY_A,0.0977,2.5446,1.00,J_SOFT_TURN,26.20,0.0845,0.218,1.0589,2.2149,-3.4147,0.00284,0.01197,0.00605,0.03215,0.1105
21.7333,JELLY_B,0.6209,-0.5615,1.00,J_PULSE_CRUISE,10.84,0.0020,0.109,1.4657,3.0938,-3.7648,-0.00236,0.01267,0.00236,0.01845,0.2195
21.7333,JELLY_C,0.9577,0.0000,1.18,J_GLIDE,9.80,0.0036,0.129,0.5639,3.6990,-3.9057,0.00159,0.01220,0.00245,0.02362,-0.0011
21.7667,JELLY_A,0.1085,2.5236,1.00,J_SOFT_TURN,26.05,0.0922,0.218,1.0590,2.2153,-3.4145,0.00286,0.01208,0.00610,0.03243,0.1502
21.7667,JELLY_B,0.6334,-0.4785,1.00,J_PULSE_CRUISE,10.84,0.0015,0.109,1.4656,3.0943,-3.7647,-0.00236,0.01281,0.00240,0.01865,0.1890
21.7667,JELLY_C,0.9710,0.0000,1.18,J_GLIDE,9.79,0.0039,0.129,0.5639,3.6994,-3.9056,0.00157,0.01226,0.00245,0.02369,-0.0007
21.8000,JELLY_A,0.1193,2.4301,1.00,J_SOFT_TURN,25.90,0.0993,0.218,1.0591,2.2157,-3.4143,0.00288,0.01218,0.00614,0.03273,0.1966
21.8000,JELLY_B,0.6459,-0.3925,1.00,J_PULSE_CRUISE,10.84,0.0010,0.109,1.4656,3.0947,-3.7647,-0.00237,0.01294,0.00243,0.01886,0.1605
21.8000,JELLY_C,0.9843,0.0000,1.18,J_GLIDE,9.78,0.0042,0.129,0.5640,3.6998,-3.9055,0.00155,0.01231,0.00245,0.02376,-0.0005
21.8333,JELLY_A,0.1301,2.2667,1.00,J_SOFT_TURN,25.73,0.1057,0.218,1.0592,2.2161,-3.4141,0.00288,0.01226,0.00618,0.03306,0.2491
21.8333,JELLY_B,0.6584,-0.3042,1.00,J_PULSE_CRUISE,10.84,0.0005,0.109,1.4655,3.0951,-3.7646,-0.00238,0.01308,0.00247,0.01909,0.1340
21.8333,JELLY_C,0.9976,0.0000,1.18,J_GLIDE,9.77,0.0045,0.129,0.5640,3.7002,-3.9054,0.00154,0.01235,0.00245,0.02382,-0.0003
21.8667,JELLY_A,0.1409,2.0381,1.00,J_SOFT_TURN,25.56,0.1112,0.218,1.0593,2.2165,-3.4139,0.00288,0.01230,0.00620,0.03344,0.3070
21.8667,JELLY_B,0.6709,-0.2140,1.00,J_PULSE_CRUISE,10.84,0.0002,0.109,1.4654,3.0956,-3.7645,-0.00239,0.01321,0.00250,0.01933,0.1098
21.8667,JELLY_C,0.0109,0.5368,1.00,J_PULSE_CRUISE,9.76,0.0044,0.079,0.5641,3.7007,-3.9053,0.00152,0.01221,0.00242,0.02387,-0.0000
21.9000,JELLY_A,0.1517,1.7510,1.00,J_SOFT_TURN,25.38,0.1156,0.218,1.0594,2.2170,-3.4137,0.00287,0.01232,0.00622,0.03387,0.3690
21.9000,JELLY_B,0.6834,-0.1225,1.00,J_PULSE_CRUISE,10.84,0.0004,0.109,1.4653,3.0960,-3.7644,-0.00239,0.01334,0.00254,0.01957,0.0880
21.9000,JELLY_C,0.0243,1.1667,1.00,J_PULSE_CRUISE,9.76,0.0037,0.079,0.5641,3.7011,-3.9053,0.00149,0.01209,0.00240,0.02392,0.0011
21.9333,JELLY_A,0.1625,1.4134,1.00,J_SOFT_TURN,25.19,0.1186,0.218,1.0595,2.2174,-3.4135,0.00284,0.01229,0.00622,0.03431,0.4340
21.9333,JELLY_B,0.6959,-0.0303,1.00,J_PULSE_CRUISE,10.84,0.0008,0.109,1.4652,3.0965,-3.7643,-0.00240,0.01347,0.00257,0.01981,0.0688
21.9333,JELLY_C,0.0376,1.7458,1.00,J_PULSE_CRUISE,9.75,0.0023,0.079,0.5642,3.7015,-3.9052,0.00148,0.01204,0.00238,0.02397,0.0049
21.9667,JELLY_A,0.1733,1.0352,1.00,J_SOFT_TURN,25.00,0.1202,0.218,1.0596,2.2178,-3.4133,0.00280,0.01224,0.00621,0.03472,0.5003
21.9667,JELLY_B,0.7084,0.0000,1.00,J_GLIDE,10.84,0.0012,0.109,1.4652,3.0969,-3.7642,-0.00241,0.01359,0.00260,0.02006,0.0522
21.9667,JELLY_C,0.0509,2.2488,1.00,J_PULSE_CRUISE,9.75,0.0006,0.079,0.5642,3.7019,-3.9051,0.00146,0.01204,0.00238,0.02403,0.0134
22.0000,JELLY_A,0.1842,0.6272,1.00,J_SOFT_TURN,24.81,0.1203,0.218,1.0597,2.2182,-3.4131,0.00275,0.01216,0.00620,0.03506,0.5663
22.0000,JELLY_B,0.7209,0.0000,1.00,J_GLIDE,10.84,0.0016,0.109,1.4651,3.0974,-3.7642,-0.00242,0.01371,0.00263,0.02031,0.0382
22.0000,JELLY_C,0.0642,2.6538,1.00,J_PULSE_CRUISE,9.75,0.0020,0.079,0.5643,3.7023,-3.9050,0.00144,0.01212,0.00239,0.02409,0.0288
22.0333,JELLY_A,0.1950,0.2012,1.00,J_SOFT_TURN,24.62,0.1189,0.218,1.0598,2.2186,-3.4129,0.00270,0.01207,0.00618,0.03529,0.6303
22.0333,JELLY_B,0.7334,0.0000,1.00,J_GLIDE,10.84,0.0020,0.109,1.4650,3.0978,-3.7641,-0.00243,0.01381,0.00266,0.02055,0.0268
22.0333,JELLY_C,0.0775,2.9433,1.00,J_PULSE_CRUISE,9.75,0.0046,0.079,0.5643,3.7027,-3.9049,0.00143,0.01226,0.00241,0.02414,0.0530
22.0667,JELLY_A,0.2058,-0.0370,1.00,J_SOFT_TURN,24.43,0.1162,0.218,1.0598,2.2190,-3.4127,0.00265,0.01198,0.00616,0.03541,0.6908
22.0667,JELLY_B,0.7459,0.0000,1.00,J_GLIDE,10.83,0.0024,0.109,1.4649,3.0983,-3.7640,-0.00244,0.01391,0.00269,0.02079,0.0177
22.0667,JELLY_C,0.0908,3.1045,1.00,J_PULSE_CRUISE,9.77,0.0074,0.079,0.5644,3.7031,-3.9049,0.00142,0.01244,0.00243,0.02420,0.0872
22.1000,JELLY_A,0.2166,-0.1060,1.00,J_SOFT_TURN,24.24,0.1136,0.218,1.0599,2.2194,-3.4125,0.00260,0.01189,0.00614,0.03543,0.7463
22.1000,JELLY_B,0.7584,0.0000,1.00,J_GLIDE,10.83,0.0027,0.109,1.4648,3.0988,-3.7639,-0.00245,0.01399,0.00271,0.02103,0.0106
22.1000,JELLY_C,0.1041,3.1304,1.00,J_PULSE_CRUISE,9.78,0.0101,0.079,0.5644,3.7035,-3.9048,0.00140,0.01263,0.00246,0.02426,0.1322
22.1333,JELLY_A,0.2274,-0.1745,1.00,J_SOFT_TURN,24.06,0.1110,0.218,1.0600,2.2198,-3.4123,0.00255,0.01179,0.00612,0.03538,0.7960
22.1333,JELLY_B,0.7708,0.0000,1.00,J_GLIDE,10.82,0.0031,0.109,1.4648,3.0992,-3.7638,-0.00246,0.01407,0.00273,0.02127,0.0053
22.1333,JELLY_C,0.1175,3.0199,1.00,J_PULSE_CRUISE,9.80,0.0128,0.079,0.5645,3.7039,-3.9047,0.00139,0.01281,0.00248,0.02432,0.1878
22.1667,JELLY_A,0.2382,-0.2422,1.00,J_SOFT_TURN,23.89,0.1085,0.218,1.0601,2.2202,-3.4121,0.00250,0.01170,0.00610,0.03528,0.8393
22.1667,JELLY_B,0.7833,0.0000,1.00,J_GLIDE,10.81,0.0034,0.109,1.4647,3.0997,-3.7637,-0.00247,0.01415,0.00275,0.02150,0.0015
22.1667,JELLY_C,0.1308,2.7778,1.00,J_PULSE_CRUISE,9.83,0.0151,0.079,0.5645,3.7044,-3.9046,0.00137,0.01294,0.00249,0.02440,0.2529
22.2000,JELLY_A,0.2490,-0.3088,1.00,J_SOFT_TURN,23.72,0.1060,0.218,1.0602,2.2206,-3.4118,0.00245,0.01161,0.00608,0.03513,0.8758
22.2000,JELLY_B,0.7958,0.0000,1.00,J_GLIDE,10.81,0.0038,0.109,1.4646,3.1002,-3.7636,-0.00248,0.01421,0.00277,0.02172,-0.0012
22.2000,JELLY_C,0.1441,2.4146,1.00,J_PULSE_CRUISE,9.86,0.0170,0.079,0.5646,3.7048,-3.9045,0.00136,0.01302,0.00250,0.02451,0.3262
22.2333,JELLY_A,0.2598,-0.3740,1.00,J_SOFT_TURN,23.55,0.1037,0.218,1.0603,2.2209,-3.4116,0.00241,0.01152,0.00606,0.03492,0.9057
22.2333,JELLY_B,0.8083,0.0000,1.00,J_GLIDE,10.80,0.0041,0.109,1.4645,3.1006,-3.7635,-0.00249,0.01427,0.00279,0.02194,-0.0029
22.2333,JELLY_C,0.1574,1.9462,1.00,J_PULSE_CRUISE,9.89,0.0184,0.079,0.5646,3.7052,-3.9044,0.00134,0.01302,0.00249,0.02467,0.4053
22.2667,JELLY_A,0.2706,-0.4375,1.00,J_SOFT_TURN,23.39,0.1014,0.218,1.0603,2.2213,-3.4114,0.00236,0.01144,0.00604,0.03466,0.9291
22.2667,JELLY_B,0.8208,0.0000,1.00,J_GLIDE,10.79,0.0044,0.109,1.4644,3.1011,-3.7634,-0.00250,0.01432,0.00281,0.02215,-0.0039
22.2667,JELLY_C,0.1707,1.3929,1.00,J_PULSE_CRUISE,9.93,0.0192,0.079,0.5646,3.7057,-3.9044,0.00132,0.01295,0.00247,0.02489,0.4874
22.3000,JELLY_A,0.2814,-0.4990,1.00,J_SOFT_TURN,23.23,0.0991,0.218,1.0604,2.2217,-3.4112,0.00232,0.01135,0.00602,0.03435,0.9464
22.3000,JELLY_B,0.8333,0.0000,1.00,J_GLIDE,10.78,0.0047,0.109,1.4643,3.1016,-3.7633,-0.00252,0.01436,0.00282,0.02236,-0.0043
22.3000,JELLY_C,0.1840,0.7788,1.00,J_PULSE_CRUISE,9.96,0.0193,0.079,0.5647,3.7061,-3.9043,0.00129,0.01284,0.00245,0.02508,0.5697
22.3333,JELLY_A,0.2923,-0.5582,1.00,J_SOFT_TURN,23.07,0.0969,0.218,1.0605,2.2221,-3.4110,0.00227,0.01126,0.00601,0.03399,0.9579
22.3333,JELLY_B,0.8457,0.0000,1.00,J_GLIDE,10.78,0.0050,0.109,1.4643,3.1021,-3.7632,-0.00253,0.01440,0.00284,0.02256,-0.0044
22.3333,JELLY_C,0.1973,0.1308,1.00,J_PULSE_CRUISE,10.00,0.0187,0.079,0.5647,3.7065,-3.9042,0.00127,0.01269,0.00242,0.02506,0.6488
22.3667,JELLY_A,0.3031,-0.6148,1.00,J_SOFT_TURN,22.92,0.0948,0.218,1.0606,2.2225,-3.4108,0.00223,0.01118,0.00599,0.03358,0.9642
22.3667,JELLY_B,0.8582,0.0000,1.00,J_GLIDE,10.77,0.0053,0.109,1.4642,3.1026,-3.7631,-0.00254,0.01443,0.00285,0.02275,-0.0042
22.3667,JELLY_C,0.2107,-0.0840,1.00,J_PULSE_CRUISE,10.04,0.0178,0.079,0.5648,3.7069,-3.9041,0.00125,0.01254,0.00238,0.02472,0.7217
22.4000,JELLY_A,0.3139,-0.6686,1.00,J_SOFT_TURN,22.77,0.0927,0.218,1.0606,2.2228,-3.4106,0.00218,0.01109,0.00597,0.03313,0.9656
22.4000,JELLY_B,0.8707,0.0000,1.00,J_GLIDE,10.76,0.0055,0.109,1.4641,3.1030,-3.7630,-0.00255,0.01445,0.00286,0.02294,-0.0038
22.4000,JELLY_C,0.2240,-0.1884,1.00,J_PULSE_CRUISE,10.07,0.0169,0.079,0.5648,3.7073,-3.9040,0.00123,0.01239,0.00235,0.02410,0.7861
22.4333,JELLY_A,0.3247,-0.7193,1.00,J_SOFT_TURN,22.62,0.0907,0.218,1.0607,2.2232,-3.4104,0.00214,0.01101,0.00595,0.03264,0.9626
22.4333,JELLY_B,0.8832,0.0000,1.00,J_GLIDE,10.74,0.0058,0.109,1.4640,3.1035,-3.7630,-0.00257,0.01447,0.00287,0.02312,-0.0034
22.4333,JELLY_C,0.2373,-0.2914,1.00,J_PULSE_CRUISE,10.10,0.0160,0.079,0.5649,3.7078,-3.9040,0.00120,0.01225,0.00232,0.02337,0.8405
22.4667,JELLY_A,0.3355,-0.7666,1.00,J_SOFT_TURN,22.47,0.0888,0.218,1.0608,2.2236,-3.4102,0.00210,0.01093,0.00594,0.03212,0.9556
22.4667,JELLY_B,0.8957,0.0000,1.00,J_GLIDE,10.73,0.0061,0.109,1.4639,3.1040,-3.7629,-0.00258,0.01448,0.00288,0.02329,-0.0029
22.4667,JELLY_C,0.2506,-0.3925,1.00,J_PULSE_CRUISE,10.13,0.0151,0.079,0.5649,3.7082,-3.9039,0.00118,0.01211,0.00230,0.02268,0.8847
22.5000,JELLY_A,0.3463,-0.8105,1.00,J_SOFT_TURN,22.33,0.0869,0.218,1.0609,2.2239,-3.4100,0.00206,0.01085,0.00592,0.03158,0.9451
22.5000,JELLY_B,0.9081,0.0000,1.00,J_GLIDE,10.72,0.0063,0.109,1.4638,3.1045,-3.7628,-0.00259,0.01449,0.00289,0.02346,-0.0024
22.5000,JELLY_C,0.2639,-0.4907,1.00,J_PULSE_CRUISE,10.16,0.0142,0.079,0.5649,3.7086,-3.9038,0.00116,0.01197,0.00227,0.02206,0.9187
22.5333,JELLY_A,0.3571,-0.8506,1.00,J_SOFT_TURN,22.19,0.0850,0.218,1.0609,2.2243,-3.4099,0.00202,0.01077,0.00591,0.03102,0.9314
22.5333,JELLY_B,0.9206,0.0000,1.00,J_GLIDE,10.71,0.0066,0.109,1.4637,3.1050,-3.7627,-0.00261,0.01449,0.00290,0.02363,-0.0020
22.5333,JELLY_C,0.2772,-0.5856,1.00,J_PULSE_CRUISE,10.18,0.0134,0.079,0.5650,3.7090,-3.9037,0.00114,0.01183,0.00224,0.02151,0.9430
22.5667,JELLY_A,0.3680,-0.8868,1.00,J_SOFT_TURN,22.06,0.0833,0.218,1.0610,2.2246,-3.4097,0.00198,0.01069,0.00589,0.03046,0.9148
22.5667,JELLY_B,0.9331,0.0000,1.00,J_GLIDE,10.70,0.0068,0.109,1.4637,3.1054,-3.7626,-0.00262,0.01449,0.00290,0.02378,-0.0016
22.5667,JELLY_C,0.2906,-0.6764,1.00,J_PULSE_CRUISE,10.21,0.0126,0.079,0.5650,3.7093,-3.9037,0.00112,0.01169,0.00221,0.02097,0.9585
22.6000,JELLY_A,0.3788,-0.9189,1.00,J_SOFT_TURN,21.93,0.0815,0.218,1.0611,2.2250,-3.4095,0.00194,0.01061,0.00588,0.02989,0.8956
22.6000,JELLY_B,0.9456,0.0000,1.00,J_GLIDE,10.68,0.0070,0.109,1.4636,3.1059,-3.7625,-0.00263,0.01449,0.00291,0.02394,-0.0012
22.6000,JELLY_C,0.3039,-0.7624,1.00,J_PULSE_CRUISE,10.23,0.0118,0.079,0.5650,3.7097,-3.9036,0.00110,0.01156,0.00219,0.02043,0.9658
22.6333,JELLY_A,0.3896,-0.9468,1.00,J_SOFT_TURN,21.80,0.0798,0.218,1.0611,2.2253,-3.4093,0.00190,0.01053,0.00586,0.02932,0.8742
22.6333,JELLY_B,0.9580,0.0000,1.00,J_GLIDE,10.67,0.0072,0.109,1.4635,3.1064,-3.7624,-0.00265,0.01448,0.00291,0.02409,-0.0009
22.6333,JELLY_C,0.3172,-0.8432,1.00,J_PULSE_CRUISE,10.26,0.0110,0.079,0.5651,3.7101,-3.9035,0.00108,0.01142,0.00216,0.01986,0.9659
22.6667,JELLY_A,0.4004,-0.9703,1.00,J_SOFT_TURN,21.67,0.0782,0.218,1.0612,2.2257,-3.4091,0.00186,0.01045,0.00585,0.02876,0.8507
22.6667,JELLY_B,0.9705,0.0000,1.00,J_GLIDE,10.66,0.0074,0.109,1.4634,3.1069,-3.7623,-0.00266,0.01446,0.00292,0.02423,-0.0006
22.6667,JELLY_C,0.3305,-0.9180,1.00,J_PULSE_CRUISE,10.28,0.0103,0.079,0.5651,3.7105,-3.9034,0.00106,0.01129,0.00214,0.01926,0.9596
22.7000,JELLY_A,0.4112,-0.9894,1.00,J_SOFT_TURN,21.54,0.0766,0.218,1.0612,2.2260,-3.4089,0.00182,0.01038,0.00583,0.02822,0.8255
22.7000,JELLY_B,0.9830,0.0000,1.00,J_GLIDE,10.64,0.0076,0.109,1.4633,3.1074,-3.7622,-0.00267,0.01444,0.00292,0.02437,-0.0004
22.7000,JELLY_C,0.3438,-0.9864,1.00,J_PULSE_CRUISE,10.29,0.0096,0.079,0.5651,3.7109,-3.9034,0.00104,0.01116,0.00212,0.01865,0.9478
22.7333,JELLY_A,0.4220,-1.0038,1.00,J_SOFT_TURN,21.42,0.0750,0.218,1.0613,2.2264,-3.4087,0.00179,0.01031,0.00582,0.02772,0.7987
22.7333,JELLY_B,0.9955,0.0000,1.00,J_GLIDE,10.63,0.0078,0.109,1.4632,3.1079,-3.7621,-0.00269,0.01442,0.00292,0.02451,-0.0003
22.7333,JELLY_C,0.3572,-1.0479,1.00,J_PULSE_CRUISE,10.31,0.0089,0.079,0.5652,3.7112,-3.9033,0.00102,0.01104,0.00209,0.01801,0.9309
22.7667,JELLY_A,0.4329,-1.0137,1.00,J_SOFT_TURN,21.30,0.0735,0.218,1.0614,2.2267,-3.4085,0.00176,0.01026,0.00581,0.02726,0.7705
22.7667,JELLY_B,0.0079,0.0183,0.05,J_DRIFT_IDLE,10.61,0.0080,0.000,1.4631,3.1083,-3.7620,-0.00270,0.01429,0.00290,0.02464,-0.0001
22.7667,JELLY_C,0.3705,-1.1021,1.00,J_PULSE_CRUISE,10.33,0.0082,0.079,0.5652,3.7116,-3.9032,0.00100,0.01091,0.00207,0.01737,0.9099
22.8000,JELLY_A,0.4437,-1.0188,1.00,J_SOFT_TURN,21.18,0.0720,0.218,1.0614,2.2271,-3.4083,0.00173,0.01021,0.00581,0.02684,0.7410
22.8000,JELLY_B,0.0204,0.0463,0.05,J_DRIFT_IDLE,10.60,0.0082,0.000,1.4630,3.1088,-3.7619,-0.00272,0.01414,0.00288,0.02477,-0.0000
22.8000,JELLY_C,0.3838,-1.1486,1.00,J_PULSE_CRUISE,10.34,0.0076,0.079,0.5653,3.7120,-3.9032,0.00098,0.01079,0.00205,0.01675,0.8851
22.8333,JELLY_A,0.4545,-1.0193,1.00,J_SOFT_TURN,21.06,0.0706,0.218,1.0615,2.2274,-3.4081,0.00170,0.01017,0.00580,0.02647,0.7106
22.8333,JELLY_B,0.0329,0.0725,0.05,J_DRIFT_IDLE,10.58,0.0084,0.000,1.4629,3.1093,-3.7618,-0.00274,0.01398,0.00285,0.02490,0.0002
22.8333,JELLY_C,0.3971,-1.1871,1.00,J_PULSE_CRUISE,10.36,0.0069,0.079,0.5653,3.7123,-3.9031,0.00096,0.01066,0.00203,0.01617,0.8570
22.8667,JELLY_A,0.4653,-1.0150,1.00,J_SOFT_TURN,20.95,0.0692,0.218,1.0615,2.2277,-3.4079,0.00168,0.01015,0.00580,0.02614,0.6792
22.8667,JELLY_B,0.0453,0.0960,0.05,J_DRIFT_IDLE,10.56,0.0086,0.000,1.4629,3.1097,-3.7617,-0.00276,0.01383,0.00283,0.02502,0.0005
22.8667,JELLY_C,0.4105,-1.2172,1.00,J_PULSE_CRUISE,10.37,0.0063,0.079,0.5653,3.7127,-3.9030,0.00094,0.01055,0.00201,0.01564,0.8262
22.9000,JELLY_A,0.4761,-1.0061,1.00,J_SOFT_TURN,20.84,0.0679,0.218,1.0616,2.2281,-3.4077,0.00166,0.01014,0.00581,0.02586,0.6472
22.9000,JELLY_B,0.0578,0.1158,0.05,J_DRIFT_IDLE,10.55,0.0087,0.000,1.4628,3.1102,-3.7616,-0.00277,0.01368,0.00281,0.02514,0.0011
22.9000,JELLY_C,0.4238,-1.2388,1.00,J_PULSE_CRUISE,10.38,0.0057,0.079,0.5653,3.7130,-3.9030,0.00093,0.01044,0.00200,0.01520,0.7930
22.9333,JELLY_A,0.4870,-0.9925,1.00,J_SOFT_TURN,20.73,0.0666,0.218,1.0616,2.2284,-3.4075,0.00164,0.01014,0.00582,0.02562,0.6145
22.9333,JELLY_B,0.0703,0.1312,0.05,J_DRIFT_IDLE,10.53,0.0089,0.000,1.4627,3.1107,-3.7615,-0.00279,0.01353,0.00279,0.02526,0.0020
22.9333,JELLY_C,0.4371,-1.2518,1.00,J_PULSE_CRUISE,10.39,0.0051,0.079,0.5654,3.7134,-3.9029,0.00091,0.01036,0.00198,0.01484,0.7578
22.9667,JELLY_A,0.4978,-0.9743,1.00,J_SOFT_TURN,20.62,0.0653,0.218,1.0617,2.2288,-3.4073,0.00163,0.01016,0.00583,0.02542,0.5814
22.9667,JELLY_B,0.0828,0.1415,0.05,J_DRIFT_IDLE,10.51,0.0091,0.000,1.4626,3.1111,-3.7614,-0.00281,0.01338,0.00276,0.02537,0.0033
22.9667,JELLY_C,0.4504,-1.2559,1.00,J_PULSE_CRUISE,10.40,0.0046,0.079,0.5654,3.7137,-3.9028,0.00089,0.01029,0.00197,0.01457,0.7208
23.0000,JELLY_A,0.5086,-0.9516,1.00,J_SOFT_TURN,20.51,0.0640,0.218,1.0617,2.2291,-3.4071,0.00162,0.01020,0.00585,0.02526,0.5481
23.0000,JELLY_B,0.0952,0.1464,0.05,J_DRIFT_IDLE,10.50,0.0092,0.000,1.4625,3.1115,-3.7613,-0.00282,0.01324,0.00274,0.02548,0.0051
23.0000,JELLY_C,0.4638,-1.2513,1.00,J_PULSE_CRUISE,10.41,0.0040,0.079,0.5654,3.7141,-3.9028,0.00088,0.01025,0.00197,0.01438,0.6824
23.0333,JELLY_A,0.5194,-0.9245,1.00,J_SOFT_TURN,20.41,0.0628,0.218,1.0618,2.2294,-3.4069,0.00162,0.01025,0.00587,0.02513,0.5146
23.0333,JELLY_B,0.1077,0.1458,0.05,J_DRIFT_IDLE,10.48,0.0094,0.000,1.4624,3.1120,-3.7612,-0.00284,0.01310,0.00272,0.02558,0.0073
23.0333,JELLY_C,0.4771,-1.2379,1.00,J_PULSE_CRUISE,10.42,0.0035,0.079,0.5655,3.7144,-3.9027,0.00086,0.01024,0.00197,0.01426,0.6429
23.0667,JELLY_A,0.5302,-0.8932,1.00,J_SOFT_TURN,20.31,0.0617,0.218,1.0619,2.2298,-3.4067,0.00161,0.01031,0.00590,0.02504,0.4811
23.0667,JELLY_B,0.1201,0.1396,0.05,J_DRIFT_IDLE,10.46,0.0095,0.000,1.4623,3.1124,-3.7611,-0.00286,0.01296,0.00270,0.02568,0.0100
23.0667,JELLY_C,0.4904,-1.2159,1.00,J_PULSE_CRUISE,10.42,0.0030,0.079,0.5655,3.7147,-3.9026,0.00085,0.01025,0.00198,0.01422,0.6025
23.1000,JELLY_A,0.5411,-0.8577,1.00,J_SOFT_TURN,20.20,0.0605,0.218,1.0619,2.2301,-3.4065,0.00161,0.01038,0.00592,0.02499,0.4478
23.1000,JELLY_B,0.1326,0.1280,0.05,J_DRIFT_IDLE,10.44,0.0096,0.000,1.4622,3.1128,-3.7611,-0.00287,0.01282,0.00268,0.02578,0.0131
23.1000,JELLY_C,0.5037,-1.1853,1.00,J_PULSE_CRUISE,10.43,0.0025,0.079,0.5655,3.7151,-3.9026,0.00084,0.01029,0.00199,0.01424,0.5616
23.1333,JELLY_A,0.5519,-0.8182,1.00,J_SOFT_TURN,20.10,0.0594,0.218,1.0620,2.2305,-3.4063,0.00162,0.01047,0.00596,0.02496,0.4148
23.1333,JELLY_B,0.1451,0.1115,0.05,J_DRIFT_IDLE,10.42,0.0098,0.000,1.4621,3.1133,-3.7610,-0.00289,0.01269,0.00266,0.02588,0.0166
23.1333,JELLY_C,0.5171,-1.1464,1.00,J_PULSE_CRUISE,10.43,0.0020,0.079,0.5655,3.7154,-3.9025,0.00082,0.01037,0.00200,0.01432,0.5204
23.1667,JELLY_A,0.5627,-0.7749,1.00,J_SOFT_TURN,20.01,0.0583,0.218,1.0620,2.2308,-3.4061,0.00162,0.01057,0.00599,0.02496,0.3822
23.1667,JELLY_B,0.1575,0.0908,0.05,J_DRIFT_IDLE,10.40,0.0099,0.000,1.4620,3.1137,-3.7609,-0.00290,0.01255,0.00264,0.02597,0.0203
23.1667,JELLY_C,0.5304,-1.0994,1.00,J_PULSE_CRUISE,10.44,0.0016,0.079,0.5656,3.7158,-3.9024,0.00081,0.01046,0.00202,0.01445,0.4791
23.2000,JELLY_A,0.5735,-0.7281,1.00,J_SOFT_TURN,19.91,0.0573,0.218,1.0621,2.2312,-3.4059,0.00163,0.01067,0.00602,0.02499,0.3502
23.2000,JELLY_B,0.1700,0.0666,0.05,J_DRIFT_IDLE,10.39,0.0100,0.000,1.4619,3.1141,-3.7608,-0.00291,0.01242,0.00262,0.02607,0.0241
23.2000,JELLY_C,0.5437,-1.0448,1.00,J_PULSE_CRUISE,10.44,0.0011,0.079,0.5656,3.7161,-3.9024,0.00080,0.01058,0.00205,0.01463,0.4381
23.2333,JELLY_A,0.5844,-0.6778,1.00,J_SOFT_TURN,19.81,0.0563,0.218,1.0621,2.2315,-3.4057,0.00163,0.01078,0.00606,0.02504,0.3190
23.2333,JELLY_B,0.1825,0.0399,0.05,J_DRIFT_IDLE,10.37,0.0101,0.000,1.4618,3.1145,-3.7607,-0.00293,0.01229,0.00260,0.02616,0.0280
23.2333,JELLY_C,0.5571,-0.9828,1.00,J_PULSE_CRUISE,10.44,0.0008,0.079,0.5656,3.7165,-3.9023,0.00079,0.01073,0.00207,0.01485,0.3976
23.2667,JELLY_A,0.5952,-0.6245,1.00,J_SOFT_TURN,19.72,0.0553,0.218,1.0622,2.2319,-3.4055,0.00164,0.01089,0.00610,0.02511,0.2886
23.2667,JELLY_B,0.1949,0.0117,0.05,J_DRIFT_IDLE,10.35,0.0103,0.000,1.4617,3.1149,-3.7606,-0.00294,0.01217,0.00258,0.02625,0.0317
23.2667,JELLY_C,0.5704,-0.9139,1.00,J_PULSE_CRUISE,10.44,0.0005,0.079,0.5657,3.7168,-3.9022,0.00078,0.01089,0.00210,0.01509,0.3579
23.3000,JELLY_A,0.6060,-0.5682,1.00,J_SOFT_TURN,19.63,0.0543,0.218,1.0622,2.2323,-3.4053,0.00164,0.01100,0.00613,0.02520,0.2592
23.3000,JELLY_B,0.2074,-0.0027,0.05,J_DRIFT_IDLE,10.33,0.0104,0.000,1.4616,3.1153,-3.7605,-0.00296,0.01204,0.00256,0.02634,0.0352
23.3000,JELLY_C,0.5837,-0.8385,1.00,J_PULSE_CRUISE,10.44,0.0006,0.079,0.5657,3.7172,-3.9022,0.00077,0.01106,0.00214,0.01537,0.3193
23.3333,JELLY_A,0.6168,-0.5093,1.00,J_SOFT_TURN,19.54,0.0534,0.218,1.0623,2.2326,-3.4051,0.00165,0.01111,0.00617,0.02531,0.2309
23.3333,JELLY_B,0.2198,-0.0073,0.05,J_DRIFT_IDLE,10.31,0.0105,0.000,1.4615,3.1157,-3.7604,-0.00297,0.01191,0.00255,0.02642,0.0383
23.3333,JELLY_C,0.5971,-0.7573,1.00,J_PULSE_CRUISE,10.44,0.0009,0.079,0.5657,3.7176,-3.9021,0.00076,0.01123,0.00217,0.01566,0.2819
23.3667,JELLY_A,0.6277,-0.4480,1.00,J_SOFT_TURN,19.45,0.0525,0.218,1.0623,2.2330,-3.4049,0.00165,0.01122,0.00620,0.02543,0.2039
23.3667,JELLY_B,0.2323,-0.0118,0.05,J_DRIFT_IDLE,10.29,0.0106,0.000,1.4614,3.1161,-3.7604,-0.00298,0.01179,0.00253,0.02651,0.0410
23.3667,JELLY_C,0.6104,-0.6708,1.00,J_PULSE_CRUISE,10.44,0.0012,0.079,0.5657,3.7180,-3.9020,0.00075,0.01141,0.00220,0.01597,0.2461
23.4000,JELLY_A,0.6385,-0.3846,1.00,J_SOFT_TURN,19.36,0.0516,0.218,1.0624,2.2334,-3.4047,0.00166,0.01133,0.00624,0.02557,0.1782
23.4000,JELLY_B,0.2448,-0.0163,0.05,J_DRIFT_IDLE,10.27,0.0107,0.000,1.4613,3.1165,-3.7603,-0.00299,0.01167,0.00251,0.02660,0.0433
23.4000,JELLY_C,0.6237,-0.5795,1.00,J_PULSE_CRUISE,10.44,0.0016,0.079,0.5658,3.7183,-3.9019,0.00074,0.01158,0.00223,0.01630,0.2121
23.4333,JELLY_A,0.6493,-0.3195,1.00,J_SOFT_TURN,19.27,0.0508,0.218,1.0625,2.2338,-3.4045,0.00166,0.01144,0.00627,0.02572,0.1541
23.4333,JELLY_B,0.2572,-0.0207,0.05,J_DRIFT_IDLE,10.25,0.0108,0.000,1.4612,3.1169,-3.7602,-0.00301,0.01155,0.00249,0.02668,0.0451
23.4333,JELLY_C,0.6371,-0.4842,1.00,J_PULSE_CRUISE,10.43,0.0019,0.079,0.5658,3.7187,-3.9019,0.00073,0.01175,0.00226,0.01663,0.1801
23.4667,JELLY_A,0.6602,-0.2528,1.00,J_SOFT_TURN,19.19,0.0499,0.218,1.0625,2.2341,-3.4043,0.00167,0.01154,0.00630,0.02588,0.1315
23.4667,JELLY_B,0.2697,-0.0249,0.05,J_DRIFT_IDLE,10.23,0.0109,0.000,1.4611,3.1173,-3.7601,-0.00302,0.01143,0.00248,0.02677,0.0465
23.4667,JELLY_C,0.6504,-0.3854,1.00,J_PULSE_CRUISE,10.43,0.0023,0.079,0.5658,3.7191,-3.9018,0.00071,0.01192,0.00229,0.01696,0.1504
23.5000,JELLY_A,0.6710,-0.1850,1.00,J_SOFT_TURN,19.10,0.0491,0.218,1.0626,2.2345,-3.4041,0.00167,0.01165,0.00633,0.02604,0.1107
23.5000,JELLY_B,0.2821,-0.0290,0.05,J_DRIFT_IDLE,10.21,0.0109,0.000,1.4610,3.1177,-3.7600,-0.00303,0.01132,0.00246,0.02685,0.0475
23.5000,JELLY_C,0.6638,-0.2839,1.00,J_PULSE_CRUISE,10.42,0.0026,0.079,0.5658,3.7195,-3.9017,0.00070,0.01208,0.00232,0.01729,0.1231
23.5333,JELLY_A,0.6818,-0.1163,1.00,J_SOFT_TURN,19.02,0.0483,0.218,1.0626,2.2349,-3.4039,0.00167,0.01175,0.00636,0.02621,0.0917
23.5333,JELLY_B,0.2946,-0.0329,0.05,J_DRIFT_IDLE,10.18,0.0110,0.000,1.4609,3.1180,-3.7599,-0.00304,0.01120,0.00244,0.02694,0.0481
23.5333,JELLY_C,0.6771,-0.1804,1.00,J_PULSE_CRUISE,10.42,0.0030,0.079,0.5659,3.7199,-3.9016,0.00069,0.01225,0.00234,0.01762,0.0985
23.5667,JELLY_A,0.6927,-0.0471,1.00,J_SOFT_TURN,18.94,0.0476,0.218,1.0627,2.2353,-3.4037,0.00167,0.01186,0.00639,0.02639,0.0745
23.5667,JELLY_B,0.3071,-0.0366,0.05,J_DRIFT_IDLE,10.16,0.0111,0.000,1.4608,3.1184,-3.7599,-0.00305,0.01109,0.00243,0.02702,0.0484
23.5667,JELLY_C,0.6904,-0.0755,1.00,J_PULSE_CRUISE,10.41,0.0033,0.079,0.5659,3.7203,-3.9016,0.00068,0.01241,0.00237,0.01795,0.0767
23.6000,JELLY_A,0.7035,0.0000,1.00,J_GLIDE,18.86,0.0468,0.218,1.0627,2.2357,-3.4034,0.00167,0.01196,0.00642,0.02657,0.0593
23.6000,JELLY_B,0.3195,-0.0401,0.05,J_DRIFT_IDLE,10.14,0.0112,0.000,1.4607,3.1188,-3.7598,-0.00307,0.01097,0.00241,0.02711,0.0483
23.6000,JELLY_C,0.7038,0.0000,1.00,J_GLIDE,10.41,0.0036,0.079,0.5659,3.7208,-3.9015,0.00066,0.01257,0.00240,0.01826,0.0578
23.6333,JELLY_A,0.7143,0.0000,1.00,J_GLIDE,18.78,0.0461,0.218,1.0628,2.2361,-3.4032,0.00167,0.01206,0.00645,0.02675,0.0461
23.6333,JELLY_B,0.3320,-0.0433,0.05,J_DRIFT_IDLE,10.12,0.0113,0.000,1.4606,3.1191,-3.7597,-0.00308,0.01086,0.00239,0.02720,0.0480
23.6333,JELLY_C,0.7171,0.0000,1.00,J_GLIDE,10.40,0.0039,0.079,0.5659,3.7212,-3.9014,0.00065,0.01272,0.00242,0.01857,0.0420
23.6667,JELLY_A,0.7252,0.0000,1.00,J_GLIDE,18.70,0.0454,0.218,1.0628,2.2365,-3.4030,0.00167,0.01215,0.00647,0.02694,0.0348
23.6667,JELLY_B,0.3444,-0.0462,0.05,J_DRIFT_IDLE,10.10,0.0113,0.000,1.4605,3.1195,-3.7596,-0.00309,0.01075,0.00238,0.02730,0.0474
23.6667,JELLY_C,0.7305,0.0000,1.00,J_GLIDE,10.39,0.0042,0.079,0.5659,3.7216,-3.9013,0.00063,0.01285,0.00244,0.01886,0.0292
23.7000,JELLY_A,0.7360,0.0000,1.00,J_GLIDE,18.62,0.0447,0.218,1.0629,2.2369,-3.4028,0.00167,0.01224,0.00650,0.02712,0.0253
23.7000,JELLY_B,0.3569,-0.0489,0.05,J_DRIFT_IDLE,10.08,0.0114,0.000,1.4604,3.1199,-3.7595,-0.00310,0.01064,0.00236,0.02739,0.0466
23.7000,JELLY_C,0.7438,0.0000,1.00,J_GLIDE,10.38,0.0045,0.079,0.5660,3.7220,-3.9012,0.00062,0.01298,0.00246,0.01914,0.0190
23.7333,JELLY_A,0.7468,0.0000,1.00,J_GLIDE,18.54,0.0441,0.218,1.0630,2.2373,-3.4026,0.00166,0.01232,0.00652,0.02731,0.0176
23.7333,JELLY_B,0.3693,-0.0513,0.05,J_DRIFT_IDLE,10.06,0.0115,0.000,1.4603,3.1202,-3.7595,-0.00311,0.01054,0.00235,0.02748,0.0456
23.7333,JELLY_C,0.7572,0.0000,1.00,J_GLIDE,10.38,0.0048,0.079,0.5660,3.7225,-3.9011,0.00060,0.01310,0.00247,0.01941,0.0112
23.7667,JELLY_A,0.7577,0.0000,1.00,J_GLIDE,18.47,0.0434,0.218,1.0630,2.2377,-3.4024,0.00166,0.01240,0.00654,0.02749,0.0114
23.7667,JELLY_B,0.3818,-0.0534,0.05,J_DRIFT_IDLE,10.03,0.0115,0.000,1.4602,3.1206,-3.7594,-0.00312,0.01043,0.00233,0.02758,0.0445
23.7667,JELLY_C,0.7705,0.0000,1.00,J_GLIDE,10.37,0.0051,0.079,0.5660,3.7229,-3.9011,0.00059,0.01321,0.00249,0.01967,0.0055
23.8000,JELLY_A,0.7685,0.0000,1.00,J_GLIDE,18.39,0.0428,0.218,1.0631,2.2382,-3.4021,0.00165,0.01247,0.00656,0.02767,0.0065
23.8000,JELLY_B,0.3942,-0.0551,0.05,J_DRIFT_IDLE,10.01,0.0116,0.000,1.4601,3.1209,-3.7593,-0.00313,0.01032,0.00232,0.02767,0.0432
23.8000,JELLY_C,0.7838,0.0000,1.00,J_GLIDE,10.36,0.0053,0.079,0.5660,3.7234,-3.9010,0.00057,0.01330,0.00250,0.01991,0.0014
23.8333,JELLY_A,0.7794,0.0000,1.00,J_GLIDE,18.32,0.0422,0.218,1.0631,2.2386,-3.4019,0.00165,0.01254,0.00657,0.02786,0.0028
23.8333,JELLY_B,0.4067,-0.0565,0.05,J_DRIFT_IDLE,9.99,0.0116,0.000,1.4600,3.1212,-3.7592,-0.00314,0.01022,0.00230,0.02777,0.0418
23.8333,JELLY_C,0.7972,0.0000,1.00,J_GLIDE,10.35,0.0056,0.079,0.5660,3.7238,-3.9009,0.00055,0.01339,0.00251,0.02014,-0.0013
23.8667,JELLY_A,0.7902,0.0000,1.00,J_GLIDE,18.24,0.0416,0.218,1.0632,2.2390,-3.4017,0.00164,0.01260,0.00659,0.02804,0.0001
23.8667,JELLY_B,0.4191,-0.0576,0.05,J_DRIFT_IDLE,9.97,0.0117,0.000,1.4599,3.1216,-3.7592,-0.00315,0.01012,0.00229,0.02786,0.0403
23.8667,JELLY_C,0.8106,0.0000,1.00,J_GLIDE,10.34,0.0058,0.079,0.5661,3.7243,-3.9008,0.00054,0.01347,0.00252,0.02036,-0.0030
23.9000,JELLY_A,0.8010,0.0000,1.00,J_GLIDE,18.17,0.0410,0.218,1.0632,2.2394,-3.4015,0.00163,0.01266,0.00660,0.02822,-0.0019
23.9000,JELLY_B,0.4316,-0.0583,0.05,J_DRIFT_IDLE,9.94,0.0117,0.000,1.4598,3.1219,-3.7591,-0.00316,0.01002,0.00227,0.02796,0.0387
23.9000,JELLY_C,0.8239,0.0000,1.00,J_GLIDE,10.32,0.0061,0.079,0.5661,3.7247,-3.9007,0.00052,0.01355,0.00252,0.02057,-0.0039
23.9333,JELLY_A,0.8119,0.0000,1.00,J_GLIDE,18.10,0.0405,0.218,1.0633,2.2398,-3.4013,0.00162,0.01271,0.00661,0.02840,-0.0032
23.9333,JELLY_B,0.4441,-0.0586,0.05,J_DRIFT_IDLE,9.92,0.0118,0.000,1.4597,3.1222,-3.7590,-0.00317,0.00992,0.00226,0.02805,0.0370
23.9333,JELLY_C,0.8373,0.0000,1.00,J_GLIDE,10.31,0.0063,0.079,0.5661,3.7252,-3.9006,0.00050,0.01361,0.00253,0.02076,-0.0043
23.9667,JELLY_A,0.8227,0.0000,1.00,J_GLIDE,18.03,0.0399,0.218,1.0633,2.2403,-3.4010,0.00161,0.01276,0.00662,0.02858,-0.0040
23.9667,JELLY_B,0.4565,-0.0586,0.05,J_DRIFT_IDLE,9.90,0.0118,0.000,1.4596,3.1226,-3.7589,-0.00318,0.00982,0.00224,0.02814,0.0352
23.9667,JELLY_C,0.8506,0.0000,1.00,J_GLIDE,10.30,0.0065,0.079,0.5661,3.7256,-3.9006,0.00048,0.01367,0.00253,0.02094,-0.0043
24.0000,JELLY_A,0.8336,0.0000,1.00,J_GLIDE,17.96,0.0394,0.218,1.0634,2.2407,-3.4008,0.00160,0.01281,0.00663,0.02875,-0.0044
24.0000,JELLY_B,0.4690,-0.0583,0.05,J_DRIFT_IDLE,9.88,0.0119,0.000,1.4595,3.1229,-3.7589,-0.00318,0.00973,0.00223,0.02823,0.0334
24.0000,JELLY_C,0.8640,0.0000,1.00,J_GLIDE,10.29,0.0067,0.079,0.5661,3.7261,-3.9005,0.00046,0.01372,0.00254,0.02112,-0.0040
24.0333,JELLY_A,0.8444,0.0000,1.00,J_GLIDE,17.89,0.0389,0.218,1.0634,2.2411,-3.4006,0.00159,0.01285,0.00664,0.02892,-0.0045
24.0333,JELLY_B,0.4814,-0.0575,0.05,J_DRIFT_IDLE,9.85,0.0119,0.000,1.4594,3.1232,-3.7588,-0.00319,0.00964,0.00222,0.02832,0.0315
24.0333,JELLY_C,0.8773,0.0000,1.00,J_GLIDE,10.27,0.0070,0.079,0.5661,3.7265,-3.9004,0.00045,0.01376,0.00254,0.02128,-0.0035
24.0667,JELLY_A,0.8553,0.0000,1.00,J_GLIDE,17.82,0.0384,0.218,1.0635,2.2416,-3.4004,0.00157,0.01289,0.00665,0.02910,-0.0043
24.0667,JELLY_B,0.4939,-0.0565,0.05,J_DRIFT_IDLE,9.83,0.0120,0.000,1.4592,3.1235,-3.7587,-0.00320,0.00955,0.00220,0.02841,0.0296
24.0667,JELLY_C,0.8907,0.0000,1.00,J_GLIDE,10.26,0.0072,0.079,0.5662,3.7270,-3.9003,0.00043,0.01379,0.00254,0.02143,-0.0030
24.1000,JELLY_A,0.8661,0.0000,1.00,J_GLIDE,17.75,0.0379,0.218,1.0636,2.2420,-3.4002,0.00156,0.01292,0.00665,0.02926,-0.0041
24.1000,JELLY_B,0.5063,-0.0550,0.05,J_DRIFT_IDLE,9.81,0.0120,0.000,1.4591,3.1239,-3.7586,-0.00321,0.00946,0.00219,0.02849,0.0277
24.1000,JELLY_C,0.9040,0.0000,1.00,J_GLIDE,10.25,0.0074,0.079,0.5662,3.7274,-3.9002,0.00041,0.01382,0.00253,0.02157,-0.0025
24.1333,JELLY_A,0.8769,0.0000,1.00,J_GLIDE,17.69,0.0375,0.218,1.0636,2.2424,-3.3999,0.00154,0.01296,0.00665,0.02943,-0.0037
24.1333,JELLY_B,0.5188,-0.0533,0.05,J_DRIFT_IDLE,9.79,0.0120,0.000,1.4590,3.1242,-3.7586,-0.00322,0.00937,0.00218,0.02858,0.0258
24.1333,JELLY_C,0.9174,0.0000,1.00,J_GLIDE,10.23,0.0075,0.079,0.5662,3.7279,-3.9001,0.00039,0.01385,0.00253,0.02171,-0.0021
24.1667,JELLY_A,0.8878,0.0000,1.00,J_GLIDE,17.62,0.0370,0.218,1.0637,2.2428,-3.3997,0.00153,0.01298,0.00666,0.02960,-0.0033
24.1667,JELLY_B,0.5312,-0.0512,0.05,J_DRIFT_IDLE,9.76,0.0121,0.000,1.4589,3.1245,-3.7585,-0.00322,0.00929,0.00217,0.02866,0.0239
24.1667,JELLY_C,0.9308,0.0000,1.00,J_GLIDE,10.22,0.0077,0.079,0.5662,3.7284,-3.9001,0.00037,0.01386,0.00253,0.02183,-0.0016
24.2000,JELLY_A,0.8986,0.0000,1.00,J_GLIDE,17.55,0.0366,0.218,1.0637,2.2433,-3.3995,0.00152,0.01301,0.00666,0.02976,-0.0029
24.2000,JELLY_B,0.5437,-0.0488,0.05,J_DRIFT_IDLE,9.74,0.0121,0.000,1.4588,3.1248,-3.7584,-0.00323,0.00920,0.00216,0.02874,0.0220
24.2000,JELLY_C,0.9441,0.0000,1.00,J_GLIDE,10.20,0.0079,0.079,0.5662,3.7288,-3.9000,0.00035,0.01388,0.00252,0.02195,-0.0012
24.2333,JELLY_A,0.9095,0.0000,1.00,J_GLIDE,17.49,0.0361,0.218,1.0638,2.2437,-3.3993,0.00150,0.01303,0.00666,0.02992,-0.0025
24.2333,JELLY_B,0.5561,-0.0461,0.05,J_DRIFT_IDLE,9.72,0.0121,0.000,1.4587,3.1251,-3.7584,-0.00324,0.00912,0.00215,0.02882,0.0201
24.2333,JELLY_C,0.9575,0.0000,1.00,J_GLIDE,10.19,0.0081,0.079,0.5662,3.7293,-3.8999,0.00033,0.01388,0.00252,0.02206,-0.0009
24.2667,JELLY_A,0.9203,0.0000,1.00,J_GLIDE,17.42,0.0357,0.218,1.0638,2.2441,-3.3991,0.00148,0.01305,0.00666,0.03008,-0.0021
24.2667,JELLY_B,0.5686,-0.0431,0.05,J_DRIFT_IDLE,9.69,0.0122,0.000,1.4586,3.1254,-3.7583,-0.00325,0.00904,0.00213,0.02889,0.0182
24.2667,JELLY_C,0.9709,0.0000,1.00,J_GLIDE,10.17,0.0083,0.079,0.5662,3.7298,-3.8998,0.00031,0.01388,0.00251,0.02217,-0.0006
24.3000,JELLY_A,0.9312,0.0000,1.00,J_GLIDE,17.36,0.0353,0.218,1.0639,2.2446,-3.3988,0.00147,0.01306,0.00666,0.03024,-0.0017
24.3000,JELLY_B,0.5810,-0.0399,0.05,J_DRIFT_IDLE,9.67,0.0122,0.000,1.4585,3.1257,-3.7582,-0.00325,0.00896,0.00212,0.02897,0.0164
24.3000,JELLY_C,0.9842,0.0000,1.00,J_GLIDE,10.16,0.0084,0.079,0.5662,3.7302,-3.8997,0.00029,0.01388,0.00250,0.02227,-0.0004
24.3333,JELLY_A,0.9420,0.0000,1.00,J_GLIDE,17.30,0.0349,0.218,1.0639,2.2450,-3.3986,0.00145,0.01308,0.00665,0.03039,-0.0014
24.3333,JELLY_B,0.5935,-0.0364,0.05,J_DRIFT_IDLE,9.65,0.0122,0.000,1.4584,3.1260,-3.7581,-0.00326,0.00889,0.00211,0.02904,0.0146
24.3333,JELLY_C,0.9976,0.0000,1.00,J_GLIDE,10.14,0.0086,0.079,0.5662,3.7307,-3.8996,0.00027,0.01387,0.00249,0.02237,-0.0003
24.3667,JELLY_A,0.9529,0.0000,1.00,J_GLIDE,17.23,0.0345,0.218,1.0640,2.2455,-3.3984,0.00143,0.01309,0.00665,0.03055,-0.0011
24.3667,JELLY_B,0.6059,-0.0327,0.05,J_DRIFT_IDLE,9.62,0.0122,0.000,1.4583,3.1263,-3.7581,-0.00327,0.00881,0.00210,0.02911,0.0129
24.3667,JELLY_C,0.0110,0.5407,1.00,J_SOFT_TURN,10.12,0.0084,0.086,0.5663,3.7311,-3.8996,0.00024,0.01371,0.00246,0.02246,-0.0000
24.4000,JELLY_A,0.9637,0.0000,1.00,J_GLIDE,17.17,0.0341,0.218,1.0640,2.2459,-3.3982,0.00142,0.01309,0.00665,0.03070,-0.0008
24.4000,JELLY_B,0.6184,-0.0288,0.05,J_DRIFT_IDLE,9.60,0.0123,0.000,1.4582,3.1266,-3.7580,-0.00327,0.00874,0.00209,0.02918,0.0113
24.4000,JELLY_C,0.0244,1.1762,1.00,J_SOFT_TURN,10.11,0.0074,0.086,0.5663,3.7316,-3.8995,0.00022,0.01358,0.00243,0.02255,0.0011
24.4333,JELLY_A,0.9746,0.0000,1.00,J_GLIDE,17.11,0.0338,0.218,1.0640,2.2463,-3.3979,0.00140,0.01310,0.00664,0.03085,-0.0006
24.4333,JELLY_B,0.6308,-0.0247,0.05,J_DRIFT_IDLE,9.58,0.0123,0.000,1.4581,3.1269,-3.7579,-0.00328,0.00866,0.00208,0.02925,0.0098
24.4333,JELLY_C,0.0377,1.7602,1.00,J_SOFT_TURN,10.10,0.0058,0.086,0.5663,3.7320,-3.8994,0.00020,0.01350,0.00241,0.02265,0.0050
24.4667,JELLY_A,0.9855,0.0000,1.00,J_GLIDE,17.05,0.0334,0.218,1.0641,2.2468,-3.3977,0.00138,0.01310,0.00663,0.03099,-0.0004
24.4667,JELLY_B,0.6432,-0.0205,0.05,J_DRIFT_IDLE,9.55,0.0123,0.000,1.4579,3.1272,-3.7579,-0.00329,0.00859,0.00207,0.02931,0.0083
24.4667,JELLY_C,0.0511,2.2670,1.00,J_SOFT_TURN,10.09,0.0036,0.086,0.5663,3.7325,-3.8993,0.00018,0.01349,0.00240,0.02276,0.0136
24.5000,JELLY_A,0.9963,0.0000,1.00,J_GLIDE,16.99,0.0330,0.218,1.0641,2.2472,-3.3975,0.00136,0.01310,0.00663,0.03113,-0.0003
24.5000,JELLY_B,0.6557,-0.0161,0.05,J_DRIFT_IDLE,9.53,0.0123,0.000,1.4578,3.1274,-3.7578,-0.00329,0.00851,0.00206,0.02938,0.0070
24.5000,JELLY_C,0.0645,2.6743,1.00,J_SOFT_TURN,10.08,0.0011,0.086,0.5663,3.7329,-3.8992,0.00016,0.01355,0.00241,0.02289,0.0293
24.5333,JELLY_A,0.0072,0.0144,0.05,J_PAUSE_OPEN,16.93,0.0327,0.000,1.0642,2.2476,-3.3973,0.00133,0.01302,0.00660,0.03127,-0.0001
24.5333,JELLY_B,0.6681,-0.0117,0.05,J_DRIFT_IDLE,9.51,0.0123,0.000,1.4577,3.1277,-3.7577,-0.00330,0.00844,0.00205,0.02944,0.0057
24.5333,JELLY_C,0.0779,2.9640,1.00,J_SOFT_TURN,10.08,0.0021,0.086,0.5663,3.7334,-3.8992,0.00015,0.01367,0.00242,0.02303,0.0538
24.5667,JELLY_A,0.0180,0.0357,0.05,J_PAUSE_OPEN,16.87,0.0324,0.000,1.0642,2.2481,-3.3971,0.00130,0.01292,0.00657,0.03141,0.0000
24.5667,JELLY_B,0.6806,-0.0071,0.05,J_DRIFT_IDLE,9.48,0.0124,0.000,1.4576,3.1280,-3.7577,-0.00330,0.00837,0.00204,0.02950,0.0046
24.5667,JELLY_C,0.0912,3.1233,1.00,J_SOFT_TURN,10.09,0.0052,0.086,0.5663,3.7339,-3.8991,0.00013,0.01383,0.00244,0.02319,0.0886
24.6000,JELLY_A,0.0289,0.0561,0.05,J_PAUSE_OPEN,16.81,0.0321,0.000,1.0643,2.2485,-3.3968,0.00126,0.01282,0.00654,0.03154,0.0002
24.6000,JELLY_B,0.6930,-0.0026,0.05,J_DRIFT_IDLE,9.46,0.0124,0.000,1.4575,3.1283,-3.7576,-0.00331,0.00829,0.00203,0.02956,0.0036
24.6000,JELLY_C,0.1046,3.1452,1.00,J_SOFT_TURN,10.10,0.0083,0.086,0.5663,3.7343,-3.8990,0.00012,0.01401,0.00247,0.02336,0.1342
24.6333,JELLY_A,0.0397,0.0748,0.05,J_PAUSE_OPEN,16.75,0.0317,0.000,1.0643,2.2489,-3.3966,0.00123,0.01272,0.00650,0.03167,0.0004
24.6333,JELLY_B,0.7055,0.0000,0.05,J_DRIFT_IDLE,9.44,0.0124,0.000,1.4574,3.1286,-3.7575,-0.00332,0.00822,0.00202,0.02962,0.0028
24.6333,JELLY_C,0.1180,3.0285,1.00,J_SOFT_TURN,10.12,0.0112,0.086,0.5663,3.7348,-3.8989,0.00010,0.01417,0.00249,0.02355,0.1904
24.6667,JELLY_A,0.0506,0.0913,0.05,J_PAUSE_OPEN,16.69,0.0314,0.000,1.0643,2.2493,-3.3964,0.00120,0.01262,0.00647,0.03180,0.0008
24.6667,JELLY_B,0.7179,0.0000,0.05,J_DRIFT_IDLE,9.41,0.0124,0.000,1.4573,3.1288,-3.7575,-0.00332,0.00815,0.00201,0.02967,0.0021
24.6667,JELLY_C,0.1314,2.7784,1.00,J_SOFT_TURN,10.14,0.0138,0.086,0.5663,3.7353,-3.8988,0.00009,0.01428,0.00250,0.02378,0.2564
24.7000,JELLY_A,0.0615,0.1052,0.05,J_PAUSE_OPEN,16.64,0.0311,0.000,1.0644,2.2498,-3.3962,0.00116,0.01253,0.00644,0.03192,0.0014
24.7000,JELLY_B,0.7304,0.0000,0.05,J_DRIFT_IDLE,9.39,0.0124,0.000,1.4572,3.1291,-3.7574,-0.00333,0.00808,0.00200,0.02973,0.0015
24.7000,JELLY_C,0.1448,2.4058,1.00,J_SOFT_TURN,10.17,0.0160,0.086,0.5663,3.7357,-3.8987,0.00007,0.01434,0.00250,0.02408,0.3304
24.7333,JELLY_A,0.0723,0.1161,0.05,J_PAUSE_OPEN,16.58,0.0309,0.000,1.0644,2.2502,-3.3960,0.00113,0.01243,0.00641,0.03205,0.0022
24.7333,JELLY_B,0.7428,0.0000,0.05,J_DRIFT_IDLE,9.36,0.0124,0.000,1.4571,3.1294,-3.7573,-0.00333,0.00801,0.00199,0.02978,0.0010
24.7333,JELLY_C,0.1582,1.9270,1.00,J_SOFT_TURN,10.20,0.0176,0.086,0.5663,3.7362,-3.8987,0.00005,0.01432,0.00249,0.02446,0.4101
24.7667,JELLY_A,0.0832,0.1235,0.05,J_PAUSE_OPEN,16.52,0.0306,0.000,1.0645,2.2506,-3.3958,0.00110,0.01234,0.00638,0.03217,0.0034
24.7667,JELLY_B,0.7553,0.0000,0.05,J_DRIFT_IDLE,9.34,0.0124,0.000,1.4570,3.1296,-3.7573,-0.00334,0.00794,0.00198,0.02983,0.0006
24.7667,JELLY_C,0.1716,1.3630,1.00,J_SOFT_TURN,10.23,0.0185,0.086,0.5663,3.7367,-3.8986,0.00003,0.01423,0.00247,0.02480,0.4928
24.8000,JELLY_A,0.0941,0.1274,0.05,J_PAUSE_OPEN,16.47,0.0303,0.000,1.0645,2.2510,-3.3956,0.00107,0.01224,0.00635,0.03229,0.0049
24.8000,JELLY_B,0.7677,0.0000,0.05,J_DRIFT_IDLE,9.32,0.0124,0.000,1.4568,3.1299,-3.7572,-0.00334,0.00787,0.00197,0.02988,0.0003
24.8000,JELLY_C,0.1850,0.7387,1.00,J_SOFT_TURN,10.27,0.0186,0.086,0.5663,3.7372,-3.8985,0.00000,0.01409,0.00244,0.02494,0.5754
24.8333,JELLY_A,0.1049,0.1276,0.05,J_PAUSE_OPEN,16.41,0.0300,0.000,1.0645,2.2514,-3.3953,0.00104,0.01215,0.00633,0.03240,0.0068
24.8333,JELLY_B,0.7802,0.0000,0.05,J_DRIFT_IDLE,9.29,0.0124,0.000,1.4567,3.1302,-3.7571,-0.00335,0.00780,0.00196,0.02993,0.0001
24.8333,JELLY_C,0.1984,0.0816,1.00,J_SOFT_TURN,10.30,0.0181,0.086,0.5663,3.7376,-3.8984,-0.00002,0.01392,0.00240,0.02474,0.6547
24.8667,JELLY_A,0.1158,0.1241,0.05,J_PAUSE_OPEN,16.36,0.0298,0.000,1.0646,2.2518,-3.3951,0.00101,0.01206,0.00630,0.03252,0.0090
24.8667,JELLY_B,0.7926,0.0000,0.05,J_DRIFT_IDLE,9.27,0.0124,0.000,1.4566,3.1304,-3.7571,-0.00335,0.00773,0.00196,0.02998,-0.0000
24.8667,JELLY_C,0.2118,-0.0931,1.00,J_SOFT_TURN,10.34,0.0171,0.086,0.5663,3.7381,-3.8983,-0.00004,0.01376,0.00237,0.02427,0.7273
24.9000,JELLY_A,0.1266,0.1170,0.05,J_PAUSE_OPEN,16.30,0.0295,0.000,1.0646,2.2522,-3.3949,0.00098,0.01197,0.00627,0.03263,0.0115
24.9000,JELLY_B,0.8051,0.0000,0.05,J_DRIFT_IDLE,9.25,0.0124,0.000,1.4565,3.1307,-3.7570,-0.00336,0.00766,0.00195,0.03002,-0.0001
24.9000,JELLY_C,0.2252,-0.1987,1.00,J_SOFT_TURN,10.37,0.0162,0.086,0.5663,3.7386,-3.8983,-0.00007,0.01359,0.00233,0.02367,0.7912
24.9333,JELLY_A,0.1375,0.1064,0.05,J_PAUSE_OPEN,16.25,0.0293,0.000,1.0646,2.2526,-3.3947,0.00096,0.01188,0.00624,0.03274,0.0143
24.9333,JELLY_B,0.8175,0.0000,0.05,J_DRIFT_IDLE,9.22,0.0124,0.000,1.4564,3.1309,-3.7569,-0.00336,0.00759,0.00194,0.03007,-0.0002
24.9333,JELLY_C,0.2386,-0.3030,1.00,J_SOFT_TURN,10.40,0.0153,0.086,0.5663,3.7390,-3.8982,-0.00009,0.01343,0.00230,0.02307,0.8450
24.9667,JELLY_A,0.1484,0.0928,0.05,J_PAUSE_OPEN,16.19,0.0290,0.000,1.0647,2.2530,-3.3945,0.00093,0.01179,0.00622,0.03285,0.0174
24.9667,JELLY_B,0.8299,0.0000,0.05,J_DRIFT_IDLE,9.20,0.0124,0.000,1.4563,3.1312,-3.7569,-0.00337,0.00752,0.00193,0.03011,-0.0002
24.9667,JELLY_C,0.2520,-0.4051,1.00,J_SOFT_TURN,10.43,0.0144,0.086,0.5663,3.7394,-3.8981,-0.00011,0.01327,0.00227,0.02251,0.8884
25.0000,JELLY_A,0.1592,0.0765,0.05,J_PAUSE_OPEN,16.14,0.0288,0.000,1.0647,2.2534,-3.3943,0.00090,0.01170,0.00619,0.03296,0.0206
25.0000,JELLY_B,0.8424,0.0000,0.05,J_DRIFT_IDLE,9.17,0.0124,0.000,1.4562,3.1314,-3.7568,-0.00337,0.00745,0.00192,0.03015,-0.0002
25.0000,JELLY_C,0.2654,-0.5044,1.00,J_SOFT_TURN,10.46,0.0136,0.086,0.5663,3.7399,-3.8980,-0.00013,0.01312,0.00224,0.02200,0.9216
25.0333,JELLY_A,0.1701,0.0579,0.05,J_PAUSE_OPEN,16.09,0.0286,0.000,1.0647,2.2538,-3.3941,0.00087,0.01162,0.00616,0.03306,0.0240
25.0333,JELLY_B,0.8548,0.0000,0.05,J_DRIFT_IDLE,9.15,0.0124,0.000,1.4561,3.1317,-3.7567,-0.00338,0.00738,0.00191,0.03019,-0.0002
25.0333,JELLY_C,0.2788,-0.6001,1.00,J_SOFT_TURN,10.48,0.0128,0.086,0.5663,3.7403,-3.8980,-0.00016,0.01296,0.00221,0.02149,0.9451
25.0667,JELLY_A,0.1810,0.0377,0.05,J_PAUSE_OPEN,16.03,0.0283,0.000,1.0648,2.2542,-3.3939,0.00085,0.01153,0.00614,0.03317,0.0274
25.0667,JELLY_B,0.8673,0.0000,0.05,J_DRIFT_IDLE,9.13,0.0124,0.000,1.4559,3.1319,-3.7567,-0.00338,0.00731,0.00190,0.03023,-0.0002
25.0667,JELLY_C,0.2922,-0.6917,1.00,J_SOFT_TURN,10.50,0.0120,0.086,0.5663,3.7407,-3.8979,-0.00018,0.01281,0.00218,0.02096,0.9596
25.1000,JELLY_A,0.1919,0.0163,0.05,J_PAUSE_OPEN,15.98,0.0281,0.000,1.0648,2.2545,-3.3937,0.00082,0.01145,0.00611,0.03327,0.0306
25.1000,JELLY_B,0.8797,0.0000,0.05,J_DRIFT_IDLE,9.10,0.0124,0.000,1.4558,3.1322,-3.7566,-0.00338,0.00725,0.00189,0.03027,-0.0002
25.1000,JELLY_C,0.3056,-0.7783,1.00,J_SOFT_TURN,10.53,0.0112,0.086,0.5663,3.7412,-3.8978,-0.00020,0.01266,0.00215,0.02040,0.9661
25.1333,JELLY_A,0.2027,-0.0009,0.05,J_PAUSE_OPEN,15.93,0.0279,0.000,1.0648,2.2549,-3.3935,0.00080,0.01136,0.00609,0.03337,0.0338
25.1333,JELLY_B,0.8922,0.0000,0.05,J_DRIFT_IDLE,9.08,0.0124,0.000,1.4557,3.1324,-3.7565,-0.00339,0.00718,0.00188,0.03031,-0.0002
25.1333,JELLY_C,0.3190,-0.8595,1.00,J_SOFT_TURN,10.55,0.0104,0.086,0.5663,3.7416,-3.8977,-0.00022,0.01252,0.00212,0.01981,0.9653
25.1667,JELLY_A,0.2136,-0.0044,0.05,J_PAUSE_OPEN,15.88,0.0277,0.000,1.0648,2.2553,-3.3933,0.00077,0.01128,0.00606,0.03347,0.0367
25.1667,JELLY_B,0.9046,0.0000,0.05,J_DRIFT_IDLE,9.06,0.0124,0.000,1.4556,3.1326,-3.7565,-0.00339,0.00711,0.00187,0.03034,-0.0001
25.1667,JELLY_C,0.3324,-0.9347,1.00,J_SOFT_TURN,10.57,0.0097,0.086,0.5663,3.7420,-3.8977,-0.00024,0.01237,0.00209,0.01919,0.9581
25.2000,JELLY_A,0.2245,-0.0079,0.05,J_PAUSE_OPEN,15.82,0.0275,0.000,1.0649,2.2557,-3.3931,0.00075,0.01119,0.00604,0.03357,0.0393
25.2000,JELLY_B,0.9171,0.0000,0.05,J_DRIFT_IDLE,9.03,0.0124,0.000,1.4555,3.1329,-3.7564,-0.00340,0.00704,0.00186,0.03038,-0.0001
25.2000,JELLY_C,0.3458,-1.0032,1.00,J_SOFT_TURN,10.58,0.0090,0.086,0.5663,3.7424,-3.8976,-0.00026,0.01223,0.00207,0.01856,0.9454
25.2333,JELLY_A,0.2354,-0.0113,0.05,J_PAUSE_OPEN,15.77,0.0273,0.000,1.0649,2.2561,-3.3929,0.00072,0.01111,0.00601,0.03367,0.0415
25.2333,JELLY_B,0.9295,0.0000,0.05,J_DRIFT_IDLE,9.01,0.0124,0.000,1.4554,3.1331,-3.7564,-0.00340,0.00698,0.00185,0.03041,-0.0001
25.2333,JELLY_C,0.3592,-1.0646,1.00,J_SOFT_TURN,10.60,0.0083,0.086,0.5662,3.7428,-3.8975,-0.00028,0.01209,0.00204,0.01791,0.9278
25.2667,JELLY_A,0.2462,-0.0147,0.05,J_PAUSE_OPEN,15.72,0.0271,0.000,1.0649,2.2564,-3.3927,0.00070,0.01103,0.00599,0.03377,0.0435
25.2667,JELLY_B,0.9420,0.0000,0.05,J_DRIFT_IDLE,8.98,0.0124,0.000,1.4553,3.1333,-3.7563,-0.00340,0.00691,0.00184,0.03045,-0.0001
25.2667,JELLY_C,0.3727,-1.1185,1.00,J_SOFT_TURN,10.62,0.0076,0.086,0.5662,3.7432,-3.8975,-0.00030,0.01195,0.00202,0.01726,0.9059
25.3000,JELLY_A,0.2571,-0.0180,0.05,J_PAUSE_OPEN,15.67,0.0269,0.000,1.0649,2.2568,-3.3925,0.00067,0.01095,0.00596,0.03387,0.0451
25.3000,JELLY_B,0.9544,0.0000,0.05,J_DRIFT_IDLE,8.96,0.0124,0.000,1.4552,3.1336,-3.7562,-0.00341,0.00684,0.00183,0.03048,-0.0000
25.3000,JELLY_C,0.3861,-1.1645,1.00,J_SOFT_TURN,10.63,0.0070,0.086,0.5662,3.7436,-3.8974,-0.00031,0.01182,0.00199,0.01662,0.8804
25.3333,JELLY_A,0.2680,-0.0212,0.05,J_PAUSE_OPEN,15.62,0.0267,0.000,1.0650,2.2572,-3.3923,0.00065,0.01087,0.00594,0.03397,0.0463
25.3333,JELLY_B,0.9668,0.0000,0.05,J_DRIFT_IDLE,8.94,0.0124,0.000,1.4550,3.1338,-3.7562,-0.00341,0.00677,0.00183,0.03051,-0.0000
25.3333,JELLY_C,0.3995,-1.2022,1.00,J_SOFT_TURN,10.64,0.0064,0.086,0.5662,3.7440,-3.8973,-0.00033,0.01168,0.00197,0.01603,0.8516
25.3667,JELLY_A,0.2789,-0.0244,0.05,J_PAUSE_OPEN,15.57,0.0265,0.000,1.0650,2.2575,-3.3921,0.00063,0.01079,0.00592,0.03407,0.0473
25.3667,JELLY_B,0.9793,0.0000,0.05,J_DRIFT_IDLE,8.91,0.0124,0.000,1.4549,3.1340,-3.7561,-0.00341,0.00671,0.00182,0.03054,-0.0000
25.3667,JELLY_C,0.4129,-1.2313,1.00,J_SOFT_TURN,10.65,0.0057,0.086,0.5662,3.7444,-3.8973,-0.00035,0.01156,0.00195,0.01550,0.8201
25.4000,JELLY_A,0.2897,-0.0274,0.05,J_PAUSE_OPEN,15.52,0.0263,0.000,1.0650,2.2579,-3.3919,0.00061,0.01071,0.00589,0.03416,0.0479
25.4000,JELLY_B,0.9917,0.0000,0.05,J_DRIFT_IDLE,8.89,0.0124,0.000,1.4548,3.1342,-3.7561,-0.00342,0.00664,0.00181,0.03057,-0.0000
25.4000,JELLY_C,0.4264,-1.2518,1.00,J_SOFT_TURN,10.67,0.0052,0.086,0.5662,3.7448,-3.8972,-0.00037,0.01144,0.00193,0.01505,0.7862
25.4333,JELLY_A,0.3006,-0.0303,0.05,J_PAUSE_OPEN,15.47,0.0262,0.000,1.0650,2.2582,-3.3917,0.00058,0.01064,0.00587,0.03426,0.0483
25.4333,JELLY_B,0.0042,0.1927,1.00,J_SOFT_TURN,8.87,0.0118,0.647,1.4547,3.1345,-3.7560,-0.00342,0.00658,0.00180,0.03060,0.0004
25.4333,JELLY_C,0.4398,-1.2633,1.00,J_SOFT_TURN,10.67,0.0046,0.086,0.5662,3.7452,-3.8971,-0.00038,0.01135,0.00191,0.01468,0.7503
25.4667,JELLY_A,0.3115,-0.0331,0.05,J_PAUSE_OPEN,15.42,0.0260,0.000,1.0650,2.2586,-3.3915,0.00056,0.01056,0.00585,0.03436,0.0484
25.4667,JELLY_B,0.0166,0.7574,1.00,J_SOFT_TURN,8.85,0.0066,0.647,1.4546,3.1347,-3.7559,-0.00342,0.00655,0.00179,0.03063,0.0033
25.4667,JELLY_C,0.4532,-1.2658,1.00,J_SOFT_TURN,10.68,0.0040,0.086,0.5662,3.7455,-3.8971,-0.00040,0.01128,0.00190,0.01439,0.7128
25.5000,JELLY_A,0.3224,-0.0357,0.05,J_PAUSE_OPEN,15.38,0.0258,0.000,1.0651,2.2589,-3.3913,0.00054,0.01048,0.00583,0.03445,0.0483
25.5000,JELLY_B,0.0291,1.2933,1.00,J_SOFT_TURN,8.84,0.0037,0.647,1.4545,3.1349,-3.7559,-0.00342,0.00654,0.00179,0.03066,0.0095
25.5000,JELLY_C,0.4667,-1.2594,1.00,J_SOFT_TURN,10.69,0.0035,0.086,0.5662,3.7459,-3.8970,-0.00041,0.01124,0.00190,0.01419,0.6738
25.5333,JELLY_A,0.3333,-0.0381,0.05,J_PAUSE_OPEN,15.33,0.0257,0.000,1.0651,2.2593,-3.3911,0.00052,0.01041,0.00580,0.03455,0.0480
25.5333,JELLY_B,0.0415,1.7799,1.00,J_SOFT_TURN,8.86,0.0183,0.647,1.4544,3.1351,-3.7558,-0.00343,0.00658,0.00179,0.03073,0.0199
25.5333,JELLY_C,0.4801,-1.2439,1.00,J_SOFT_TURN,10.70,0.0030,0.086,0.5661,3.7463,-3.8969,-0.00042,0.01122,0.00190,0.01406,0.6338
25.5667,JELLY_A,0.3441,-0.0404,0.05,J_PAUSE_OPEN,15.28,0.0255,0.000,1.0651,2.2596,-3.3909,0.00050,0.01033,0.00578,0.03465,0.0475
25.5667,JELLY_B,0.0540,2.1987,1.00,J_SOFT_TURN,8.91,0.0368,0.647,1.4542,3.1353,-3.7558,-0.00342,0.00668,0.00180,0.03082,0.0355
25.5667,JELLY_C,0.4935,-1.2196,1.00,J_SOFT_TURN,10.70,0.0025,0.086,0.5661,3.7467,-3.8969,-0.00044,0.01123,0.00190,0.01401,0.5929
25.6000,JELLY_A,0.3550,-0.0424,0.05,J_PAUSE_OPEN,15.23,0.0253,0.000,1.0651,2.2600,-3.3907,0.00048,0.01026,0.00576,0.03474,0.0468
25.6000,JELLY_B,0.0664,2.5337,1.00,J_SOFT_TURN,8.99,0.0581,0.647,1.4541,3.1356,-3.7557,-0.00342,0.00683,0.00182,0.03096,0.0571
25.6000,JELLY_C,0.5070,-1.1866,1.00,J_SOFT_TURN,10.71,0.0020,0.086,0.5661,3.7470,-3.8968,-0.00045,0.01128,0.00191,0.01402,0.5515
25.6333,JELLY_A,0.3659,-0.0443,0.05,J_PAUSE_OPEN,15.18,0.0252,0.000,1.0651,2.2603,-3.3905,0.00046,0.01018,0.00574,0.03484,0.0460
25.6333,JELLY_B,0.0789,2.7722,1.00,J_SOFT_TURN,9.12,0.0815,0.647,1.4540,3.1358,-3.7556,-0.00342,0.00703,0.00185,0.03115,0.0855
25.6333,JELLY_C,0.5204,-1.1451,1.00,J_SOFT_TURN,10.71,0.0015,0.086,0.5661,3.7474,-3.8968,-0.00046,0.01135,0.00193,0.01408,0.5099
25.6667,JELLY_A,0.3768,-0.0460,0.05,J_PAUSE_OPEN,15.14,0.0250,0.000,1.0651,2.2606,-3.3903,0.00044,0.01011,0.00572,0.03494,0.0450
25.6667,JELLY_B,0.0913,2.9051,1.00,J_SOFT_TURN,9.29,0.1057,0.647,1.4539,3.1360,-3.7556,-0.00341,0.00727,0.00189,0.03139,0.1214
25.6667,JELLY_C,0.5339,-1.0954,1.00,J_SOFT_TURN,10.71,0.0011,0.086,0.5661,3.7478,-3.8967,-0.00047,0.01145,0.00195,0.01420,0.4684
25.7000,JELLY_A,0.3877,-0.0474,0.05,J_PAUSE_OPEN,15.09,0.0249,0.000,1.0651,2.2610,-3.3902,0.00042,0.01003,0.00570,0.03503,0.0440
25.7000,JELLY_B,0.1038,2.9274,1.00,J_SOFT_TURN,9.51,0.1299,0.647,1.4538,3.1363,-3.7555,-0.00340,0.00751,0.00192,0.03167,0.1649
25.7000,JELLY_C,0.5473,-1.0379,1.00,J_SOFT_TURN,10.71,0.0008,0.086,0.5661,3.7482,-3.8966,-0.00048,0.01157,0.00197,0.01436,0.4271
25.7333,JELLY_A,0.3986,-0.0487,0.05,J_PAUSE_OPEN,15.04,0.0247,0.000,1.0652,2.2613,-3.3900,0.00040,0.00996,0.00567,0.03513,0.0428
25.7333,JELLY_B,0.1162,2.8381,1.00,J_SOFT_TURN,9.77,0.1529,0.647,1.4537,3.1365,-3.7554,-0.00340,0.00774,0.00196,0.03199,0.2158
25.7333,JELLY_C,0.5608,-0.9729,1.00,J_SOFT_TURN,10.71,0.0006,0.086,0.5660,3.7486,-3.8966,-0.00048,0.01171,0.00200,0.01456,0.3865
25.7667,JELLY_A,0.4095,-0.0497,0.05,J_PAUSE_OPEN,15.00,0.0246,0.000,1.0652,2.2616,-3.3898,0.00038,0.00989,0.00565,0.03523,0.0416
25.7667,JELLY_B,0.1286,2.6407,1.00,J_SOFT_TURN,10.08,0.1736,0.647,1.4536,3.1368,-3.7554,-0.00339,0.00794,0.00199,0.03231,0.2733
25.7667,JELLY_C,0.5742,-0.9010,1.00,J_SOFT_TURN,10.71,0.0007,0.086,0.5660,3.7490,-3.8965,-0.00049,0.01187,0.00203,0.01479,0.3467
25.8000,JELLY_A,0.4203,-0.0504,0.05,J_PAUSE_OPEN,14.95,0.0245,0.000,1.0652,2.2620,-3.3896,0.00037,0.00982,0.00563,0.03532,0.0402
25.8000,JELLY_B,0.1411,2.3426,1.00,J_SOFT_TURN,10.43,0.1913,0.647,1.4534,3.1371,-3.7553,-0.00339,0.00809,0.00201,0.03260,0.3363
25.8000,JELLY_C,0.5877,-0.8226,1.00,J_SOFT_TURN,10.71,0.0010,0.086,0.5660,3.7494,-3.8964,-0.00050,0.01203,0.00206,0.01505,0.3080
25.8333,JELLY_A,0.4312,-0.0510,0.05,J_PAUSE_OPEN,14.90,0.0243,0.000,1.0652,2.2623,-3.3894,0.00035,0.00975,0.00561,0.03542,0.0388
25.8333,JELLY_B,0.1535,1.9554,1.00,J_SOFT_TURN,10.80,0.2051,0.647,1.4533,3.1373,-3.7552,-0.00339,0.00818,0.00202,0.03283,0.4033
25.8333,JELLY_C,0.6011,-0.7382,1.00,J_SOFT_TURN,10.71,0.0014,0.086,0.5660,3.7498,-3.8964,-0.00051,0.01220,0.00209,0.01533,0.2708
25.8667,JELLY_A,0.4421,-0.0513,0.05,J_PAUSE_OPEN,14.86,0.0242,0.000,1.0652,2.2626,-3.3892,0.00033,0.00968,0.00559,0.03551,0.0373
25.8667,JELLY_B,0.1660,1.4936,1.00,J_SOFT_TURN,11.20,0.2144,0.647,1.4532,3.1376,-3.7552,-0.00339,0.00821,0.00203,0.03297,0.4725
25.8667,JELLY_C,0.6146,-0.6486,1.00,J_SOFT_TURN,10.71,0.0017,0.086,0.5660,3.7502,-3.8963,-0.00052,0.01237,0.00212,0.01562,0.2352
25.9000,JELLY_A,0.4530,-0.0513,0.05,J_PAUSE_OPEN,14.81,0.0240,0.000,1.0652,2.2629,-3.3890,0.00031,0.00961,0.00557,0.03561,0.0358
25.9000,JELLY_B,0.1784,0.9749,1.00,J_SOFT_TURN,11.61,0.2186,0.647,1.4531,3.1379,-3.7551,-0.00339,0.00820,0.00202,0.03298,0.5418
25.9000,JELLY_C,0.6281,-0.5542,1.00,J_SOFT_TURN,10.70,0.0021,0.086,0.5660,3.7506,-3.8962,-0.00052,0.01254,0.00215,0.01593,0.2015
25.9333,JELLY_A,0.4639,-0.0511,0.05,J_PAUSE_OPEN,14.77,0.0239,0.000,1.0652,2.2633,-3.3888,0.00030,0.00955,0.00555,0.03570,0.0342
25.9333,JELLY_B,0.1909,0.4190,1.00,J_SOFT_TURN,12.03,0.2176,0.647,1.4530,3.1382,-3.7550,-0.00339,0.00815,0.00201,0.03287,0.6095
25.9333,JELLY_C,0.6415,-0.4559,1.00,J_SOFT_TURN,10.70,0.0024,0.086,0.5659,3.7510,-3.8961,-0.00053,0.01270,0.00218,0.01624,0.1699
25.9667,JELLY_A,0.4748,-0.0507,0.05,J_PAUSE_OPEN,14.72,0.0238,0.000,1.0652,2.2636,-3.3887,0.00028,0.00948,0.00554,0.03579,0.0326
25.9667,JELLY_B,0.2033,-0.0245,1.00,J_SOFT_TURN,12.44,0.2116,0.647,1.4529,3.1384,-3.7550,-0.00340,0.00809,0.00200,0.03266,0.6736
25.9667,JELLY_C,0.6550,-0.3542,1.00,J_SOFT_TURN,10.69,0.0028,0.086,0.5659,3.7514,-3.8961,-0.00054,0.01286,0.00221,0.01656,0.1407
26.0000,JELLY_A,0.4857,-0.0500,0.05,J_PAUSE_OPEN,14.68,0.0237,0.000,1.0652,2.2639,-3.3885,0.00026,0.00942,0.00552,0.03588,0.0310
26.0000,JELLY_B,0.2158,-0.1160,1.00,J_SOFT_TURN,12.84,0.2048,0.647,1.4528,3.1387,-3.7549,-0.00340,0.00802,0.00198,0.03236,0.7328
26.0000,JELLY_C,0.6685,-0.2500,1.00,J_SOFT_TURN,10.69,0.0031,0.086,0.5659,3.7519,-3.8960,-0.00055,0.01302,0.00224,0.01688,0.1141
26.0333,JELLY_A,0.4966,-0.0492,0.05,J_PAUSE_OPEN,14.63,0.0235,0.000,1.0653,2.2642,-3.3883,0.00025,0.00935,0.00550,0.03597,0.0293
26.0333,JELLY_B,0.2282,-0.2068,1.00,J_SOFT_TURN,13.23,0.1982,0.647,1.4527,3.1390,-3.7548,-0.00341,0.00796,0.00197,0.03200,0.7857
26.0333,JELLY_C,0.6819,-0.1439,1.00,J_SOFT_TURN,10.68,0.0035,0.086,0.5659,3.7523,-3.8959,-0.00056,0.01318,0.00227,0.01719,0.0902
26.0667,JELLY_A,0.5075,-0.0480,0.05,J_PAUSE_OPEN,14.59,0.0234,0.000,1.0653,2.2645,-3.3881,0.00023,0.00929,0.00548,0.03606,0.0276
26.0667,JELLY_B,0.2407,-0.2964,1.00,J_SOFT_TURN,13.60,0.1918,0.647,1.4525,3.1392,-3.7548,-0.00341,0.00790,0.00195,0.03159,0.8316
26.0667,JELLY_C,0.6954,-0.0367,1.00,J_SOFT_TURN,10.68,0.0038,0.086,0.5659,3.7527,-3.8958,-0.00057,0.01333,0.00229,0.01750,0.0693
26.1000,JELLY_A,0.5184,-0.0467,0.05,J_PAUSE_OPEN,14.54,0.0233,0.000,1.0653,2.2648,-3.3879,0.00022,0.00923,0.00546,0.03615,0.0259
26.1000,JELLY_B,0.2531,-0.3842,1.00,J_SOFT_TURN,13.96,0.1856,0.647,1.4524,3.1395,-3.7547,-0.00341,0.00784,0.00194,0.03114,0.8697
26.1000,JELLY_C,0.7089,0.0000,1.00,J_GLIDE,10.67,0.0041,0.086,0.5658,3.7532,-3.8958,-0.00058,0.01348,0.00232,0.01781,0.0514
26.1333,JELLY_A,0.5293,-0.0451,0.05,J_PAUSE_OPEN,14.50,0.0232,0.000,1.0653,2.2651,-3.3877,0.00020,0.00917,0.00544,0.03624,0.0242
26.1333,JELLY_B,0.2656,-0.4696,1.00,J_SOFT_TURN,14.31,0.1795,0.647,1.4523,3.1397,-3.7546,-0.00342,0.00778,0.00192,0.03064,0.9000
26.1333,JELLY_C,0.7224,0.0000,1.00,J_GLIDE,10.66,0.0044,0.086,0.5658,3.7536,-3.8957,-0.00059,0.01362,0.00234,0.01810,0.0367
26.1667,JELLY_A,0.5402,-0.0433,0.05,J_PAUSE_OPEN,14.45,0.0231,0.000,1.0653,2.2654,-3.3876,0.00019,0.00911,0.00543,0.03633,0.0226
26.1667,JELLY_B,0.2780,-0.5521,1.00,J_SOFT_TURN,14.65,0.1736,0.647,1.4522,3.1400,-3.7546,-0.00342,0.00772,0.00191,0.03009,0.9225
26.1667,JELLY_C,0.7358,0.0000,1.00,J_GLIDE,10.65,0.0047,0.086,0.5658,3.7541,-3.8956,-0.00060,0.01375,0.00236,0.01838,0.0248
26.2000,JELLY_A,0.5511,-0.0413,0.05,J_PAUSE_OPEN,14.41,0.0230,0.000,1.0653,2.2657,-3.3874,0.00017,0.00906,0.00541,0.03641,0.0209
26.2000,JELLY_B,0.2904,-0.6313,1.00,J_SOFT_TURN,14.98,0.1679,0.647,1.4521,3.1403,-3.7545,-0.00342,0.00766,0.00189,0.02950,0.9377
26.2000,JELLY_C,0.7493,0.0000,1.00,J_GLIDE,10.64,0.0050,0.086,0.5658,3.7546,-3.8955,-0.00062,0.01386,0.00238,0.01866,0.0156
26.2333,JELLY_A,0.5620,-0.0392,0.05,J_PAUSE_OPEN,14.37,0.0228,0.000,1.0653,2.2660,-3.3872,0.00016,0.00900,0.00539,0.03650,0.0192
26.2333,JELLY_B,0.3029,-0.7066,1.00,J_SOFT_TURN,15.29,0.1623,0.647,1.4520,3.1405,-3.7545,-0.00343,0.00760,0.00188,0.02887,0.9459
26.2333,JELLY_C,0.7628,0.0000,1.00,J_GLIDE,10.63,0.0052,0.086,0.5658,3.7550,-3.8954,-0.00063,0.01397,0.00239,0.01892,0.0086
26.2667,JELLY_A,0.5729,-0.0368,0.05,J_PAUSE_OPEN,14.32,0.0227,0.000,1.0653,2.2663,-3.3870,0.00015,0.00894,0.00538,0.03658,0.0176
26.2667,JELLY_B,0.3153,-0.7776,1.00,J_SOFT_TURN,15.60,0.1569,0.647,1.4519,3.1408,-3.7544,-0.00343,0.00754,0.00187,0.02820,0.9479
26.2667,JELLY_C,0.7763,0.0000,1.00,J_GLIDE,10.62,0.0055,0.086,0.5657,3.7555,-3.8954,-0.00064,0.01407,0.00240,0.01917,0.0036
26.3000,JELLY_A,0.5838,-0.0343,0.05,J_PAUSE_OPEN,14.28,0.0226,0.000,1.0653,2.2666,-3.3868,0.00013,0.00889,0.00536,0.03667,0.0160
26.3000,JELLY_B,0.3278,-0.8439,1.00,J_SOFT_TURN,15.90,0.1516,0.647,1.4517,3.1410,-3.7543,-0.00343,0.00748,0.00185,0.02750,0.9442
26.3000,JELLY_C,0.7898,0.0000,1.00,J_GLIDE,10.61,0.0058,0.086,0.5657,3.7560,-3.8953,-0.00065,0.01415,0.00241,0.01940,0.0001
26.3333,JELLY_A,0.5947,-0.0316,0.05,J_PAUSE_OPEN,14.24,0.0225,0.000,1.0653,2.2669,-3.3867,0.00012,0.00883,0.00534,0.03675,0.0145
26.3333,JELLY_B,0.3402,-0.9050,1.00,J_SOFT_TURN,16.18,0.1464,0.647,1.4516,3.1413,-3.7543,-0.00343,0.00742,0.00184,0.02678,0.9354
26.3333,JELLY_C,0.8033,0.0000,1.00,J_GLIDE,10.60,0.0060,0.086,0.5657,3.7564,-3.8952,-0.00067,0.01423,0.00242,0.01963,-0.0022
26.3667,JELLY_A,0.6056,-0.0287,0.05,J_PAUSE_OPEN,14.19,0.0224,0.000,1.0653,2.2672,-3.3865,0.00011,0.00878,0.00533,0.03683,0.0130
26.3667,JELLY_B,0.3527,-0.9605,1.00,J_SOFT_TURN,16.46,0.1414,0.647,1.4515,3.1415,-3.7542,-0.00344,0.00736,0.00182,0.02605,0.9220
26.3667,JELLY_C,0.8168,0.0000,1.00,J_GLIDE,10.59,0.0063,0.086,0.5657,3.7569,-3.8951,-0.00068,0.01430,0.00243,0.01984,-0.0035
26.4000,JELLY_A,0.6165,-0.0257,0.05,J_PAUSE_OPEN,14.15,0.0223,0.000,1.0653,2.2675,-3.3863,0.00010,0.00873,0.00531,0.03691,0.0116
26.4000,JELLY_B,0.3651,-1.0102,1.00,J_SOFT_TURN,16.72,0.1366,0.647,1.4514,3.1418,-3.7541,-0.00344,0.00731,0.00181,0.02530,0.9047
26.4000,JELLY_C,0.8303,0.0000,1.00,J_GLIDE,10.58,0.0065,0.086,0.5657,3.7574,-3.8950,-0.00069,0.01436,0.00244,0.02004,-0.0041
26.4333,JELLY_A,0.6274,-0.0226,0.05,J_PAUSE_OPEN,14.11,0.0222,0.000,1.0653,2.2678,-3.3861,0.00008,0.00867,0.00529,0.03699,0.0102
26.4333,JELLY_B,0.3776,-1.0537,1.00,J_SOFT_TURN,16.98,0.1319,0.647,1.4513,3.1420,-3.7541,-0.00344,0.00725,0.00180,0.02454,0.8838
26.4333,JELLY_C,0.8438,0.0000,1.00,J_GLIDE,10.57,0.0067,0.086,0.5656,3.7579,-3.8950,-0.00071,0.01441,0.00244,0.02024,-0.0043
26.4667,JELLY_A,0.6383,-0.0194,0.05,J_PAUSE_OPEN,14.07,0.0221,0.000,1.0653,2.2681,-3.3860,0.00007,0.00862,0.00528,0.03707,0.0089
26.4667,JELLY_B,0.3900,-1.0908,1.00,J_SOFT_TURN,17.23,0.1273,0.647,1.4512,3.1422,-3.7540,-0.00344,0.00719,0.00178,0.02379,0.8598
26.4667,JELLY_C,0.8573,0.0000,1.00,J_GLIDE,10.55,0.0070,0.086,0.5656,3.7584,-3.8949,-0.00072,0.01446,0.00244,0.02042,-0.0041
26.5000,JELLY_A,0.6492,-0.0161,0.05,J_PAUSE_OPEN,14.03,0.0220,0.000,1.0653,2.2684,-3.3858,0.00006,0.00857,0.00526,0.03715,0.0077
26.5000,JELLY_B,0.4025,-1.1212,1.00,J_SOFT_TURN,17.47,0.1228,0.647,1.4511,3.1425,-3.7540,-0.00345,0.00714,0.00177,0.02307,0.8331
26.5000,JELLY_C,0.8708,0.0000,1.00,J_GLIDE,10.54,0.0072,0.086,0.5656,3.7588,-3.8948,-0.00074,0.01450,0.00245,0.02059,-0.0037
26.5333,JELLY_A,0.6601,-0.0128,0.05,J_PAUSE_OPEN,13.98,0.0219,0.000,1.0653,2.2687,-3.3856,0.00005,0.00851,0.00524,0.03723,0.0066
26.5333,JELLY_B,0.4149,-1.1448,1.00,J_SOFT_TURN,17.70,0.1185,0.647,1.4509,3.1427,-3.7539,-0.00345,0.00709,0.00176,0.02239,0.8041
26.5333,JELLY_C,0.8843,0.0000,1.00,J_GLIDE,10.52,0.0074,0.086,0.5656,3.7593,-3.8947,-0.00075,0.01453,0.00245,0.02075,-0.0033
26.5667,JELLY_A,0.6710,-0.0093,0.05,J_PAUSE_OPEN,13.94,0.0218,0.000,1.0653,2.2689,-3.3854,0.00004,0.00846,0.00523,0.03730,0.0055
26.5667,JELLY_B,0.4274,-1.1613,1.00,J_SOFT_TURN,17.92,0.1142,0.647,1.4508,3.1430,-3.7539,-0.00345,0.00705,0.00175,0.02176,0.7730
26.5667,JELLY_C,0.8978,0.0000,1.00,J_GLIDE,10.51,0.0076,0.086,0.5655,3.7598,-3.8946,-0.00077,0.01455,0.00244,0.02090,-0.0028
26.6000,JELLY_A,0.6819,-0.0058,0.05,J_PAUSE_OPEN,13.90,0.0217,0.000,1.0653,2.2692,-3.3853,0.00002,0.00841,0.00521,0.03738,0.0046
26.6000,JELLY_B,0.4398,-1.1708,1.00,J_SOFT_TURN,18.14,0.1101,0.647,1.4507,3.1432,-3.7538,-0.00345,0.00703,0.00175,0.02120,0.7402
26.6000,JELLY_C,0.9113,0.0000,1.00,J_GLIDE,10.50,0.0078,0.086,0.5655,3.7603,-3.8946,-0.00078,0.01457,0.00244,0.02104,-0.0023
26.6333,JELLY_A,0.6928,-0.0023,0.05,J_PAUSE_OPEN,13.86,0.0216,0.000,1.0653,2.2695,-3.3851,0.00001,0.00836,0.00519,0.03745,0.0037
26.6333,JELLY_B,0.4523,-1.1730,1.00,J_SOFT_TURN,18.35,0.1062,0.647,1.4506,3.1434,-3.7537,-0.00345,0.00702,0.00175,0.02070,0.7060
26.6333,JELLY_C,0.9248,0.0000,1.00,J_GLIDE,10.48,0.0080,0.086,0.5655,3.7608,-3.8945,-0.00080,0.01458,0.00244,0.02117,-0.0018
26.6667,JELLY_A,0.7037,0.0000,0.05,J_PAUSE_OPEN,13.82,0.0215,0.000,1.0653,2.2698,-3.3849,0.00000,0.00831,0.00518,0.03752,0.0029
26.6667,JELLY_B,0.4647,-1.1682,1.00,J_SOFT_TURN,18.55,0.1023,0.647,1.4505,3.1437,-3.7537,-0.00344,0.00703,0.00176,0.02027,0.6706
26.6667,JELLY_C,0.9383,0.0000,1.00,J_GLIDE,10.47,0.0082,0.086,0.5655,3.7613,-3.8944,-0.00081,0.01459,0.00243,0.02130,-0.0014
26.7000,JELLY_A,0.7146,0.0000,0.05,J_PAUSE_OPEN,13.78,0.0215,0.000,1.0653,2.2701,-3.3847,-0.00001,0.00826,0.00516,0.03759,0.0023
26.7000,JELLY_B,0.4772,-1.1561,1.00,J_SOFT_TURN,18.74,0.0985,0.647,1.4504,3.1439,-3.7536,-0.00344,0.00706,0.00177,0.01990,0.6342
26.7000,JELLY_C,0.9519,0.0000,1.00,J_GLIDE,10.45,0.0083,0.086,0.5654,3.7617,-3.8943,-0.00083,0.01459,0.00243,0.02142,-0.0010
26.7333,JELLY_A,0.7255,0.0000,0.05,J_PAUSE_OPEN,13.74,0.0214,0.000,1.0653,2.2703,-3.3846,-0.00002,0.00820,0.00515,0.03767,0.0017
26.7333,JELLY_B,0.4896,-1.1371,1.00,J_SOFT_TURN,18.93,0.0948,0.647,1.4503,3.1441,-3.7536,-0.00343,0.00712,0.00179,0.01959,0.5972
26.7333,JELLY_C,0.9654,0.0000,1.00,J_GLIDE,10.43,0.0085,0.086,0.5654,3.7622,-3.8942,-0.00084,0.01458,0.00242,0.02153,-0.0007
26.7667,JELLY_A,0.7364,0.0000,0.05,J_PAUSE_OPEN,13.70,0.0213,0.000,1.0653,2.2706,-3.3844,-0.00003,0.00815,0.00513,0.03774,0.0012
26.7667,JELLY_B,0.5020,-1.1110,1.00,J_SOFT_TURN,19.10,0.0913,0.647,1.4501,3.1444,-3.7535,-0.00342,0.00719,0.00182,0.01934,0.5596
26.7667,JELLY_C,0.9789,0.0000,1.00,J_GLIDE,10.42,0.0087,0.086,0.5654,3.7627,-3.8942,-0.00086,0.01457,0.00241,0.02164,-0.0005
26.8000,JELLY_A,0.7473,0.0000,0.05,J_PAUSE_OPEN,13.66,0.0212,0.000,1.0653,2.2709,-3.3842,-0.00004,0.00810,0.00511,0.03780,0.0008
26.8000,JELLY_B,0.5145,-1.0782,1.00,J_SOFT_TURN,19.28,0.0878,0.647,1.4500,3.1446,-3.7534,-0.00341,0.00729,0.00186,0.01914,0.5218
26.8000,JELLY_C,0.9924,0.0000,1.00,J_GLIDE,10.40,0.0088,0.086,0.5653,3.7632,-3.8941,-0.00087,0.01456,0.00241,0.02174,-0.0003
26.8333,JELLY_A,0.7582,0.0000,0.05,J_PAUSE_OPEN,13.62,0.0211,0.000,1.0653,2.2711,-3.3841,-0.00005,0.00805,0.00510,0.03787,0.0005
26.8333,JELLY_B,0.5269,-1.0387,1.00,J_SOFT_TURN,19.44,0.0844,0.647,1.4499,3.1449,-3.7534,-0.00340,0.00741,0.00191,0.01899,0.4840
26.8333,JELLY_C,0.0060,0.0150,0.05,J_PAUSE_OPEN,10.38,0.0090,0.000,0.5653,3.7637,-3.8940,-0.00089,0.01446,0.00238,0.02184,-0.0002
26.8667,JELLY_A,0.7692,0.0000,0.05,J_PAUSE_OPEN,13.57,0.0210,0.000,1.0653,2.2714,-3.3839,-0.00006,0.00800,0.00508,0.03794,0.0003
26.8667,JELLY_B,0.5394,-0.9930,1.00,J_SOFT_TURN,19.60,0.0812,0.647,1.4498,3.1451,-3.7533,-0.00339,0.00754,0.00196,0.01888,0.4463
26.8667,JELLY_C,0.0195,0.0481,0.05,J_PAUSE_OPEN,10.37,0.0091,0.000,0.5653,3.7642,-3.8939,-0.00091,0.01429,0.00234,0.02193,-0.0000
26.9000,JELLY_A,0.7801,0.0000,0.05,J_PAUSE_OPEN,13.53,0.0209,0.000,1.0653,2.2717,-3.3837,-0.00007,0.00795,0.00506,0.03800,0.0001
26.9000,JELLY_B,0.5518,-0.9411,1.00,J_SOFT_TURN,19.75,0.0780,0.647,1.4497,3.1454,-3.7532,-0.00337,0.00769,0.00202,0.01882,0.4091
26.9000,JELLY_C,0.0331,0.0791,0.05,J_PAUSE_OPEN,10.35,0.0093,0.000,0.5653,3.7646,-3.8938,-0.00093,0.01411,0.00231,0.02202,0.0002
26.9333,JELLY_A,0.7910,0.0000,0.05,J_PAUSE_OPEN,13.50,0.0208,0.000,1.0653,2.2719,-3.3835,-0.00008,0.00790,0.00505,0.03807,-0.0000
26.9333,JELLY_B,0.5643,-0.8835,1.00,J_SOFT_TURN,19.90,0.0749,0.647,1.4496,3.1456,-3.7532,-0.00336,0.00786,0.00208,0.01879,0.3725
26.9333,JELLY_C,0.0466,0.1066,0.05,J_PAUSE_OPEN,10.33,0.0094,0.000,0.5652,3.7651,-3.8938,-0.00095,0.01394,0.00227,0.02210,0.0005
26.9667,JELLY_A,0.8019,0.0000,0.05,J_PAUSE_OPEN,13.46,0.0208,0.000,1.0653,2.2722,-3.3834,-0.00009,0.00785,0.00503,0.03813,-0.0001
26.9667,JELLY_B,0.5767,-0.8205,1.00,J_SOFT_TURN,20.04,0.0719,0.647,1.4495,3.1459,-3.7531,-0.00334,0.00804,0.00215,0.01880,0.3367
26.9667,JELLY_C,0.0601,0.1293,0.05,J_PAUSE_OPEN,10.31,0.0095,0.000,0.5652,3.7656,-3.8937,-0.00097,0.01378,0.00224,0.02218,0.0012
27.0000,JELLY_A,0.8128,0.0000,0.05,J_PAUSE_OPEN,13.42,0.0207,0.000,1.0653,2.2725,-3.3832,-0.00010,0.00780,0.00501,0.03820,-0.0002
27.0000,JELLY_B,0.5892,-0.7525,1.00,J_SOFT_TURN,20.17,0.0689,0.647,1.4494,3.1462,-3.7530,-0.00332,0.00822,0.00222,0.01884,0.3019
27.0000,JELLY_C,0.0737,0.1461,0.05,J_PAUSE_OPEN,10.29,0.0097,0.000,0.5652,3.7660,-3.8936,-0.00099,0.01361,0.00221,0.02226,0.0023
27.0333,JELLY_A,0.8237,0.0000,0.05,J_PAUSE_OPEN,13.38,0.0206,0.000,1.0653,2.2727,-3.3830,-0.00011,0.00775,0.00499,0.03826,-0.0002
27.0333,JELLY_B,0.6016,-0.6798,1.00,J_SOFT_TURN,20.30,0.0661,0.647,1.4492,3.1464,-3.7530,-0.00330,0.00840,0.00229,0.01891,0.2684
27.0333,JELLY_C,0.0872,0.1564,0.05,J_PAUSE_OPEN,10.28,0.0098,0.000,0.5651,3.7665,-3.8935,-0.00101,0.01345,0.00217,0.02233,0.0039
27.0667,JELLY_A,0.8346,0.0000,0.05,J_PAUSE_OPEN,13.34,0.0205,0.000,1.0653,2.2730,-3.3829,-0.00012,0.00770,0.00498,0.03832,-0.0002
27.0667,JELLY_B,0.6141,-0.6030,1.00,J_SOFT_TURN,20.43,0.0633,0.647,1.4491,3.1467,-3.7529,-0.00328,0.00858,0.00236,0.01901,0.2364
27.0667,JELLY_C,0.1008,0.1596,0.05,J_PAUSE_OPEN,10.26,0.0099,0.000,0.5651,3.7669,-3.8935,-0.00103,0.01329,0.00214,0.02241,0.0061
27.1000,JELLY_A,0.8455,0.0000,0.05,J_PAUSE_OPEN,13.30,0.0204,0.000,1.0653,2.2732,-3.3827,-0.00013,0.00765,0.00496,0.03838,-0.0002
27.1000,JELLY_B,0.6265,-0.5226,1.00,J_SOFT_TURN,20.55,0.0606,0.647,1.4490,3.1470,-3.7528,-0.00327,0.00876,0.00243,0.01912,0.2060
27.1000,JELLY_C,0.1143,0.1557,0.05,J_PAUSE_OPEN,10.24,0.0100,0.000,0.5651,3.7674,-3.8934,-0.00104,0.01314,0.00211,0.02247,0.0088
27.1333,JELLY_A,0.8564,0.0000,0.05,J_PAUSE_OPEN,13.26,0.0204,0.000,1.0653,2.2735,-3.3826,-0.00014,0.00760,0.00494,0.03844,-0.0002
27.1333,JELLY_B,0.6390,-0.4389,1.00,J_SOFT_TURN,20.66,0.0580,0.647,1.4489,3.1473,-3.7527,-0.00325,0.00894,0.00250,0.01926,0.1773
27.1333,JELLY_C,0.1279,0.1446,0.05,J_PAUSE_OPEN,10.22,0.0101,0.000,0.5650,3.7678,-3.8933,-0.00106,0.01299,0.00208,0.02254,0.0120
27.1667,JELLY_A,0.8674,0.0000,0.05,J_PAUSE_OPEN,13.22,0.0203,0.000,1.0653,2.2737,-3.3824,-0.00015,0.00754,0.00493,0.03850,-0.0002
27.1667,JELLY_B,0.6514,-0.3525,1.00,J_SOFT_TURN,20.77,0.0555,0.647,1.4488,3.1476,-3.7526,-0.00323,0.00911,0.00256,0.01941,0.1507
27.1667,JELLY_C,0.1414,0.1271,0.05,J_PAUSE_OPEN,10.20,0.0103,0.000,0.5650,3.7682,-3.8933,-0.00108,0.01283,0.00205,0.02261,0.0156
27.2000,JELLY_A,0.8783,0.0000,0.05,J_PAUSE_OPEN,13.18,0.0202,0.000,1.0653,2.2740,-3.3822,-0.00016,0.00749,0.00491,0.03856,-0.0002
27.2000,JELLY_B,0.6639,-0.2640,1.00,J_SOFT_TURN,20.87,0.0530,0.647,1.4487,3.1479,-3.7525,-0.00321,0.00929,0.00263,0.01957,0.1262
27.2000,JELLY_C,0.1550,0.1038,0.05,J_PAUSE_OPEN,10.18,0.0104,0.000,0.5649,3.7686,-3.8932,-0.00109,0.01269,0.00203,0.02267,0.0196
27.2333,JELLY_A,0.8892,0.0000,0.05,J_PAUSE_OPEN,13.14,0.0201,0.000,1.0653,2.2742,-3.3821,-0.00017,0.00744,0.00489,0.03862,-0.0002
27.2333,JELLY_B,0.6763,-0.1739,1.00,J_SOFT_TURN,20.97,0.0506,0.647,1.4486,3.1482,-3.7525,-0.00319,0.00945,0.00270,0.01975,0.1040
27.2333,JELLY_C,0.1686,0.0757,0.05,J_PAUSE_OPEN,10.16,0.0105,0.000,0.5649,3.7691,-3.8931,-0.00111,0.01254,0.00200,0.02273,0.0237
27.2667,JELLY_A,0.9001,0.0000,0.05,J_PAUSE_OPEN,13.11,0.0201,0.000,1.0653,2.2745,-3.3819,-0.00018,0.00739,0.00487,0.03867,-0.0001
27.2667,JELLY_B,0.6888,-0.0827,1.00,J_SOFT_TURN,21.07,0.0483,0.647,1.4485,3.1485,-3.7524,-0.00317,0.00962,0.00277,0.01993,0.0841
27.2667,JELLY_C,0.1821,0.0443,0.05,J_PAUSE_OPEN,10.14,0.0106,0.000,0.5649,3.7695,-3.8931,-0.00112,0.01239,0.00197,0.02279,0.0279
27.3000,JELLY_A,0.9110,0.0000,0.05,J_PAUSE_OPEN,13.07,0.0200,0.000,1.0653,2.2747,-3.3817,-0.00018,0.00735,0.00486,0.03873,-0.0001
27.3000,JELLY_B,0.7012,0.0000,1.00,J_GLIDE,21.16,0.0460,0.647,1.4484,3.1489,-3.7523,-0.00316,0.00978,0.00283,0.02012,0.0666
27.3000,JELLY_C,0.1957,0.0108,0.05,J_PAUSE_OPEN,10.12,0.0106,0.000,0.5648,3.7699,-3.8930,-0.00114,0.01225,0.00195,0.02285,0.0320
27.3333,JELLY_A,0.9219,0.0000,0.05,J_PAUSE_OPEN,13.03,0.0199,0.000,1.0653,2.2750,-3.3816,-0.00019,0.00730,0.00484,0.03879,-0.0001
27.3333,JELLY_B,0.7137,0.0000,1.00,J_GLIDE,21.25,0.0438,0.647,1.4483,3.1492,-3.7522,-0.00314,0.00991,0.00289,0.02032,0.0515
27.3333,JELLY_C,0.2093,-0.0037,0.05,J_PAUSE_OPEN,10.10,0.0107,0.000,0.5648,3.7703,-3.8929,-0.00116,0.01211,0.00192,0.02291,0.0358
27.3667,JELLY_A,0.9328,0.0000,0.05,J_PAUSE_OPEN,12.99,0.0198,0.000,1.0653,2.2752,-3.3814,-0.00020,0.00725,0.00482,0.03884,-0.0001
27.3667,JELLY_B,0.7261,0.0000,1.00,J_GLIDE,21.33,0.0417,0.647,1.4482,3.1495,-3.7521,-0.00312,0.01004,0.00295,0.02051,0.0387
27.3667,JELLY_C,0.2228,-0.0092,0.05,J_PAUSE_OPEN,10.08,0.0108,0.000,0.5648,3.7707,-3.8929,-0.00117,0.01197,0.00190,0.02297,0.0391
27.4000,JELLY_A,0.9438,0.0000,0.05,J_PAUSE_OPEN,12.95,0.0198,0.000,1.0652,2.2755,-3.3813,-0.00021,0.00720,0.00480,0.03889,-0.0001
27.4000,JELLY_B,0.7386,0.0000,1.00,J_GLIDE,21.41,0.0396,0.647,1.4481,3.1499,-3.7520,-0.00310,0.01015,0.00301,0.02071,0.0280
27.4000,JELLY_C,0.2364,-0.0145,0.05,J_PAUSE_OPEN,10.06,0.0109,0.000,0.5647,3.7711,-3.8928,-0.00118,0.01184,0.00187,0.02302,0.0419
27.4333,JELLY_A,0.9547,0.0000,0.05,J_PAUSE_OPEN,12.92,0.0197,0.000,1.0652,2.2757,-3.3811,-0.00022,0.00715,0.00478,0.03895,-0.0000
27.4333,JELLY_B,0.7510,0.0000,1.00,J_GLIDE,21.48,0.0376,0.647,1.4480,3.1502,-3.7519,-0.00309,0.01026,0.00306,0.02091,0.0193
27.4333,JELLY_C,0.2500,-0.0198,0.05,J_PAUSE_OPEN,10.04,0.0110,0.000,0.5647,3.7715,-3.8927,-0.00120,0.01170,0.00185,0.02308,0.0442
27.4667,JELLY_A,0.9656,0.0000,0.05,J_PAUSE_OPEN,12.88,0.0196,0.000,1.0652,2.2759,-3.3809,-0.00023,0.00710,0.00477,0.03900,-0.0000
27.4667,JELLY_B,0.7635,0.0000,1.00,J_GLIDE,21.55,0.0356,0.647,1.4479,3.1505,-3.7518,-0.00307,0.01036,0.00311,0.02111,0.0125
27.4667,JELLY_C,0.2636,-0.0249,0.05,J_PAUSE_OPEN,10.02,0.0111,0.000,0.5646,3.7719,-3.8927,-0.00121,0.01157,0.00182,0.02314,0.0459
27.5000,JELLY_A,0.9765,0.0000,0.05,J_PAUSE_OPEN,12.84,0.0196,0.000,1.0652,2.2762,-3.3808,-0.00023,0.00705,0.00475,0.03905,-0.0000
27.5000,JELLY_B,0.7759,0.0000,1.00,J_GLIDE,21.62,0.0337,0.647,1.4478,3.1509,-3.7517,-0.00306,0.01045,0.00316,0.02131,0.0072
27.5000,JELLY_C,0.2772,-0.0298,0.05,J_PAUSE_OPEN,10.00,0.0111,0.000,0.5646,3.7723,-3.8926,-0.00123,0.01144,0.00180,0.02319,0.0472
27.5333,JELLY_A,0.9874,0.0000,0.05,J_PAUSE_OPEN,12.80,0.0195,0.000,1.0652,2.2764,-3.3806,-0.00024,0.00700,0.00473,0.03910,-0.0000
27.5333,JELLY_B,0.7884,0.0000,1.00,J_GLIDE,21.68,0.0319,0.647,1.4477,3.1512,-3.7516,-0.00304,0.01053,0.00321,0.02151,0.0033
27.5333,JELLY_C,0.2908,-0.0346,0.05,J_PAUSE_OPEN,9.97,0.0112,0.000,0.5646,3.7726,-3.8926,-0.00124,0.01131,0.00178,0.02325,0.0479
27.5667,JELLY_A,0.9983,0.0000,0.05,J_PAUSE_OPEN,12.77,0.0194,0.000,1.0652,2.2766,-3.3805,-0.00025,0.00695,0.00471,0.03915,-0.0000
27.5667,JELLY_B,0.8008,0.0000,1.00,J_GLIDE,21.74,0.0301,0.647,1.4476,3.1516,-3.7515,-0.00303,0.01061,0.00325,0.02170,0.0005
27.5667,JELLY_C,0.3043,-0.0390,0.05,J_PAUSE_OPEN,9.95,0.0113,0.000,0.5645,3.7730,-3.8925,-0.00125,0.01118,0.00176,0.02331,0.0483
27.6000,JELLY_A,0.0093,0.3727,1.00,J_PULSE_CRUISE,12.73,0.0189,0.141,1.0652,2.2769,-3.3803,-0.00026,0.00690,0.00469,0.03920,0.0001
27.6000,JELLY_B,0.8133,0.0000,1.00,J_GLIDE,21.80,0.0283,0.647,1.4475,3.1520,-3.7513,-0.00301,0.01068,0.00329,0.02189,-0.0014
27.6000,JELLY_C,0.3179,-0.0432,0.05,J_PAUSE_OPEN,9.93,0.0113,0.000,0.5645,3.7734,-3.8924,-0.00126,0.01105,0.00174,0.02336,0.0483
27.6333,JELLY_A,0.0202,0.8016,1.00,J_PULSE_CRUISE,12.69,0.0173,0.141,1.0652,2.2771,-3.3801,-0.00026,0.00686,0.00468,0.03926,0.0007
27.6333,JELLY_B,0.8257,0.0000,1.00,J_GLIDE,21.85,0.0266,0.647,1.4474,3.1523,-3.7512,-0.00300,0.01074,0.00332,0.02208,-0.0026
27.6333,JELLY_C,0.3315,-0.0471,0.05,J_PAUSE_OPEN,9.91,0.0114,0.000,0.5644,3.7737,-3.8924,-0.00128,0.01093,0.00172,0.02342,0.0479
27.6667,JELLY_A,0.0311,1.2069,1.00,J_PULSE_CRUISE,12.66,0.0148,0.141,1.0652,2.2773,-3.3800,-0.00027,0.00684,0.00467,0.03932,0.0027
27.6667,JELLY_B,0.8381,0.0000,1.00,J_GLIDE,21.90,0.0250,0.647,1.4473,3.1527,-3.7511,-0.00299,0.01080,0.00336,0.02226,-0.0033
27.6667,JELLY_C,0.3451,-0.0507,0.05,J_PAUSE_OPEN,9.89,0.0115,0.000,0.5644,3.7741,-3.8923,-0.00129,0.01081,0.00170,0.02348,0.0473
27.7000,JELLY_A,0.0420,1.5769,1.00,J_PULSE_CRUISE,12.64,0.0115,0.141,1.0652,2.2776,-3.3798,-0.00027,0.00686,0.00466,0.03941,0.0072
27.7000,JELLY_B,0.8506,0.0000,1.00,J_GLIDE,21.95,0.0234,0.647,1.4472,3.1530,-3.7510,-0.00298,0.01085,0.00339,0.02244,-0.0036
27.7000,JELLY_C,0.3587,-0.0538,0.05,J_PAUSE_OPEN,9.87,0.0115,0.000,0.5643,3.7745,-3.8923,-0.00130,0.01068,0.00168,0.02354,0.0464
27.7333,JELLY_A,0.0529,1.9006,1.00,J_PULSE_CRUISE,12.62,0.0076,0.141,1.0652,2.2778,-3.3797,-0.00026,0.00692,0.00466,0.03952,0.0152
27.7333,JELLY_B,0.8630,0.0000,1.00,J_GLIDE,21.99,0.0218,0.647,1.4471,3.1534,-3.7509,-0.00296,0.01089,0.00342,0.02261,-0.0036
27.7333,JELLY_C,0.3723,-0.0566,0.05,J_PAUSE_OPEN,9.84,0.0116,0.000,0.5643,3.7748,-3.8922,-0.00131,0.01056,0.00166,0.02360,0.0453
27.7667,JELLY_A,0.0638,2.1686,1.00,J_PULSE_CRUISE,12.61,0.0032,0.141,1.0652,2.2780,-3.3795,-0.00025,0.00701,0.00467,0.03967,0.0281
27.7667,JELLY_B,0.8755,0.0000,1.00,J_GLIDE,22.03,0.0203,0.647,1.4470,3.1538,-3.7508,-0.00295,0.01093,0.00344,0.02279,-0.0034
27.7667,JELLY_C,0.3859,-0.0590,0.05,J_PAUSE_OPEN,9.82,0.0116,0.000,0.5643,3.7752,-3.8922,-0.00132,0.01045,0.00164,0.02366,0.0440
27.8000,JELLY_A,0.0748,2.3730,1.00,J_PULSE_CRUISE,12.60,0.0027,0.141,1.0652,2.2783,-3.3794,-0.00024,0.00714,0.00468,0.03986,0.0467
27.8000,JELLY_B,0.8879,0.0000,1.00,J_GLIDE,22.07,0.0189,0.647,1.4469,3.1541,-3.7507,-0.00294,0.01096,0.00347,0.02295,-0.0030
27.8000,JELLY_C,0.3996,-0.0609,0.05,J_PAUSE_OPEN,9.80,0.0117,0.000,0.5642,3.7755,-3.8921,-0.00133,0.01033,0.00163,0.02372,0.0426
27.8333,JELLY_A,0.0857,2.5077,1.00,J_PULSE_CRUISE,12.61,0.0076,0.141,1.0651,2.2785,-3.3792,-0.00022,0.00729,0.00470,0.04009,0.0719
27.8333,JELLY_B,0.9004,0.0000,1.00,J_GLIDE,22.10,0.0174,0.647,1.4468,3.1545,-3.7506,-0.00293,0.01099,0.00349,0.02312,-0.0027
27.8333,JELLY_C,0.4132,-0.0624,0.05,J_PAUSE_OPEN,9.78,0.0117,0.000,0.5642,3.7759,-3.8920,-0.00135,0.01021,0.00161,0.02378,0.0410
27.8667,JELLY_A,0.0966,2.5688,1.00,J_PULSE_CRUISE,12.63,0.0128,0.141,1.0651,2.2787,-3.3791,-0.00020,0.00746,0.00472,0.04036,0.1041
27.8667,JELLY_B,0.9128,0.0000,1.00,J_GLIDE,22.13,0.0160,0.647,1.4467,3.1549,-3.7504,-0.00292,0.01101,0.00351,0.02328,-0.0023
27.8667,JELLY_C,0.4268,-0.0635,0.05,J_PAUSE_OPEN,9.75,0.0118,0.000,0.5641,3.7762,-3.8920,-0.00136,0.01010,0.00159,0.02384,0.0393
27.9000,JELLY_A,0.1075,2.5546,1.00,J_PULSE_CRUISE,12.66,0.0179,0.141,1.0651,2.2790,-3.3789,-0.00019,0.00763,0.00474,0.04066,0.1435
27.9000,JELLY_B,0.9253,0.0000,1.00,J_GLIDE,22.16,0.0147,0.647,1.4466,3.1552,-3.7503,-0.00291,0.01103,0.00353,0.02343,-0.0019
27.9000,JELLY_C,0.4404,-0.0641,0.05,J_PAUSE_OPEN,9.73,0.0118,0.000,0.5641,3.7765,-3.8919,-0.00137,0.00998,0.00157,0.02390,0.0374
27.9333,JELLY_A,0.1184,2.4654,1.00,J_PULSE_CRUISE,12.70,0.0227,0.141,1.0651,2.2792,-3.3787,-0.00017,0.00779,0.00476,0.04097,0.1899
27.9333,JELLY_B,0.9377,0.0000,1.00,J_GLIDE,22.19,0.0134,0.647,1.4465,3.1556,-3.7502,-0.00290,0.01105,0.00354,0.02359,-0.0015
27.9333,JELLY_C,0.4540,-0.0642,0.05,J_PAUSE_OPEN,9.71,0.0118,0.000,0.5640,3.7769,-3.8919,-0.00138,0.00987,0.00156,0.02396,0.0355
27.9667,JELLY_A,0.1294,2.3039,1.00,J_PULSE_CRUISE,12.74,0.0271,0.141,1.0651,2.2795,-3.3786,-0.00015,0.00792,0.00477,0.04129,0.2428
27.9667,JELLY_B,0.9502,0.0000,1.00,J_GLIDE,22.22,0.0121,0.647,1.4464,3.1560,-3.7501,-0.00289,0.01105,0.00356,0.02373,-0.0012
27.9667,JELLY_C,0.4676,-0.0638,0.05,J_PAUSE_OPEN,9.69,0.0119,0.000,0.5640,3.7772,-3.8918,-0.00139,0.00977,0.00154,0.02402,0.0335
28.0000,JELLY_A,0.1403,2.0748,1.00,J_PULSE_CRUISE,12.80,0.0309,0.141,1.0651,2.2798,-3.3784,-0.00014,0.00802,0.00478,0.04158,0.3012
28.0000,JELLY_B,0.9626,0.0000,1.00,J_GLIDE,22.24,0.0109,0.647,1.4463,3.1563,-3.7500,-0.00288,0.01106,0.00357,0.02388,-0.0009
28.0000,JELLY_C,0.4813,-0.0630,0.05,J_PAUSE_OPEN,9.66,0.0119,0.000,0.5639,3.7775,-3.8918,-0.00140,0.00966,0.00153,0.02408,0.0315
28.0333,JELLY_A,0.1512,1.7848,1.00,J_PULSE_CRUISE,12.86,0.0339,0.141,1.0651,2.2800,-3.3783,-0.00014,0.00809,0.00478,0.04181,0.3641
28.0333,JELLY_B,0.9751,0.0000,1.00,J_GLIDE,22.26,0.0097,0.647,1.4462,3.1567,-3.7498,-0.00287,0.01106,0.00358,0.02402,-0.0006
28.0333,JELLY_C,0.4949,-0.0617,0.05,J_PAUSE_OPEN,9.64,0.0119,0.000,0.5639,3.7778,-3.8917,-0.00141,0.00956,0.00152,0.02414,0.0294
28.0667,JELLY_A,0.1621,1.4424,1.00,J_PULSE_CRUISE,12.92,0.0361,0.141,1.0651,2.2803,-3.3781,-0.00013,0.00811,0.00477,0.04196,0.4301
28.0667,JELLY_B,0.9875,0.0000,1.00,J_GLIDE,22.28,0.0085,0.647,1.4461,3.1571,-3.7497,-0.00287,0.01105,0.00359,0.02416,0.0000
28.0667,JELLY_C,0.5085,-0.0599,0.05,J_PAUSE_OPEN,9.62,0.0120,0.000,0.5638,3.7781,-3.8917,-0.00142,0.00946,0.00150,0.02420,0.0273
28.1000,JELLY_A,0.1730,1.0577,1.00,J_PULSE_CRUISE,12.99,0.0373,0.141,1.0651,2.2806,-3.3779,-0.00014,0.00810,0.00475,0.04200,0.4975
28.1000,JELLY_B,1.0000,0.0000,1.00,J_GLIDE,22.29,0.0074,0.647,1.4460,3.1574,-3.7496,-0.00286,0.01105,0.00360,0.02430,0.0015
28.1000,JELLY_C,0.5222,-0.0578,0.05,J_PAUSE_OPEN,9.60,0.0120,0.000,0.5638,3.7785,-3.8916,-0.00142,0.00936,0.00149,0.02425,0.0252
28.1333,JELLY_A,0.1839,0.6420,1.00,J_PULSE_CRUISE,13.06,0.0376,0.141,1.0651,2.2809,-3.3778,-0.00014,0.00806,0.00473,0.04192,0.5647
28.1333,JELLY_B,0.0124,0.5676,1.00,J_PULSE_CRUISE,22.31,0.0085,0.424,1.4459,3.1578,-3.7495,-0.00286,0.01092,0.00355,0.02443,0.0038
28.1333,JELLY_C,0.5358,-0.0551,0.05,J_PAUSE_OPEN,9.57,0.0120,0.000,0.5638,3.7788,-3.8916,-0.00143,0.00926,0.00148,0.02431,0.0231
28.1667,JELLY_A,0.1949,0.2074,1.00,J_PULSE_CRUISE,13.14,0.0368,0.141,1.0651,2.2811,-3.3776,-0.00015,0.00801,0.00471,0.04175,0.6300
28.1667,JELLY_B,0.0248,1.1156,1.00,J_PULSE_CRUISE,22.32,0.0131,0.424,1.4458,3.1582,-3.7494,-0.00286,0.01081,0.00352,0.02457,0.0075
28.1667,JELLY_C,0.5494,-0.0521,0.05,J_PAUSE_OPEN,9.55,0.0121,0.000,0.5637,3.7791,-3.8915,-0.00144,0.00917,0.00147,0.02437,0.0210
28.2000,JELLY_A,0.2058,-0.0374,1.00,J_PULSE_CRUISE,13.20,0.0352,0.141,1.0651,2.2814,-3.3775,-0.00016,0.00795,0.00468,0.04148,0.6916
28.2000,JELLY_B,0.0373,1.6210,1.00,J_PULSE_CRUISE,22.35,0.0207,0.424,1.4457,3.1585,-3.7492,-0.00286,0.01074,0.00350,0.02471,0.0137
28.2000,JELLY_C,0.5631,-0.0487,0.05,J_PAUSE_OPEN,9.53,0.0121,0.000,0.5637,3.7794,-3.8915,-0.00145,0.00908,0.00146,0.02442,0.0190
28.2333,JELLY_A,0.2167,-0.1078,1.00,J_PULSE_CRUISE,13.27,0.0337,0.141,1.0651,2.2817,-3.3773,-0.00016,0.00789,0.00465,0.04116,0.7481
28.2333,JELLY_B,0.0497,2.0647,1.00,J_PULSE_CRUISE,22.40,0.0310,0.424,1.4456,3.1589,-3.7491,-0.00285,0.01073,0.00351,0.02487,0.0239
28.2333,JELLY_C,0.5767,-0.0450,0.05,J_PAUSE_OPEN,9.50,0.0121,0.000,0.5636,3.7797,-3.8914,-0.00146,0.00899,0.00145,0.02448,0.0170
28.2667,JELLY_A,0.2276,-0.1776,1.00,J_PULSE_CRUISE,13.33,0.0321,0.141,1.0651,2.2819,-3.3772,-0.00017,0.00783,0.00463,0.04080,0.7984
28.2667,JELLY_B,0.0622,2.4297,1.00,J_PULSE_CRUISE,22.47,0.0435,0.424,1.4455,3.1592,-3.7490,-0.00284,0.01077,0.00353,0.02505,0.0397
28.2667,JELLY_C,0.5904,-0.0409,0.05,J_PAUSE_OPEN,9.48,0.0121,0.000,0.5636,3.7800,-3.8914,-0.00147,0.00890,0.00143,0.02453,0.0150
28.3000,JELLY_A,0.2385,-0.2467,1.00,J_PULSE_CRUISE,13.39,0.0306,0.141,1.0651,2.2822,-3.3770,-0.00018,0.00777,0.00460,0.04041,0.8420
28.3000,JELLY_B,0.0746,2.7022,1.00,J_PULSE_CRUISE,22.56,0.0575,0.424,1.4454,3.1596,-3.7489,-0.00282,0.01086,0.00358,0.02525,0.0624
28.3000,JELLY_C,0.6040,-0.0365,0.05,J_PAUSE_OPEN,9.46,0.0121,0.000,0.5635,3.7803,-3.8913,-0.00148,0.00881,0.00142,0.02458,0.0131
28.3333,JELLY_A,0.2494,-0.3146,1.00,J_PULSE_CRUISE,13.45,0.0292,0.141,1.0651,2.2824,-3.3769,-0.00019,0.00771,0.00458,0.03998,0.8787
28.3333,JELLY_B,0.0871,2.8717,1.00,J_PULSE_CRUISE,22.68,0.0723,0.424,1.4453,3.1600,-3.7488,-0.00280,0.01098,0.00364,0.02548,0.0931
28.3333,JELLY_C,0.6177,-0.0318,0.05,J_PAUSE_OPEN,9.43,0.0122,0.000,0.5635,3.7806,-3.8913,-0.00148,0.00873,0.00142,0.02463,0.0114
28.3667,JELLY_A,0.2604,-0.3810,1.00,J_PULSE_CRUISE,13.50,0.0278,0.141,1.0651,2.2827,-3.3767,-0.00019,0.00765,0.00455,0.03954,0.9086
28.3667,JELLY_B,0.0995,2.9318,1.00,J_PULSE_CRUISE,22.83,0.0874,0.424,1.4452,3.1603,-3.7487,-0.00278,0.01112,0.00370,0.02575,0.1322
28.3667,JELLY_C,0.6313,-0.0269,0.05,J_PAUSE_OPEN,9.41,0.0122,0.000,0.5634,3.7809,-3.8913,-0.00149,0.00864,0.00141,0.02468,0.0097
28.4000,JELLY_A,0.2713,-0.4456,1.00,J_PULSE_CRUISE,13.56,0.0264,0.141,1.0650,2.2829,-3.3766,-0.00020,0.00759,0.00452,0.03906,0.9319
28.4000,JELLY_B,0.1120,2.8803,1.00,J_PULSE_CRUISE,23.01,0.1019,0.424,1.4451,3.1607,-3.7485,-0.00275,0.01125,0.00377,0.02606,0.1800
28.4000,JELLY_C,0.6450,-0.0218,0.05,J_PAUSE_OPEN,9.39,0.0122,0.000,0.5634,3.7811,-3.8912,-0.00150,0.00855,0.00140,0.02473,0.0081
28.4333,JELLY_A,0.2822,-0.5081,1.00,J_PULSE_CRUISE,13.61,0.0251,0.141,1.0650,2.2832,-3.3764,-0.00021,0.00753,0.00450,0.03855,0.9489
28.4333,JELLY_B,0.1244,2.7191,1.00,J_PULSE_CRUISE,23.21,0.1153,0.424,1.4451,3.1611,-3.7484,-0.00273,0.01136,0.00382,0.02647,0.2357
28.4333,JELLY_C,0.6586,-0.0165,0.05,J_PAUSE_OPEN,9.36,0.0122,0.000,0.5633,3.7814,-3.8912,-0.00151,0.00847,0.00139,0.02477,0.0067
28.4667,JELLY_A,0.2931,-0.5682,1.00,J_PULSE_CRUISE,13.65,0.0238,0.141,1.0650,2.2834,-3.3763,-0.00021,0.00747,0.00447,0.03802,0.9601
28.4667,JELLY_B,0.1368,2.4544,1.00,J_PULSE_CRUISE,23.44,0.1268,0.424,1.4450,3.1615,-3.7483,-0.00272,0.01143,0.00386,0.02695,0.2986
28.4667,JELLY_C,0.6723,-0.0112,0.05,J_PAUSE_OPEN,9.34,0.0122,0.000,0.5633,3.7817,-3.8911,-0.00151,0.00839,0.00138,0.02482,0.0053
28.5000,JELLY_A,0.3040,-0.6256,1.00,J_PULSE_CRUISE,13.70,0.0226,0.141,1.0650,2.2837,-3.3761,-0.00022,0.00742,0.00445,0.03745,0.9659
28.5000,JELLY_B,0.1493,2.0962,1.00,J_PULSE_CRUISE,23.69,0.1360,0.424,1.4449,3.1618,-3.7481,-0.00270,0.01144,0.00388,0.02746,0.3670
28.5000,JELLY_C,0.6859,-0.0057,0.05,J_PAUSE_OPEN,9.32,0.0122,0.000,0.5632,3.7820,-3.8911,-0.00152,0.00830,0.00137,0.02486,0.0042
28.5333,JELLY_A,0.3149,-0.6801,1.00,J_PULSE_CRUISE,13.74,0.0214,0.141,1.0650,2.2839,-3.3760,-0.00023,0.00736,0.00442,0.03687,0.9668
28.5333,JELLY_B,0.1617,1.6583,1.00,J_PULSE_CRUISE,23.95,0.1423,0.424,1.4448,3.1622,-3.7480,-0.00270,0.01140,0.00388,0.02796,0.4390
28.5333,JELLY_C,0.6996,-0.0002,0.05,J_PAUSE_OPEN,9.29,0.0122,0.000,0.5632,3.7823,-3.8910,-0.00153,0.00822,0.00136,0.02490,0.0032
28.5667,JELLY_A,0.3259,-0.7314,1.00,J_PULSE_CRUISE,13.78,0.0202,0.141,1.0650,2.2842,-3.3758,-0.00023,0.00730,0.00440,0.03625,0.9632
28.5667,JELLY_B,0.1742,1.1572,1.00,J_PULSE_CRUISE,24.23,0.1455,0.424,1.4447,3.1626,-3.7479,-0.00269,0.01132,0.00385,0.02838,0.5126
28.5667,JELLY_C,0.7133,0.0000,0.05,J_PAUSE_OPEN,9.27,0.0123,0.000,0.5631,3.7825,-3.8910,-0.00154,0.00813,0.00135,0.02494,0.0023
28.6000,JELLY_A,0.3368,-0.7792,1.00,J_PULSE_CRUISE,13.82,0.0190,0.141,1.0650,2.2844,-3.3757,-0.00024,0.00724,0.00437,0.03562,0.9557
28.6000,JELLY_B,0.1866,0.6122,1.00,J_PULSE_CRUISE,24.50,0.1453,0.424,1.4446,3.1630,-3.7478,-0.00269,0.01120,0.00381,0.02867,0.5854
28.6000,JELLY_C,0.7269,0.0000,0.05,J_PAUSE_OPEN,9.25,0.0123,0.000,0.5631,3.7828,-3.8909,-0.00154,0.00805,0.00135,0.02498,0.0016
28.6333,JELLY_A,0.3477,-0.8234,1.00,J_PULSE_CRUISE,13.85,0.0179,0.141,1.0650,2.2847,-3.3755,-0.00024,0.00719,0.00434,0.03497,0.9446
28.6333,JELLY_B,0.1990,0.0439,1.00,J_PULSE_CRUISE,24.78,0.1416,0.424,1.4445,3.1633,-3.7476,-0.00270,0.01106,0.00376,0.02883,0.6550
28.6333,JELLY_C,0.7406,0.0000,0.05,J_PAUSE_OPEN,9.22,0.0123,0.000,0.5630,3.7831,-3.8909,-0.00155,0.00797,0.00134,0.02502,0.0011
28.6667,JELLY_A,0.3586,-0.8637,1.00,J_PULSE_CRUISE,13.89,0.0168,0.141,1.0650,2.2849,-3.3754,-0.00025,0.00713,0.00432,0.03430,0.9302
28.6667,JELLY_B,0.2115,-0.0845,1.00,J_PULSE_CRUISE,25.04,0.1365,0.424,1.4444,3.1637,-3.7475,-0.00270,0.01092,0.00371,0.02886,0.7196
28.6667,JELLY_C,0.7543,0.0000,0.05,J_PAUSE_OPEN,9.20,0.0123,0.000,0.5630,3.7833,-3.8908,-0.00156,0.00789,0.00133,0.02506,0.0006
28.7000,JELLY_A,0.3695,-0.8999,1.00,J_PULSE_CRUISE,13.92,0.0158,0.141,1.0650,2.2851,-3.3752,-0.00026,0.00708,0.00429,0.03362,0.9130
28.7000,JELLY_B,0.2239,-0.1756,1.00,J_PULSE_CRUISE,25.30,0.1314,0.424,1.4443,3.1641,-3.7474,-0.00270,0.01078,0.00366,0.02880,0.7775
28.7000,JELLY_C,0.7680,0.0000,0.05,J_PAUSE_OPEN,9.18,0.0123,0.000,0.5629,3.7836,-3.8908,-0.00156,0.00780,0.00132,0.02510,0.0003
28.7333,JELLY_A,0.3804,-0.9319,1.00,J_PULSE_CRUISE,13.95,0.0148,0.141,1.0650,2.2854,-3.3751,-0.00026,0.00702,0.00427,0.03292,0.8933
28.7333,JELLY_B,0.2364,-0.2655,1.00,J_PULSE_CRUISE,25.55,0.1266,0.424,1.4442,3.1644,-3.7473,-0.00270,0.01064,0.00361,0.02868,0.8276
28.7333,JELLY_C,0.7817,0.0000,0.05,J_PAUSE_OPEN,9.15,0.0123,0.000,0.5628,3.7838,-3.8908,-0.00157,0.00772,0.00131,0.02513,0.0001
28.7667,JELLY_A,0.3914,-0.9595,1.00,J_PULSE_CRUISE,13.97,0.0138,0.141,1.0650,2.2856,-3.3749,-0.00027,0.00697,0.00424,0.03222,0.8713
28.7667,JELLY_B,0.2488,-0.3539,1.00,J_PULSE_CRUISE,25.79,0.1218,0.424,1.4442,3.1648,-3.7471,-0.00271,0.01051,0.00357,0.02848,0.8695
28.7667,JELLY_C,0.7953,0.0000,0.05,J_PAUSE_OPEN,9.13,0.0123,0.000,0.5628,3.7841,-3.8907,-0.00157,0.00764,0.00131,0.02517,-0.0000
28.8000,JELLY_A,0.4023,-0.9826,1.00,J_PULSE_CRUISE,14.00,0.0128,0.141,1.0650,2.2858,-3.3748,-0.00027,0.00691,0.00422,0.03153,0.8473
28.8000,JELLY_B,0.2612,-0.4400,1.00,J_PULSE_CRUISE,26.01,0.1172,0.424,1.4441,3.1651,-3.7470,-0.00271,0.01038,0.00352,0.02821,0.9028
28.8000,JELLY_C,0.8090,0.0000,0.05,J_PAUSE_OPEN,9.11,0.0123,0.000,0.5627,3.7844,-3.8907,-0.00158,0.00756,0.00130,0.02520,-0.0001
28.8333,JELLY_A,0.4132,-1.0011,1.00,J_PULSE_CRUISE,14.02,0.0119,0.141,1.0649,2.2861,-3.3747,-0.00028,0.00686,0.00419,0.03088,0.8215
28.8333,JELLY_B,0.2737,-0.5235,1.00,J_PULSE_CRUISE,26.24,0.1127,0.424,1.4440,3.1655,-3.7469,-0.00271,0.01024,0.00348,0.02787,0.9279
28.8333,JELLY_C,0.8227,0.0000,0.05,J_PAUSE_OPEN,9.08,0.0123,0.000,0.5627,3.7846,-3.8906,-0.00159,0.00747,0.00129,0.02523,-0.0002
28.8667,JELLY_A,0.4241,-1.0148,1.00,J_PULSE_CRUISE,14.04,0.0110,0.141,1.0649,2.2863,-3.3745,-0.00028,0.00682,0.00417,0.03026,0.7941
28.8667,JELLY_B,0.2861,-0.6037,1.00,J_PULSE_CRUISE,26.45,0.1083,0.424,1.4439,3.1658,-3.7468,-0.00271,0.01012,0.00343,0.02746,0.9453
28.8667,JELLY_C,0.8364,0.0000,0.05,J_PAUSE_OPEN,9.06,0.0123,0.000,0.5626,3.7849,-3.8906,-0.00159,0.00739,0.00128,0.02526,-0.0002
28.9000,JELLY_A,0.4350,-1.0238,1.00,J_PULSE_CRUISE,14.06,0.0101,0.141,1.0649,2.2865,-3.3744,-0.00028,0.00678,0.00415,0.02970,0.7654
28.9000,JELLY_B,0.2986,-0.6803,1.00,J_PULSE_CRUISE,26.65,0.1041,0.424,1.4438,3.1661,-3.7467,-0.00271,0.00999,0.00339,0.02698,0.9554
28.9000,JELLY_C,0.8501,0.0000,0.05,J_PAUSE_OPEN,9.04,0.0123,0.000,0.5626,3.7851,-3.8905,-0.00160,0.00731,0.00128,0.02529,-0.0002
28.9333,JELLY_A,0.4459,-1.0280,1.00,J_PULSE_CRUISE,14.08,0.0092,0.141,1.0649,2.2867,-3.3743,-0.00028,0.00676,0.00413,0.02919,0.7354
28.9333,JELLY_B,0.3110,-0.7527,1.00,J_PULSE_CRUISE,26.85,0.1000,0.424,1.4437,3.1665,-3.7466,-0.00272,0.00986,0.00335,0.02644,0.9589
28.9333,JELLY_C,0.8638,0.0000,0.05,J_PAUSE_OPEN,9.01,0.0123,0.000,0.5625,3.7853,-3.8905,-0.00161,0.00723,0.00127,0.02532,-0.0002
28.9667,JELLY_A,0.4568,-1.0273,1.00,J_PULSE_CRUISE,14.10,0.0084,0.141,1.0649,2.2870,-3.3741,-0.00028,0.00675,0.00411,0.02873,0.7045
28.9667,JELLY_B,0.3234,-0.8205,1.00,J_PULSE_CRUISE,27.03,0.0959,0.424,1.4436,3.1668,-3.7465,-0.00272,0.00974,0.00330,0.02585,0.9565
28.9667,JELLY_C,0.8775,0.0000,0.05,J_PAUSE_OPEN,8.99,0.0123,0.000,0.5625,3.7856,-3.8905,-0.00161,0.00714,0.00126,0.02535,-0.0002
29.0000,JELLY_A,0.4677,-1.0219,1.00,J_PULSE_CRUISE,14.11,0.0076,0.141,1.0649,2.2872,-3.3740,-0.00028,0.00675,0.00409,0.02833,0.6726
29.0000,JELLY_B,0.3359,-0.8833,1.00,J_PULSE_CRUISE,27.21,0.0920,0.424,1.4435,3.1671,-3.7464,-0.00272,0.00962,0.00326,0.02522,0.9488
29.0000,JELLY_C,0.8912,0.0000,0.05,J_PAUSE_OPEN,8.97,0.0123,0.000,0.5624,3.7858,-3.8904,-0.00162,0.00706,0.00126,0.02538,-0.0002
29.0333,JELLY_A,0.4786,-1.0116,1.00,J_PULSE_CRUISE,14.13,0.0068,0.141,1.0649,2.2874,-3.3738,-0.00028,0.00677,0.00408,0.02798,0.6401
29.0333,JELLY_B,0.3483,-0.9407,1.00,J_PULSE_CRUISE,27.39,0.0883,0.424,1.4434,3.1674,-3.7462,-0.00272,0.00950,0.00322,0.02456,0.9365
29.0333,JELLY_C,0.9049,0.0000,0.05,J_PAUSE_OPEN,8.94,0.0123,0.000,0.5624,3.7861,-3.8904,-0.00162,0.00698,0.00125,0.02540,-0.0001
29.0667,JELLY_A,0.4896,-0.9965,1.00,J_PULSE_CRUISE,14.14,0.0061,0.141,1.0649,2.2876,-3.3737,-0.00027,0.00680,0.00408,0.02769,0.6071
29.0667,JELLY_B,0.3607,-0.9923,1.00,J_PULSE_CRUISE,27.55,0.0846,0.424,1.4433,3.1678,-3.7461,-0.00272,0.00938,0.00318,0.02389,0.9200
29.0667,JELLY_C,0.9186,0.0000,0.05,J_PAUSE_OPEN,8.92,0.0123,0.000,0.5623,3.7863,-3.8903,-0.00163,0.00690,0.00124,0.02543,-0.0001
29.1000,JELLY_A,0.5005,-0.9768,1.00,J_PULSE_CRUISE,14.15,0.0053,0.141,1.0649,2.2879,-3.3736,-0.00026,0.00685,0.00407,0.02745,0.5736
29.1000,JELLY_B,0.3732,-1.0379,1.00,J_PULSE_CRUISE,27.71,0.0810,0.424,1.4432,3.1681,-3.7460,-0.00272,0.00926,0.00314,0.02320,0.8998
29.1000,JELLY_C,0.9323,0.0000,0.05,J_PAUSE_OPEN,8.90,0.0123,0.000,0.5623,3.7865,-3.8903,-0.00163,0.00682,0.00124,0.02545,-0.0001
29.1333,JELLY_A,0.5114,-0.9525,1.00,J_PULSE_CRUISE,14.16,0.0046,0.141,1.0649,2.2881,-3.3734,-0.00025,0.00691,0.00407,0.02725,0.5399
29.1333,JELLY_B,0.3856,-1.0771,1.00,J_PULSE_CRUISE,27.86,0.0775,0.424,1.4432,3.1684,-3.7459,-0.00272,0.00914,0.00310,0.02251,0.8765
29.1333,JELLY_C,0.9460,0.0000,0.05,J_PAUSE_OPEN,8.87,0.0122,0.000,0.5622,3.7867,-3.8902,-0.00164,0.00674,0.00123,0.02548,-0.0001
29.1667,JELLY_A,0.5223,-0.9238,1.00,J_PULSE_CRUISE,14.17,0.0040,0.141,1.0649,2.2883,-3.3733,-0.00024,0.00699,0.00407,0.02710,0.5061
29.1667,JELLY_B,0.3980,-1.1097,1.00,J_PULSE_CRUISE,28.01,0.0741,0.424,1.4431,3.1687,-3.7458,-0.00272,0.00903,0.00306,0.02184,0.8504
29.1667,JELLY_C,0.9597,0.0000,0.05,J_PAUSE_OPEN,8.85,0.0122,0.000,0.5622,3.7870,-3.8902,-0.00165,0.00665,0.00123,0.02550,-0.0000
29.2000,JELLY_A,0.5332,-0.8907,1.00,J_PULSE_CRUISE,14.18,0.0033,0.141,1.0648,2.2886,-3.3732,-0.00022,0.00708,0.00407,0.02700,0.4723
29.2000,JELLY_B,0.4105,-1.1356,1.00,J_PULSE_CRUISE,28.15,0.0709,0.424,1.4430,3.1690,-3.7457,-0.00272,0.00892,0.00303,0.02120,0.8218
29.2000,JELLY_C,0.9734,0.0000,0.05,J_PAUSE_OPEN,8.83,0.0122,0.000,0.5621,3.7872,-3.8902,-0.00165,0.00657,0.00122,0.02552,-0.0000
29.2333,JELLY_A,0.5441,-0.8534,1.00,J_PULSE_CRUISE,14.18,0.0027,0.141,1.0648,2.2888,-3.3730,-0.00021,0.00719,0.00408,0.02693,0.4388
29.2333,JELLY_B,0.4229,-1.1546,1.00,J_PULSE_CRUISE,28.28,0.0677,0.424,1.4429,3.1693,-3.7456,-0.00272,0.00882,0.00299,0.02061,0.7912
29.2333,JELLY_C,0.9871,0.0000,0.05,J_PAUSE_OPEN,8.80,0.0122,0.000,0.5620,3.7874,-3.8901,-0.00166,0.00649,0.00121,0.02554,-0.0000
29.2667,JELLY_A,0.5550,-0.8121,1.00,J_PULSE_CRUISE,14.19,0.0021,0.141,1.0648,2.2891,-3.3729,-0.00019,0.00731,0.00409,0.02690,0.4056
29.2667,JELLY_B,0.4353,-1.1665,1.00,J_PULSE_CRUISE,28.41,0.0646,0.424,1.4428,3.1696,-3.7455,-0.00271,0.00873,0.00297,0.02008,0.7587
29.2667,JELLY_C,0.0009,0.0435,1.00,J_PULSE_CRUISE,8.78,0.0122,0.185,0.5620,3.7876,-3.8901,-0.00166,0.00641,0.00121,0.02557,0.0000
29.3000,JELLY_A,0.5659,-0.7670,1.00,J_PULSE_CRUISE,14.19,0.0016,0.141,1.0648,2.2893,-3.3728,-0.00017,0.00743,0.00410,0.02690,0.3729
29.3000,JELLY_B,0.4477,-1.1713,1.00,J_PULSE_CRUISE,28.53,0.0616,0.424,1.4427,3.1699,-3.7454,-0.00271,0.00866,0.00295,0.01961,0.7247
29.3000,JELLY_C,0.0146,0.7337,1.00,J_PULSE_CRUISE,8.76,0.0110,0.185,0.5619,3.7878,-3.8900,-0.00167,0.00633,0.00120,0.02559,0.0005
29.3333,JELLY_A,0.5768,-0.7184,1.00,J_PULSE_CRUISE,14.19,0.0011,0.141,1.0648,2.2895,-3.3726,-0.00015,0.00756,0.00411,0.02693,0.3408
29.3333,JELLY_B,0.4602,-1.1689,1.00,J_PULSE_CRUISE,28.64,0.0586,0.424,1.4426,3.1701,-3.7453,-0.00270,0.00861,0.00295,0.01921,0.6894
29.3333,JELLY_C,0.0283,1.3903,1.00,J_PULSE_CRUISE,8.74,0.0082,0.185,0.5619,3.7880,-3.8900,-0.00167,0.00628,0.00120,0.02562,0.0025
29.3667,JELLY_A,0.5877,-0.6663,1.00,J_PULSE_CRUISE,14.19,0.0009,0.141,1.0648,2.2898,-3.3725,-0.00013,0.00770,0.00412,0.02698,0.3096
29.3667,JELLY_B,0.4726,-1.1595,1.00,J_PULSE_CRUISE,28.75,0.0558,0.424,1.4425,3.1704,-3.7452,-0.00269,0.00857,0.00295,0.01887,0.6531
29.3667,JELLY_C,0.0420,1.9828,1.00,J_PULSE_CRUISE,8.72,0.0040,0.185,0.5618,3.7882,-3.8900,-0.00167,0.00631,0.00121,0.02568,0.0082
29.4000,JELLY_A,0.5986,-0.6112,1.00,J_PULSE_CRUISE,14.19,0.0011,0.141,1.0648,2.2901,-3.3723,-0.00011,0.00784,0.00413,0.02706,0.2792
29.4000,JELLY_B,0.4850,-1.1429,1.00,J_PULSE_CRUISE,28.86,0.0530,0.424,1.4424,3.1707,-3.7451,-0.00268,0.00855,0.00296,0.01860,0.6160
29.4000,JELLY_C,0.0557,2.4838,1.00,J_PULSE_CRUISE,8.72,0.0016,0.185,0.5618,3.7885,-3.8899,-0.00167,0.00640,0.00123,0.02578,0.0197
29.4333,JELLY_A,0.6095,-0.5532,1.00,J_PULSE_CRUISE,14.19,0.0014,0.141,1.0648,2.2903,-3.3722,-0.00009,0.00798,0.00414,0.02716,0.2499
29.4333,JELLY_B,0.4975,-1.1194,1.00,J_PULSE_CRUISE,28.96,0.0503,0.424,1.4423,3.1710,-3.7450,-0.00266,0.00856,0.00298,0.01838,0.5782
29.4333,JELLY_C,0.0695,2.8699,1.00,J_PULSE_CRUISE,8.73,0.0078,0.185,0.5617,3.7887,-3.8899,-0.00167,0.00657,0.00126,0.02594,0.0394
29.4667,JELLY_A,0.6204,-0.4926,1.00,J_PULSE_CRUISE,14.19,0.0018,0.141,1.0648,2.2906,-3.3721,-0.00007,0.00812,0.00415,0.02727,0.2218
29.4667,JELLY_B,0.5099,-1.0891,1.00,J_PULSE_CRUISE,29.05,0.0477,0.424,1.4423,3.1713,-3.7449,-0.00264,0.00858,0.00302,0.01822,0.5402
29.4667,JELLY_C,0.0832,3.1232,1.00,J_PULSE_CRUISE,8.75,0.0147,0.185,0.5617,3.7889,-3.8898,-0.00167,0.00680,0.00131,0.02616,0.0689
29.5000,JELLY_A,0.6313,-0.4297,1.00,J_PULSE_CRUISE,14.18,0.0023,0.141,1.0648,2.2909,-3.3719,-0.00005,0.00826,0.00416,0.02740,0.1950
29.5000,JELLY_B,0.5223,-1.0522,1.00,J_PULSE_CRUISE,29.14,0.0452,0.424,1.4422,3.1716,-3.7448,-0.00262,0.00863,0.00307,0.01810,0.5020
29.5000,JELLY_C,0.0969,3.2319,1.00,J_PULSE_CRUISE,8.78,0.0218,0.185,0.5616,3.7891,-3.8898,-0.00166,0.00707,0.00135,0.02643,0.1094
29.5333,JELLY_A,0.6422,-0.3649,1.00,J_PULSE_CRUISE,14.18,0.0028,0.141,1.0648,2.2911,-3.3718,-0.00003,0.00839,0.00417,0.02755,0.1696
29.5333,JELLY_B,0.5347,-1.0088,1.00,J_PULSE_CRUISE,29.22,0.0427,0.424,1.4421,3.1719,-3.7447,-0.00260,0.00869,0.00312,0.01803,0.4639
29.5333,JELLY_C,0.1107,3.1908,1.00,J_PULSE_CRUISE,8.83,0.0287,0.185,0.5615,3.7894,-3.8897,-0.00166,0.00734,0.00140,0.02673,0.1612
29.5667,JELLY_A,0.6531,-0.2983,1.00,J_PULSE_CRUISE,14.17,0.0032,0.141,1.0648,2.2914,-3.3716,-0.00001,0.00853,0.00418,0.02770,0.1458
29.5667,JELLY_B,0.5472,-0.9593,1.00,J_PULSE_CRUISE,29.30,0.0403,0.424,1.4420,3.1721,-3.7446,-0.00257,0.00877,0.00318,0.01801,0.4261
29.5667,JELLY_C,0.1244,3.0017,1.00,J_PULSE_CRUISE,8.89,0.0350,0.185,0.5615,3.7896,-3.8897,-0.00165,0.00757,0.00144,0.02702,0.2237
29.6000,JELLY_A,0.6640,-0.2303,1.00,J_PULSE_CRUISE,14.17,0.0037,0.141,1.0648,2.2917,-3.3715,0.00001,0.00866,0.00419,0.02787,0.1237
29.6000,JELLY_B,0.5596,-0.9040,1.00,J_PULSE_CRUISE,29.38,0.0380,0.424,1.4419,3.1724,-3.7445,-0.00254,0.00886,0.00326,0.01802,0.3888
29.6000,JELLY_C,0.1381,2.6733,1.00,J_PULSE_CRUISE,8.96,0.0405,0.185,0.5614,3.7899,-3.8897,-0.00165,0.00775,0.00147,0.02724,0.2954
29.6333,JELLY_A,0.6749,-0.1613,1.00,J_PULSE_CRUISE,14.16,0.0041,0.141,1.0648,2.2920,-3.3714,0.00003,0.00880,0.00419,0.02805,0.1033
29.6333,JELLY_B,0.5720,-0.8432,1.00,J_PULSE_CRUISE,29.45,0.0358,0.424,1.4418,3.1727,-3.7444,-0.00251,0.00897,0.00333,0.01807,0.3523
29.6333,JELLY_C,0.1519,2.2206,1.00,J_PULSE_CRUISE,9.04,0.0449,0.185,0.5614,3.7901,-3.8896,-0.00165,0.00786,0.00149,0.02733,0.3744
29.6667,JELLY_A,0.6858,-0.0916,1.00,J_PULSE_CRUISE,14.15,0.0046,0.141,1.0648,2.2923,-3.3712,0.00005,0.00893,0.00420,0.02823,0.0848
29.6667,JELLY_B,0.5844,-0.7773,1.00,J_PULSE_CRUISE,29.51,0.0336,0.424,1.4417,3.1730,-3.7443,-0.00248,0.00908,0.00342,0.01815,0.3167
29.6667,JELLY_C,0.1656,1.6648,1.00,J_PULSE_CRUISE,9.13,0.0478,0.185,0.5613,3.7904,-3.8896,-0.00166,0.00788,0.00150,0.02724,0.4578
29.7000,JELLY_A,0.6967,-0.0214,1.00,J_PULSE_CRUISE,14.14,0.0050,0.141,1.0648,2.2926,-3.3711,0.00007,0.00906,0.00421,0.02842,0.0682
29.7000,JELLY_B,0.5968,-0.7067,1.00,J_PULSE_CRUISE,29.58,0.0314,0.424,1.4417,3.1733,-3.7442,-0.00245,0.00919,0.00350,0.01825,0.2823
29.7000,JELLY_C,0.1794,1.0314,1.00,J_PULSE_CRUISE,9.22,0.0491,0.185,0.5613,3.7907,-3.8895,-0.00166,0.00784,0.00150,0.02698,0.5424
29.7333,JELLY_A,0.7076,0.0000,1.00,J_GLIDE,14.13,0.0054,0.141,1.0648,2.2929,-3.3709,0.00009,0.00919,0.00421,0.02861,0.0536
29.7333,JELLY_B,0.6093,-0.6317,1.00,J_PULSE_CRUISE,29.64,0.0294,0.424,1.4416,3.1737,-3.7441,-0.00242,0.00930,0.00358,0.01838,0.2492
29.7333,JELLY_C,0.1931,0.3498,1.00,J_PULSE_CRUISE,9.31,0.0488,0.185,0.5612,3.7909,-3.8895,-0.00167,0.00776,0.00149,0.02659,0.6248
29.7667,JELLY_A,0.7185,0.0000,1.00,J_GLIDE,14.12,0.0058,0.141,1.0648,2.2932,-3.3708,0.00011,0.00931,0.00421,0.02881,0.0411
29.7667,JELLY_B,0.6217,-0.5530,1.00,J_PULSE_CRUISE,29.69,0.0274,0.424,1.4415,3.1740,-3.7439,-0.00238,0.00941,0.00366,0.01853,0.2176
29.7667,JELLY_C,0.2069,-0.0558,1.00,J_PULSE_CRUISE,9.40,0.0471,0.185,0.5612,3.7912,-3.8894,-0.00167,0.00766,0.00148,0.02610,0.7016
29.8000,JELLY_A,0.7294,0.0000,1.00,J_GLIDE,14.11,0.0062,0.141,1.0648,2.2935,-3.3707,0.00013,0.00943,0.00421,0.02901,0.0305
29.8000,JELLY_B,0.6341,-0.4709,1.00,J_PULSE_CRUISE,29.74,0.0254,0.424,1.4414,3.1743,-3.7438,-0.00235,0.00952,0.00374,0.01870,0.1878
29.8000,JELLY_C,0.2206,-0.1673,1.00,J_PULSE_CRUISE,9.49,0.0453,0.185,0.5611,3.7914,-3.8894,-0.00168,0.00757,0.00147,0.02558,0.7700
29.8333,JELLY_A,0.7403,0.0000,1.00,J_GLIDE,14.10,0.0066,0.141,1.0648,2.2938,-3.3705,0.00015,0.00954,0.00421,0.02921,0.0217
29.8333,JELLY_B,0.6465,-0.3859,1.00,J_PULSE_CRUISE,29.79,0.0235,0.424,1.4413,3.1746,-3.7437,-0.00232,0.00963,0.00382,0.01889,0.1599
29.8333,JELLY_C,0.2344,-0.2776,1.00,J_PULSE_CRUISE,9.58,0.0436,0.185,0.5610,3.7917,-3.8893,-0.00169,0.00747,0.00146,0.02504,0.8283
29.8667,JELLY_A,0.7511,0.0000,1.00,J_GLIDE,14.09,0.0069,0.141,1.0648,2.2942,-3.3704,0.00016,0.00965,0.00421,0.02941,0.0146
29.8667,JELLY_B,0.6589,-0.2986,1.00,J_PULSE_CRUISE,29.83,0.0217,0.424,1.4413,3.1749,-3.7436,-0.00229,0.00973,0.00390,0.01909,0.1341
29.8667,JELLY_C,0.2481,-0.3859,1.00,J_PULSE_CRUISE,9.66,0.0419,0.185,0.5610,3.7919,-3.8893,-0.00169,0.00738,0.00144,0.02448,0.8759
29.9000,JELLY_A,0.7620,0.0000,1.00,J_GLIDE,14.07,0.0073,0.141,1.0648,2.2945,-3.3702,0.00018,0.00975,0.00421,0.02962,0.0090
29.9000,JELLY_B,0.6713,-0.2096,1.00,J_PULSE_CRUISE,29.87,0.0199,0.424,1.4412,3.1753,-3.7434,-0.00226,0.00983,0.00397,0.01929,0.1105
29.9000,JELLY_C,0.2619,-0.4913,1.00,J_PULSE_CRUISE,9.74,0.0402,0.185,0.5609,3.7922,-3.8892,-0.00170,0.00728,0.00143,0.02392,0.9126
29.9333,JELLY_A,0.7729,0.0000,1.00,J_GLIDE,14.06,0.0076,0.141,1.0648,2.2948,-3.3701,0.00020,0.00985,0.00420,0.02982,0.0046
29.9333,JELLY_B,0.6837,-0.1192,1.00,J_PULSE_CRUISE,29.91,0.0182,0.424,1.4411,3.1756,-3.7433,-0.00222,0.00993,0.00405,0.01951,0.0893
29.9333,JELLY_C,0.2756,-0.5931,1.00,J_PULSE_CRUISE,9.81,0.0387,0.185,0.5609,3.7924,-3.8892,-0.00170,0.00719,0.00143,0.02333,0.9390
29.9667,JELLY_A,0.7838,0.0000,1.00,J_GLIDE,14.04,0.0080,0.141,1.0648,2.2952,-3.3700,0.00021,0.00994,0.00419,0.03002,0.0013
29.9667,JELLY_B,0.6962,-0.0282,1.00,J_PULSE_CRUISE,29.94,0.0165,0.424,1.4410,3.1759,-3.7432,-0.00219,0.01003,0.00412,0.01973,0.0706
29.9667,JELLY_C,0.2894,-0.6905,1.00,J_PULSE_CRUISE,9.89,0.0371,0.185,0.5608,3.7927,-3.8891,-0.00171,0.00709,0.00142,0.02272,0.9559
30.0000,JELLY_A,0.7947,0.0000,1.00,J_GLIDE,14.03,0.0083,0.141,1.0649,2.2955,-3.3698,0.00022,0.01002,0.00418,0.03022,-0.0010
30.0000,JELLY_B,0.7086,0.0000,1.00,J_GLIDE,29.97,0.0148,0.424,1.4410,3.1763,-3.7430,-0.00216,0.01013,0.00419,0.01995,0.0543
30.0000,JELLY_C,0.3031,-0.7828,1.00,J_PULSE_CRUISE,9.96,0.0356,0.185,0.5608,3.7929,-3.8891,-0.00172,0.00700,0.00141,0.02207,0.9640
30.0333,JELLY_A,0.8056,0.0000,1.00,J_GLIDE,14.01,0.0086,0.141,1.0649,2.2958,-3.3697,0.00024,0.01011,0.00417,0.03041,-0.0027
30.0333,JELLY_B,0.7210,0.0000,1.00,J_GLIDE,30.00,0.0133,0.424,1.4409,3.1766,-3.7429,-0.00213,0.01021,0.00426,0.02018,0.0405
30.0333,JELLY_C,0.3169,-0.8692,1.00,J_PULSE_CRUISE,10.02,0.0342,0.185,0.5607,3.7931,-3.8890,-0.00172,0.00691,0.00140,0.02140,0.9645
30.0667,JELLY_A,0.8165,0.0000,1.00,J_GLIDE,14.00,0.0089,0.141,1.0649,2.2962,-3.3695,0.00025,0.01018,0.00416,0.03061,-0.0037
30.0667,JELLY_B,0.7334,0.0000,1.00,J_GLIDE,30.02,0.0117,0.424,1.4408,3.1769,-3.7427,-0.00210,0.01029,0.00432,0.02040,0.0291
30.0667,JELLY_C,0.3307,-0.9492,1.00,J_PULSE_CRUISE,10.09,0.0327,0.185,0.5606,3.7933,-3.8890,-0.00173,0.00681,0.00139,0.02070,0.9581
30.1000,JELLY_A,0.8273,0.0000,1.00,J_GLIDE,13.98,0.0092,0.141,1.0649,2.2965,-3.3694,0.00026,0.01026,0.00415,0.03080,-0.0043
30.1000,JELLY_B,0.7458,0.0000,1.00,J_GLIDE,30.04,0.0103,0.424,1.4408,3.1773,-3.7426,-0.00207,0.01036,0.00438,0.02063,0.0198
30.1000,JELLY_C,0.3444,-1.0222,1.00,J_PULSE_CRUISE,10.15,0.0314,0.185,0.5606,3.7936,-3.8889,-0.00173,0.00672,0.00138,0.01997,0.9457
30.1333,JELLY_A,0.8382,0.0000,1.00,J_GLIDE,13.96,0.0095,0.141,1.0649,2.2968,-3.3693,0.00028,0.01033,0.00414,0.03100,-0.0045
30.1333,JELLY_B,0.7582,0.0000,1.00,J_GLIDE,30.06,0.0088,0.424,1.4407,3.1776,-3.7424,-0.00205,0.01043,0.00443,0.02085,0.0126
30.1333,JELLY_C,0.3582,-1.0875,1.00,J_PULSE_CRUISE,10.21,0.0300,0.185,0.5605,3.7938,-3.8889,-0.00174,0.00663,0.00137,0.01922,0.9281
30.1667,JELLY_A,0.8491,0.0000,1.00,J_GLIDE,13.94,0.0097,0.141,1.0649,2.2972,-3.3691,0.00029,0.01039,0.00412,0.03118,-0.0045
30.1667,JELLY_B,0.7706,0.0000,1.00,J_GLIDE,30.08,0.0074,0.424,1.4406,3.1780,-3.7423,-0.00202,0.01048,0.00448,0.02107,0.0070
30.1667,JELLY_C,0.3720,-1.1447,1.00,J_PULSE_CRUISE,10.26,0.0287,0.185,0.5605,3.7940,-3.8888,-0.00174,0.00654,0.00136,0.01846,0.9059
30.2000,JELLY_A,0.8600,0.0000,1.00,J_GLIDE,13.92,0.0100,0.141,1.0649,2.2975,-3.3690,0.00030,0.01045,0.00410,0.03137,-0.0043
30.2000,JELLY_B,0.7830,0.0000,1.00,J_GLIDE,30.09,0.0061,0.424,1.4406,3.1783,-3.7421,-0.00200,0.01053,0.00453,0.02128,0.0029
30.2000,JELLY_C,0.3857,-1.1933,1.00,J_PULSE_CRUISE,10.32,0.0275,0.185,0.5604,3.7942,-3.8888,-0.00175,0.00645,0.00135,0.01770,0.8799
30.2333,JELLY_A,0.8708,0.0000,1.00,J_GLIDE,13.91,0.0103,0.141,1.0649,2.2979,-3.3689,0.00031,0.01051,0.00409,0.03155,-0.0040
30.2333,JELLY_B,0.7954,0.0000,1.00,J_GLIDE,30.10,0.0048,0.424,1.4405,3.1787,-3.7420,-0.00197,0.01057,0.00457,0.02149,-0.0000
30.2333,JELLY_C,0.3995,-1.2331,1.00,J_PULSE_CRUISE,10.37,0.0262,0.185,0.5604,3.7944,-3.8887,-0.00175,0.00636,0.00135,0.01696,0.8505
30.2667,JELLY_A,0.8817,0.0000,1.00,J_GLIDE,13.89,0.0105,0.141,1.0649,2.2982,-3.3687,0.00032,0.01056,0.00407,0.03173,-0.0036
30.2667,JELLY_B,0.8078,0.0000,1.00,J_GLIDE,30.11,0.0036,0.424,1.4404,3.1790,-3.7418,-0.00195,0.01061,0.00460,0.02170,-0.0020
30.2667,JELLY_C,0.4133,-1.2636,1.00,J_PULSE_CRUISE,10.42,0.0250,0.185,0.5603,3.7947,-3.8887,-0.00176,0.00628,0.00134,0.01629,0.8182
30.3000,JELLY_A,0.8926,0.0000,1.00,J_GLIDE,13.87,0.0108,0.141,1.0649,2.2986,-3.3686,0.00033,0.01061,0.00405,0.03191,-0.0031
30.3000,JELLY_B,0.8202,0.0000,1.00,J_GLIDE,30.11,0.0025,0.424,1.4404,3.1794,-3.7417,-0.00192,0.01064,0.00464,0.02190,-0.0032
30.3000,JELLY_C,0.4270,-1.2846,1.00,J_PULSE_CRUISE,10.46,0.0239,0.185,0.5602,3.7949,-3.8887,-0.00176,0.00621,0.00134,0.01570,0.7834
30.3333,JELLY_A,0.9035,0.0000,1.00,J_GLIDE,13.84,0.0110,0.141,1.0650,2.2989,-3.3685,0.00034,0.01065,0.00403,0.03209,-0.0027
30.3333,JELLY_B,0.8326,0.0000,1.00,J_GLIDE,30.11,0.0017,0.424,1.4403,3.1797,-3.7415,-0.00190,0.01067,0.00467,0.02210,-0.0038
30.3333,JELLY_C,0.4408,-1.2961,1.00,J_PULSE_CRUISE,10.51,0.0228,0.185,0.5602,3.7951,-3.8886,-0.00176,0.00616,0.00133,0.01520,0.7465
30.3667,JELLY_A,0.9143,0.0000,1.00,J_GLIDE,13.82,0.0112,0.141,1.0650,2.2993,-3.3683,0.00035,0.01070,0.00401,0.03226,-0.0023
30.3667,JELLY_B,0.8450,0.0000,1.00,J_GLIDE,30.11,0.0016,0.424,1.4402,3.1801,-3.7414,-0.00188,0.01069,0.00469,0.02229,-0.0040
30.3667,JELLY_C,0.4546,-1.2979,1.00,J_PULSE_CRUISE,10.55,0.0217,0.185,0.5601,3.7953,-3.8886,-0.00177,0.00613,0.00134,0.01479,0.7079
30.4000,JELLY_A,0.9252,0.0000,1.00,J_GLIDE,13.80,0.0114,0.141,1.0650,2.2997,-3.3682,0.00036,0.01073,0.00398,0.03243,-0.0019
30.4000,JELLY_B,0.8574,0.0000,1.00,J_GLIDE,30.11,0.0022,0.424,1.4402,3.1804,-3.7412,-0.00186,0.01070,0.00472,0.02248,-0.0040
30.4000,JELLY_C,0.4684,-1.2899,1.00,J_PULSE_CRUISE,10.59,0.0206,0.185,0.5601,3.7955,-3.8885,-0.00177,0.00613,0.00135,0.01447,0.6678
30.4333,JELLY_A,0.9361,0.0000,1.00,J_GLIDE,13.78,0.0116,0.141,1.0650,2.3000,-3.3681,0.00037,0.01077,0.00396,0.03259,-0.0015
30.4333,JELLY_B,0.8698,0.0000,1.00,J_GLIDE,30.11,0.0031,0.424,1.4401,3.1808,-3.7411,-0.00184,0.01071,0.00474,0.02266,-0.0037
30.4333,JELLY_C,0.4821,-1.2722,1.00,J_PULSE_CRUISE,10.63,0.0196,0.185,0.5600,3.7957,-3.8885,-0.00177,0.00616,0.00136,0.01424,0.6267
30.4667,JELLY_A,0.9469,0.0000,1.00,J_GLIDE,13.76,0.0118,0.141,1.0650,2.3004,-3.3679,0.00037,0.01080,0.00394,0.03276,-0.0012
30.4667,JELLY_B,0.8822,0.0000,1.00,J_GLIDE,30.10,0.0040,0.424,1.4400,3.1812,-3.7409,-0.00182,0.01072,0.00475,0.02284,-0.0033
30.4667,JELLY_C,0.4959,-1.2451,1.00,J_PULSE_CRUISE,10.67,0.0186,0.185,0.5599,3.7959,-3.8884,-0.00177,0.00623,0.00138,0.01408,0.5847
30.5000,JELLY_A,0.9578,0.0000,1.00,J_GLIDE,13.73,0.0120,0.141,1.0650,2.3007,-3.3678,0.00038,0.01083,0.00391,0.03292,-0.0009
30.5000,JELLY_B,0.8946,0.0000,1.00,J_GLIDE,30.10,0.0050,0.424,1.4400,3.1815,-3.7407,-0.00180,0.01072,0.00477,0.02301,-0.0029
30.5000,JELLY_C,0.5097,-1.2086,1.00,J_PULSE_CRUISE,10.70,0.0176,0.185,0.5599,3.7961,-3.8884,-0.00177,0.00632,0.00141,0.01400,0.5423
30.5333,JELLY_A,0.9687,0.0000,1.00,J_GLIDE,13.71,0.0122,0.141,1.0650,2.3011,-3.3677,0.00039,0.01086,0.00389,0.03307,-0.0007
30.5333,JELLY_B,0.9070,0.0000,1.00,J_GLIDE,30.09,0.0060,0.424,1.4399,3.1819,-3.7406,-0.00178,0.01071,0.00478,0.02318,-0.0025
30.5333,JELLY_C,0.5235,-1.1630,1.00,J_PULSE_CRUISE,10.73,0.0166,0.185,0.5598,3.7963,-3.8883,-0.00176,0.00645,0.00144,0.01399,0.4997
30.5667,JELLY_A,0.9795,0.0000,1.00,J_GLIDE,13.69,0.0124,0.141,1.0650,2.3015,-3.3675,0.00039,0.01088,0.00386,0.03323,-0.0005
30.5667,JELLY_B,0.9194,0.0000,1.00,J_GLIDE,30.07,0.0070,0.424,1.4399,3.1822,-3.7404,-0.00176,0.01070,0.00479,0.02334,-0.0020
30.5667,JELLY_C,0.5373,-1.1087,1.00,J_PULSE_CRUISE,10.77,0.0157,0.185,0.5598,3.7965,-3.8883,-0.00176,0.00660,0.00148,0.01403,0.4572
30.6000,JELLY_A,0.9904,0.0000,1.00,J_GLIDE,13.66,0.0126,0.141,1.0651,2.3018,-3.3674,0.00040,0.01090,0.00383,0.03338,-0.0003
30.6000,JELLY_B,0.9318,0.0000,1.00,J_GLIDE,30.06,0.0079,0.424,1.4398,3.1826,-3.7403,-0.00175,0.01069,0.00480,0.02350,-0.0016
30.6000,JELLY_C,0.5511,-1.0460,1.00,J_PULSE_CRUISE,10.79,0.0148,0.185,0.5597,3.7967,-3.8882,-0.00175,0.00678,0.00152,0.01412,0.4151
30.6333,JELLY_A,0.0013,0.0503,1.00,J_PULSE_CRUISE,13.64,0.0127,0.128,1.0651,2.3022,-3.3673,0.00040,0.01089,0.00380,0.03353,-0.0002
30.6333,JELLY_B,0.9441,0.0000,1.00,J_GLIDE,30.04,0.0088,0.424,1.4398,3.1829,-3.7401,-0.00173,0.01067,0.00480,0.02365,-0.0013
30.6333,JELLY_C,0.5648,-0.9755,1.00,J_PULSE_CRUISE,10.82,0.0139,0.185,0.5596,3.7970,-3.8882,-0.00175,0.00698,0.00156,0.01426,0.3737
30.6667,JELLY_A,0.0121,0.4837,1.00,J_PULSE_CRUISE,13.62,0.0122,0.128,1.0651,2.3025,-3.3672,0.00040,0.01081,0.00375,0.03367,0.0001
30.6667,JELLY_B,0.9565,0.0000,1.00,J_GLIDE,30.03,0.0097,0.424,1.4397,3.1833,-3.7399,-0.00172,0.01065,0.00480,0.02381,-0.0010
30.6667,JELLY_C,0.5786,-0.8977,1.00,J_PULSE_CRUISE,10.85,0.0131,0.185,0.5596,3.7972,-3.8881,-0.00174,0.00720,0.00161,0.01443,0.3334
30.7000,JELLY_A,0.0230,0.9028,1.00,J_PULSE_CRUISE,13.59,0.0108,0.128,1.0651,2.3029,-3.3670,0.00039,0.01074,0.00371,0.03382,0.0010
30.7000,JELLY_B,0.9689,0.0000,1.00,J_GLIDE,30.01,0.0105,0.424,1.4396,3.1837,-3.7398,-0.00170,0.01063,0.00480,0.02395,-0.0007
30.7000,JELLY_C,0.5924,-0.8131,1.00,J_PULSE_CRUISE,10.87,0.0123,0.185,0.5595,3.7975,-3.8881,-0.00174,0.00742,0.00166,0.01464,0.2943
30.7333,JELLY_A,0.0338,1.2956,1.00,J_PULSE_CRUISE,13.57,0.0086,0.128,1.0651,2.3033,-3.3669,0.00039,0.01071,0.00367,0.03398,0.0035
30.7333,JELLY_B,0.9813,0.0000,1.00,J_GLIDE,29.99,0.0114,0.424,1.4396,3.1840,-3.7396,-0.00168,0.01060,0.00480,0.02410,-0.0005
30.7333,JELLY_C,0.6062,-0.7223,1.00,J_PULSE_CRUISE,10.90,0.0115,0.185,0.5595,3.7977,-3.8880,-0.00173,0.00765,0.00171,0.01488,0.2568
30.7667,JELLY_A,0.0447,1.6507,1.00,J_PULSE_CRUISE,13.56,0.0058,0.128,1.0651,2.3036,-3.3668,0.00040,0.01070,0.00364,0.03415,0.0087
30.7667,JELLY_B,0.9937,0.0000,1.00,J_GLIDE,29.96,0.0122,0.424,1.4395,3.1844,-3.7395,-0.00167,0.01057,0.00480,0.02424,-0.0002
30.7667,JELLY_C,0.6200,-0.6262,1.00,J_PULSE_CRUISE,10.92,0.0107,0.185,0.5594,3.7980,-3.8880,-0.00172,0.00788,0.00176,0.01514,0.2212
30.8000,JELLY_A,0.0555,1.9577,1.00,J_PULSE_CRUISE,13.55,0.0028,0.128,1.0651,2.3040,-3.3667,0.00040,0.01073,0.00361,0.03434,0.0177
30.8000,JELLY_B,0.0061,0.2768,1.00,J_PULSE_CRUISE,29.94,0.0131,0.086,1.4395,3.1847,-3.7393,-0.00166,0.01048,0.00476,0.02437,0.0005
30.8000,JELLY_C,0.6338,-0.5253,1.00,J_PULSE_CRUISE,10.94,0.0099,0.185,0.5594,3.7982,-3.8879,-0.00172,0.00810,0.00181,0.01542,0.1876
30.8333,JELLY_A,0.0664,2.2079,1.00,J_PULSE_CRUISE,13.55,0.0031,0.128,1.0651,2.3043,-3.3665,0.00042,0.01080,0.00359,0.03456,0.0317
30.8333,JELLY_B,0.0184,0.8325,1.00,J_PULSE_CRUISE,29.92,0.0146,0.086,1.4394,3.1851,-3.7391,-0.00167,0.01035,0.00470,0.02451,0.0014
30.8333,JELLY_C,0.6476,-0.4205,1.00,J_PULSE_CRUISE,10.95,0.0092,0.185,0.5593,3.7985,-3.8878,-0.00171,0.00833,0.00185,0.01571,0.1564
30.8667,JELLY_A,0.0772,2.3940,1.00,J_PULSE_CRUISE,13.56,0.0069,0.128,1.0652,2.3047,-3.3664,0.00043,0.01091,0.00358,0.03480,0.0516
30.8667,JELLY_B,0.0308,1.3565,1.00,J_PULSE_CRUISE,29.89,0.0168,0.086,1.4394,3.1854,-3.7390,-0.00166,0.01024,0.00465,0.02465,0.0036
30.8667,JELLY_C,0.6614,-0.3125,1.00,J_PULSE_CRUISE,10.97,0.0085,0.185,0.5592,3.7988,-3.8878,-0.00171,0.00855,0.00190,0.01601,0.1278
30.9000,JELLY_A,0.0881,2.5107,1.00,J_PULSE_CRUISE,13.57,0.0114,0.128,1.0652,2.3051,-3.3663,0.00045,0.01103,0.00358,0.03507,0.0781
30.9000,JELLY_B,0.0432,1.8293,1.00,J_PULSE_CRUISE,29.85,0.0194,0.086,1.4393,3.1857,-3.7388,-0.00165,0.01018,0.00463,0.02479,0.0088
30.9000,JELLY_C,0.6752,-0.2021,1.00,J_PULSE_CRUISE,10.99,0.0078,0.185,0.5592,3.7991,-3.8877,-0.00170,0.00877,0.00195,0.01632,0.1020
30.9333,JELLY_A,0.0989,2.5547,1.00,J_PULSE_CRUISE,13.59,0.0159,0.128,1.0652,2.3054,-3.3662,0.00047,0.01116,0.00357,0.03536,0.1116
30.9333,JELLY_B,0.0556,2.2331,1.00,J_PULSE_CRUISE,29.81,0.0226,0.086,1.4393,3.1861,-3.7387,-0.00164,0.01017,0.00463,0.02496,0.0188
30.9333,JELLY_C,0.6890,-0.0901,1.00,J_PULSE_CRUISE,11.00,0.0071,0.185,0.5591,3.7994,-3.8877,-0.00169,0.00899,0.00199,0.01662,0.0791
30.9667,JELLY_A,0.1098,2.5247,1.00,J_PULSE_CRUISE,13.63,0.0203,0.128,1.0652,2.3058,-3.3661,0.00049,0.01130,0.00357,0.03569,0.1522
30.9667,JELLY_B,0.0679,2.5526,1.00,J_PULSE_CRUISE,29.77,0.0261,0.086,1.4392,3.1864,-3.7385,-0.00161,0.01020,0.00466,0.02515,0.0353
30.9667,JELLY_C,0.7028,0.0000,1.00,J_GLIDE,11.02,0.0065,0.185,0.5591,3.7997,-3.8876,-0.00169,0.00920,0.00204,0.01692,0.0594
31.0000,JELLY_A,0.1206,2.4217,1.00,J_PULSE_CRUISE,13.67,0.0244,0.128,1.0652,2.3062,-3.3660,0.00051,0.01141,0.00356,0.03605,0.1996
31.0000,JELLY_B,0.0803,2.7759,1.00,J_PULSE_CRUISE,29.72,0.0298,0.086,1.4391,3.1868,-3.7384,-0.00158,0.01028,0.00472,0.02536,0.0597
31.0000,JELLY_C,0.7165,0.0000,1.00,J_GLIDE,11.03,0.0059,0.185,0.5590,3.8000,-3.8875,-0.00169,0.00941,0.00208,0.01722,0.0430
31.0333,JELLY_A,0.1314,2.2487,1.00,J_PULSE_CRUISE,13.71,0.0281,0.128,1.0652,2.3066,-3.3658,0.00053,0.01151,0.00355,0.03645,0.2533
31.0333,JELLY_B,0.0927,2.8947,1.00,J_PULSE_CRUISE,29.66,0.0336,0.086,1.4391,3.1871,-3.7382,-0.00155,0.01038,0.00478,0.02560,0.0929
31.0333,JELLY_C,0.7303,0.0000,1.00,J_GLIDE,11.04,0.0053,0.185,0.5590,3.8003,-3.8874,-0.00168,0.00960,0.00212,0.01751,0.0296
31.0667,JELLY_A,0.1423,2.0108,1.00,J_PULSE_CRUISE,13.77,0.0312,0.128,1.0653,2.3070,-3.3657,0.00054,0.01157,0.00353,0.03687,0.3122
31.0667,JELLY_B,0.1050,2.9045,1.00,J_PULSE_CRUISE,29.59,0.0373,0.086,1.4390,3.1875,-3.7380,-0.00152,0.01049,0.00485,0.02587,0.1353
31.0667,JELLY_C,0.7441,0.0000,1.00,J_GLIDE,11.05,0.0047,0.185,0.5589,3.8006,-3.8874,-0.00168,0.00979,0.00215,0.01779,0.0191
31.1000,JELLY_A,0.1531,1.7148,1.00,J_PULSE_CRUISE,13.83,0.0337,0.128,1.0653,2.3073,-3.3656,0.00055,0.01159,0.00350,0.03731,0.3753
31.1000,JELLY_B,0.1174,2.8051,1.00,J_PULSE_CRUISE,29.52,0.0409,0.086,1.4390,3.1878,-3.7379,-0.00148,0.01059,0.00492,0.02620,0.1868
31.1000,JELLY_C,0.7579,0.0000,1.00,J_GLIDE,11.06,0.0041,0.185,0.5589,3.8010,-3.8873,-0.00168,0.00996,0.00219,0.01806,0.0112
31.1333,JELLY_A,0.1639,1.3695,1.00,J_PULSE_CRUISE,13.89,0.0353,0.128,1.0653,2.3077,-3.3655,0.00055,0.01158,0.00346,0.03772,0.4412
31.1333,JELLY_B,0.1298,2.6004,1.00,J_PULSE_CRUISE,29.44,0.0442,0.086,1.4389,3.1882,-3.7377,-0.00146,0.01065,0.00496,0.02665,0.2467
31.1333,JELLY_C,0.7717,0.0000,1.00,J_GLIDE,11.06,0.0035,0.185,0.5588,3.8013,-3.8872,-0.00167,0.01012,0.00222,0.01833,0.0053
31.1667,JELLY_A,0.1748,0.9848,1.00,J_PULSE_CRUISE,13.96,0.0362,0.128,1.0653,2.3081,-3.3654,0.00055,0.01153,0.00342,0.03804,0.5083
31.1667,JELLY_B,0.1421,2.2979,1.00,J_PULSE_CRUISE,29.36,0.0470,0.086,1.4389,3.1885,-3.7376,-0.00143,0.01068,0.00498,0.02718,0.3137
31.1667,JELLY_C,0.7855,0.0000,1.00,J_GLIDE,11.07,0.0030,0.185,0.5587,3.8016,-3.8872,-0.00167,0.01027,0.00225,0.01858,0.0013
31.2000,JELLY_A,0.1856,0.5718,1.00,J_PULSE_CRUISE,14.03,0.0361,0.128,1.0653,2.3085,-3.3653,0.00054,0.01145,0.00337,0.03822,0.5749
31.2000,JELLY_B,0.1545,1.9093,1.00,J_PULSE_CRUISE,29.27,0.0493,0.086,1.4388,3.1889,-3.7374,-0.00142,0.01065,0.00498,0.02773,0.3861
31.2000,JELLY_C,0.7993,0.0000,1.00,J_GLIDE,11.07,0.0025,0.185,0.5587,3.8020,-3.8871,-0.00167,0.01041,0.00228,0.01882,-0.0014
31.2333,JELLY_A,0.1964,0.1425,1.00,J_PULSE_CRUISE,14.09,0.0351,0.128,1.0653,2.3089,-3.3651,0.00054,0.01137,0.00332,0.03821,0.6392
31.2333,JELLY_B,0.1668,1.4491,1.00,J_PULSE_CRUISE,29.18,0.0510,0.086,1.4388,3.1892,-3.7372,-0.00141,0.01058,0.00494,0.02824,0.4618
31.2333,JELLY_C,0.8131,0.0000,1.00,J_GLIDE,11.08,0.0020,0.185,0.5586,3.8023,-3.8870,-0.00167,0.01055,0.00230,0.01905,-0.0031
31.2667,JELLY_A,0.2073,-0.0466,1.00,J_PULSE_CRUISE,14.16,0.0336,0.128,1.0654,2.3093,-3.3650,0.00053,0.01128,0.00326,0.03804,0.6998
31.2667,JELLY_B,0.1792,0.9346,1.00,J_PULSE_CRUISE,29.08,0.0520,0.086,1.4388,3.1896,-3.7371,-0.00141,0.01046,0.00489,0.02865,0.5384
31.2667,JELLY_C,0.8269,0.0000,1.00,J_GLIDE,11.08,0.0015,0.185,0.5586,3.8027,-3.8869,-0.00167,0.01067,0.00233,0.01926,-0.0039
31.3000,JELLY_A,0.2181,-0.1157,1.00,J_PULSE_CRUISE,14.22,0.0320,0.128,1.0654,2.3096,-3.3649,0.00052,0.01119,0.00321,0.03776,0.7551
31.3000,JELLY_B,0.1915,0.3854,1.00,J_PULSE_CRUISE,28.98,0.0523,0.086,1.4387,3.1899,-3.7369,-0.00141,0.01032,0.00482,0.02890,0.6134
31.3000,JELLY_C,0.8407,0.0000,1.00,J_GLIDE,11.08,0.0011,0.185,0.5585,3.8031,-3.8868,-0.00167,0.01078,0.00235,0.01947,-0.0042
31.3333,JELLY_A,0.2289,-0.1843,1.00,J_PULSE_CRUISE,14.28,0.0305,0.128,1.0654,2.3100,-3.3648,0.00052,0.01110,0.00316,0.03743,0.8042
31.3333,JELLY_B,0.2039,-0.0285,1.00,J_PULSE_CRUISE,28.89,0.0519,0.086,1.4387,3.1903,-3.7367,-0.00141,0.01017,0.00475,0.02899,0.6842
31.3333,JELLY_C,0.8545,0.0000,1.00,J_GLIDE,11.09,0.0007,0.185,0.5585,3.8034,-3.8868,-0.00167,0.01089,0.00237,0.01966,-0.0041
31.3667,JELLY_A,0.2397,-0.2520,1.00,J_PULSE_CRUISE,14.33,0.0291,0.128,1.0654,2.3104,-3.3647,0.00051,0.01101,0.00311,0.03708,0.8467
31.3667,JELLY_B,0.2163,-0.1186,1.00,J_PULSE_CRUISE,28.79,0.0515,0.086,1.4386,3.1906,-3.7366,-0.00142,0.01002,0.00468,0.02895,0.7486
31.3667,JELLY_C,0.8683,0.0000,1.00,J_GLIDE,11.09,0.0005,0.185,0.5584,3.8038,-3.8867,-0.00167,0.01098,0.00239,0.01985,-0.0038
31.4000,JELLY_A,0.2506,-0.3185,1.00,J_PULSE_CRUISE,14.39,0.0276,0.128,1.0654,2.3107,-3.3646,0.00050,0.01092,0.00306,0.03672,0.8824
31.4000,JELLY_B,0.2286,-0.2080,1.00,J_PULSE_CRUISE,28.69,0.0510,0.086,1.4386,3.1909,-3.7364,-0.00142,0.00988,0.00460,0.02884,0.8051
31.4000,JELLY_C,0.8822,0.0000,1.00,J_GLIDE,11.09,0.0007,0.185,0.5584,3.8041,-3.8866,-0.00167,0.01107,0.00240,0.02002,-0.0033
31.4333,JELLY_A,0.2614,-0.3835,1.00,J_PULSE_CRUISE,14.44,0.0263,0.128,1.0654,2.3111,-3.3645,0.00050,0.01084,0.00301,0.03634,0.9114
31.4333,JELLY_B,0.2409,-0.2961,1.00,J_PULSE_CRUISE,28.60,0.0506,0.086,1.4385,3.1913,-3.7363,-0.00142,0.00974,0.00454,0.02867,0.8528
31.4333,JELLY_C,0.8960,0.0000,1.00,J_GLIDE,11.08,0.0010,0.185,0.5583,3.8045,-3.8865,-0.00167,0.01115,0.00242,0.02019,-0.0028
31.4667,JELLY_A,0.2722,-0.4466,1.00,J_PULSE_CRUISE,14.48,0.0249,0.128,1.0655,2.3115,-3.3644,0.00049,0.01075,0.00296,0.03595,0.9339
31.4667,JELLY_B,0.2533,-0.3823,1.00,J_PULSE_CRUISE,28.51,0.0502,0.086,1.4385,3.1916,-3.7361,-0.00142,0.00959,0.00447,0.02844,0.8918
31.4667,JELLY_C,0.9098,0.0000,1.00,J_GLIDE,11.08,0.0014,0.185,0.5582,3.8049,-3.8864,-0.00168,0.01122,0.00243,0.02034,-0.0023
31.5000,JELLY_A,0.2830,-0.5077,1.00,J_PULSE_CRUISE,14.53,0.0236,0.128,1.0655,2.3118,-3.3643,0.00048,0.01067,0.00292,0.03554,0.9503
31.5000,JELLY_B,0.2656,-0.4662,1.00,J_PULSE_CRUISE,28.41,0.0497,0.086,1.4384,3.1919,-3.7360,-0.00143,0.00946,0.00440,0.02814,0.9220
31.5000,JELLY_C,0.9236,0.0000,1.00,J_GLIDE,11.08,0.0018,0.185,0.5582,3.8053,-3.8864,-0.00168,0.01129,0.00244,0.02049,-0.0018
31.5333,JELLY_A,0.2938,-0.5664,1.00,J_PULSE_CRUISE,14.57,0.0224,0.128,1.0655,2.3122,-3.3642,0.00048,0.01058,0.00287,0.03509,0.9610
31.5333,JELLY_B,0.2780,-0.5473,1.00,J_PULSE_CRUISE,28.32,0.0493,0.086,1.4384,3.1922,-3.7358,-0.00143,0.00932,0.00434,0.02777,0.9440
31.5333,JELLY_C,0.9374,0.0000,1.00,J_GLIDE,11.08,0.0022,0.185,0.5581,3.8056,-3.8863,-0.00168,0.01135,0.00245,0.02063,-0.0014
31.5667,JELLY_A,0.3046,-0.6225,1.00,J_PULSE_CRUISE,14.61,0.0211,0.128,1.0655,2.3125,-3.3641,0.00047,0.01050,0.00282,0.03461,0.9664
31.5667,JELLY_B,0.2903,-0.6251,1.00,J_PULSE_CRUISE,28.23,0.0489,0.086,1.4383,3.1925,-3.7357,-0.00143,0.00918,0.00427,0.02734,0.9584
31.5667,JELLY_C,0.9512,0.0000,1.00,J_GLIDE,11.07,0.0025,0.185,0.5581,3.8060,-3.8862,-0.00168,0.01140,0.00246,0.02076,-0.0010
31.6000,JELLY_A,0.3154,-0.6756,1.00,J_PULSE_CRUISE,14.65,0.0200,0.128,1.0655,2.3129,-3.3640,0.00047,0.01042,0.00277,0.03411,0.9670
31.6000,JELLY_B,0.3027,-0.6990,1.00,J_PULSE_CRUISE,28.14,0.0486,0.086,1.4383,3.1928,-3.7355,-0.00143,0.00905,0.00421,0.02685,0.9658
31.6000,JELLY_C,0.9650,0.0000,1.00,J_GLIDE,11.07,0.0029,0.185,0.5580,3.8064,-3.8861,-0.00169,0.01145,0.00246,0.02088,-0.0007
31.6333,JELLY_A,0.3262,-0.7257,1.00,J_PULSE_CRUISE,14.68,0.0188,0.128,1.0655,2.3132,-3.3639,0.00046,0.01034,0.00273,0.03357,0.9634
31.6333,JELLY_B,0.3150,-0.7687,1.00,J_PULSE_CRUISE,28.04,0.0482,0.086,1.4382,3.1931,-3.7354,-0.00143,0.00892,0.00415,0.02630,0.9668
31.6333,JELLY_C,0.9788,0.0000,1.00,J_GLIDE,11.06,0.0033,0.185,0.5580,3.8068,-3.8860,-0.00169,0.01149,0.00247,0.02100,-0.0005
31.6667,JELLY_A,0.3370,-0.7723,1.00,J_PULSE_CRUISE,14.72,0.0177,0.128,1.0656,2.3136,-3.3638,0.00046,0.01026,0.00268,0.03301,0.9558
31.6667,JELLY_B,0.3273,-0.8338,1.00,J_PULSE_CRUISE,27.95,0.0478,0.086,1.4382,3.1934,-3.7353,-0.00143,0.00879,0.00408,0.02571,0.9623
31.6667,JELLY_C,0.9926,0.0000,1.00,J_GLIDE,11.05,0.0036,0.185,0.5579,3.8072,-3.8860,-0.00169,0.01152,0.00247,0.02111,-0.0003
31.7000,JELLY_A,0.3478,-0.8154,1.00,J_PULSE_CRUISE,14.75,0.0166,0.128,1.0656,2.3139,-3.3638,0.00045,0.01018,0.00264,0.03243,0.9447
31.7000,JELLY_B,0.3397,-0.8938,1.00,J_PULSE_CRUISE,27.87,0.0475,0.086,1.4381,3.1937,-3.7351,-0.00143,0.00866,0.00403,0.02508,0.9527
31.7000,JELLY_C,0.0064,0.3260,1.00,J_PULSE_CRUISE,11.05,0.0037,0.142,0.5578,3.8076,-3.8859,-0.00170,0.01147,0.00246,0.02122,-0.0001
31.7333,JELLY_A,0.3586,-0.8546,1.00,J_PULSE_CRUISE,14.78,0.0156,0.128,1.0656,2.3142,-3.3637,0.00044,0.01010,0.00259,0.03182,0.9305
31.7333,JELLY_B,0.3520,-0.9485,1.00,J_PULSE_CRUISE,27.78,0.0471,0.086,1.4381,3.1940,-3.7350,-0.00143,0.00854,0.00397,0.02444,0.9388
31.7333,JELLY_C,0.0202,1.0147,1.00,J_PULSE_CRUISE,11.04,0.0026,0.142,0.5578,3.8079,-3.8858,-0.00171,0.01135,0.00244,0.02133,0.0008
31.7667,JELLY_A,0.3694,-0.8900,1.00,J_PULSE_CRUISE,14.81,0.0145,0.128,1.0656,2.3146,-3.3636,0.00044,0.01002,0.00255,0.03120,0.9134
31.7667,JELLY_B,0.3643,-0.9974,1.00,J_PULSE_CRUISE,27.69,0.0468,0.086,1.4380,3.1943,-3.7349,-0.00144,0.00841,0.00391,0.02378,0.9209
31.7667,JELLY_C,0.0340,1.6558,1.00,J_PULSE_CRUISE,11.04,0.0006,0.142,0.5577,3.8083,-3.8857,-0.00171,0.01128,0.00242,0.02143,0.0040
31.8000,JELLY_A,0.3802,-0.9212,1.00,J_PULSE_CRUISE,14.83,0.0135,0.128,1.0656,2.3149,-3.3635,0.00043,0.00994,0.00250,0.03057,0.8939
31.8000,JELLY_B,0.3766,-1.0403,1.00,J_PULSE_CRUISE,27.60,0.0464,0.086,1.4380,3.1946,-3.7347,-0.00144,0.00829,0.00385,0.02311,0.8997
31.8000,JELLY_C,0.0478,2.2194,1.00,J_PULSE_CRUISE,11.04,0.0031,0.142,0.5577,3.8087,-3.8856,-0.00172,0.01129,0.00242,0.02155,0.0117
31.8333,JELLY_A,0.3910,-0.9481,1.00,J_PULSE_CRUISE,14.86,0.0126,0.128,1.0656,2.3152,-3.3634,0.00043,0.00986,0.00246,0.02994,0.8722
31.8333,JELLY_B,0.3890,-1.0770,1.00,J_PULSE_CRUISE,27.51,0.0461,0.086,1.4379,3.1948,-3.7346,-0.00144,0.00817,0.00380,0.02245,0.8754
31.8333,JELLY_C,0.0616,2.6790,1.00,J_PULSE_CRUISE,11.05,0.0072,0.142,0.5576,3.8091,-3.8855,-0.00172,0.01137,0.00244,0.02167,0.0263
31.8667,JELLY_A,0.4018,-0.9707,1.00,J_PULSE_CRUISE,14.88,0.0117,0.128,1.0656,2.3156,-3.3633,0.00042,0.00978,0.00241,0.02932,0.8485
31.8667,JELLY_B,0.4013,-1.1072,1.00,J_PULSE_CRUISE,27.43,0.0458,0.086,1.4379,3.1951,-3.7345,-0.00144,0.00805,0.00374,0.02182,0.8486
31.8667,JELLY_C,0.0754,3.0132,1.00,J_PULSE_CRUISE,11.06,0.0120,0.142,0.5576,3.8094,-3.8855,-0.00172,0.01153,0.00247,0.02180,0.0500
31.9000,JELLY_A,0.4126,-0.9888,1.00,J_PULSE_CRUISE,14.90,0.0108,0.128,1.0657,2.3159,-3.3633,0.00042,0.00971,0.00237,0.02874,0.8230
31.9000,JELLY_B,0.4136,-1.1308,1.00,J_PULSE_CRUISE,27.34,0.0455,0.086,1.4378,3.1954,-3.7344,-0.00144,0.00794,0.00369,0.02122,0.8195
31.9000,JELLY_C,0.0892,3.2061,1.00,J_PULSE_CRUISE,11.09,0.0170,0.142,0.5575,3.8098,-3.8854,-0.00171,0.01173,0.00250,0.02193,0.0842
31.9333,JELLY_A,0.4234,-1.0024,1.00,J_PULSE_CRUISE,14.92,0.0099,0.128,1.0657,2.3162,-3.3632,0.00041,0.00965,0.00233,0.02820,0.7961
31.9333,JELLY_B,0.4259,-1.1475,1.00,J_PULSE_CRUISE,27.25,0.0452,0.086,1.4378,3.1956,-3.7342,-0.00143,0.00783,0.00365,0.02068,0.7884
31.9333,JELLY_C,0.1030,3.2489,1.00,J_PULSE_CRUISE,11.13,0.0221,0.142,0.5574,3.8102,-3.8853,-0.00171,0.01195,0.00254,0.02208,0.1299
31.9667,JELLY_A,0.4342,-1.0113,1.00,J_PULSE_CRUISE,14.93,0.0091,0.128,1.0657,2.3165,-3.3631,0.00041,0.00959,0.00229,0.02770,0.7677
31.9667,JELLY_B,0.4382,-1.1574,1.00,J_PULSE_CRUISE,27.17,0.0449,0.086,1.4378,3.1959,-3.7341,-0.00143,0.00774,0.00361,0.02020,0.7556
31.9667,JELLY_C,0.1168,3.1396,1.00,J_PULSE_CRUISE,11.17,0.0270,0.142,0.5574,3.8106,-3.8852,-0.00171,0.01216,0.00258,0.02223,0.1869
32.0000,JELLY_A,0.4450,-1.0156,1.00,J_PULSE_CRUISE,14.95,0.0083,0.128,1.0657,2.3168,-3.3630,0.00041,0.00954,0.00226,0.02726,0.7382
32.0000,JELLY_B,0.4505,-1.1604,1.00,J_PULSE_CRUISE,27.09,0.0446,0.086,1.4377,3.1961,-3.7340,-0.00142,0.00767,0.00357,0.01978,0.7213
32.0000,JELLY_C,0.1306,2.8831,1.00,J_PULSE_CRUISE,11.23,0.0313,0.142,0.5573,3.8110,-3.8851,-0.00170,0.01232,0.00261,0.02239,0.2542
32.0333,JELLY_A,0.4557,-1.0152,1.00,J_PULSE_CRUISE,14.96,0.0075,0.128,1.0657,2.3172,-3.3630,0.00041,0.00951,0.00222,0.02688,0.7077
32.0333,JELLY_B,0.4629,-1.1564,1.00,J_PULSE_CRUISE,27.00,0.0443,0.086,1.4377,3.1964,-3.7339,-0.00142,0.00761,0.00355,0.01942,0.6859
32.0333,JELLY_C,0.1444,2.4917,1.00,J_PULSE_CRUISE,11.29,0.0349,0.142,0.5573,3.8115,-3.8850,-0.00171,0.01241,0.00263,0.02257,0.3301
32.0667,JELLY_A,0.4665,-1.0102,1.00,J_PULSE_CRUISE,14.97,0.0068,0.128,1.0657,2.3175,-3.3629,0.00042,0.00949,0.00219,0.02654,0.6763
32.0667,JELLY_B,0.4752,-1.1455,1.00,J_PULSE_CRUISE,26.92,0.0440,0.086,1.4376,3.1966,-3.7338,-0.00140,0.00758,0.00354,0.01913,0.6495
32.0667,JELLY_C,0.1582,1.9836,1.00,J_PULSE_CRUISE,11.36,0.0375,0.142,0.5572,3.8119,-3.8850,-0.00171,0.01242,0.00263,0.02277,0.4121
32.1000,JELLY_A,0.4773,-1.0006,1.00,J_PULSE_CRUISE,14.98,0.0061,0.128,1.0657,2.3178,-3.3628,0.00042,0.00948,0.00217,0.02627,0.6443
32.1000,JELLY_B,0.4875,-1.1278,1.00,J_PULSE_CRUISE,26.83,0.0437,0.086,1.4376,3.1969,-3.7337,-0.00139,0.00756,0.00354,0.01889,0.6123
32.1000,JELLY_C,0.1720,1.3827,1.00,J_PULSE_CRUISE,11.43,0.0389,0.142,0.5572,3.8123,-3.8849,-0.00172,0.01236,0.00261,0.02302,0.4971
32.1333,JELLY_A,0.4881,-0.9864,1.00,J_PULSE_CRUISE,14.99,0.0054,0.128,1.0658,2.3181,-3.3627,0.00043,0.00949,0.00214,0.02604,0.6117
32.1333,JELLY_B,0.4998,-1.1033,1.00,J_PULSE_CRUISE,26.75,0.0435,0.086,1.4375,3.1972,-3.7335,-0.00137,0.00757,0.00354,0.01871,0.5746
32.1333,JELLY_C,0.1858,0.7170,1.00,J_PULSE_CRUISE,11.51,0.0391,0.142,0.5571,3.8127,-3.8848,-0.00173,0.01224,0.00259,0.02324,0.5818
32.1667,JELLY_A,0.4988,-0.9676,1.00,J_PULSE_CRUISE,15.00,0.0048,0.128,1.0658,2.3184,-3.3627,0.00044,0.00951,0.00212,0.02586,0.5787
32.1667,JELLY_B,0.5121,-1.0723,1.00,J_PULSE_CRUISE,26.67,0.0432,0.086,1.4375,3.1974,-3.7334,-0.00135,0.00759,0.00356,0.01858,0.5366
32.1667,JELLY_C,0.1997,0.0179,1.00,J_PULSE_CRUISE,11.58,0.0380,0.142,0.5570,3.8131,-3.8847,-0.00174,0.01209,0.00255,0.02338,0.6626
32.2000,JELLY_A,0.5096,-0.9445,1.00,J_PULSE_CRUISE,15.01,0.0042,0.128,1.0658,2.3187,-3.3626,0.00045,0.00955,0.00210,0.02573,0.5454
32.2000,JELLY_B,0.5244,-1.0348,1.00,J_PULSE_CRUISE,26.59,0.0430,0.086,1.4374,3.1977,-3.7333,-0.00133,0.00764,0.00358,0.01849,0.4985
32.2000,JELLY_C,0.2135,-0.1098,1.00,J_PULSE_CRUISE,11.65,0.0364,0.142,0.5570,3.8135,-3.8846,-0.00175,0.01195,0.00252,0.02332,0.7363
32.2333,JELLY_A,0.5204,-0.9170,1.00,J_PULSE_CRUISE,15.01,0.0037,0.128,1.0658,2.3191,-3.3625,0.00046,0.00960,0.00209,0.02564,0.5120
32.2333,JELLY_B,0.5367,-0.9913,1.00,J_PULSE_CRUISE,26.51,0.0427,0.086,1.4374,3.1979,-3.7332,-0.00131,0.00770,0.00362,0.01845,0.4605
32.2333,JELLY_C,0.2273,-0.2216,1.00,J_PULSE_CRUISE,11.72,0.0349,0.142,0.5569,3.8139,-3.8845,-0.00176,0.01180,0.00249,0.02303,0.8004
32.2667,JELLY_A,0.5311,-0.8854,1.00,J_PULSE_CRUISE,15.01,0.0033,0.128,1.0658,2.3194,-3.3625,0.00047,0.00966,0.00208,0.02559,0.4787
32.2667,JELLY_B,0.5490,-0.9418,1.00,J_PULSE_CRUISE,26.43,0.0425,0.086,1.4373,3.1982,-3.7331,-0.00128,0.00778,0.00366,0.01845,0.4228
32.2667,JELLY_C,0.2411,-0.3318,1.00,J_PULSE_CRUISE,11.78,0.0334,0.142,0.5569,3.8143,-3.8844,-0.00177,0.01166,0.00247,0.02260,0.8538
32.3000,JELLY_A,0.5419,-0.8497,1.00,J_PULSE_CRUISE,15.02,0.0030,0.128,1.0658,2.3197,-3.3624,0.00049,0.00974,0.00207,0.02557,0.4456
32.3000,JELLY_B,0.5613,-0.8867,1.00,J_PULSE_CRUISE,26.35,0.0422,0.086,1.4373,3.1984,-3.7329,-0.00125,0.00787,0.00370,0.01848,0.3857
32.3000,JELLY_C,0.2549,-0.4395,1.00,J_PULSE_CRUISE,11.85,0.0319,0.142,0.5568,3.8147,-3.8844,-0.00178,0.01152,0.00244,0.02209,0.8962
32.3333,JELLY_A,0.5527,-0.8102,1.00,J_PULSE_CRUISE,15.02,0.0028,0.128,1.0659,2.3200,-3.3623,0.00051,0.00983,0.00206,0.02559,0.4127
32.3333,JELLY_B,0.5736,-0.8264,1.00,J_PULSE_CRUISE,26.27,0.0420,0.086,1.4373,3.1987,-3.7328,-0.00122,0.00797,0.00375,0.01854,0.3493
32.3333,JELLY_C,0.2687,-0.5438,1.00,J_PULSE_CRUISE,11.91,0.0305,0.142,0.5568,3.8150,-3.8843,-0.00179,0.01138,0.00241,0.02157,0.9278
32.3667,JELLY_A,0.5634,-0.7670,1.00,J_PULSE_CRUISE,15.02,0.0028,0.128,1.0659,2.3204,-3.3623,0.00053,0.00993,0.00206,0.02563,0.3803
32.3667,JELLY_B,0.5858,-0.7612,1.00,J_PULSE_CRUISE,26.19,0.0417,0.086,1.4372,3.1990,-3.7327,-0.00119,0.00808,0.00380,0.01863,0.3138
32.3667,JELLY_C,0.2825,-0.6440,1.00,J_PULSE_CRUISE,11.96,0.0291,0.142,0.5567,3.8154,-3.8842,-0.00179,0.01124,0.00238,0.02105,0.9494
32.4000,JELLY_A,0.5742,-0.7204,1.00,J_PULSE_CRUISE,15.02,0.0028,0.128,1.0659,2.3207,-3.3622,0.00055,0.01003,0.00205,0.02570,0.3485
32.4000,JELLY_B,0.5981,-0.6915,1.00,J_PULSE_CRUISE,26.11,0.0415,0.086,1.4372,3.1992,-3.7326,-0.00116,0.00819,0.00386,0.01874,0.2795
32.4000,JELLY_C,0.2963,-0.7394,1.00,J_PULSE_CRUISE,12.02,0.0278,0.142,0.5566,3.8158,-3.8841,-0.00180,0.01110,0.00236,0.02051,0.9618
32.4333,JELLY_A,0.5849,-0.6704,1.00,J_PULSE_CRUISE,15.01,0.0030,0.128,1.0659,2.3210,-3.3621,0.00057,0.01014,0.00205,0.02580,0.3175
32.4333,JELLY_B,0.6104,-0.6177,1.00,J_PULSE_CRUISE,26.03,0.0413,0.086,1.4371,3.1995,-3.7324,-0.00113,0.00830,0.00391,0.01887,0.2466
32.4333,JELLY_C,0.3101,-0.8292,1.00,J_PULSE_CRUISE,12.07,0.0264,0.142,0.5566,3.8162,-3.8840,-0.00181,0.01097,0.00233,0.01993,0.9659
32.4667,JELLY_A,0.5957,-0.6175,1.00,J_PULSE_CRUISE,15.01,0.0033,0.128,1.0659,2.3214,-3.3620,0.00059,0.01025,0.00205,0.02591,0.2873
32.4667,JELLY_B,0.6227,-0.5403,1.00,J_PULSE_CRUISE,25.95,0.0411,0.086,1.4371,3.1998,-3.7323,-0.00110,0.00841,0.00396,0.01902,0.2151
32.4667,JELLY_C,0.3238,-0.9128,1.00,J_PULSE_CRUISE,12.12,0.0252,0.142,0.5565,3.8165,-3.8840,-0.00182,0.01083,0.00231,0.01933,0.9627
32.5000,JELLY_A,0.6064,-0.5618,1.00,J_PULSE_CRUISE,15.01,0.0036,0.128,1.0659,2.3217,-3.3620,0.00061,0.01036,0.00205,0.02604,0.2580
32.5000,JELLY_B,0.6350,-0.4597,1.00,J_PULSE_CRUISE,25.87,0.0409,0.086,1.4371,3.2001,-3.7322,-0.00107,0.00852,0.00401,0.01918,0.1854
32.5000,JELLY_C,0.3376,-0.9895,1.00,J_PULSE_CRUISE,12.17,0.0239,0.142,0.5565,3.8169,-3.8839,-0.00183,0.01070,0.00228,0.01869,0.9531
32.5333,JELLY_A,0.6172,-0.5035,1.00,J_PULSE_CRUISE,15.00,0.0039,0.128,1.0660,2.3221,-3.3619,0.00064,0.01048,0.00204,0.02619,0.2300
32.5333,JELLY_B,0.6473,-0.3764,1.00,J_PULSE_CRUISE,25.80,0.0406,0.086,1.4370,3.2004,-3.7320,-0.00104,0.00863,0.00406,0.01936,0.1576
32.5333,JELLY_C,0.3514,-1.0587,1.00,J_PULSE_CRUISE,12.21,0.0228,0.142,0.5564,3.8172,-3.8838,-0.00184,0.01057,0.00226,0.01802,0.9379
32.5667,JELLY_A,0.6279,-0.4430,1.00,J_PULSE_CRUISE,15.00,0.0043,0.128,1.0660,2.3224,-3.3618,0.00066,0.01059,0.00204,0.02635,0.2031
32.5667,JELLY_B,0.6595,-0.2910,1.00,J_PULSE_CRUISE,25.72,0.0404,0.086,1.4370,3.2006,-3.7319,-0.00101,0.00873,0.00411,0.01955,0.1318
32.5667,JELLY_C,0.3652,-1.1200,1.00,J_PULSE_CRUISE,12.25,0.0216,0.142,0.5563,3.8176,-3.8837,-0.00185,0.01045,0.00224,0.01733,0.9178
32.6000,JELLY_A,0.6387,-0.3805,1.00,J_PULSE_CRUISE,14.99,0.0047,0.128,1.0660,2.3228,-3.3618,0.00068,0.01070,0.00203,0.02653,0.1777
32.6000,JELLY_B,0.6718,-0.2038,1.00,J_PULSE_CRUISE,25.64,0.0402,0.086,1.4370,3.2009,-3.7317,-0.00098,0.00884,0.00415,0.01974,0.1082
32.6000,JELLY_C,0.3790,-1.1729,1.00,J_PULSE_CRUISE,12.30,0.0205,0.142,0.5563,3.8179,-3.8837,-0.00185,0.01032,0.00221,0.01664,0.8935
32.6333,JELLY_A,0.6494,-0.3163,1.00,J_PULSE_CRUISE,14.98,0.0051,0.128,1.0660,2.3231,-3.3617,0.00070,0.01080,0.00203,0.02671,0.1537
32.6333,JELLY_B,0.6841,-0.1155,1.00,J_PULSE_CRUISE,25.57,0.0400,0.086,1.4369,3.2012,-3.7316,-0.00095,0.00894,0.00419,0.01994,0.0869
32.6333,JELLY_C,0.3928,-1.2169,1.00,J_PULSE_CRUISE,12.33,0.0194,0.142,0.5562,3.8183,-3.8836,-0.00186,0.01019,0.00219,0.01597,0.8656
32.6667,JELLY_A,0.6601,-0.2508,1.00,J_PULSE_CRUISE,14.97,0.0055,0.128,1.0661,2.3235,-3.3616,0.00072,0.01091,0.00202,0.02690,0.1313
32.6667,JELLY_B,0.6963,-0.0266,1.00,J_PULSE_CRUISE,25.49,0.0398,0.086,1.4369,3.2015,-3.7315,-0.00092,0.00904,0.00424,0.02015,0.0681
32.6667,JELLY_C,0.4066,-1.2518,1.00,J_PULSE_CRUISE,12.37,0.0183,0.142,0.5561,3.8186,-3.8835,-0.00187,0.01007,0.00217,0.01536,0.8345
32.7000,JELLY_A,0.6709,-0.1841,1.00,J_PULSE_CRUISE,14.96,0.0059,0.128,1.0661,2.3239,-3.3616,0.00074,0.01102,0.00202,0.02710,0.1105
32.7000,JELLY_B,0.7086,0.0000,1.00,J_GLIDE,25.42,0.0396,0.086,1.4369,3.2018,-3.7313,-0.00089,0.00913,0.00428,0.02036,0.0519
32.7000,JELLY_C,0.4204,-1.2773,1.00,J_PULSE_CRUISE,12.40,0.0173,0.142,0.5561,3.8189,-3.8834,-0.00187,0.00996,0.00215,0.01481,0.8008
32.7333,JELLY_A,0.6816,-0.1167,1.00,J_PULSE_CRUISE,14.95,0.0063,0.128,1.0661,2.3242,-3.3615,0.00076,0.01112,0.00201,0.02730,0.0916
32.7333,JELLY_B,0.7209,0.0000,1.00,J_GLIDE,25.34,0.0394,0.086,1.4368,3.2021,-3.7312,-0.00087,0.00922,0.00431,0.02057,0.0382
32.7333,JELLY_C,0.4342,-1.2932,1.00,J_PULSE_CRUISE,12.44,0.0162,0.142,0.5560,3.8193,-3.8834,-0.00188,0.00987,0.00214,0.01436,0.7648
32.7667,JELLY_A,0.6923,-0.0487,1.00,J_PULSE_CRUISE,14.94,0.0066,0.128,1.0661,2.3246,-3.3614,0.00078,0.01122,0.00200,0.02751,0.0745
32.7667,JELLY_B,0.7331,0.0000,1.00,J_GLIDE,25.26,0.0393,0.086,1.4368,3.2025,-3.7310,-0.00084,0.00930,0.00434,0.02078,0.0269
32.7667,JELLY_C,0.4480,-1.2994,1.00,J_PULSE_CRUISE,12.47,0.0153,0.142,0.5560,3.8196,-3.8833,-0.00188,0.00980,0.00213,0.01399,0.7269
32.8000,JELLY_A,0.7031,0.0000,1.00,J_GLIDE,14.93,0.0070,0.128,1.0662,2.3250,-3.3614,0.00080,0.01133,0.00199,0.02772,0.0593
32.8000,JELLY_B,0.7454,0.0000,1.00,J_GLIDE,25.19,0.0391,0.086,1.4368,3.2028,-3.7309,-0.00081,0.00937,0.00437,0.02099,0.0179
32.8000,JELLY_C,0.4618,-1.2959,1.00,J_PULSE_CRUISE,12.49,0.0143,0.142,0.5559,3.8199,-3.8832,-0.00189,0.00976,0.00213,0.01371,0.6874
32.8333,JELLY_A,0.7138,0.0000,1.00,J_GLIDE,14.91,0.0074,0.128,1.0662,2.3254,-3.3613,0.00082,0.01142,0.00198,0.02793,0.0461
32.8333,JELLY_B,0.7576,0.0000,1.00,J_GLIDE,25.12,0.0389,0.086,1.4368,3.2031,-3.7307,-0.00079,0.00944,0.00439,0.02120,0.0109
32.8333,JELLY_C,0.4756,-1.2826,1.00,J_PULSE_CRUISE,12.52,0.0134,0.142,0.5558,3.8203,-3.8832,-0.00189,0.00974,0.00213,0.01351,0.6467
32.8667,JELLY_A,0.7245,0.0000,1.00,J_GLIDE,14.90,0.0077,0.128,1.0662,2.3257,-3.3612,0.00084,0.01151,0.00197,0.02814,0.0349
32.8667,JELLY_B,0.7699,0.0000,1.00,J_GLIDE,25.04,0.0387,0.086,1.4367,3.2034,-3.7306,-0.00077,0.00950,0.00441,0.02141,0.0056
32.8667,JELLY_C,0.4893,-1.2597,1.00,J_PULSE_CRUISE,12.55,0.0125,0.142,0.5558,3.8206,-3.8831,-0.00189,0.00976,0.00214,0.01340,0.6051
32.9000,JELLY_A,0.7352,0.0000,1.00,J_GLIDE,14.88,0.0081,0.128,1.0662,2.3261,-3.3612,0.00086,0.01160,0.00196,0.02835,0.0254
32.9000,JELLY_B,0.7821,0.0000,1.00,J_GLIDE,24.97,0.0385,0.086,1.4367,3.2037,-3.7305,-0.00074,0.00955,0.00443,0.02161,0.0017
32.9000,JELLY_C,0.5031,-1.2274,1.00,J_PULSE_CRUISE,12.57,0.0116,0.142,0.5557,3.8209,-3.8830,-0.00189,0.00981,0.00215,0.01336,0.5628
32.9333,JELLY_A,0.7459,0.0000,1.00,J_GLIDE,14.87,0.0084,0.128,1.0663,2.3265,-3.3611,0.00087,0.01168,0.00194,0.02856,0.0177
32.9333,JELLY_B,0.7944,0.0000,1.00,J_GLIDE,24.90,0.0384,0.086,1.4367,3.2040,-3.7303,-0.00072,0.00959,0.00444,0.02181,-0.0010
32.9333,JELLY_C,0.5169,-1.1858,1.00,J_PULSE_CRUISE,12.59,0.0108,0.142,0.5556,3.8212,-3.8829,-0.00189,0.00989,0.00218,0.01338,0.5202
32.9667,JELLY_A,0.7566,0.0000,1.00,J_GLIDE,14.85,0.0088,0.128,1.0663,2.3269,-3.3610,0.00089,0.01176,0.00192,0.02877,0.0115
32.9667,JELLY_B,0.8066,0.0000,1.00,J_GLIDE,24.82,0.0382,0.086,1.4367,3.2044,-3.7302,-0.00070,0.00963,0.00445,0.02201,-0.0028
32.9667,JELLY_C,0.5307,-1.1354,1.00,J_PULSE_CRUISE,12.61,0.0100,0.142,0.5556,3.8216,-3.8829,-0.00188,0.01000,0.00221,0.01347,0.4776
33.0000,JELLY_A,0.7674,0.0000,1.00,J_GLIDE,14.84,0.0091,0.128,1.0663,2.3273,-3.3610,0.00091,0.01183,0.00191,0.02897,0.0066
33.0000,JELLY_B,0.8189,0.0000,1.00,J_GLIDE,24.75,0.0380,0.086,1.4366,3.2047,-3.7300,-0.00068,0.00967,0.00446,0.02220,-0.0038
33.0000,JELLY_C,0.5445,-1.0766,1.00,J_PULSE_CRUISE,12.63,0.0092,0.142,0.5555,3.8219,-3.8828,-0.00188,0.01013,0.00224,0.01360,0.4352
33.0333,JELLY_A,0.7781,0.0000,1.00,J_GLIDE,14.82,0.0094,0.128,1.0664,2.3277,-3.3609,0.00092,0.01189,0.00189,0.02917,0.0028
33.0333,JELLY_B,0.8311,0.0000,1.00,J_GLIDE,24.68,0.0378,0.086,1.4366,3.2050,-3.7299,-0.00066,0.00969,0.00447,0.02240,-0.0043
33.0333,JELLY_C,0.5582,-1.0096,1.00,J_PULSE_CRUISE,12.65,0.0084,0.142,0.5555,3.8222,-3.8827,-0.00187,0.01028,0.00228,0.01377,0.3935
33.0667,JELLY_A,0.7888,0.0000,1.00,J_GLIDE,14.80,0.0097,0.128,1.0664,2.3281,-3.3609,0.00093,0.01196,0.00187,0.02937,0.0001
33.0667,JELLY_B,0.8434,0.0000,1.00,J_GLIDE,24.61,0.0377,0.086,1.4366,3.2053,-3.7297,-0.00064,0.00972,0.00447,0.02258,-0.0044
33.0667,JELLY_C,0.5720,-0.9351,1.00,J_PULSE_CRUISE,12.66,0.0076,0.142,0.5554,3.8226,-3.8826,-0.00187,0.01046,0.00233,0.01398,0.3526
33.1000,JELLY_A,0.7995,0.0000,1.00,J_GLIDE,14.78,0.0100,0.128,1.0664,2.3285,-3.3608,0.00095,0.01201,0.00185,0.02957,-0.0019
33.1000,JELLY_B,0.8556,0.0000,1.00,J_GLIDE,24.53,0.0375,0.086,1.4366,3.2056,-3.7296,-0.00062,0.00974,0.00447,0.02277,-0.0043
33.1000,JELLY_C,0.5858,-0.8537,1.00,J_PULSE_CRUISE,12.68,0.0069,0.142,0.5553,3.8229,-3.8826,-0.00186,0.01064,0.00237,0.01423,0.3129
33.1333,JELLY_A,0.8102,0.0000,1.00,J_GLIDE,14.76,0.0103,0.128,1.0665,2.3289,-3.3607,0.00096,0.01207,0.00183,0.02976,-0.0032
33.1333,JELLY_B,0.8678,0.0000,1.00,J_GLIDE,24.46,0.0374,0.086,1.4366,3.2060,-3.7294,-0.00061,0.00975,0.00447,0.02294,-0.0040
33.1333,JELLY_C,0.5996,-0.7658,1.00,J_PULSE_CRUISE,12.69,0.0062,0.142,0.5553,3.8233,-3.8825,-0.00185,0.01083,0.00242,0.01451,0.2746
33.1667,JELLY_A,0.8209,0.0000,1.00,J_GLIDE,14.74,0.0106,0.128,1.0665,2.3293,-3.3607,0.00097,0.01211,0.00180,0.02995,-0.0041
33.1667,JELLY_B,0.8801,0.0000,1.00,J_GLIDE,24.39,0.0372,0.086,1.4365,3.2063,-3.7293,-0.00059,0.00976,0.00446,0.02312,-0.0035
33.1667,JELLY_C,0.6134,-0.6723,1.00,J_PULSE_CRUISE,12.70,0.0055,0.142,0.5552,3.8237,-3.8824,-0.00185,0.01102,0.00246,0.01481,0.2380
33.2000,JELLY_A,0.8316,0.0000,1.00,J_GLIDE,14.72,0.0108,0.128,1.0665,2.3297,-3.3606,0.00098,0.01216,0.00178,0.03013,-0.0045
33.2000,JELLY_B,0.8923,0.0000,1.00,J_GLIDE,24.32,0.0371,0.086,1.4365,3.2066,-3.7291,-0.00057,0.00976,0.00445,0.02329,-0.0031
33.2000,JELLY_C,0.6271,-0.5738,1.00,J_PULSE_CRUISE,12.71,0.0048,0.142,0.5551,3.8240,-3.8823,-0.00184,0.01120,0.00251,0.01512,0.2034
33.2333,JELLY_A,0.8423,0.0000,1.00,J_GLIDE,14.70,0.0111,0.128,1.0666,2.3301,-3.3606,0.00099,0.01220,0.00175,0.03031,-0.0046
33.2333,JELLY_B,0.9045,0.0000,1.00,J_GLIDE,24.25,0.0369,0.086,1.4365,3.2069,-3.7290,-0.00056,0.00976,0.00444,0.02346,-0.0026
33.2333,JELLY_C,0.6409,-0.4710,1.00,J_PULSE_CRUISE,12.72,0.0042,0.142,0.5551,3.8244,-3.8822,-0.00184,0.01138,0.00255,0.01545,0.1711
33.2667,JELLY_A,0.8530,0.0000,1.00,J_GLIDE,14.68,0.0113,0.128,1.0666,2.3305,-3.3605,0.00100,0.01224,0.00173,0.03049,-0.0045
33.2667,JELLY_B,0.9167,0.0000,1.00,J_GLIDE,24.18,0.0367,0.086,1.4365,3.2073,-3.7288,-0.00054,0.00975,0.00443,0.02362,-0.0021
33.2667,JELLY_C,0.6547,-0.3647,1.00,J_PULSE_CRUISE,12.73,0.0036,0.142,0.5550,3.8248,-3.8822,-0.00183,0.01156,0.00260,0.01577,0.1412
33.3000,JELLY_A,0.8636,0.0000,1.00,J_GLIDE,14.66,0.0116,0.128,1.0666,2.3309,-3.3604,0.00101,0.01227,0.00170,0.03066,-0.0042
33.3000,JELLY_B,0.9290,0.0000,1.00,J_GLIDE,24.11,0.0366,0.086,1.4365,3.2076,-3.7287,-0.00053,0.00974,0.00442,0.02379,-0.0017
33.3000,JELLY_C,0.6684,-0.2557,1.00,J_PULSE_CRUISE,12.73,0.0030,0.142,0.5550,3.8252,-3.8821,-0.00182,0.01174,0.00264,0.01610,0.1140
33.3333,JELLY_A,0.8743,0.0000,1.00,J_GLIDE,14.64,0.0118,0.128,1.0667,2.3313,-3.3604,0.00102,0.01230,0.00167,0.03083,-0.0039
33.3333,JELLY_B,0.9412,0.0000,1.00,J_GLIDE,24.04,0.0365,0.086,1.4364,3.2079,-3.7285,-0.00052,0.00973,0.00441,0.02395,-0.0013
33.3333,JELLY_C,0.6822,-0.1448,1.00,J_PULSE_CRUISE,12.74,0.0024,0.142,0.5549,3.8256,-3.8820,-0.00182,0.01191,0.00268,0.01643,0.0897
33.3667,JELLY_A,0.8850,0.0000,1.00,J_GLIDE,14.61,0.0121,0.128,1.0667,2.3317,-3.3603,0.00103,0.01233,0.00164,0.03099,-0.0034
33.3667,JELLY_B,0.9534,0.0000,1.00,J_GLIDE,23.97,0.0363,0.086,1.4364,3.2082,-3.7284,-0.00050,0.00971,0.00439,0.02411,-0.0010
33.3667,JELLY_C,0.6960,-0.0330,1.00,J_PULSE_CRUISE,12.74,0.0018,0.142,0.5548,3.8260,-3.8819,-0.00181,0.01208,0.00272,0.01675,0.0685
33.4000,JELLY_A,0.8957,0.0000,1.00,J_GLIDE,14.59,0.0123,0.128,1.0667,2.3322,-3.3603,0.00104,0.01235,0.00161,0.03115,-0.0030
33.4000,JELLY_B,0.9656,0.0000,1.00,J_GLIDE,23.90,0.0362,0.086,1.4364,3.2086,-3.7282,-0.00049,0.00969,0.00437,0.02426,-0.0007
33.4000,JELLY_C,0.7097,0.0000,1.00,J_GLIDE,12.74,0.0013,0.142,0.5548,3.8264,-3.8818,-0.00181,0.01225,0.00276,0.01707,0.0504
33.4333,JELLY_A,0.9064,0.0000,1.00,J_GLIDE,14.57,0.0125,0.128,1.0668,2.3326,-3.3602,0.00105,0.01237,0.00158,0.03131,-0.0026
33.4333,JELLY_B,0.9778,0.0000,1.00,J_GLIDE,23.83,0.0360,0.086,1.4364,3.2089,-3.7281,-0.00048,0.00967,0.00435,0.02442,-0.0005
33.4333,JELLY_C,0.7235,0.0000,1.00,J_GLIDE,12.75,0.0008,0.142,0.5547,3.8268,-3.8817,-0.00180,0.01240,0.00280,0.01738,0.0356
33.4667,JELLY_A,0.9170,0.0000,1.00,J_GLIDE,14.54,0.0127,0.128,1.0668,2.3330,-3.3602,0.00105,0.01238,0.00155,0.03146,-0.0022
33.4667,JELLY_B,0.9900,0.0000,1.00,J_GLIDE,23.76,0.0359,0.086,1.4364,3.2092,-3.7279,-0.00047,0.00964,0.00433,0.02457,-0.0003
33.4667,JELLY_C,0.7372,0.0000,1.00,J_GLIDE,12.75,0.0005,0.142,0.5547,3.8272,-3.8816,-0.00180,0.01254,0.00283,0.01767,0.0238
33.5000,JELLY_A,0.9277,0.0000,1.00,J_GLIDE,14.52,0.0129,0.128,1.0668,2.3334,-3.3601,0.00106,0.01240,0.00152,0.03161,-0.0018
33.5000,JELLY_B,0.0022,0.0050,0.05,J_DRIFT_IDLE,23.70,0.0357,0.000,1.4364,3.2095,-3.7278,-0.00046,0.00958,0.00430,0.02472,-0.0002
33.5000,JELLY_C,0.7510,0.0000,1.00,J_GLIDE,12.75,0.0006,0.142,0.5546,3.8276,-3.8815,-0.00180,0.01267,0.00286,0.01795,0.0147
33.5333,JELLY_A,0.9384,0.0000,1.00,J_GLIDE,14.49,0.0131,0.128,1.0669,2.3338,-3.3601,0.00107,0.01241,0.00149,0.03176,-0.0015
33.5333,JELLY_B,0.0144,0.0323,0.05,J_DRIFT_IDLE,23.63,0.0356,0.000,1.4363,3.2099,-3.7277,-0.00046,0.00943,0.00422,0.02487,-0.0001
33.5333,JELLY_C,0.7647,0.0000,1.00,J_GLIDE,12.75,0.0010,0.142,0.5545,3.8281,-3.8814,-0.00180,0.01278,0.00289,0.01823,0.0079
33.5667,JELLY_A,0.9490,0.0000,1.00,J_GLIDE,14.47,0.0133,0.128,1.0669,2.3342,-3.3600,0.00107,0.01241,0.00145,0.03190,-0.0011
33.5667,JELLY_B,0.0266,0.0583,0.05,J_DRIFT_IDLE,23.56,0.0355,0.000,1.4363,3.2102,-3.7275,-0.00047,0.00928,0.00415,0.02501,0.0001
33.5667,JELLY_C,0.7785,0.0000,1.00,J_GLIDE,12.74,0.0015,0.142,0.5545,3.8285,-3.8813,-0.00179,0.01289,0.00291,0.01848,0.0030
33.6000,JELLY_A,0.9597,0.0000,1.00,J_GLIDE,14.44,0.0135,0.128,1.0669,2.3346,-3.3600,0.00108,0.01242,0.00142,0.03204,-0.0009
33.6000,JELLY_B,0.0388,0.0823,0.05,J_DRIFT_IDLE,23.49,0.0353,0.000,1.4363,3.2105,-3.7274,-0.00047,0.00914,0.00408,0.02514,0.0003
33.6000,JELLY_C,0.7923,0.0000,1.00,J_GLIDE,12.74,0.0019,0.142,0.5544,3.8289,-3.8812,-0.00179,0.01299,0.00294,0.01873,-0.0003
33.6333,JELLY_A,0.9704,0.0000,1.00,J_GLIDE,14.42,0.0136,0.128,1.0670,2.3350,-3.3599,0.00108,0.01242,0.00139,0.03218,-0.0007
33.6333,JELLY_B,0.0510,0.1032,0.05,J_DRIFT_IDLE,23.43,0.0352,0.000,1.4363,3.2108,-3.7272,-0.00047,0.00899,0.00401,0.02528,0.0007
33.6333,JELLY_C,0.8060,0.0000,1.00,J_GLIDE,12.74,0.0024,0.142,0.5544,3.8294,-3.8811,-0.00179,0.01307,0.00296,0.01896,-0.0024
33.6667,JELLY_A,0.9810,0.0000,1.00,J_GLIDE,14.39,0.0138,0.128,1.0670,2.3355,-3.3599,0.00109,0.01242,0.00135,0.03231,-0.0005
33.6667,JELLY_B,0.0632,0.1203,0.05,J_DRIFT_IDLE,23.36,0.0351,0.000,1.4363,3.2111,-3.7271,-0.00048,0.00885,0.00395,0.02540,0.0014
33.6667,JELLY_C,0.8197,0.0000,1.00,J_GLIDE,12.73,0.0028,0.142,0.5543,3.8298,-3.8810,-0.00179,0.01315,0.00298,0.01918,-0.0036
33.7000,JELLY_A,0.9917,0.0000,1.00,J_GLIDE,14.37,0.0140,0.128,1.0670,2.3359,-3.3598,0.00109,0.01242,0.00132,0.03244,-0.0003
33.7000,JELLY_B,0.0754,0.1330,0.05,J_DRIFT_IDLE,23.29,0.0350,0.000,1.4363,3.2114,-3.7270,-0.00048,0.00871,0.00388,0.02553,0.0025
33.7000,JELLY_C,0.8335,0.0000,1.00,J_GLIDE,12.73,0.0032,0.142,0.5542,3.8302,-3.8809,-0.00179,0.01322,0.00299,0.01939,-0.0042
33.7333,JELLY_A,0.0023,0.0924,1.00,J_PULSE_CRUISE,14.34,0.0141,0.139,1.0671,2.3363,-3.3598,0.00109,0.01239,0.00128,0.03257,-0.0002
33.7333,JELLY_B,0.0876,0.1408,0.05,J_DRIFT_IDLE,23.23,0.0348,0.000,1.4363,3.2116,-3.7269,-0.00048,0.00857,0.00382,0.02565,0.0039
33.7333,JELLY_C,0.8472,0.0000,1.00,J_GLIDE,12.72,0.0036,0.142,0.5542,3.8307,-3.8808,-0.00179,0.01328,0.00301,0.01959,-0.0042
33.7667,JELLY_A,0.0130,0.5087,1.00,J_PULSE_CRUISE,14.31,0.0135,0.139,1.0671,2.3367,-3.3597,0.00108,0.01229,0.00122,0.03270,0.0001
33.7667,JELLY_B,0.0998,0.1435,0.05,J_DRIFT_IDLE,23.16,0.0347,0.000,1.4362,3.2119,-3.7267,-0.00049,0.00844,0.00375,0.02577,0.0058
33.7667,JELLY_C,0.8610,0.0000,1.00,J_GLIDE,12.71,0.0040,0.142,0.5541,3.8311,-3.8807,-0.00179,0.01333,0.00302,0.01977,-0.0040
33.8000,JELLY_A,0.0236,0.9104,1.00,J_PULSE_CRUISE,14.29,0.0122,0.139,1.0672,2.3371,-3.3597,0.00107,0.01221,0.00117,0.03282,0.0011
33.8000,JELLY_B,0.1119,0.1410,0.05,J_DRIFT_IDLE,23.09,0.0346,0.000,1.4362,3.2122,-3.7266,-0.00049,0.00831,0.00369,0.02589,0.0082
33.8000,JELLY_C,0.8747,0.0000,1.00,J_GLIDE,12.70,0.0044,0.142,0.5541,3.8316,-3.8806,-0.00179,0.01337,0.00303,0.01994,-0.0036
33.8333,JELLY_A,0.0343,1.2865,1.00,J_PULSE_CRUISE,14.27,0.0103,0.139,1.0672,2.3375,-3.3597,0.00107,0.01215,0.00112,0.03296,0.0037
33.8333,JELLY_B,0.1241,0.1333,0.05,J_DRIFT_IDLE,23.03,0.0345,0.000,1.4362,3.2125,-3.7265,-0.00049,0.00817,0.00363,0.02601,0.0109
33.8333,JELLY_C,0.8885,0.0000,1.00,J_GLIDE,12.70,0.0048,0.142,0.5540,3.8320,-3.8805,-0.00180,0.01340,0.00304,0.02011,-0.0031
33.8667,JELLY_A,0.0449,1.6264,1.00,J_PULSE_CRUISE,14.25,0.0083,0.139,1.0672,2.3379,-3.3596,0.00107,0.01213,0.00109,0.03310,0.0089
33.8667,JELLY_B,0.1363,0.1207,0.05,J_DRIFT_IDLE,22.96,0.0343,0.000,1.4362,3.2128,-3.7264,-0.00049,0.00805,0.00357,0.02612,0.0141
33.8667,JELLY_C,0.9022,0.0000,1.00,J_GLIDE,12.69,0.0051,0.142,0.5539,3.8325,-3.8804,-0.00180,0.01343,0.00305,0.02026,-0.0026
33.9000,JELLY_A,0.0556,1.9207,1.00,J_PULSE_CRUISE,14.24,0.0073,0.139,1.0673,2.3383,-3.3596,0.00108,0.01214,0.00106,0.03327,0.0178
33.9000,JELLY_B,0.1485,0.1038,0.05,J_DRIFT_IDLE,22.90,0.0342,0.000,1.4362,3.2130,-3.7262,-0.00049,0.00792,0.00351,0.02623,0.0175
33.9000,JELLY_C,0.9159,0.0000,1.00,J_GLIDE,12.68,0.0055,0.142,0.5539,3.8329,-3.8803,-0.00180,0.01345,0.00306,0.02040,-0.0021
33.9333,JELLY_A,0.0662,2.1613,1.00,J_PULSE_CRUISE,14.24,0.0085,0.139,1.0673,2.3387,-3.3596,0.00109,0.01218,0.00103,0.03345,0.0315
33.9333,JELLY_B,0.1606,0.0831,0.05,J_DRIFT_IDLE,22.83,0.0341,0.000,1.4362,3.2133,-3.7261,-0.00050,0.00779,0.00346,0.02634,0.0212
33.9333,JELLY_C,0.9296,0.0000,1.00,J_GLIDE,12.67,0.0058,0.142,0.5538,3.8334,-3.8802,-0.00180,0.01347,0.00306,0.02054,-0.0016
33.9667,JELLY_A,0.0768,2.3416,1.00,J_PULSE_CRUISE,14.24,0.0117,0.139,1.0673,2.3391,-3.3595,0.00110,0.01226,0.00102,0.03365,0.0509
33.9667,JELLY_B,0.1728,0.0594,0.05,J_DRIFT_IDLE,22.77,0.0340,0.000,1.4361,3.2135,-3.7260,-0.00050,0.00767,0.00340,0.02644,0.0249
33.9667,JELLY_C,0.9434,0.0000,1.00,J_GLIDE,12.65,0.0062,0.142,0.5538,3.8338,-3.8801,-0.00181,0.01348,0.00306,0.02066,-0.0012
34.0000,JELLY_A,0.0875,2.4565,1.00,J_PULSE_CRUISE,14.25,0.0159,0.139,1.0674,2.3395,-3.3595,0.00112,0.01236,0.00100,0.03388,0.0766
34.0000,JELLY_B,0.1850,0.0335,0.05,J_DRIFT_IDLE,22.70,0.0339,0.000,1.4361,3.2138,-3.7259,-0.00050,0.00754,0.00335,0.02655,0.0287
34.0000,JELLY_C,0.9571,0.0000,1.00,J_GLIDE,12.64,0.0065,0.142,0.5537,3.8343,-3.8800,-0.00181,0.01348,0.00307,0.02078,-0.0009
34.0333,JELLY_A,0.0981,2.5031,1.00,J_PULSE_CRUISE,14.27,0.0205,0.139,1.0674,2.3400,-3.3595,0.00114,0.01246,0.00099,0.03414,0.1089
34.0333,JELLY_B,0.1971,0.0065,0.05,J_DRIFT_IDLE,22.64,0.0337,0.000,1.4361,3.2140,-3.7258,-0.00050,0.00742,0.00329,0.02665,0.0323
34.0333,JELLY_C,0.9708,0.0000,1.00,J_GLIDE,12.63,0.0068,0.142,0.5536,3.8347,-3.8799,-0.00181,0.01347,0.00307,0.02090,-0.0006
34.0667,JELLY_A,0.1087,2.4801,1.00,J_PULSE_CRUISE,14.30,0.0251,0.139,1.0674,2.3404,-3.3594,0.00116,0.01257,0.00098,0.03442,0.1481
34.0667,JELLY_B,0.2093,-0.0033,0.05,J_DRIFT_IDLE,22.57,0.0336,0.000,1.4361,3.2143,-3.7257,-0.00050,0.00730,0.00324,0.02675,0.0357
34.0667,JELLY_C,0.9845,0.0000,1.00,J_GLIDE,12.62,0.0071,0.142,0.5536,3.8352,-3.8798,-0.00182,0.01346,0.00307,0.02100,-0.0004
34.1000,JELLY_A,0.1194,2.3881,1.00,J_PULSE_CRUISE,14.34,0.0295,0.139,1.0675,2.3408,-3.3594,0.00117,0.01267,0.00097,0.03474,0.1939
34.1000,JELLY_B,0.2214,-0.0077,0.05,J_DRIFT_IDLE,22.51,0.0335,0.000,1.4361,3.2145,-3.7256,-0.00050,0.00718,0.00319,0.02686,0.0387
34.1000,JELLY_C,0.9983,0.0000,1.00,J_GLIDE,12.60,0.0074,0.142,0.5535,3.8356,-3.8797,-0.00182,0.01345,0.00307,0.02110,-0.0002
34.1333,JELLY_A,0.1300,2.2300,1.00,J_PULSE_CRUISE,14.39,0.0335,0.139,1.0675,2.3412,-3.3594,0.00119,0.01274,0.00095,0.03510,0.2457
34.1333,JELLY_B,0.2336,-0.0120,0.05,J_DRIFT_IDLE,22.44,0.0334,0.000,1.4361,3.2148,-3.7255,-0.00050,0.00706,0.00314,0.02696,0.0413
34.1333,JELLY_C,0.0120,0.6044,1.00,J_PULSE_CRUISE,12.59,0.0071,0.128,0.5535,3.8360,-3.8796,-0.00183,0.01328,0.00303,0.02120,0.0001
34.1667,JELLY_A,0.1406,2.0100,1.00,J_PULSE_CRUISE,14.44,0.0370,0.139,1.0676,2.3416,-3.3593,0.00120,0.01278,0.00092,0.03551,0.3027
34.1667,JELLY_B,0.2457,-0.0162,0.05,J_DRIFT_IDLE,22.38,0.0333,0.000,1.4360,3.2150,-3.7254,-0.00051,0.00695,0.00308,0.02706,0.0435
34.1667,JELLY_C,0.0257,1.2687,1.00,J_PULSE_CRUISE,12.58,0.0057,0.128,0.5534,3.8365,-3.8795,-0.00184,0.01314,0.00300,0.02129,0.0016
34.2000,JELLY_A,0.1512,1.7345,1.00,J_PULSE_CRUISE,14.50,0.0397,0.139,1.0676,2.3421,-3.3593,0.00120,0.01279,0.00089,0.03596,0.3639
34.2000,JELLY_B,0.2579,-0.0204,0.05,J_DRIFT_IDLE,22.32,0.0332,0.000,1.4360,3.2152,-3.7253,-0.00051,0.00683,0.00304,0.02716,0.0452
34.2000,JELLY_C,0.0394,1.8741,1.00,J_PULSE_CRUISE,12.57,0.0032,0.128,0.5533,3.8369,-3.8794,-0.00185,0.01306,0.00299,0.02139,0.0061
34.2333,JELLY_A,0.1618,1.4110,1.00,J_PULSE_CRUISE,14.56,0.0417,0.139,1.0676,2.3425,-3.3593,0.00120,0.01276,0.00085,0.03641,0.4280
34.2333,JELLY_B,0.2700,-0.0244,0.05,J_DRIFT_IDLE,22.25,0.0331,0.000,1.4360,3.2154,-3.7252,-0.00051,0.00672,0.00299,0.02725,0.0466
34.2333,JELLY_C,0.0531,2.3925,1.00,J_PULSE_CRUISE,12.56,0.0006,0.128,0.5533,3.8374,-3.8793,-0.00186,0.01305,0.00299,0.02150,0.0161
34.2667,JELLY_A,0.1724,1.0488,1.00,J_PULSE_CRUISE,14.63,0.0428,0.139,1.0677,2.3429,-3.3592,0.00120,0.01270,0.00080,0.03681,0.4935
34.2667,JELLY_B,0.2822,-0.0282,0.05,J_DRIFT_IDLE,22.19,0.0330,0.000,1.4360,3.2157,-3.7251,-0.00051,0.00661,0.00294,0.02735,0.0475
34.2667,JELLY_C,0.0668,2.8002,1.00,J_PULSE_CRUISE,12.57,0.0042,0.128,0.5532,3.8378,-3.8792,-0.00186,0.01312,0.00301,0.02162,0.0337
34.3000,JELLY_A,0.1830,0.6577,1.00,J_PULSE_CRUISE,14.69,0.0429,0.139,1.0677,2.3433,-3.3592,0.00119,0.01261,0.00075,0.03709,0.5589
34.3000,JELLY_B,0.2943,-0.0319,0.05,J_DRIFT_IDLE,22.13,0.0328,0.000,1.4360,3.2159,-3.7250,-0.00051,0.00650,0.00289,0.02745,0.0481
34.3000,JELLY_C,0.0805,3.0785,1.00,J_PULSE_CRUISE,12.58,0.0086,0.128,0.5531,3.8382,-3.8791,-0.00185,0.01325,0.00304,0.02175,0.0609
34.3333,JELLY_A,0.1937,0.2487,1.00,J_PULSE_CRUISE,14.76,0.0421,0.139,1.0678,2.3438,-3.3592,0.00118,0.01251,0.00070,0.03721,0.6226
34.3333,JELLY_B,0.3064,-0.0355,0.05,J_DRIFT_IDLE,22.07,0.0327,0.000,1.4360,3.2161,-3.7249,-0.00051,0.00639,0.00285,0.02755,0.0484
34.3333,JELLY_C,0.0942,3.2146,1.00,J_PULSE_CRUISE,12.60,0.0132,0.128,0.5531,3.8387,-3.8790,-0.00185,0.01342,0.00308,0.02190,0.0990
34.3667,JELLY_A,0.2043,-0.0267,1.00,J_PULSE_CRUISE,14.82,0.0405,0.139,1.0678,2.3442,-3.3592,0.00117,0.01241,0.00064,0.03717,0.6830
34.3667,JELLY_B,0.3186,-0.0388,0.05,J_DRIFT_IDLE,22.00,0.0326,0.000,1.4359,3.2163,-3.7248,-0.00051,0.00628,0.00280,0.02765,0.0483
34.3667,JELLY_C,0.1079,3.2023,1.00,J_PULSE_CRUISE,12.63,0.0178,0.128,0.5530,3.8391,-3.8789,-0.00184,0.01359,0.00312,0.02205,0.1484
34.4000,JELLY_A,0.2149,-0.0931,1.00,J_PULSE_CRUISE,14.89,0.0388,0.139,1.0678,2.3446,-3.3592,0.00116,0.01230,0.00059,0.03699,0.7388
34.4000,JELLY_B,0.3307,-0.0418,0.05,J_DRIFT_IDLE,21.94,0.0325,0.000,1.4359,3.2165,-3.7247,-0.00051,0.00617,0.00276,0.02776,0.0480
34.4000,JELLY_C,0.1216,3.0424,1.00,J_PULSE_CRUISE,12.66,0.0220,0.128,0.5530,3.8396,-3.8788,-0.00184,0.01374,0.00315,0.02222,0.2086
34.4333,JELLY_A,0.2255,-0.1590,1.00,J_PULSE_CRUISE,14.95,0.0372,0.139,1.0679,2.3450,-3.3591,0.00115,0.01220,0.00054,0.03674,0.7888
34.4333,JELLY_B,0.3428,-0.0447,0.05,J_DRIFT_IDLE,21.88,0.0324,0.000,1.4359,3.2167,-3.7246,-0.00051,0.00607,0.00271,0.02786,0.0475
34.4333,JELLY_C,0.1353,2.7424,1.00,J_PULSE_CRUISE,12.71,0.0257,0.128,0.5529,3.8400,-3.8787,-0.00184,0.01383,0.00318,0.02241,0.2786
34.4667,JELLY_A,0.2360,-0.2242,1.00,J_PULSE_CRUISE,15.00,0.0356,0.139,1.0679,2.3454,-3.3591,0.00114,0.01210,0.00048,0.03645,0.8327
34.4667,JELLY_B,0.3550,-0.0472,0.05,J_DRIFT_IDLE,21.82,0.0323,0.000,1.4359,3.2169,-3.7245,-0.00051,0.00596,0.00267,0.02796,0.0468
34.4667,JELLY_C,0.1490,2.3163,1.00,J_PULSE_CRUISE,12.76,0.0286,0.128,0.5528,3.8405,-3.8786,-0.00184,0.01385,0.00319,0.02266,0.3563
34.5000,JELLY_A,0.2466,-0.2883,1.00,J_PULSE_CRUISE,15.06,0.0340,0.139,1.0680,2.3458,-3.3591,0.00113,0.01200,0.00043,0.03615,0.8700
34.5000,JELLY_B,0.3671,-0.0495,0.05,J_DRIFT_IDLE,21.76,0.0322,0.000,1.4359,3.2171,-3.7244,-0.00051,0.00586,0.00263,0.02806,0.0458
34.5000,JELLY_C,0.1627,1.7838,1.00,J_PULSE_CRUISE,12.81,0.0306,0.128,0.5528,3.8410,-3.8785,-0.00185,0.01380,0.00318,0.02304,0.4390
34.5333,JELLY_A,0.2572,-0.3511,1.00,J_PULSE_CRUISE,15.11,0.0326,0.139,1.0680,2.3462,-3.3591,0.00112,0.01190,0.00038,0.03582,0.9008
34.5333,JELLY_B,0.3792,-0.0516,0.05,J_DRIFT_IDLE,21.69,0.0321,0.000,1.4358,3.2173,-3.7243,-0.00051,0.00576,0.00258,0.02816,0.0448
34.5333,JELLY_C,0.1764,1.1695,1.00,J_PULSE_CRUISE,12.87,0.0316,0.128,0.5527,3.8414,-3.8784,-0.00186,0.01368,0.00315,0.02344,0.5237
34.5667,JELLY_A,0.2678,-0.4123,1.00,J_PULSE_CRUISE,15.16,0.0311,0.139,1.0680,2.3466,-3.3591,0.00111,0.01180,0.00033,0.03547,0.9254
34.5667,JELLY_B,0.3913,-0.0533,0.05,J_DRIFT_IDLE,21.63,0.0320,0.000,1.4358,3.2175,-3.7242,-0.00051,0.00566,0.00254,0.02826,0.0435
34.5667,JELLY_C,0.1901,0.5017,1.00,J_PULSE_CRUISE,12.93,0.0314,0.128,0.5527,3.8419,-3.8783,-0.00187,0.01351,0.00312,0.02368,0.6069
34.6000,JELLY_A,0.2784,-0.4717,1.00,J_PULSE_CRUISE,15.20,0.0297,0.139,1.0681,2.3470,-3.3591,0.00110,0.01170,0.00028,0.03509,0.9439
34.6000,JELLY_B,0.4034,-0.0547,0.05,J_DRIFT_IDLE,21.57,0.0319,0.000,1.4358,3.2177,-3.7242,-0.00051,0.00556,0.00250,0.02835,0.0422
34.6000,JELLY_C,0.2037,-0.0302,1.00,J_PULSE_CRUISE,12.99,0.0302,0.128,0.5526,3.8423,-3.8782,-0.00188,0.01333,0.00308,0.02365,0.6853
34.6333,JELLY_A,0.2890,-0.5289,1.00,J_PULSE_CRUISE,15.24,0.0284,0.139,1.0681,2.3474,-3.3591,0.00109,0.01160,0.00023,0.03468,0.9568
34.6333,JELLY_B,0.4156,-0.0557,0.05,J_DRIFT_IDLE,21.51,0.0318,0.000,1.4358,3.2179,-3.7241,-0.00051,0.00546,0.00246,0.02845,0.0408
34.6333,JELLY_C,0.2174,-0.1407,1.00,J_PULSE_CRUISE,13.05,0.0288,0.128,0.5525,3.8428,-3.8781,-0.00189,0.01315,0.00305,0.02333,0.7558
34.6667,JELLY_A,0.2996,-0.5837,1.00,J_PULSE_CRUISE,15.29,0.0271,0.139,1.0681,2.3478,-3.3591,0.00108,0.01151,0.00018,0.03423,0.9644
34.6667,JELLY_B,0.4277,-0.0565,0.05,J_DRIFT_IDLE,21.45,0.0317,0.000,1.4358,3.2181,-3.7240,-0.00051,0.00536,0.00242,0.02854,0.0392
34.6667,JELLY_C,0.2311,-0.2500,1.00,J_PULSE_CRUISE,13.10,0.0274,0.128,0.5525,3.8432,-3.8780,-0.00190,0.01297,0.00301,0.02287,0.8165
34.7000,JELLY_A,0.3101,-0.6359,1.00,J_PULSE_CRUISE,15.32,0.0258,0.139,1.0682,2.3481,-3.3591,0.00107,0.01141,0.00013,0.03375,0.9673
34.7000,JELLY_B,0.4398,-0.0569,0.05,J_DRIFT_IDLE,21.39,0.0316,0.000,1.4358,3.2182,-3.7239,-0.00051,0.00526,0.00239,0.02863,0.0376
34.7000,JELLY_C,0.2447,-0.3575,1.00,J_PULSE_CRUISE,13.15,0.0261,0.128,0.5524,3.8436,-3.8779,-0.00192,0.01280,0.00298,0.02236,0.8665
34.7333,JELLY_A,0.3207,-0.6853,1.00,J_PULSE_CRUISE,15.36,0.0246,0.139,1.0682,2.3485,-3.3590,0.00106,0.01132,0.00008,0.03324,0.9658
34.7333,JELLY_B,0.4519,-0.0570,0.05,J_DRIFT_IDLE,21.33,0.0315,0.000,1.4357,3.2184,-3.7238,-0.00051,0.00517,0.00235,0.02872,0.0359
34.7333,JELLY_C,0.2584,-0.4622,1.00,J_PULSE_CRUISE,13.20,0.0248,0.128,0.5523,3.8440,-3.8778,-0.00193,0.01262,0.00295,0.02185,0.9056
34.7667,JELLY_A,0.3313,-0.7316,1.00,J_PULSE_CRUISE,15.40,0.0234,0.139,1.0682,2.3489,-3.3590,0.00105,0.01122,0.00004,0.03270,0.9603
34.7667,JELLY_B,0.4640,-0.0568,0.05,J_DRIFT_IDLE,21.27,0.0314,0.000,1.4357,3.2186,-3.7238,-0.00050,0.00507,0.00231,0.02881,0.0341
34.7667,JELLY_C,0.2721,-0.5635,1.00,J_PULSE_CRUISE,13.25,0.0235,0.128,0.5523,3.8445,-3.8777,-0.00194,0.01245,0.00292,0.02135,0.9344
34.8000,JELLY_A,0.3418,-0.7747,1.00,J_PULSE_CRUISE,15.43,0.0222,0.139,1.0683,2.3493,-3.3590,0.00104,0.01113,-0.00001,0.03214,0.9513
34.8000,JELLY_B,0.4761,-0.0562,0.05,J_DRIFT_IDLE,21.21,0.0313,0.000,1.4357,3.2187,-3.7237,-0.00050,0.00498,0.00228,0.02889,0.0324
34.8000,JELLY_C,0.2857,-0.6605,1.00,J_PULSE_CRUISE,13.29,0.0223,0.128,0.5522,3.8449,-3.8776,-0.00195,0.01229,0.00289,0.02083,0.9535
34.8333,JELLY_A,0.3524,-0.8143,1.00,J_PULSE_CRUISE,15.46,0.0211,0.139,1.0683,2.3496,-3.3590,0.00103,0.01104,-0.00006,0.03156,0.9391
34.8333,JELLY_B,0.4882,-0.0554,0.05,J_DRIFT_IDLE,21.15,0.0312,0.000,1.4357,3.2189,-3.7236,-0.00050,0.00489,0.00224,0.02898,0.0305
34.8333,JELLY_C,0.2994,-0.7527,1.00,J_PULSE_CRUISE,13.33,0.0211,0.128,0.5521,3.8453,-3.8775,-0.00196,0.01213,0.00286,0.02027,0.9638
34.8667,JELLY_A,0.3630,-0.8503,1.00,J_PULSE_CRUISE,15.49,0.0201,0.139,1.0683,2.3500,-3.3591,0.00102,0.01095,-0.00010,0.03097,0.9241
34.8667,JELLY_B,0.5003,-0.0542,0.05,J_DRIFT_IDLE,21.09,0.0311,0.000,1.4357,3.2191,-3.7235,-0.00050,0.00481,0.00221,0.02906,0.0287
34.8667,JELLY_C,0.3131,-0.8392,1.00,J_PULSE_CRUISE,13.37,0.0199,0.128,0.5521,3.8457,-3.8774,-0.00197,0.01196,0.00283,0.01968,0.9662
34.9000,JELLY_A,0.3735,-0.8825,1.00,J_PULSE_CRUISE,15.51,0.0190,0.139,1.0684,2.3504,-3.3591,0.00101,0.01086,-0.00015,0.03036,0.9064
34.9000,JELLY_B,0.5124,-0.0527,0.05,J_DRIFT_IDLE,21.03,0.0310,0.000,1.4357,3.2192,-3.7235,-0.00050,0.00472,0.00218,0.02914,0.0268
34.9000,JELLY_C,0.3267,-0.9195,1.00,J_PULSE_CRUISE,13.41,0.0188,0.128,0.5520,3.8461,-3.8773,-0.00198,0.01181,0.00280,0.01905,0.9616
34.9333,JELLY_A,0.3841,-0.9108,1.00,J_PULSE_CRUISE,15.54,0.0181,0.139,1.0684,2.3507,-3.3591,0.00100,0.01077,-0.00019,0.02974,0.8865
34.9333,JELLY_B,0.5244,-0.0508,0.05,J_DRIFT_IDLE,20.97,0.0309,0.000,1.4356,3.2194,-3.7234,-0.00050,0.00464,0.00215,0.02922,0.0249
34.9333,JELLY_C,0.3404,-0.9930,1.00,J_PULSE_CRUISE,13.45,0.0177,0.128,0.5519,3.8465,-3.8772,-0.00199,0.01165,0.00277,0.01839,0.9508
34.9667,JELLY_A,0.3946,-0.9351,1.00,J_PULSE_CRUISE,15.56,0.0171,0.139,1.0684,2.3511,-3.3591,0.00099,0.01068,-0.00023,0.02913,0.8646
34.9667,JELLY_B,0.5365,-0.0487,0.05,J_DRIFT_IDLE,20.91,0.0308,0.000,1.4356,3.2195,-3.7233,-0.00050,0.00455,0.00212,0.02929,0.0231
34.9667,JELLY_C,0.3540,-1.0591,1.00,J_PULSE_CRUISE,13.48,0.0166,0.128,0.5519,3.8469,-3.8771,-0.00200,0.01150,0.00274,0.01771,0.9348
35.0000,JELLY_A,0.4052,-0.9553,1.00,J_PULSE_CRUISE,15.58,0.0162,0.139,1.0685,2.3514,-3.3591,0.00099,0.01059,-0.00028,0.02854,0.8408
35.0000,JELLY_B,0.5486,-0.0463,0.05,J_DRIFT_IDLE,20.85,0.0308,0.000,1.4356,3.2197,-3.7233,-0.00049,0.00447,0.00209,0.02937,0.0212
35.0000,JELLY_C,0.3677,-1.1174,1.00,J_PULSE_CRUISE,13.51,0.0156,0.128,0.5518,3.8472,-3.8770,-0.00201,0.01134,0.00272,0.01702,0.9141
35.0333,JELLY_A,0.4157,-0.9712,1.00,J_PULSE_CRUISE,15.60,0.0153,0.139,1.0685,2.3518,-3.3591,0.00098,0.01051,-0.00032,0.02799,0.8155
35.0333,JELLY_B,0.5607,-0.0437,0.05,J_DRIFT_IDLE,20.79,0.0307,0.000,1.4356,3.2198,-3.7232,-0.00049,0.00439,0.00206,0.02944,0.0194
35.0333,JELLY_C,0.3813,-1.1675,1.00,J_PULSE_CRUISE,13.54,0.0146,0.128,0.5517,3.8476,-3.8769,-0.00202,0.01119,0.00269,0.01635,0.8894
35.0667,JELLY_A,0.4263,-0.9829,1.00,J_PULSE_CRUISE,15.62,0.0145,0.139,1.0685,2.3521,-3.3591,0.00097,0.01044,-0.00036,0.02747,0.7887
35.0667,JELLY_B,0.5728,-0.0408,0.05,J_DRIFT_IDLE,20.74,0.0306,0.000,1.4356,3.2200,-3.7231,-0.00049,0.00432,0.00203,0.02951,0.0176
35.0667,JELLY_C,0.3949,-1.2090,1.00,J_PULSE_CRUISE,13.57,0.0136,0.128,0.5517,3.8480,-3.8768,-0.00202,0.01105,0.00267,0.01571,0.8613
35.1000,JELLY_A,0.4368,-0.9903,1.00,J_PULSE_CRUISE,15.63,0.0137,0.139,1.0686,2.3525,-3.3591,0.00097,0.01037,-0.00040,0.02700,0.7607
35.1000,JELLY_B,0.5849,-0.0377,0.05,J_DRIFT_IDLE,20.68,0.0305,0.000,1.4356,3.2201,-3.7231,-0.00049,0.00424,0.00200,0.02958,0.0158
35.1000,JELLY_C,0.4086,-1.2415,1.00,J_PULSE_CRUISE,13.59,0.0127,0.128,0.5516,3.8483,-3.8767,-0.00203,0.01090,0.00265,0.01513,0.8302
35.1333,JELLY_A,0.4474,-0.9933,1.00,J_PULSE_CRUISE,15.64,0.0130,0.139,1.0686,2.3528,-3.3591,0.00096,0.01031,-0.00043,0.02657,0.7316
35.1333,JELLY_B,0.5969,-0.0343,0.05,J_DRIFT_IDLE,20.62,0.0304,0.000,1.4355,3.2203,-3.7230,-0.00048,0.00416,0.00197,0.02965,0.0142
35.1333,JELLY_C,0.4222,-1.2650,1.00,J_PULSE_CRUISE,13.62,0.0118,0.128,0.5515,3.8487,-3.8767,-0.00204,0.01078,0.00263,0.01463,0.7965
35.1667,JELLY_A,0.4579,-0.9919,1.00,J_PULSE_CRUISE,15.66,0.0123,0.139,1.0686,2.3532,-3.3591,0.00096,0.01027,-0.00046,0.02620,0.7016
35.1667,JELLY_B,0.6090,-0.0308,0.05,J_DRIFT_IDLE,20.56,0.0303,0.000,1.4355,3.2204,-3.7229,-0.00048,0.00409,0.00194,0.02972,0.0125
35.1667,JELLY_C,0.4358,-1.2791,1.00,J_PULSE_CRUISE,13.64,0.0109,0.128,0.5515,3.8491,-3.8766,-0.00205,0.01066,0.00261,0.01421,0.7606
35.2000,JELLY_A,0.4685,-0.9863,1.00,J_PULSE_CRUISE,15.67,0.0117,0.139,1.0687,2.3535,-3.3592,0.00096,0.01024,-0.00049,0.02587,0.6708
35.2000,JELLY_B,0.6211,-0.0271,0.05,J_DRIFT_IDLE,20.50,0.0302,0.000,1.4355,3.2205,-3.7229,-0.00048,0.00401,0.00192,0.02978,0.0110
35.2000,JELLY_C,0.4494,-1.2839,1.00,J_PULSE_CRUISE,13.66,0.0100,0.128,0.5514,3.8494,-3.8765,-0.00205,0.01058,0.00260,0.01388,0.7230
35.2333,JELLY_A,0.4790,-0.9763,1.00,J_PULSE_CRUISE,15.68,0.0110,0.139,1.0687,2.3538,-3.3592,0.00097,0.01022,-0.00052,0.02560,0.6393
35.2333,JELLY_B,0.6331,-0.0232,0.05,J_DRIFT_IDLE,20.45,0.0301,0.000,1.4355,3.2207,-3.7228,-0.00048,0.00394,0.00189,0.02985,0.0095
35.2333,JELLY_C,0.4631,-1.2793,1.00,J_PULSE_CRUISE,13.68,0.0092,0.128,0.5513,3.8498,-3.8764,-0.00206,0.01051,0.00260,0.01363,0.6838
35.2667,JELLY_A,0.4895,-0.9620,1.00,J_PULSE_CRUISE,15.68,0.0105,0.139,1.0687,2.3542,-3.3592,0.00097,0.01022,-0.00054,0.02537,0.6074
35.2667,JELLY_B,0.6452,-0.0192,0.05,J_DRIFT_IDLE,20.39,0.0300,0.000,1.4355,3.2208,-3.7227,-0.00047,0.00386,0.00186,0.02991,0.0081
35.2667,JELLY_C,0.4767,-1.2653,1.00,J_PULSE_CRUISE,13.69,0.0084,0.128,0.5513,3.8501,-3.8763,-0.00206,0.01048,0.00260,0.01347,0.6435
35.3000,JELLY_A,0.5001,-0.9435,1.00,J_PULSE_CRUISE,15.69,0.0100,0.139,1.0688,2.3545,-3.3592,0.00098,0.01023,-0.00056,0.02519,0.5751
35.3000,JELLY_B,0.6572,-0.0151,0.05,J_DRIFT_IDLE,20.33,0.0299,0.000,1.4355,3.2209,-3.7227,-0.00047,0.00379,0.00184,0.02997,0.0068
35.3000,JELLY_C,0.4903,-1.2421,1.00,J_PULSE_CRUISE,13.71,0.0076,0.128,0.5512,3.8505,-3.8762,-0.00206,0.01047,0.00261,0.01338,0.6023
35.3333,JELLY_A,0.5106,-0.9210,1.00,J_PULSE_CRUISE,15.70,0.0095,0.139,1.0688,2.3549,-3.3592,0.00099,0.01025,-0.00058,0.02504,0.5426
35.3333,JELLY_B,0.6693,-0.0109,0.05,J_DRIFT_IDLE,20.27,0.0299,0.000,1.4355,3.2210,-3.7226,-0.00047,0.00372,0.00181,0.03003,0.0056
35.3333,JELLY_C,0.5039,-1.2098,1.00,J_PULSE_CRUISE,13.72,0.0068,0.128,0.5511,3.8508,-3.8761,-0.00206,0.01050,0.00263,0.01335,0.5605
35.3667,JELLY_A,0.5211,-0.8944,1.00,J_PULSE_CRUISE,15.70,0.0091,0.139,1.0688,2.3552,-3.3592,0.00100,0.01029,-0.00059,0.02494,0.5099
35.3667,JELLY_B,0.6814,-0.0066,0.05,J_DRIFT_IDLE,20.22,0.0298,0.000,1.4354,3.2212,-3.7225,-0.00047,0.00364,0.00179,0.03009,0.0046
35.3667,JELLY_C,0.5175,-1.1687,1.00,J_PULSE_CRUISE,13.73,0.0061,0.128,0.5511,3.8512,-3.8760,-0.00206,0.01055,0.00265,0.01339,0.5184
35.4000,JELLY_A,0.5316,-0.8639,1.00,J_PULSE_CRUISE,15.70,0.0088,0.139,1.0689,2.3556,-3.3593,0.00102,0.01034,-0.00061,0.02487,0.4774
35.4000,JELLY_B,0.6934,-0.0023,0.05,J_DRIFT_IDLE,20.16,0.0297,0.000,1.4354,3.2213,-3.7225,-0.00046,0.00357,0.00176,0.03015,0.0036
35.4000,JELLY_C,0.5311,-1.1191,1.00,J_PULSE_CRUISE,13.74,0.0053,0.128,0.5510,3.8515,-3.8760,-0.00206,0.01064,0.00268,0.01348,0.4764
35.4333,JELLY_A,0.5421,-0.8297,1.00,J_PULSE_CRUISE,15.70,0.0085,0.139,1.0689,2.3559,-3.3593,0.00103,0.01040,-0.00061,0.02484,0.4450
35.4333,JELLY_B,0.7055,0.0000,0.05,J_DRIFT_IDLE,20.10,0.0296,0.000,1.4354,3.2214,-3.7224,-0.00046,0.00350,0.00174,0.03020,0.0028
35.4333,JELLY_C,0.5447,-1.0614,1.00,J_PULSE_CRUISE,13.75,0.0046,0.128,0.5509,3.8519,-3.8759,-0.00205,0.01074,0.00272,0.01361,0.4346
35.4667,JELLY_A,0.5527,-0.7919,1.00,J_PULSE_CRUISE,15.70,0.0082,0.139,1.0689,2.3563,-3.3593,0.00105,0.01047,-0.00062,0.02484,0.4129
35.4667,JELLY_B,0.7175,0.0000,0.05,J_DRIFT_IDLE,20.05,0.0295,0.000,1.4354,3.2215,-3.7224,-0.00046,0.00343,0.00172,0.03026,0.0021
35.4667,JELLY_C,0.5583,-0.9959,1.00,J_PULSE_CRUISE,13.76,0.0040,0.128,0.5509,3.8522,-3.8758,-0.00205,0.01087,0.00276,0.01378,0.3934
35.5000,JELLY_A,0.5632,-0.7507,1.00,J_PULSE_CRUISE,15.70,0.0080,0.139,1.0690,2.3566,-3.3593,0.00107,0.01055,-0.00063,0.02486,0.3812
35.5000,JELLY_B,0.7296,0.0000,0.05,J_DRIFT_IDLE,19.99,0.0294,0.000,1.4354,3.2216,-3.7223,-0.00045,0.00336,0.00169,0.03031,0.0015
35.5000,JELLY_C,0.5719,-0.9233,1.00,J_PULSE_CRUISE,13.77,0.0033,0.128,0.5508,3.8526,-3.8757,-0.00204,0.01102,0.00281,0.01399,0.3530
35.5333,JELLY_A,0.5737,-0.7062,1.00,J_PULSE_CRUISE,15.70,0.0079,0.139,1.0690,2.3570,-3.3594,0.00109,0.01063,-0.00063,0.02491,0.3501
35.5333,JELLY_B,0.7416,0.0000,0.05,J_DRIFT_IDLE,19.94,0.0293,0.000,1.4354,3.2217,-3.7223,-0.00045,0.00329,0.00167,0.03037,0.0010
35.5333,JELLY_C,0.5855,-0.8439,1.00,J_PULSE_CRUISE,13.78,0.0027,0.128,0.5507,3.8530,-3.8756,-0.00203,0.01117,0.00286,0.01422,0.3138
35.5667,JELLY_A,0.5842,-0.6587,1.00,J_PULSE_CRUISE,15.70,0.0078,0.139,1.0691,2.3573,-3.3594,0.00111,0.01072,-0.00063,0.02498,0.3197
35.5667,JELLY_B,0.7536,0.0000,0.05,J_DRIFT_IDLE,19.88,0.0292,0.000,1.4353,3.2219,-3.7222,-0.00045,0.00322,0.00164,0.03042,0.0006
35.5667,JELLY_C,0.5991,-0.7585,1.00,J_PULSE_CRUISE,13.78,0.0021,0.128,0.5507,3.8533,-3.8755,-0.00203,0.01133,0.00291,0.01448,0.2760
35.6000,JELLY_A,0.5947,-0.6083,1.00,J_PULSE_CRUISE,15.69,0.0078,0.139,1.0691,2.3577,-3.3594,0.00114,0.01082,-0.00064,0.02506,0.2901
35.6000,JELLY_B,0.7657,0.0000,0.05,J_DRIFT_IDLE,19.82,0.0292,0.000,1.4353,3.2220,-3.7221,-0.00045,0.00315,0.00162,0.03047,0.0004
35.6000,JELLY_C,0.6127,-0.6676,1.00,J_PULSE_CRUISE,13.78,0.0015,0.128,0.5506,3.8537,-3.8754,-0.00202,0.01149,0.00295,0.01476,0.2398
35.6333,JELLY_A,0.6052,-0.5553,1.00,J_PULSE_CRUISE,15.69,0.0078,0.139,1.0691,2.3580,-3.3594,0.00116,0.01091,-0.00064,0.02517,0.2615
35.6333,JELLY_B,0.7777,0.0000,0.05,J_DRIFT_IDLE,19.77,0.0291,0.000,1.4353,3.2221,-3.7221,-0.00044,0.00308,0.00160,0.03052,0.0001
35.6333,JELLY_C,0.6263,-0.5720,1.00,J_PULSE_CRUISE,13.79,0.0010,0.128,0.5505,3.8541,-3.8753,-0.00201,0.01164,0.00300,0.01506,0.2056
35.6667,JELLY_A,0.6157,-0.5000,1.00,J_PULSE_CRUISE,15.68,0.0078,0.139,1.0692,2.3584,-3.3594,0.00118,0.01100,-0.00064,0.02529,0.2339
35.6667,JELLY_B,0.7897,0.0000,0.05,J_DRIFT_IDLE,19.71,0.0290,0.000,1.4353,3.2222,-3.7220,-0.00044,0.00301,0.00158,0.03056,-0.0000
35.6667,JELLY_C,0.6398,-0.4722,1.00,J_PULSE_CRUISE,13.79,0.0007,0.128,0.5505,3.8545,-3.8752,-0.00201,0.01179,0.00305,0.01536,0.1735
35.7000,JELLY_A,0.6262,-0.4425,1.00,J_PULSE_CRUISE,15.67,0.0079,0.139,1.0692,2.3588,-3.3595,0.00120,0.01110,-0.00065,0.02543,0.2075
35.7000,JELLY_B,0.8018,0.0000,0.05,J_DRIFT_IDLE,19.66,0.0289,0.000,1.4353,3.2223,-3.7220,-0.00044,0.00294,0.00155,0.03061,-0.0001
35.7000,JELLY_C,0.6534,-0.3691,1.00,J_PULSE_CRUISE,13.79,0.0007,0.128,0.5504,3.8549,-3.8751,-0.00200,0.01194,0.00310,0.01567,0.1438
35.7333,JELLY_A,0.6367,-0.3831,1.00,J_PULSE_CRUISE,15.66,0.0080,0.139,1.0692,2.3591,-3.3595,0.00123,0.01119,-0.00065,0.02557,0.1823
35.7333,JELLY_B,0.8138,0.0000,0.05,J_DRIFT_IDLE,19.60,0.0288,0.000,1.4353,3.2224,-3.7219,-0.00043,0.00287,0.00153,0.03066,-0.0002
35.7333,JELLY_C,0.6670,-0.2634,1.00,J_PULSE_CRUISE,13.78,0.0011,0.128,0.5503,3.8553,-3.8750,-0.00200,0.01209,0.00314,0.01598,0.1167
35.7667,JELLY_A,0.6472,-0.3221,1.00,J_PULSE_CRUISE,15.65,0.0082,0.139,1.0693,2.3595,-3.3595,0.00125,0.01128,-0.00066,0.02573,0.1586
35.7667,JELLY_B,0.8258,0.0000,0.05,J_DRIFT_IDLE,19.55,0.0287,0.000,1.4353,3.2225,-3.7219,-0.00043,0.00280,0.00151,0.03070,-0.0002
35.7667,JELLY_C,0.6806,-0.1558,1.00,J_PULSE_CRUISE,13.78,0.0015,0.128,0.5503,3.8557,-3.8749,-0.00199,0.01223,0.00319,0.01628,0.0924
35.8000,JELLY_A,0.6577,-0.2598,1.00,J_PULSE_CRUISE,15.64,0.0083,0.139,1.0693,2.3599,-3.3595,0.00127,0.01137,-0.00066,0.02589,0.1363
35.8000,JELLY_B,0.8378,0.0000,0.05,J_DRIFT_IDLE,19.49,0.0287,0.000,1.4352,3.2225,-3.7218,-0.00043,0.00273,0.00149,0.03074,-0.0002
35.8000,JELLY_C,0.6941,-0.0472,1.00,J_PULSE_CRUISE,13.78,0.0020,0.128,0.5502,3.8561,-3.8748,-0.00199,0.01237,0.00323,0.01659,0.0711
35.8333,JELLY_A,0.6682,-0.1963,1.00,J_PULSE_CRUISE,15.63,0.0085,0.139,1.0694,2.3603,-3.3595,0.00129,0.01145,-0.00067,0.02606,0.1157
35.8333,JELLY_B,0.8499,0.0000,0.05,J_DRIFT_IDLE,19.44,0.0286,0.000,1.4352,3.2226,-3.7218,-0.00043,0.00266,0.00146,0.03079,-0.0002
35.8333,JELLY_C,0.7077,0.0000,1.00,J_GLIDE,13.78,0.0025,0.128,0.5501,3.8565,-3.8747,-0.00198,0.01250,0.00327,0.01688,0.0528
35.8667,JELLY_A,0.6787,-0.1321,1.00,J_PULSE_CRUISE,15.62,0.0087,0.139,1.0694,2.3607,-3.3596,0.00131,0.01154,-0.00068,0.02624,0.0967
35.8667,JELLY_B,0.8619,0.0000,0.05,J_DRIFT_IDLE,19.38,0.0285,0.000,1.4352,3.2227,-3.7217,-0.00042,0.00259,0.00144,0.03083,-0.0002
35.8667,JELLY_C,0.7212,0.0000,1.00,J_GLIDE,13.77,0.0030,0.128,0.5501,3.8570,-3.8746,-0.00198,0.01263,0.00331,0.01717,0.0377
35.9000,JELLY_A,0.6891,-0.0673,1.00,J_PULSE_CRUISE,15.61,0.0090,0.139,1.0695,2.3610,-3.3596,0.00133,0.01162,-0.00068,0.02642,0.0795
35.9000,JELLY_B,0.8739,0.0000,0.05,J_DRIFT_IDLE,19.33,0.0284,0.000,1.4352,3.2228,-3.7217,-0.00042,0.00252,0.00142,0.03087,-0.0002
35.9000,JELLY_C,0.7348,0.0000,1.00,J_GLIDE,13.76,0.0034,0.128,0.5500,3.8574,-3.8744,-0.00197,0.01274,0.00335,0.01745,0.0256
35.9333,JELLY_A,0.6996,-0.0023,1.00,J_PULSE_CRUISE,15.59,0.0092,0.139,1.0695,2.3614,-3.3596,0.00135,0.01171,-0.00069,0.02661,0.0640
35.9333,JELLY_B,0.8859,0.0000,0.05,J_DRIFT_IDLE,19.27,0.0283,0.000,1.4352,3.2229,-3.7216,-0.00042,0.00245,0.00140,0.03091,-0.0002
35.9333,JELLY_C,0.7483,0.0000,1.00,J_GLIDE,13.76,0.0039,0.128,0.5499,3.8578,-3.8743,-0.00197,0.01284,0.00339,0.01771,0.0161
35.9667,JELLY_A,0.7101,0.0000,1.00,J_GLIDE,15.58,0.0094,0.139,1.0696,2.3618,-3.3596,0.00137,0.01179,-0.00070,0.02679,0.0505
35.9667,JELLY_B,0.8979,0.0000,0.05,J_DRIFT_IDLE,19.22,0.0283,0.000,1.4352,3.2230,-3.7216,-0.00041,0.00238,0.00138,0.03095,-0.0001
35.9667,JELLY_C,0.7619,0.0000,1.00,J_GLIDE,13.75,0.0043,0.128,0.5499,3.8582,-3.8742,-0.00197,0.01293,0.00342,0.01797,0.0090
36.0000,JELLY_A,0.7206,0.0000,1.00,J_GLIDE,15.56,0.0097,0.139,1.0696,2.3622,-3.3597,0.00139,0.01187,-0.00071,0.02698,0.0388
36.0000,JELLY_B,0.9099,0.0000,0.05,J_DRIFT_IDLE,19.17,0.0282,0.000,1.4352,3.2230,-3.7216,-0.00041,0.00232,0.00136,0.03098,-0.0001
36.0000,JELLY_C,0.7754,0.0000,1.00,J_GLIDE,13.74,0.0047,0.128,0.5498,3.8587,-3.8741,-0.00197,0.01301,0.00345,0.01821,0.0038
36.0333,JELLY_A,0.7311,0.0000,1.00,J_GLIDE,15.55,0.0099,0.139,1.0696,2.3626,-3.3597,0.00141,0.01194,-0.00072,0.02717,0.0289
36.0333,JELLY_B,0.9219,0.0000,0.05,J_DRIFT_IDLE,19.11,0.0281,0.000,1.4351,3.2231,-3.7215,-0.00041,0.00225,0.00134,0.03102,-0.0001
36.0333,JELLY_C,0.7890,0.0000,1.00,J_GLIDE,13.73,0.0051,0.128,0.5497,3.8591,-3.8740,-0.00197,0.01308,0.00347,0.01845,0.0003
36.0667,JELLY_A,0.7415,0.0000,1.00,J_GLIDE,15.53,0.0102,0.139,1.0697,2.3630,-3.3597,0.00143,0.01200,-0.00073,0.02735,0.0207
36.0667,JELLY_B,0.9339,0.0000,0.05,J_DRIFT_IDLE,19.06,0.0280,0.000,1.4351,3.2232,-3.7215,-0.00041,0.00218,0.00132,0.03106,-0.0001
36.0667,JELLY_C,0.8025,0.0000,1.00,J_GLIDE,13.72,0.0055,0.128,0.5497,3.8595,-3.8739,-0.00197,0.01314,0.00350,0.01867,-0.0021
36.1000,JELLY_A,0.7520,0.0000,1.00,J_GLIDE,15.51,0.0104,0.139,1.0697,2.3634,-3.3597,0.00144,0.01206,-0.00075,0.02754,0.0140
36.1000,JELLY_B,0.9459,0.0000,0.05,J_DRIFT_IDLE,19.01,0.0279,0.000,1.4351,3.2233,-3.7214,-0.00040,0.00211,0.00130,0.03109,-0.0001
36.1000,JELLY_C,0.8160,0.0000,1.00,J_GLIDE,13.71,0.0059,0.128,0.5496,3.8600,-3.8738,-0.00197,0.01319,0.00352,0.01888,-0.0034
36.1333,JELLY_A,0.7625,0.0000,1.00,J_GLIDE,15.50,0.0106,0.139,1.0698,2.3638,-3.3598,0.00146,0.01212,-0.00076,0.02772,0.0087
36.1333,JELLY_B,0.9579,0.0000,0.05,J_DRIFT_IDLE,18.95,0.0279,0.000,1.4351,3.2233,-3.7214,-0.00040,0.00204,0.00128,0.03113,-0.0000
36.1333,JELLY_C,0.8296,0.0000,1.00,J_GLIDE,13.70,0.0063,0.128,0.5495,3.8604,-3.8736,-0.00197,0.01323,0.00354,0.01908,-0.0041
36.1667,JELLY_A,0.7729,0.0000,1.00,J_GLIDE,15.48,0.0109,0.139,1.0698,2.3642,-3.3598,0.00147,0.01217,-0.00078,0.02790,0.0045
36.1667,JELLY_B,0.9699,0.0000,0.05,J_DRIFT_IDLE,18.90,0.0278,0.000,1.4351,3.2234,-3.7213,-0.00040,0.00198,0.00126,0.03116,-0.0000
36.1667,JELLY_C,0.8431,0.0000,1.00,J_GLIDE,13.69,0.0066,0.128,0.5495,3.8609,-3.8735,-0.00197,0.01326,0.00356,0.01927,-0.0043
36.2000,JELLY_A,0.7834,0.0000,1.00,J_GLIDE,15.46,0.0111,0.139,1.0699,2.3646,-3.3598,0.00149,0.01222,-0.00079,0.02808,0.0013
36.2000,JELLY_B,0.9819,0.0000,0.05,J_DRIFT_IDLE,18.85,0.0277,0.000,1.4351,3.2235,-3.7213,-0.00039,0.00191,0.00124,0.03119,-0.0000
36.2000,JELLY_C,0.8566,0.0000,1.00,J_GLIDE,13.68,0.0070,0.128,0.5494,3.8613,-3.8734,-0.00197,0.01329,0.00358,0.01944,-0.0041
36.2333,JELLY_A,0.7939,0.0000,1.00,J_GLIDE,15.44,0.0114,0.139,1.0699,2.3650,-3.3598,0.00150,0.01226,-0.00081,0.02826,-0.0010
36.2333,JELLY_B,0.9939,0.0000,0.05,J_DRIFT_IDLE,18.79,0.0276,0.000,1.4351,3.2235,-3.7213,-0.00039,0.00184,0.00122,0.03122,-0.0000
36.2333,JELLY_C,0.8701,0.0000,1.00,J_GLIDE,13.66,0.0073,0.128,0.5493,3.8617,-3.8733,-0.00198,0.01331,0.00359,0.01961,-0.0038
36.2667,JELLY_A,0.8043,0.0000,1.00,J_GLIDE,15.42,0.0116,0.139,1.0700,2.3655,-3.3599,0.00151,0.01230,-0.00083,0.02844,-0.0026
36.2667,JELLY_B,0.0059,0.2622,1.00,J_DESCEND,18.74,0.0278,0.156,1.4351,3.2236,-3.7212,-0.00039,0.00175,0.00120,0.03125,0.0000
36.2667,JELLY_C,0.8836,0.0000,1.00,J_GLIDE,13.65,0.0076,0.128,0.5493,3.8622,-3.8732,-0.00198,0.01332,0.00361,0.01977,-0.0033
36.3000,JELLY_A,0.8148,0.0000,1.00,J_GLIDE,15.40,0.0118,0.139,1.0700,2.3659,-3.3599,0.00152,0.01234,-0.00085,0.02861,-0.0037
36.3000,JELLY_B,0.0179,0.7840,1.00,J_DESCEND,18.69,0.0291,0.156,1.4350,3.2236,-3.7212,-0.00039,0.00164,0.00119,0.03129,0.0006
36.3000,JELLY_C,0.8971,0.0000,1.00,J_GLIDE,13.63,0.0079,0.128,0.5492,3.8626,-3.8730,-0.00198,0.01333,0.00362,0.01992,-0.0028
36.3333,JELLY_A,0.8252,0.0000,1.00,J_GLIDE,15.38,0.0121,0.139,1.0701,2.3663,-3.3599,0.00153,0.01237,-0.00087,0.02878,-0.0043
36.3333,JELLY_B,0.0299,1.2778,1.00,J_DESCEND,18.63,0.0315,0.156,1.4350,3.2237,-3.7211,-0.00038,0.00156,0.00118,0.03133,0.0026
36.3333,JELLY_C,0.9106,0.0000,1.00,J_GLIDE,13.62,0.0083,0.128,0.5491,3.8631,-3.8729,-0.00199,0.01333,0.00363,0.02006,-0.0023
36.3667,JELLY_A,0.8357,0.0000,1.00,J_GLIDE,15.35,0.0123,0.139,1.0701,2.3667,-3.3600,0.00154,0.01240,-0.00089,0.02895,-0.0046
36.3667,JELLY_B,0.0419,1.7262,1.00,J_DESCEND,18.57,0.0350,0.156,1.4350,3.2237,-3.7211,-0.00037,0.00152,0.00118,0.03139,0.0074
36.3667,JELLY_C,0.9241,0.0000,1.00,J_GLIDE,13.60,0.0085,0.128,0.5491,3.8635,-3.8728,-0.00199,0.01332,0.00364,0.02019,-0.0018
36.4000,JELLY_A,0.8461,0.0000,1.00,J_GLIDE,15.33,0.0125,0.139,1.0702,2.3671,-3.3600,0.00155,0.01242,-0.00091,0.02911,-0.0046
36.4000,JELLY_B,0.0539,2.1134,1.00,J_DESCEND,18.50,0.0393,0.156,1.4350,3.2238,-3.7211,-0.00035,0.00153,0.00121,0.03148,0.0166
36.4000,JELLY_C,0.9376,0.0000,1.00,J_GLIDE,13.59,0.0088,0.128,0.5490,3.8640,-3.8727,-0.00200,0.01331,0.00365,0.02032,-0.0014
36.4333,JELLY_A,0.8566,0.0000,1.00,J_GLIDE,15.31,0.0127,0.139,1.0702,2.3675,-3.3600,0.00156,0.01244,-0.00094,0.02927,-0.0044
36.4333,JELLY_B,0.0658,2.4258,1.00,J_DESCEND,18.42,0.0443,0.156,1.4350,3.2239,-3.7210,-0.00033,0.00159,0.00124,0.03161,0.0318
36.4333,JELLY_C,0.9511,0.0000,1.00,J_GLIDE,13.57,0.0091,0.128,0.5489,3.8644,-3.8726,-0.00200,0.01329,0.00366,0.02044,-0.0010
36.4667,JELLY_A,0.8670,0.0000,1.00,J_GLIDE,15.28,0.0129,0.139,1.0703,2.3679,-3.3600,0.00157,0.01246,-0.00096,0.02943,-0.0041
36.4667,JELLY_B,0.0778,2.6524,1.00,J_DESCEND,18.33,0.0498,0.156,1.4350,3.2239,-3.7210,-0.00031,0.00169,0.00129,0.03179,0.0541
36.4667,JELLY_C,0.9646,0.0000,1.00,J_GLIDE,13.55,0.0094,0.128,0.5489,3.8649,-3.8724,-0.00201,0.01327,0.00366,0.02055,-0.0007
36.5000,JELLY_A,0.8775,0.0000,1.00,J_GLIDE,15.26,0.0131,0.139,1.0703,2.3683,-3.3601,0.00158,0.01247,-0.00098,0.02958,-0.0038
36.5000,JELLY_B,0.0898,2.7853,1.00,J_DESCEND,18.23,0.0555,0.156,1.4350,3.2240,-3.7209,-0.00028,0.00182,0.00135,0.03201,0.0845
36.5000,JELLY_C,0.9781,0.0000,1.00,J_GLIDE,13.53,0.0096,0.128,0.5488,3.8653,-3.8723,-0.00201,0.01324,0.00367,0.02066,-0.0005
36.5333,JELLY_A,0.8879,0.0000,1.00,J_GLIDE,15.24,0.0133,0.139,1.0704,2.3688,-3.3601,0.00158,0.01249,-0.00101,0.02973,-0.0033
36.5333,JELLY_B,0.1018,2.8200,1.00,J_DESCEND,18.12,0.0612,0.156,1.4350,3.2240,-3.7209,-0.00026,0.00197,0.00141,0.03227,0.1235
36.5333,JELLY_C,0.9916,0.0000,1.00,J_GLIDE,13.51,0.0099,0.128,0.5487,3.8657,-3.8722,-0.00202,0.01320,0.00367,0.02076,-0.0003
36.5667,JELLY_A,0.8984,0.0000,1.00,J_GLIDE,15.21,0.0135,0.139,1.0705,2.3692,-3.3601,0.00159,0.01249,-0.00103,0.02988,-0.0029
36.5667,JELLY_B,0.1137,2.7552,1.00,J_DESCEND,18.00,0.0667,0.156,1.4350,3.2241,-3.7208,-0.00023,0.00210,0.00147,0.03256,0.1710
36.5667,JELLY_C,0.0051,0.0127,0.05,J_PAUSE_OPEN,13.49,0.0101,0.000,0.5487,3.8662,-3.8721,-0.00203,0.01309,0.00365,0.02085,-0.0002
36.6000,JELLY_A,0.9088,0.0000,1.00,J_GLIDE,15.19,0.0137,0.139,1.0705,2.3696,-3.3602,0.00160,0.01250,-0.00106,0.03003,-0.0025
36.6000,JELLY_B,0.1257,2.5933,1.00,J_DESCEND,17.87,0.0717,0.156,1.4349,3.2242,-3.7208,-0.00021,0.00222,0.00152,0.03286,0.2266
36.6000,JELLY_C,0.0186,0.0456,0.05,J_PAUSE_OPEN,13.48,0.0104,0.000,0.5486,3.8666,-3.8719,-0.00204,0.01290,0.00362,0.02095,-0.0000
36.6333,JELLY_A,0.9192,0.0000,1.00,J_GLIDE,15.16,0.0139,0.139,1.0706,2.3700,-3.3602,0.00160,0.01250,-0.00108,0.03017,-0.0021
36.6333,JELLY_B,0.1377,2.3401,1.00,J_DESCEND,17.74,0.0760,0.156,1.4349,3.2242,-3.7207,-0.00019,0.00229,0.00156,0.03315,0.2891
36.6333,JELLY_C,0.0320,0.0765,0.05,J_PAUSE_OPEN,13.46,0.0106,0.000,0.5485,3.8670,-3.8718,-0.00205,0.01271,0.00359,0.02104,0.0002
36.6667,JELLY_A,0.9297,0.0000,1.00,J_GLIDE,15.13,0.0141,0.139,1.0706,2.3704,-3.3603,0.00161,0.01250,-0.00111,0.03031,-0.0017
36.6667,JELLY_B,0.1496,2.0047,1.00,J_DESCEND,17.59,0.0795,0.156,1.4349,3.2243,-3.7207,-0.00017,0.00232,0.00158,0.03339,0.3573
36.6667,JELLY_C,0.0455,0.1040,0.05,J_PAUSE_OPEN,13.43,0.0108,0.000,0.5485,3.8675,-3.8717,-0.00207,0.01252,0.00355,0.02112,0.0005
36.7000,JELLY_A,0.9401,0.0000,1.00,J_GLIDE,15.11,0.0142,0.139,1.0707,2.3708,-3.3603,0.00161,0.01250,-0.00114,0.03045,-0.0014
36.7000,JELLY_B,0.1616,1.5988,1.00,J_DESCEND,17.44,0.0820,0.156,1.4349,3.2244,-3.7206,-0.00016,0.00230,0.00159,0.03357,0.4293
36.7000,JELLY_C,0.0590,0.1268,0.05,J_PAUSE_OPEN,13.41,0.0110,0.000,0.5484,3.8679,-3.8716,-0.00208,0.01234,0.00352,0.02120,0.0012
36.7333,JELLY_A,0.9505,0.0000,1.00,J_GLIDE,15.08,0.0144,0.139,1.0707,2.3713,-3.3603,0.00162,0.01249,-0.00117,0.03058,-0.0011
36.7333,JELLY_B,0.1736,1.1368,1.00,J_DESCEND,17.28,0.0834,0.156,1.4349,3.2245,-3.7206,-0.00015,0.00223,0.00158,0.03364,0.5032
36.7333,JELLY_C,0.0724,0.1439,0.05,J_PAUSE_OPEN,13.39,0.0113,0.000,0.5483,3.8683,-3.8715,-0.00209,0.01216,0.00349,0.02128,0.0022
36.7667,JELLY_A,0.9609,0.0000,1.00,J_GLIDE,15.05,0.0146,0.139,1.0708,2.3717,-3.3604,0.00162,0.01248,-0.00119,0.03072,-0.0009
36.7667,JELLY_B,0.1855,0.6350,1.00,J_DESCEND,17.12,0.0835,0.156,1.4349,3.2245,-3.7205,-0.00015,0.00213,0.00156,0.03362,0.5765
36.7667,JELLY_C,0.0859,0.1546,0.05,J_PAUSE_OPEN,13.37,0.0115,0.000,0.5483,3.8687,-3.8714,-0.00210,0.01199,0.00347,0.02136,0.0037
36.8000,JELLY_A,0.9714,0.0000,1.00,J_GLIDE,15.03,0.0147,0.139,1.0708,2.3721,-3.3604,0.00162,0.01247,-0.00122,0.03085,-0.0006
36.8000,JELLY_B,0.1975,0.1112,1.00,J_DESCEND,16.97,0.0824,0.156,1.4349,3.2246,-3.7205,-0.00015,0.00201,0.00154,0.03350,0.6472
36.8000,JELLY_C,0.0993,0.1585,0.05,J_PAUSE_OPEN,13.35,0.0116,0.000,0.5482,3.8691,-3.8712,-0.00212,0.01181,0.00344,0.02144,0.0058
36.8333,JELLY_A,0.9818,0.0000,1.00,J_GLIDE,15.00,0.0149,0.139,1.0709,2.3725,-3.3604,0.00162,0.01246,-0.00125,0.03098,-0.0005
36.8333,JELLY_B,0.2094,-0.0668,1.00,J_DESCEND,16.81,0.0807,0.156,1.4349,3.2247,-3.7204,-0.00014,0.00188,0.00152,0.03330,0.7129
36.8333,JELLY_C,0.1128,0.1552,0.05,J_PAUSE_OPEN,13.33,0.0118,0.000,0.5481,3.8695,-3.8711,-0.00213,0.01164,0.00341,0.02151,0.0084
36.8667,JELLY_A,0.9922,0.0000,1.00,J_GLIDE,14.97,0.0150,0.139,1.0709,2.3729,-3.3605,0.00163,0.01245,-0.00128,0.03110,-0.0003
36.8667,JELLY_B,0.2214,-0.1510,1.00,J_DESCEND,16.66,0.0789,0.156,1.4349,3.2247,-3.7204,-0.00014,0.00176,0.00149,0.03304,0.7719
36.8667,JELLY_C,0.1262,0.1451,0.05,J_PAUSE_OPEN,13.30,0.0120,0.000,0.5480,3.8698,-3.8710,-0.00214,0.01147,0.00339,0.02158,0.0115
36.9000,JELLY_A,0.0026,0.0051,0.05,J_PAUSE_OPEN,14.94,0.0152,0.000,1.0710,2.3733,-3.3605,0.00162,0.01238,-0.00132,0.03122,-0.0002
36.9000,JELLY_B,0.2334,-0.2343,1.00,J_DESCEND,16.51,0.0772,0.156,1.4349,3.2248,-3.7203,-0.00014,0.00164,0.00147,0.03273,0.8232
36.9000,JELLY_C,0.1397,0.1286,0.05,J_PAUSE_OPEN,13.28,0.0122,0.000,0.5480,3.8702,-3.8709,-0.00215,0.01131,0.00336,0.02165,0.0151
36.9333,JELLY_A,0.0130,0.0250,0.05,J_PAUSE_OPEN,14.91,0.0153,0.000,1.0710,2.3737,-3.3606,0.00161,0.01227,-0.00137,0.03134,-0.0001
36.9333,JELLY_B,0.2453,-0.3163,1.00,J_DESCEND,16.37,0.0756,0.156,1.4349,3.2248,-3.7203,-0.00014,0.00152,0.00145,0.03238,0.8664
36.9333,JELLY_C,0.1531,0.1063,0.05,J_PAUSE_OPEN,13.26,0.0124,0.000,0.5479,3.8706,-3.8708,-0.00216,0.01115,0.00333,0.02172,0.0190
36.9667,JELLY_A,0.0235,0.0442,0.05,J_PAUSE_OPEN,14.88,0.0154,0.000,1.0711,2.3742,-3.3606,0.00159,0.01217,-0.00141,0.03146,0.0000
36.9667,JELLY_B,0.2573,-0.3964,1.00,J_DESCEND,16.23,0.0740,0.156,1.4349,3.2249,-3.7202,-0.00014,0.00140,0.00143,0.03199,0.9013
36.9667,JELLY_C,0.1666,0.0794,0.05,J_PAUSE_OPEN,13.23,0.0125,0.000,0.5478,3.8710,-3.8707,-0.00217,0.01099,0.00331,0.02178,0.0231
37.0000,JELLY_A,0.0339,0.0622,0.05,J_PAUSE_OPEN,14.86,0.0156,0.000,1.0711,2.3746,-3.3607,0.00158,0.01206,-0.00146,0.03158,0.0002
37.0000,JELLY_B,0.2692,-0.4743,1.00,J_DESCEND,16.09,0.0724,0.156,1.4349,3.2249,-3.7202,-0.00013,0.00127,0.00140,0.03156,0.9282
37.0000,JELLY_C,0.1800,0.0489,0.05,J_PAUSE_OPEN,13.21,0.0127,0.000,0.5478,3.8713,-3.8706,-0.00218,0.01083,0.00329,0.02184,0.0273
37.0333,JELLY_A,0.0443,0.0786,0.05,J_PAUSE_OPEN,14.83,0.0157,0.000,1.0712,2.3750,-3.3607,0.00157,0.01195,-0.00150,0.03170,0.0004
37.0333,JELLY_B,0.2811,-0.5495,1.00,J_DESCEND,15.95,0.0709,0.156,1.4349,3.2250,-3.7201,-0.00013,0.00115,0.00138,0.03109,0.9475
37.0333,JELLY_C,0.1934,0.0163,0.05,J_PAUSE_OPEN,13.19,0.0128,0.000,0.5477,3.8717,-3.8705,-0.00220,0.01067,0.00326,0.02191,0.0313
37.0667,JELLY_A,0.0547,0.0929,0.05,J_PAUSE_OPEN,14.80,0.0158,0.000,1.0713,2.3754,-3.3608,0.00155,0.01185,-0.00155,0.03181,0.0009
37.0667,JELLY_B,0.2931,-0.6215,1.00,J_DESCEND,15.82,0.0694,0.156,1.4349,3.2250,-3.7201,-0.00013,0.00103,0.00136,0.03058,0.9598
37.0667,JELLY_C,0.2068,-0.0027,0.05,J_PAUSE_OPEN,13.16,0.0130,0.000,0.5476,3.8720,-3.8704,-0.00221,0.01052,0.00324,0.02197,0.0351
37.1000,JELLY_A,0.0651,0.1046,0.05,J_PAUSE_OPEN,14.77,0.0159,0.000,1.0713,2.3757,-3.3608,0.00154,0.01174,-0.00159,0.03192,0.0015
37.1000,JELLY_B,0.3050,-0.6901,1.00,J_DESCEND,15.69,0.0680,0.156,1.4349,3.2250,-3.7200,-0.00013,0.00092,0.00134,0.03004,0.9658
37.1000,JELLY_C,0.2203,-0.0080,0.05,J_PAUSE_OPEN,13.14,0.0131,0.000,0.5475,3.8724,-3.8702,-0.00222,0.01037,0.00322,0.02202,0.0385
37.1333,JELLY_A,0.0755,0.1136,0.05,J_PAUSE_OPEN,14.74,0.0160,0.000,1.0714,2.3761,-3.3609,0.00153,0.01164,-0.00164,0.03203,0.0024
37.1333,JELLY_B,0.3170,-0.7547,1.00,J_DESCEND,15.56,0.0666,0.156,1.4349,3.2251,-3.7200,-0.00013,0.00080,0.00132,0.02946,0.9659
37.1333,JELLY_C,0.2337,-0.0133,0.05,J_PAUSE_OPEN,13.11,0.0132,0.000,0.5475,3.8727,-3.8701,-0.00223,0.01022,0.00320,0.02208,0.0414
37.1667,JELLY_A,0.0859,0.1196,0.05,J_PAUSE_OPEN,14.71,0.0161,0.000,1.0714,2.3765,-3.3609,0.00151,0.01154,-0.00168,0.03214,0.0036
37.1667,JELLY_B,0.3289,-0.8150,1.00,J_DESCEND,15.44,0.0652,0.156,1.4349,3.2251,-3.7200,-0.00012,0.00068,0.00130,0.02886,0.9608
37.1667,JELLY_C,0.2471,-0.0184,0.05,J_PAUSE_OPEN,13.09,0.0134,0.000,0.5474,3.8731,-3.8700,-0.00224,0.01007,0.00318,0.02214,0.0437
37.2000,JELLY_A,0.0963,0.1223,0.05,J_PAUSE_OPEN,14.67,0.0162,0.000,1.0715,2.3769,-3.3610,0.00150,0.01144,-0.00172,0.03224,0.0052
37.2000,JELLY_B,0.3409,-0.8707,1.00,J_DESCEND,15.32,0.0639,0.156,1.4349,3.2251,-3.7199,-0.00012,0.00056,0.00128,0.02823,0.9511
37.2000,JELLY_C,0.2605,-0.0234,0.05,J_PAUSE_OPEN,13.06,0.0135,0.000,0.5473,3.8734,-3.8699,-0.00224,0.00992,0.00316,0.02220,0.0456
37.2333,JELLY_A,0.1067,0.1218,0.05,J_PAUSE_OPEN,14.64,0.0163,0.000,1.0715,2.3773,-3.3611,0.00149,0.01134,-0.00177,0.03234,0.0070
37.2333,JELLY_B,0.3528,-0.9216,1.00,J_DESCEND,15.20,0.0626,0.156,1.4349,3.2251,-3.7199,-0.00012,0.00045,0.00126,0.02760,0.9374
37.2333,JELLY_C,0.2739,-0.0283,0.05,J_PAUSE_OPEN,13.03,0.0136,0.000,0.5472,3.8737,-3.8698,-0.00225,0.00978,0.00314,0.02225,0.0469
37.2667,JELLY_A,0.1171,0.1181,0.05,J_PAUSE_OPEN,14.61,0.0164,0.000,1.0716,2.3777,-3.3611,0.00148,0.01124,-0.00181,0.03245,0.0092
37.2667,JELLY_B,0.3647,-0.9672,1.00,J_DESCEND,15.08,0.0613,0.156,1.4349,3.2251,-3.7198,-0.00012,0.00033,0.00125,0.02694,0.9200
37.2667,JELLY_C,0.2873,-0.0329,0.05,J_PAUSE_OPEN,13.01,0.0137,0.000,0.5472,3.8741,-3.8697,-0.00226,0.00964,0.00312,0.02231,0.0478
37.3000,JELLY_A,0.1275,0.1112,0.05,J_PAUSE_OPEN,14.58,0.0165,0.000,1.0716,2.3780,-3.3612,0.00147,0.01114,-0.00185,0.03255,0.0116
37.3000,JELLY_B,0.3767,-1.0074,1.00,J_DESCEND,14.97,0.0601,0.156,1.4349,3.2252,-3.7198,-0.00011,0.00021,0.00123,0.02627,0.8994
37.3000,JELLY_C,0.3007,-0.0373,0.05,J_PAUSE_OPEN,12.98,0.0138,0.000,0.5471,3.8744,-3.8696,-0.00227,0.00950,0.00310,0.02237,0.0483
37.3333,JELLY_A,0.1379,0.1014,0.05,J_PAUSE_OPEN,14.55,0.0166,0.000,1.0717,2.3784,-3.3612,0.00145,0.01104,-0.00189,0.03265,0.0144
37.3333,JELLY_B,0.3886,-1.0419,1.00,J_DESCEND,14.85,0.0589,0.156,1.4348,3.2252,-3.7197,-0.00011,0.00010,0.00121,0.02560,0.8760
37.3333,JELLY_C,0.3141,-0.0415,0.05,J_PAUSE_OPEN,12.96,0.0140,0.000,0.5470,3.8747,-3.8695,-0.00228,0.00936,0.00309,0.02242,0.0483
37.3667,JELLY_A,0.1483,0.0889,0.05,J_PAUSE_OPEN,14.52,0.0167,0.000,1.0717,2.3788,-3.3613,0.00144,0.01095,-0.00193,0.03274,0.0173
37.3667,JELLY_B,0.4005,-1.0705,1.00,J_DESCEND,14.74,0.0577,0.156,1.4348,3.2252,-3.7197,-0.00011,-0.00002,0.00119,0.02494,0.8502
37.3667,JELLY_C,0.3275,-0.0453,0.05,J_PAUSE_OPEN,12.93,0.0141,0.000,0.5469,3.8750,-3.8694,-0.00229,0.00922,0.00307,0.02248,0.0481
37.4000,JELLY_A,0.1587,0.0740,0.05,J_PAUSE_OPEN,14.49,0.0168,0.000,1.0717,2.3791,-3.3614,0.00143,0.01085,-0.00197,0.03284,0.0204
37.4000,JELLY_B,0.4125,-1.0931,1.00,J_DESCEND,14.63,0.0566,0.156,1.4348,3.2252,-3.7197,-0.00011,-0.00013,0.00117,0.02431,0.8221
37.4000,JELLY_C,0.3409,-0.0488,0.05,J_PAUSE_OPEN,12.90,0.0142,0.000,0.5469,3.8753,-3.8693,-0.00230,0.00909,0.00305,0.02253,0.0476
37.4333,JELLY_A,0.1691,0.0571,0.05,J_PAUSE_OPEN,14.45,0.0169,0.000,1.0718,2.3795,-3.3614,0.00142,0.01076,-0.00200,0.03293,0.0236
37.4333,JELLY_B,0.4244,-1.1096,1.00,J_DESCEND,14.53,0.0555,0.156,1.4348,3.2252,-3.7196,-0.00010,-0.00023,0.00116,0.02372,0.7922
37.4333,JELLY_C,0.3542,-0.0520,0.05,J_PAUSE_OPEN,12.87,0.0142,0.000,0.5468,3.8756,-3.8692,-0.00231,0.00895,0.00304,0.02259,0.0468
37.4667,JELLY_A,0.1795,0.0388,0.05,J_PAUSE_OPEN,14.42,0.0169,0.000,1.0718,2.3798,-3.3615,0.00141,0.01066,-0.00204,0.03303,0.0268
37.4667,JELLY_B,0.4363,-1.1199,1.00,J_DESCEND,14.42,0.0544,0.156,1.4348,3.2251,-3.7196,-0.00010,-0.00032,0.00115,0.02319,0.7607
37.4667,JELLY_C,0.3676,-0.0548,0.05,J_PAUSE_OPEN,12.85,0.0143,0.000,0.5467,3.8759,-3.8691,-0.00231,0.00882,0.00302,0.02265,0.0457
37.5000,JELLY_A,0.1899,0.0194,0.05,J_PAUSE_OPEN,14.39,0.0170,0.000,1.0719,2.3802,-3.3616,0.00140,0.01057,-0.00208,0.03312,0.0300
37.5000,JELLY_B,0.4482,-1.1238,1.00,J_DESCEND,14.32,0.0534,0.156,1.4348,3.2251,-3.7195,-0.00009,-0.00039,0.00114,0.02270,0.7278
37.5000,JELLY_C,0.3810,-0.0572,0.05,J_PAUSE_OPEN,12.82,0.0144,0.000,0.5466,3.8762,-3.8690,-0.00232,0.00869,0.00301,0.02271,0.0445
37.5333,JELLY_A,0.2002,-0.0001,0.05,J_PAUSE_OPEN,14.36,0.0171,0.000,1.0719,2.3806,-3.3616,0.00139,0.01048,-0.00212,0.03321,0.0330
37.5333,JELLY_B,0.4602,-1.1215,1.00,J_DESCEND,14.22,0.0523,0.156,1.4348,3.2251,-3.7195,-0.00009,-0.00045,0.00114,0.02227,0.6937
37.5333,JELLY_C,0.3944,-0.0592,0.05,J_PAUSE_OPEN,12.79,0.0145,0.000,0.5465,3.8765,-3.8689,-0.00233,0.00856,0.00299,0.02276,0.0432
37.5667,JELLY_A,0.2106,-0.0033,0.05,J_PAUSE_OPEN,14.32,0.0171,0.000,1.0720,2.3809,-3.3617,0.00138,0.01039,-0.00215,0.03330,0.0359
37.5667,JELLY_B,0.4721,-1.1129,1.00,J_DESCEND,14.12,0.0513,0.156,1.4348,3.2251,-3.7195,-0.00008,-0.00049,0.00114,0.02190,0.6587
37.5667,JELLY_C,0.4077,-0.0608,0.05,J_PAUSE_OPEN,12.76,0.0146,0.000,0.5465,3.8768,-3.8688,-0.00234,0.00843,0.00298,0.02282,0.0416
37.6000,JELLY_A,0.2210,-0.0064,0.05,J_PAUSE_OPEN,14.29,0.0172,0.000,1.0720,2.3812,-3.3618,0.00137,0.01030,-0.00219,0.03339,0.0385
37.6000,JELLY_B,0.4840,-1.0980,1.00,J_DESCEND,14.03,0.0504,0.156,1.4348,3.2251,-3.7194,-0.00007,-0.00051,0.00114,0.02158,0.6229
37.6000,JELLY_C,0.4211,-0.0619,0.05,J_PAUSE_OPEN,12.74,0.0147,0.000,0.5464,3.8770,-3.8687,-0.00235,0.00830,0.00296,0.02289,0.0400
37.6333,JELLY_A,0.2314,-0.0096,0.05,J_PAUSE_OPEN,14.26,0.0172,0.000,1.0721,2.3816,-3.3619,0.00136,0.01021,-0.00223,0.03348,0.0407
37.6333,JELLY_B,0.4959,-1.0770,1.00,J_DESCEND,13.93,0.0494,0.156,1.4348,3.2251,-3.7194,-0.00006,-0.00051,0.00115,0.02131,0.5865
37.6333,JELLY_C,0.4345,-0.0627,0.05,J_PAUSE_OPEN,12.71,0.0147,0.000,0.5463,3.8773,-3.8686,-0.00235,0.00818,0.00295,0.02295,0.0382
37.6667,JELLY_A,0.2418,-0.0127,0.05,J_PAUSE_OPEN,14.23,0.0173,0.000,1.0721,2.3819,-3.3619,0.00135,0.01012,-0.00226,0.03357,0.0427
37.6667,JELLY_B,0.5078,-1.0499,1.00,J_DESCEND,13.84,0.0485,0.156,1.4348,3.2251,-3.7194,-0.00004,-0.00048,0.00117,0.02108,0.5498
37.6667,JELLY_C,0.4478,-0.0629,0.05,J_PAUSE_OPEN,12.68,0.0148,0.000,0.5462,3.8776,-3.8685,-0.00236,0.00806,0.00294,0.02301,0.0364
37.7000,JELLY_A,0.2521,-0.0157,0.05,J_PAUSE_OPEN,14.19,0.0173,0.000,1.0722,2.3823,-3.3620,0.00134,0.01003,-0.00229,0.03366,0.0444
37.7000,JELLY_B,0.5198,-1.0170,1.00,J_DESCEND,13.75,0.0476,0.156,1.4348,3.2250,-3.7193,-0.00003,-0.00044,0.00119,0.02091,0.5129
37.7000,JELLY_C,0.4612,-0.0628,0.05,J_PAUSE_OPEN,12.65,0.0149,0.000,0.5462,3.8778,-3.8684,-0.00237,0.00794,0.00293,0.02307,0.0345
37.7333,JELLY_A,0.2625,-0.0187,0.05,J_PAUSE_OPEN,14.16,0.0174,0.000,1.0722,2.3826,-3.3621,0.00133,0.00994,-0.00233,0.03374,0.0457
37.7333,JELLY_B,0.5317,-0.9784,1.00,J_DESCEND,13.66,0.0467,0.156,1.4348,3.2250,-3.7193,-0.00001,-0.00038,0.00121,0.02077,0.4760
37.7333,JELLY_C,0.4745,-0.0622,0.05,J_PAUSE_OPEN,12.62,0.0149,0.000,0.5461,3.8781,-3.8683,-0.00237,0.00782,0.00291,0.02313,0.0325
37.7667,JELLY_A,0.2729,-0.0216,0.05,J_PAUSE_OPEN,14.13,0.0174,0.000,1.0723,2.3829,-3.3622,0.00132,0.00986,-0.00236,0.03383,0.0468
37.7667,JELLY_B,0.5436,-0.9343,1.00,J_DESCEND,13.57,0.0459,0.156,1.4348,3.2250,-3.7192,0.00001,-0.00031,0.00124,0.02068,0.4394
37.7667,JELLY_C,0.4879,-0.0611,0.05,J_PAUSE_OPEN,12.59,0.0150,0.000,0.5460,3.8784,-3.8682,-0.00238,0.00771,0.00290,0.02320,0.0305
37.8000,JELLY_A,0.2833,-0.0244,0.05,J_PAUSE_OPEN,14.09,0.0175,0.000,1.0723,2.3832,-3.3622,0.00131,0.00977,-0.00240,0.03392,0.0476
37.8000,JELLY_B,0.5555,-0.8851,1.00,J_DESCEND,13.49,0.0451,0.156,1.4348,3.2250,-3.7192,0.00003,-0.00021,0.00127,0.02062,0.4031
37.8000,JELLY_C,0.5012,-0.0596,0.05,J_PAUSE_OPEN,12.57,0.0151,0.000,0.5459,3.8786,-3.8681,-0.00239,0.00759,0.00289,0.02326,0.0285
37.8333,JELLY_A,0.2936,-0.0271,0.05,J_PAUSE_OPEN,14.06,0.0175,0.000,1.0723,2.3836,-3.3623,0.00130,0.00968,-0.00243,0.03400,0.0481
37.8333,JELLY_B,0.5674,-0.8308,1.00,J_DESCEND,13.40,0.0443,0.156,1.4348,3.2250,-3.7192,0.00004,-0.00011,0.00130,0.02059,0.3675
37.8333,JELLY_C,0.5146,-0.0577,0.05,J_PAUSE_OPEN,12.54,0.0151,0.000,0.5458,3.8789,-3.8680,-0.00239,0.00748,0.00288,0.02332,0.0264
37.8667,JELLY_A,0.3040,-0.0297,0.05,J_PAUSE_OPEN,14.03,0.0176,0.000,1.0724,2.3839,-3.3624,0.00129,0.00960,-0.00246,0.03409,0.0484
37.8667,JELLY_B,0.5793,-0.7720,1.00,J_DESCEND,13.32,0.0435,0.156,1.4348,3.2250,-3.7191,0.00007,0.00001,0.00133,0.02058,0.3327
37.8667,JELLY_C,0.5279,-0.0555,0.05,J_PAUSE_OPEN,12.51,0.0152,0.000,0.5458,3.8791,-3.8679,-0.00240,0.00738,0.00287,0.02338,0.0243
37.9000,JELLY_A,0.3144,-0.0322,0.05,J_PAUSE_OPEN,13.99,0.0176,0.000,1.0724,2.3842,-3.3625,0.00128,0.00951,-0.00249,0.03417,0.0484
37.9000,JELLY_B,0.5912,-0.7088,1.00,J_DESCEND,13.24,0.0427,0.156,1.4348,3.2250,-3.7191,0.00009,0.00013,0.00136,0.02061,0.2988
37.9000,JELLY_C,0.5412,-0.0528,0.05,J_PAUSE_OPEN,12.48,0.0152,0.000,0.5457,3.8794,-3.8678,-0.00241,0.00727,0.00287,0.02344,0.0223
37.9333,JELLY_A,0.3248,-0.0345,0.05,J_PAUSE_OPEN,13.96,0.0176,0.000,1.0725,2.3845,-3.3626,0.00127,0.00943,-0.00253,0.03425,0.0483
37.9333,JELLY_B,0.6032,-0.6417,1.00,J_DESCEND,13.16,0.0420,0.156,1.4348,3.2250,-3.7190,0.00011,0.00025,0.00140,0.02065,0.2661
37.9333,JELLY_C,0.5545,-0.0497,0.05,J_PAUSE_OPEN,12.45,0.0153,0.000,0.5456,3.8796,-3.8677,-0.00241,0.00717,0.00286,0.02349,0.0203
37.9667,JELLY_A,0.3351,-0.0367,0.05,J_PAUSE_OPEN,13.93,0.0177,0.000,1.0725,2.3848,-3.3627,0.00126,0.00935,-0.00256,0.03434,0.0479
37.9667,JELLY_B,0.6151,-0.5709,1.00,J_DESCEND,13.08,0.0412,0.156,1.4348,3.2250,-3.7190,0.00013,0.00038,0.00143,0.02071,0.2347
37.9667,JELLY_C,0.5679,-0.0463,0.05,J_PAUSE_OPEN,12.42,0.0153,0.000,0.5455,3.8798,-3.8676,-0.00242,0.00707,0.00285,0.02355,0.0183
38.0000,JELLY_A,0.3455,-0.0387,0.05,J_PAUSE_OPEN,13.89,0.0177,0.000,1.0726,2.3851,-3.3627,0.00125,0.00926,-0.00259,0.03442,0.0474
38.0000,JELLY_B,0.6270,-0.4971,1.00,J_DESCEND,13.00,0.0405,0.156,1.4348,3.2250,-3.7189,0.00015,0.00050,0.00147,0.02079,0.2049
38.0000,JELLY_C,0.5812,-0.0426,0.05,J_PAUSE_OPEN,12.39,0.0153,0.000,0.5454,3.8801,-3.8675,-0.00242,0.00696,0.00284,0.02361,0.0163
38.0333,JELLY_A,0.3558,-0.0405,0.05,J_PAUSE_OPEN,13.86,0.0177,0.000,1.0726,2.3855,-3.3628,0.00124,0.00918,-0.00262,0.03450,0.0468
38.0333,JELLY_B,0.6389,-0.4204,1.00,J_DESCEND,12.92,0.0398,0.156,1.4348,3.2251,-3.7189,0.00017,0.00062,0.00150,0.02089,0.1766
38.0333,JELLY_C,0.5945,-0.0386,0.05,J_PAUSE_OPEN,12.36,0.0154,0.000,0.5454,3.8803,-3.8674,-0.00243,0.00687,0.00284,0.02366,0.0144
38.0667,JELLY_A,0.3662,-0.0422,0.05,J_PAUSE_OPEN,13.83,0.0178,0.000,1.0726,2.3858,-3.3629,0.00123,0.00910,-0.00265,0.03458,0.0460
38.0667,JELLY_B,0.6508,-0.3414,1.00,J_DESCEND,12.85,0.0392,0.156,1.4348,3.2251,-3.7188,0.00019,0.00074,0.00153,0.02100,0.1502
38.0667,JELLY_C,0.6078,-0.0343,0.05,J_PAUSE_OPEN,12.33,0.0154,0.000,0.5453,3.8805,-3.8674,-0.00243,0.00677,0.00283,0.02371,0.0126
38.1000,JELLY_A,0.3766,-0.0437,0.05,J_PAUSE_OPEN,13.79,0.0178,0.000,1.0727,2.3861,-3.3630,0.00123,0.00902,-0.00268,0.03466,0.0451
38.1000,JELLY_B,0.6627,-0.2606,1.00,J_DESCEND,12.78,0.0385,0.156,1.4349,3.2251,-3.7188,0.00021,0.00087,0.00156,0.02112,0.1258
38.1000,JELLY_C,0.6211,-0.0298,0.05,J_PAUSE_OPEN,12.30,0.0155,0.000,0.5452,3.8807,-3.8673,-0.00244,0.00667,0.00282,0.02376,0.0109
38.1333,JELLY_A,0.3869,-0.0450,0.05,J_PAUSE_OPEN,13.76,0.0178,0.000,1.0727,2.3864,-3.3631,0.00122,0.00894,-0.00271,0.03473,0.0441
38.1333,JELLY_B,0.6746,-0.1783,1.00,J_DESCEND,12.70,0.0379,0.156,1.4349,3.2251,-3.7187,0.00023,0.00099,0.00159,0.02125,0.1035
38.1333,JELLY_C,0.6344,-0.0251,0.05,J_PAUSE_OPEN,12.27,0.0155,0.000,0.5451,3.8810,-3.8672,-0.00244,0.00657,0.00282,0.02381,0.0093
38.1667,JELLY_A,0.3973,-0.0462,0.05,J_PAUSE_OPEN,13.72,0.0178,0.000,1.0728,2.3867,-3.3632,0.00121,0.00886,-0.00274,0.03481,0.0430
38.1667,JELLY_B,0.6865,-0.0950,1.00,J_DESCEND,12.63,0.0373,0.156,1.4349,3.2252,-3.7187,0.00025,0.00111,0.00162,0.02138,0.0833
38.1667,JELLY_C,0.6477,-0.0202,0.05,J_PAUSE_OPEN,12.24,0.0155,0.000,0.5450,3.8812,-3.8671,-0.00245,0.00648,0.00281,0.02386,0.0078
38.2000,JELLY_A,0.4076,-0.0471,0.05,J_PAUSE_OPEN,13.69,0.0178,0.000,1.0728,2.3869,-3.3633,0.00120,0.00878,-0.00276,0.03489,0.0418
38.2000,JELLY_B,0.6984,-0.0112,1.00,J_DESCEND,12.56,0.0366,0.156,1.4349,3.2252,-3.7186,0.00027,0.00122,0.00165,0.02153,0.0655
38.2000,JELLY_C,0.6610,-0.0152,0.05,J_PAUSE_OPEN,12.21,0.0155,0.000,0.5449,3.8814,-3.8670,-0.00245,0.00638,0.00280,0.02391,0.0064
38.2333,JELLY_A,0.4180,-0.0478,0.05,J_PAUSE_OPEN,13.66,0.0178,0.000,1.0728,2.3872,-3.3634,0.00119,0.00870,-0.00279,0.03496,0.0405
38.2333,JELLY_B,0.7103,0.0000,1.00,J_GLIDE,12.49,0.0361,0.156,1.4349,3.2253,-3.7186,0.00029,0.00139,0.00167,0.02168,0.0501
38.2333,JELLY_C,0.6743,-0.0101,0.05,J_PAUSE_OPEN,12.19,0.0156,0.000,0.5449,3.8816,-3.8669,-0.00246,0.00629,0.00280,0.02395,0.0052
38.2667,JELLY_A,0.4284,-0.0483,0.05,J_PAUSE_OPEN,13.62,0.0179,0.000,1.0729,2.3875,-3.3635,0.00119,0.00863,-0.00282,0.03503,0.0392
38.2667,JELLY_B,0.7222,0.0000,1.00,J_GLIDE,12.43,0.0355,0.156,1.4349,3.2253,-3.7185,0.00031,0.00154,0.00170,0.02184,0.0371
38.2667,JELLY_C,0.6876,-0.0049,0.05,J_PAUSE_OPEN,12.16,0.0156,0.000,0.5448,3.8818,-3.8668,-0.00246,0.00619,0.00279,0.02400,0.0040
38.3000,JELLY_A,0.4387,-0.0487,0.05,J_PAUSE_OPEN,13.59,0.0179,0.000,1.0729,2.3878,-3.3636,0.00118,0.00855,-0.00285,0.03511,0.0378
38.3000,JELLY_B,0.7341,0.0000,1.00,J_GLIDE,12.36,0.0349,0.156,1.4349,3.2254,-3.7184,0.00033,0.00169,0.00172,0.02200,0.0264
38.3000,JELLY_C,0.7009,0.0000,0.05,J_PAUSE_OPEN,12.13,0.0156,0.000,0.5447,3.8820,-3.8667,-0.00247,0.00610,0.00279,0.02404,0.0031
38.3333,JELLY_A,0.4491,-0.0488,0.05,J_PAUSE_OPEN,13.55,0.0179,0.000,1.0730,2.3881,-3.3637,0.00117,0.00847,-0.00287,0.03518,0.0364
38.3333,JELLY_B,0.7460,0.0000,1.00,J_GLIDE,12.29,0.0344,0.156,1.4349,3.2254,-3.7184,0.00035,0.00183,0.00174,0.02216,0.0178
38.3333,JELLY_C,0.7142,0.0000,0.05,J_PAUSE_OPEN,12.10,0.0156,0.000,0.5446,3.8822,-3.8666,-0.00247,0.00601,0.00278,0.02408,0.0022
38.3667,JELLY_A,0.4594,-0.0487,0.05,J_PAUSE_OPEN,13.52,0.0179,0.000,1.0730,2.3884,-3.3637,0.00116,0.00840,-0.00290,0.03525,0.0349
38.3667,JELLY_B,0.7579,0.0000,1.00,J_GLIDE,12.23,0.0338,0.156,1.4349,3.2255,-3.7183,0.00037,0.00197,0.00176,0.02232,0.0110
38.3667,JELLY_C,0.7275,0.0000,0.05,J_PAUSE_OPEN,12.07,0.0157,0.000,0.5445,3.8824,-3.8665,-0.00248,0.00591,0.00278,0.02412,0.0016
38.4000,JELLY_A,0.4698,-0.0484,0.05,J_PAUSE_OPEN,13.48,0.0179,0.000,1.0730,2.3887,-3.3638,0.00116,0.00833,-0.00293,0.03532,0.0334
38.4000,JELLY_B,0.7698,0.0000,1.00,J_GLIDE,12.17,0.0333,0.156,1.4349,3.2255,-3.7183,0.00038,0.00210,0.00178,0.02249,0.0058
38.4000,JELLY_C,0.7408,0.0000,0.05,J_PAUSE_OPEN,12.04,0.0157,0.000,0.5445,3.8826,-3.8664,-0.00248,0.00582,0.00277,0.02416,0.0010
38.4333,JELLY_A,0.4801,-0.0479,0.05,J_PAUSE_OPEN,13.45,0.0179,0.000,1.0731,2.3889,-3.3639,0.00115,0.00825,-0.00295,0.03538,0.0318
38.4333,JELLY_B,0.7817,0.0000,1.00,J_GLIDE,12.10,0.0328,0.156,1.4350,3.2256,-3.7182,0.00040,0.00222,0.00179,0.02265,0.0020
38.4333,JELLY_C,0.7540,0.0000,0.05,J_PAUSE_OPEN,12.01,0.0157,0.000,0.5444,3.8828,-3.8663,-0.00249,0.00573,0.00277,0.02420,0.0006
38.4667,JELLY_A,0.4905,-0.0472,0.05,J_PAUSE_OPEN,13.42,0.0179,0.000,1.0731,2.3892,-3.3640,0.00114,0.00818,-0.00298,0.03545,0.0303
38.4667,JELLY_B,0.7936,0.0000,1.00,J_GLIDE,12.04,0.0323,0.156,1.4350,3.2257,-3.7181,0.00042,0.00234,0.00181,0.02282,-0.0007
38.4667,JELLY_C,0.7673,0.0000,0.05,J_PAUSE_OPEN,11.98,0.0157,0.000,0.5443,3.8830,-3.8662,-0.00249,0.00564,0.00276,0.02423,0.0003
38.5000,JELLY_A,0.5008,-0.0463,0.05,J_PAUSE_OPEN,13.38,0.0179,0.000,1.0731,2.3895,-3.3641,0.00114,0.00811,-0.00300,0.03552,0.0287
38.5000,JELLY_B,0.8055,0.0000,1.00,J_GLIDE,11.98,0.0318,0.156,1.4350,3.2258,-3.7181,0.00043,0.00245,0.00182,0.02298,-0.0025
38.5000,JELLY_C,0.7806,0.0000,0.05,J_PAUSE_OPEN,11.95,0.0157,0.000,0.5442,3.8832,-3.8661,-0.00249,0.00554,0.00276,0.02427,0.0001
38.5333,JELLY_A,0.5112,-0.0452,0.05,J_PAUSE_OPEN,13.35,0.0179,0.000,1.0732,2.3897,-3.3642,0.00113,0.00804,-0.00303,0.03558,0.0271
38.5333,JELLY_B,0.8174,0.0000,1.00,J_GLIDE,11.92,0.0314,0.156,1.4350,3.2259,-3.7180,0.00045,0.00255,0.00183,0.02315,-0.0037
38.5333,JELLY_C,0.7939,0.0000,0.05,J_PAUSE_OPEN,11.92,0.0157,0.000,0.5441,3.8834,-3.8661,-0.00250,0.00545,0.00275,0.02430,-0.0000
38.5667,JELLY_A,0.5215,-0.0439,0.05,J_PAUSE_OPEN,13.31,0.0179,0.000,1.0732,2.3900,-3.3643,0.00112,0.00797,-0.00305,0.03564,0.0255
38.5667,JELLY_B,0.8293,0.0000,1.00,J_GLIDE,11.86,0.0309,0.156,1.4350,3.2260,-3.7180,0.00046,0.00265,0.00184,0.02331,-0.0042
38.5667,JELLY_C,0.8071,0.0000,0.05,J_PAUSE_OPEN,11.89,0.0157,0.000,0.5440,3.8835,-3.8660,-0.00250,0.00536,0.00275,0.02433,-0.0001
38.6000,JELLY_A,0.5318,-0.0424,0.05,J_PAUSE_OPEN,13.28,0.0179,0.000,1.0733,2.3903,-3.3644,0.00112,0.00791,-0.00308,0.03571,0.0239
38.6000,JELLY_B,0.8412,0.0000,1.00,J_GLIDE,11.80,0.0305,0.156,1.4350,3.2260,-3.7179,0.00048,0.00274,0.00185,0.02348,-0.0044
38.6000,JELLY_C,0.8204,0.0000,0.05,J_PAUSE_OPEN,11.86,0.0157,0.000,0.5440,3.8837,-3.8659,-0.00251,0.00527,0.00275,0.02436,-0.0002
38.6333,JELLY_A,0.5422,-0.0408,0.05,J_PAUSE_OPEN,13.25,0.0179,0.000,1.0733,2.3905,-3.3646,0.00111,0.00784,-0.00310,0.03577,0.0223
38.6333,JELLY_B,0.8531,0.0000,1.00,J_GLIDE,11.74,0.0300,0.156,1.4350,3.2261,-3.7178,0.00049,0.00283,0.00185,0.02364,-0.0043
38.6333,JELLY_C,0.8336,0.0000,0.05,J_PAUSE_OPEN,11.83,0.0158,0.000,0.5439,3.8839,-3.8658,-0.00251,0.00517,0.00274,0.02439,-0.0002
38.6667,JELLY_A,0.5525,-0.0390,0.05,J_PAUSE_OPEN,13.21,0.0179,0.000,1.0733,2.3908,-3.3647,0.00111,0.00778,-0.00312,0.03583,0.0207
38.6667,JELLY_B,0.8650,0.0000,1.00,J_GLIDE,11.69,0.0296,0.156,1.4351,3.2262,-3.7178,0.00050,0.00291,0.00186,0.02380,-0.0040
38.6667,JELLY_C,0.8469,0.0000,0.05,J_PAUSE_OPEN,11.80,0.0158,0.000,0.5438,3.8841,-3.8657,-0.00251,0.00508,0.00274,0.02442,-0.0002
38.7000,JELLY_A,0.5629,-0.0370,0.05,J_PAUSE_OPEN,13.18,0.0179,0.000,1.0734,2.3911,-3.3648,0.00110,0.00771,-0.00314,0.03589,0.0191
38.7000,JELLY_B,0.8769,0.0000,1.00,J_GLIDE,11.63,0.0292,0.156,1.4351,3.2263,-3.7177,0.00052,0.00299,0.00186,0.02396,-0.0037
38.7000,JELLY_C,0.8601,0.0000,0.05,J_PAUSE_OPEN,11.77,0.0158,0.000,0.5437,3.8842,-3.8656,-0.00252,0.00499,0.00273,0.02445,-0.0002
38.7333,JELLY_A,0.5732,-0.0348,0.05,J_PAUSE_OPEN,13.14,0.0179,0.000,1.0734,2.3913,-3.3649,0.00110,0.00765,-0.00317,0.03595,0.0176
38.7333,JELLY_B,0.8888,0.0000,1.00,J_GLIDE,11.58,0.0288,0.156,1.4351,3.2264,-3.7177,0.00053,0.00306,0.00187,0.02411,-0.0032
38.7333,JELLY_C,0.8734,0.0000,0.05,J_PAUSE_OPEN,11.74,0.0158,0.000,0.5436,3.8844,-3.8655,-0.00252,0.00490,0.00273,0.02447,-0.0002
38.7667,JELLY_A,0.5836,-0.0326,0.05,J_PAUSE_OPEN,13.11,0.0179,0.000,1.0734,2.3916,-3.3650,0.00109,0.00758,-0.00319,0.03600,0.0161
38.7667,JELLY_B,0.9007,0.0000,1.00,J_GLIDE,11.52,0.0284,0.156,1.4351,3.2265,-3.7176,0.00054,0.00313,0.00187,0.02427,-0.0027
38.7667,JELLY_C,0.8866,0.0000,0.05,J_PAUSE_OPEN,11.71,0.0158,0.000,0.5435,3.8846,-3.8654,-0.00252,0.00481,0.00272,0.02450,-0.0002
38.8000,JELLY_A,0.5939,-0.0301,0.05,J_PAUSE_OPEN,13.07,0.0179,0.000,1.0735,2.3918,-3.3651,0.00109,0.00752,-0.00321,0.03606,0.0146
38.8000,JELLY_B,0.9126,0.0000,1.00,J_GLIDE,11.47,0.0280,0.156,1.4351,3.2266,-3.7175,0.00055,0.00319,0.00187,0.02442,-0.0023
38.8000,JELLY_C,0.8999,0.0000,0.05,J_PAUSE_OPEN,11.68,0.0158,0.000,0.5435,3.8847,-3.8653,-0.00253,0.00472,0.00272,0.02453,-0.0001
38.8333,JELLY_A,0.6042,-0.0276,0.05,J_PAUSE_OPEN,13.04,0.0179,0.000,1.0735,2.3921,-3.3652,0.00108,0.00746,-0.00323,0.03611,0.0132
38.8333,JELLY_B,0.9245,0.0000,1.00,J_GLIDE,11.42,0.0276,0.156,1.4352,3.2267,-3.7175,0.00057,0.00325,0.00187,0.02457,-0.0019
38.8333,JELLY_C,0.9131,0.0000,0.05,J_PAUSE_OPEN,11.65,0.0158,0.000,0.5434,3.8849,-3.8652,-0.00253,0.00463,0.00272,0.02455,-0.0001
38.8667,JELLY_A,0.6146,-0.0249,0.05,J_PAUSE_OPEN,13.01,0.0179,0.000,1.0736,2.3923,-3.3653,0.00108,0.00740,-0.00325,0.03617,0.0119
38.8667,JELLY_B,0.9364,0.0000,1.00,J_GLIDE,11.36,0.0272,0.156,1.4352,3.2269,-3.7174,0.00058,0.00330,0.00187,0.02472,-0.0015
38.8667,JELLY_C,0.9263,0.0000,0.05,J_PAUSE_OPEN,11.62,0.0158,0.000,0.5433,3.8850,-3.8651,-0.00254,0.00454,0.00271,0.02457,-0.0001
38.9000,JELLY_A,0.6249,-0.0221,0.05,J_PAUSE_OPEN,12.97,0.0178,0.000,1.0736,2.3926,-3.3654,0.00107,0.00734,-0.00327,0.03622,0.0105
38.9000,JELLY_B,0.9483,0.0000,1.00,J_GLIDE,11.31,0.0269,0.156,1.4352,3.2270,-3.7173,0.00059,0.00335,0.00186,0.02486,-0.0011
38.9000,JELLY_C,0.9396,0.0000,0.05,J_PAUSE_OPEN,11.59,0.0158,0.000,0.5432,3.8852,-3.8651,-0.00254,0.00445,0.00271,0.02460,-0.0001
38.9333,JELLY_A,0.6353,-0.0193,0.05,J_PAUSE_OPEN,12.94,0.0178,0.000,1.0736,2.3928,-3.3655,0.00107,0.00727,-0.00329,0.03627,0.0093
38.9333,JELLY_B,0.9602,0.0000,1.00,J_GLIDE,11.26,0.0265,0.156,1.4352,3.2271,-3.7173,0.00060,0.00340,0.00186,0.02501,-0.0009
38.9333,JELLY_C,0.9528,0.0000,0.05,J_PAUSE_OPEN,11.55,0.0157,0.000,0.5431,3.8853,-3.8650,-0.00254,0.00435,0.00270,0.02462,-0.0001
38.9667,JELLY_A,0.6456,-0.0163,0.05,J_PAUSE_OPEN,12.90,0.0178,0.000,1.0737,2.3930,-3.3656,0.00106,0.00721,-0.00332,0.03633,0.0081
38.9667,JELLY_B,0.9721,0.0000,1.00,J_GLIDE,11.21,0.0262,0.156,1.4352,3.2272,-3.7172,0.00061,0.00344,0.00186,0.02515,-0.0006
38.9667,JELLY_C,0.9660,0.0000,0.05,J_PAUSE_OPEN,11.52,0.0157,0.000,0.5430,3.8855,-3.8649,-0.00255,0.00426,0.00270,0.02464,-0.0000
39.0000,JELLY_A,0.6559,-0.0133,0.05,J_PAUSE_OPEN,12.87,0.0178,0.000,1.0737,2.3933,-3.3657,0.00106,0.00715,-0.00334,0.03638,0.0070
39.0000,JELLY_B,0.9840,0.0000,1.00,J_GLIDE,11.16,0.0259,0.156,1.4353,3.2273,-3.7172,0.00062,0.00348,0.00185,0.02529,-0.0004
39.0000,JELLY_C,0.9792,0.0000,0.05,J_PAUSE_OPEN,11.49,0.0157,0.000,0.5429,3.8856,-3.8648,-0.00255,0.00417,0.00270,0.02466,-0.0000
39.0333,JELLY_A,0.6663,-0.0102,0.05,J_PAUSE_OPEN,12.84,0.0178,0.000,1.0737,2.3935,-3.3658,0.00105,0.00709,-0.00336,0.03642,0.0060
39.0333,JELLY_B,0.9959,0.0000,1.00,J_GLIDE,11.11,0.0255,0.156,1.4353,3.2274,-3.7171,0.00063,0.00351,0.00184,0.02542,-0.0003
39.0333,JELLY_C,0.9924,0.0000,0.05,J_PAUSE_OPEN,11.46,0.0157,0.000,0.5429,3.8857,-3.8647,-0.00255,0.00408,0.00269,0.02468,-0.0000
39.0667,JELLY_A,0.6766,-0.0071,0.05,J_PAUSE_OPEN,12.80,0.0178,0.000,1.0738,2.3938,-3.3660,0.00105,0.00703,-0.00338,0.03647,0.0050
39.0667,JELLY_B,0.0078,0.3422,1.00,J_PULSE_CRUISE,11.07,0.0250,0.098,1.4353,3.2275,-3.7170,0.00063,0.00345,0.00182,0.02556,-0.0001
39.0667,JELLY_C,0.0057,0.2764,1.00,J_PULSE_CRUISE,11.43,0.0153,0.287,0.5428,3.8859,-3.8646,-0.00256,0.00399,0.00269,0.02470,0.0001
39.1000,JELLY_A,0.6869,-0.0040,0.05,J_PAUSE_OPEN,12.77,0.0178,0.000,1.0738,2.3940,-3.3661,0.00105,0.00697,-0.00340,0.03652,0.0041
39.1000,JELLY_B,0.0197,0.8532,1.00,J_PULSE_CRUISE,11.02,0.0237,0.098,1.4353,3.2277,-3.7170,0.00064,0.00337,0.00180,0.02569,0.0006
39.1000,JELLY_C,0.0189,0.9091,1.00,J_PULSE_CRUISE,11.41,0.0127,0.287,0.5427,3.8860,-3.8645,-0.00256,0.00391,0.00269,0.02472,0.0013
39.1333,JELLY_A,0.6973,-0.0008,0.05,J_PAUSE_OPEN,12.73,0.0177,0.000,1.0738,2.3942,-3.3662,0.00104,0.00691,-0.00341,0.03657,0.0034
39.1333,JELLY_B,0.0316,1.3345,1.00,J_PULSE_CRUISE,10.97,0.0218,0.098,1.4353,3.2278,-3.7169,0.00064,0.00333,0.00178,0.02584,0.0027
39.1333,JELLY_C,0.0321,1.5025,1.00,J_PULSE_CRUISE,11.39,0.0077,0.287,0.5426,3.8861,-3.8644,-0.00256,0.00387,0.00269,0.02475,0.0047
39.1667,JELLY_A,0.7076,0.0000,0.05,J_PAUSE_OPEN,12.70,0.0177,0.000,1.0739,2.3945,-3.3663,0.00104,0.00685,-0.00343,0.03661,0.0027
39.1667,JELLY_B,0.0435,1.7694,1.00,J_PULSE_CRUISE,10.94,0.0192,0.098,1.4354,3.2279,-3.7169,0.00065,0.00333,0.00177,0.02599,0.0079
39.1667,JELLY_C,0.0453,2.0311,1.00,J_PULSE_CRUISE,11.38,0.0010,0.287,0.5425,3.8863,-3.8643,-0.00256,0.00389,0.00271,0.02481,0.0121
39.2000,JELLY_A,0.7179,0.0000,0.05,J_PAUSE_OPEN,12.67,0.0177,0.000,1.0739,2.3947,-3.3664,0.00103,0.00679,-0.00345,0.03665,0.0021
39.2000,JELLY_B,0.0554,2.1427,1.00,J_PULSE_CRUISE,10.90,0.0162,0.098,1.4354,3.2280,-3.7168,0.00066,0.00338,0.00176,0.02617,0.0175
39.2000,JELLY_C,0.0585,2.4722,1.00,J_PULSE_CRUISE,11.38,0.0081,0.287,0.5424,3.8864,-3.8642,-0.00255,0.00398,0.00274,0.02491,0.0254
39.2333,JELLY_A,0.7283,0.0000,0.05,J_PAUSE_OPEN,12.63,0.0177,0.000,1.0739,2.3949,-3.3665,0.00103,0.00674,-0.00347,0.03670,0.0016
39.2333,JELLY_B,0.0673,2.4414,1.00,J_PULSE_CRUISE,10.87,0.0129,0.098,1.4354,3.2281,-3.7167,0.00067,0.00347,0.00177,0.02637,0.0331
39.2333,JELLY_C,0.0717,2.8072,1.00,J_PULSE_CRUISE,11.40,0.0180,0.287,0.5423,3.8865,-3.8642,-0.00254,0.00413,0.00279,0.02506,0.0465
39.2667,JELLY_A,0.7386,0.0000,0.05,J_PAUSE_OPEN,12.60,0.0177,0.000,1.0740,2.3951,-3.3666,0.00103,0.00668,-0.00349,0.03674,0.0011
39.2667,JELLY_B,0.0792,2.6551,1.00,J_PULSE_CRUISE,10.85,0.0094,0.098,1.4354,3.2282,-3.7167,0.00069,0.00361,0.00178,0.02659,0.0560
39.2667,JELLY_C,0.0849,3.0218,1.00,J_PULSE_CRUISE,11.45,0.0287,0.287,0.5423,3.8867,-3.8641,-0.00253,0.00433,0.00284,0.02526,0.0768
39.3000,JELLY_A,0.7489,0.0000,0.05,J_PAUSE_OPEN,12.57,0.0176,0.000,1.0740,2.3953,-3.3668,0.00102,0.00662,-0.00351,0.03678,0.0008
39.3000,JELLY_B,0.0911,2.7763,1.00,J_PULSE_CRUISE,10.84,0.0063,0.098,1.4354,3.2283,-3.7166,0.00071,0.00378,0.00180,0.02684,0.0870
39.3000,JELLY_C,0.0981,3.1070,1.00,J_PULSE_CRUISE,11.51,0.0396,0.287,0.5422,3.8868,-3.8640,-0.00252,0.00456,0.00290,0.02551,0.1170
39.3333,JELLY_A,0.7592,0.0000,0.05,J_PAUSE_OPEN,12.53,0.0176,0.000,1.0740,2.3956,-3.3669,0.00102,0.00656,-0.00353,0.03682,0.0005
39.3333,JELLY_B,0.1030,2.8008,1.00,J_PULSE_CRUISE,10.83,0.0047,0.098,1.4355,3.2285,-3.7166,0.00073,0.00395,0.00182,0.02711,0.1266
39.3333,JELLY_C,0.1113,3.0592,1.00,J_PULSE_CRUISE,11.59,0.0501,0.287,0.5421,3.8870,-3.8639,-0.00251,0.00479,0.00296,0.02580,0.1674
39.3667,JELLY_A,0.7696,0.0000,0.05,J_PAUSE_OPEN,12.50,0.0176,0.000,1.0741,2.3958,-3.3670,0.00101,0.00650,-0.00355,0.03686,0.0003
39.3667,JELLY_B,0.1149,2.7277,1.00,J_PULSE_CRUISE,10.83,0.0058,0.098,1.4355,3.2286,-3.7165,0.00075,0.00412,0.00184,0.02740,0.1746
39.3667,JELLY_C,0.1245,2.8806,1.00,J_PULSE_CRUISE,11.69,0.0599,0.287,0.5420,3.8871,-3.8638,-0.00250,0.00499,0.00302,0.02608,0.2273
39.4000,JELLY_A,0.7799,0.0000,0.05,J_PAUSE_OPEN,12.46,0.0176,0.000,1.0741,2.3960,-3.3671,0.00101,0.00644,-0.00356,0.03690,0.0001
39.4000,JELLY_B,0.1268,2.5596,1.00,J_PULSE_CRUISE,10.84,0.0083,0.098,1.4355,3.2288,-3.7164,0.00077,0.00425,0.00185,0.02772,0.2305
39.4000,JELLY_C,0.1376,2.5790,1.00,J_PULSE_CRUISE,11.81,0.0683,0.287,0.5419,3.8873,-3.8637,-0.00250,0.00514,0.00306,0.02633,0.2955
39.4333,JELLY_A,0.7902,0.0000,0.05,J_PAUSE_OPEN,12.43,0.0175,0.000,1.0741,2.3962,-3.3672,0.00101,0.00638,-0.00358,0.03694,-0.0000
39.4333,JELLY_B,0.1387,2.3023,1.00,J_PULSE_CRUISE,10.86,0.0108,0.098,1.4355,3.2289,-3.7164,0.00078,0.00435,0.00185,0.02805,0.2934
39.4333,JELLY_C,0.1508,2.1675,1.00,J_PULSE_CRUISE,11.95,0.0750,0.287,0.5418,3.8875,-3.8636,-0.00249,0.00522,0.00309,0.02649,0.3702
39.4667,JELLY_A,0.8006,0.0000,0.05,J_PAUSE_OPEN,12.40,0.0175,0.000,1.0742,2.3964,-3.3674,0.00100,0.00632,-0.00360,0.03697,-0.0001
39.4667,JELLY_B,0.1506,1.9647,1.00,J_PULSE_CRUISE,10.88,0.0130,0.098,1.4356,3.2290,-3.7163,0.00079,0.00440,0.00185,0.02836,0.3618
39.4667,JELLY_C,0.1640,1.6636,1.00,J_PULSE_CRUISE,12.10,0.0796,0.287,0.5418,3.8877,-3.8635,-0.00249,0.00523,0.00311,0.02653,0.4490
39.5000,JELLY_A,0.8109,0.0000,0.05,J_PAUSE_OPEN,12.36,0.0175,0.000,1.0742,2.3966,-3.3675,0.00100,0.00626,-0.00362,0.03701,-0.0002
39.5000,JELLY_B,0.1625,1.5586,1.00,J_PULSE_CRUISE,10.90,0.0147,0.098,1.4356,3.2292,-3.7163,0.00080,0.00440,0.00184,0.02859,0.4338
39.5000,JELLY_C,0.1772,1.0891,1.00,J_PULSE_CRUISE,12.25,0.0820,0.287,0.5417,3.8878,-3.8634,-0.00250,0.00519,0.00312,0.02642,0.5292
39.5333,JELLY_A,0.8212,0.0000,0.05,J_PAUSE_OPEN,12.33,0.0175,0.000,1.0742,2.3968,-3.3676,0.00099,0.00621,-0.00363,0.03704,-0.0002
39.5333,JELLY_B,0.1744,1.0981,1.00,J_PULSE_CRUISE,10.93,0.0157,0.098,1.4356,3.2293,-3.7162,0.00081,0.00436,0.00182,0.02880,0.5076
39.5333,JELLY_C,0.1904,0.4684,1.00,J_PULSE_CRUISE,12.41,0.0818,0.287,0.5416,3.8880,-3.8632,-0.00250,0.00510,0.00311,0.02618,0.6078
39.5667,JELLY_A,0.8315,0.0000,0.05,J_PAUSE_OPEN,12.30,0.0174,0.000,1.0743,2.3970,-3.3677,0.00099,0.00615,-0.00365,0.03708,-0.0002
39.5667,JELLY_B,0.1863,0.5993,1.00,J_PULSE_CRUISE,10.95,0.0160,0.098,1.4357,3.2295,-3.7161,0.00081,0.00428,0.00179,0.02899,0.5808
39.5667,JELLY_C,0.2035,-0.0275,1.00,J_PULSE_CRUISE,12.56,0.0793,0.287,0.5415,3.8882,-3.8631,-0.00250,0.00499,0.00311,0.02584,0.6820
39.6000,JELLY_A,0.8419,0.0000,0.05,J_PAUSE_OPEN,12.26,0.0174,0.000,1.0743,2.3973,-3.3678,0.00099,0.00609,-0.00367,0.03711,-0.0002
39.6000,JELLY_B,0.1982,0.0795,1.00,J_PULSE_CRUISE,10.98,0.0155,0.098,1.4357,3.2296,-3.7161,0.00081,0.00418,0.00176,0.02912,0.6511
39.6000,JELLY_C,0.2167,-0.1300,1.00,J_PULSE_CRUISE,12.71,0.0765,0.287,0.5414,3.8883,-3.8630,-0.00251,0.00489,0.00310,0.02543,0.7492
39.6333,JELLY_A,0.8522,0.0000,0.05,J_PAUSE_OPEN,12.23,0.0174,0.000,1.0743,2.3975,-3.3680,0.00098,0.00603,-0.00369,0.03714,-0.0002
39.6333,JELLY_B,0.2101,-0.0712,1.00,J_PULSE_CRUISE,11.01,0.0146,0.098,1.4357,3.2298,-3.7160,0.00081,0.00408,0.00173,0.02917,0.7165
39.6333,JELLY_C,0.2299,-0.2315,1.00,J_PULSE_CRUISE,12.85,0.0737,0.287,0.5413,3.8885,-3.8629,-0.00251,0.00478,0.00310,0.02499,0.8078
39.6667,JELLY_A,0.8625,0.0000,0.05,J_PAUSE_OPEN,12.20,0.0174,0.000,1.0744,2.3977,-3.3681,0.00098,0.00597,-0.00370,0.03717,-0.0002
39.6667,JELLY_B,0.2220,-0.1547,1.00,J_PULSE_CRUISE,11.04,0.0138,0.098,1.4357,3.2299,-3.7160,0.00082,0.00398,0.00170,0.02914,0.7751
39.6667,JELLY_C,0.2430,-0.3313,1.00,J_PULSE_CRUISE,12.99,0.0710,0.287,0.5413,3.8887,-3.8628,-0.00252,0.00468,0.00309,0.02451,0.8569
39.7000,JELLY_A,0.8728,0.0000,0.05,J_PAUSE_OPEN,12.16,0.0173,0.000,1.0744,2.3979,-3.3682,0.00098,0.00591,-0.00372,0.03720,-0.0002
39.7000,JELLY_B,0.2339,-0.2373,1.00,J_PULSE_CRUISE,11.06,0.0130,0.098,1.4358,3.2300,-3.7159,0.00082,0.00388,0.00167,0.02904,0.8259
39.7000,JELLY_C,0.2562,-0.4288,1.00,J_PULSE_CRUISE,13.13,0.0684,0.287,0.5412,3.8888,-3.8627,-0.00252,0.00458,0.00308,0.02401,0.8961
39.7333,JELLY_A,0.8832,0.0000,0.05,J_PAUSE_OPEN,12.13,0.0173,0.000,1.0744,2.3980,-3.3683,0.00097,0.00586,-0.00374,0.03723,-0.0002
39.7333,JELLY_B,0.2458,-0.3187,1.00,J_PULSE_CRUISE,11.08,0.0122,0.098,1.4358,3.2301,-3.7158,0.00082,0.00378,0.00164,0.02890,0.8686
39.7333,JELLY_C,0.2693,-0.5234,1.00,J_PULSE_CRUISE,13.25,0.0658,0.287,0.5411,3.8890,-3.8626,-0.00253,0.00447,0.00308,0.02348,0.9258
39.7667,JELLY_A,0.8935,0.0000,0.05,J_PAUSE_OPEN,12.10,0.0173,0.000,1.0745,2.3982,-3.3685,0.00097,0.00580,-0.00375,0.03726,-0.0002
39.7667,JELLY_B,0.2577,-0.3982,1.00,J_PULSE_CRUISE,11.10,0.0114,0.098,1.4358,3.2303,-3.7158,0.00082,0.00368,0.00162,0.02870,0.9031
39.7667,JELLY_C,0.2825,-0.6143,1.00,J_PULSE_CRUISE,13.38,0.0633,0.287,0.5410,3.8891,-3.8625,-0.00253,0.00437,0.00307,0.02292,0.9463
39.8000,JELLY_A,0.9038,0.0000,0.05,J_PAUSE_OPEN,12.07,0.0172,0.000,1.0745,2.3984,-3.3686,0.00097,0.00574,-0.00377,0.03729,-0.0001
39.8000,JELLY_B,0.2696,-0.4756,1.00,J_PULSE_CRUISE,11.12,0.0107,0.098,1.4358,3.2304,-3.7157,0.00082,0.00359,0.00159,0.02845,0.9296
39.8000,JELLY_C,0.2957,-0.7010,1.00,J_PULSE_CRUISE,13.50,0.0609,0.287,0.5409,3.8893,-3.8624,-0.00254,0.00427,0.00307,0.02232,0.9586
39.8333,JELLY_A,0.9141,0.0000,0.05,J_PAUSE_OPEN,12.03,0.0172,0.000,1.0745,2.3986,-3.3687,0.00096,0.00568,-0.00378,0.03732,-0.0001
39.8333,JELLY_B,0.2815,-0.5503,1.00,J_PULSE_CRUISE,11.14,0.0099,0.098,1.4359,3.2305,-3.7157,0.00082,0.00349,0.00156,0.02813,0.9486
39.8333,JELLY_C,0.3088,-0.7828,1.00,J_PULSE_CRUISE,13.61,0.0586,0.287,0.5408,3.8894,-3.8623,-0.00254,0.00417,0.00306,0.02169,0.9633
39.8667,JELLY_A,0.9245,0.0000,0.05,J_PAUSE_OPEN,12.00,0.0172,0.000,1.0746,2.3988,-3.3688,0.00096,0.00563,-0.00380,0.03734,-0.0001
39.8667,JELLY_B,0.2935,-0.6220,1.00,J_PULSE_CRUISE,11.15,0.0092,0.098,1.4359,3.2306,-3.7156,0.00083,0.00340,0.00154,0.02775,0.9607
39.8667,JELLY_C,0.3220,-0.8593,1.00,J_PULSE_CRUISE,13.72,0.0563,0.287,0.5408,3.8895,-3.8622,-0.00255,0.00407,0.00306,0.02104,0.9612
39.9000,JELLY_A,0.9348,0.0000,0.05,J_PAUSE_OPEN,11.97,0.0172,0.000,1.0746,2.3990,-3.3690,0.00096,0.00557,-0.00382,0.03737,-0.0001
39.9000,JELLY_B,0.3054,-0.6902,1.00,J_PULSE_CRUISE,11.17,0.0086,0.098,1.4359,3.2307,-3.7156,0.00083,0.00331,0.00151,0.02731,0.9664
39.9000,JELLY_C,0.3351,-0.9298,1.00,J_PULSE_CRUISE,13.83,0.0541,0.287,0.5407,3.8897,-3.8621,-0.00255,0.00397,0.00305,0.02036,0.9532
39.9333,JELLY_A,0.9451,0.0000,0.05,J_PAUSE_OPEN,11.93,0.0171,0.000,1.0746,2.3992,-3.3691,0.00095,0.00551,-0.00383,0.03739,-0.0001
39.9333,JELLY_B,0.3173,-0.7545,1.00,J_PULSE_CRUISE,11.18,0.0079,0.098,1.4360,3.2308,-3.7155,0.00083,0.00321,0.00149,0.02682,0.9664
39.9333,JELLY_C,0.3482,-0.9940,1.00,J_PULSE_CRUISE,13.93,0.0519,0.287,0.5406,3.8898,-3.8620,-0.00255,0.00387,0.00305,0.01967,0.9400
39.9667,JELLY_A,0.9554,0.0000,0.05,J_PAUSE_OPEN,11.90,0.0171,0.000,1.0747,2.3994,-3.3692,0.00095,0.00545,-0.00385,0.03742,-0.0000
39.9667,JELLY_B,0.3292,-0.8147,1.00,J_PULSE_CRUISE,11.20,0.0073,0.098,1.4360,3.2309,-3.7155,0.00083,0.00312,0.00146,0.02629,0.9612
39.9667,JELLY_C,0.3614,-1.0514,1.00,J_PULSE_CRUISE,14.03,0.0498,0.287,0.5405,3.8899,-3.8619,-0.00256,0.00377,0.00304,0.01895,0.9221
40.0000,JELLY_A,0.9658,0.0000,0.05,J_PAUSE_OPEN,11.87,0.0171,0.000,1.0747,2.3995,-3.3693,0.00095,0.00539,-0.00386,0.03744,-0.0000
40.0000,JELLY_B,0.3411,-0.8703,1.00,J_PULSE_CRUISE,11.21,0.0067,0.098,1.4360,3.2311,-3.7154,0.00083,0.00303,0.00144,0.02572,0.9514
40.0000,JELLY_C,0.3745,-1.1016,1.00,J_PULSE_CRUISE,14.12,0.0478,0.287,0.5404,3.8900,-3.8618,-0.00256,0.00367,0.00304,0.01823,0.9003
40.0333,JELLY_A,0.9761,0.0000,0.05,J_PAUSE_OPEN,11.84,0.0170,0.000,1.0747,2.3997,-3.3695,0.00094,0.00534,-0.00388,0.03746,-0.0000
40.0333,JELLY_B,0.3530,-0.9210,1.00,J_PULSE_CRUISE,11.22,0.0062,0.098,1.4360,3.2312,-3.7154,0.00084,0.00294,0.00141,0.02512,0.9376
40.0333,JELLY_C,0.3877,-1.1443,1.00,J_PULSE_CRUISE,14.21,0.0458,0.287,0.5403,3.8902,-3.8617,-0.00256,0.00357,0.00303,0.01752,0.8750
40.0667,JELLY_A,0.9864,0.0000,0.05,J_PAUSE_OPEN,11.80,0.0170,0.000,1.0748,2.3999,-3.3696,0.00094,0.00528,-0.00389,0.03749,-0.0000
40.0667,JELLY_B,0.3649,-0.9666,1.00,J_PULSE_CRUISE,11.23,0.0056,0.098,1.4361,3.2312,-3.7153,0.00084,0.00285,0.00139,0.02451,0.9201
40.0667,JELLY_C,0.4008,-1.1791,1.00,J_PULSE_CRUISE,14.30,0.0439,0.287,0.5402,3.8903,-3.8616,-0.00257,0.00347,0.00303,0.01685,0.8466
40.1000,JELLY_A,0.9967,0.0000,0.05,J_PAUSE_OPEN,11.77,0.0170,0.000,1.0748,2.4001,-3.3697,0.00094,0.00522,-0.00391,0.03751,-0.0000
40.1000,JELLY_B,0.3769,-1.0068,1.00,J_PULSE_CRUISE,11.23,0.0051,0.098,1.4361,3.2313,-3.7153,0.00084,0.00276,0.00137,0.02387,0.8995
40.1000,JELLY_C,0.4139,-1.2059,1.00,J_PULSE_CRUISE,14.38,0.0420,0.287,0.5402,3.8904,-3.8615,-0.00257,0.00338,0.00303,0.01623,0.8157
40.1333,JELLY_A,0.0071,0.2698,1.00,J_PULSE_CRUISE,11.74,0.0164,0.326,1.0748,2.4002,-3.3699,0.00094,0.00516,-0.00392,0.03753,0.0002
40.1333,JELLY_B,0.3888,-1.0414,1.00,J_PULSE_CRUISE,11.24,0.0047,0.098,1.4361,3.2314,-3.7153,0.00084,0.00267,0.00135,0.02323,0.8761
40.1333,JELLY_C,0.4271,-1.2245,1.00,J_PULSE_CRUISE,14.46,0.0402,0.287,0.5401,3.8905,-3.8614,-0.00257,0.00330,0.00303,0.01569,0.7825
40.1667,JELLY_A,0.0174,0.6567,1.00,J_PULSE_CRUISE,11.71,0.0144,0.326,1.0749,2.4004,-3.3700,0.00093,0.00511,-0.00394,0.03755,0.0011
40.1667,JELLY_B,0.4007,-1.0701,1.00,J_PULSE_CRUISE,11.25,0.0042,0.098,1.4362,3.2315,-3.7152,0.00085,0.00259,0.00132,0.02261,0.8502
40.1667,JELLY_C,0.4402,-1.2348,1.00,J_PULSE_CRUISE,14.53,0.0384,0.287,0.5400,3.8906,-3.8613,-0.00257,0.00324,0.00303,0.01523,0.7475
40.2000,JELLY_A,0.0277,1.0264,1.00,J_PULSE_CRUISE,11.68,0.0119,0.326,1.0749,2.4006,-3.3701,0.00093,0.00508,-0.00395,0.03758,0.0034
40.2000,JELLY_B,0.4126,-1.0929,1.00,J_PULSE_CRUISE,11.25,0.0038,0.098,1.4362,3.2316,-3.7152,0.00085,0.00251,0.00130,0.02201,0.8222
40.2000,JELLY_C,0.4533,-1.2367,1.00,J_PULSE_CRUISE,14.60,0.0367,0.287,0.5399,3.8907,-3.8612,-0.00257,0.00320,0.00304,0.01484,0.7108
40.2333,JELLY_A,0.0381,1.3691,1.00,J_PULSE_CRUISE,11.67,0.0117,0.326,1.0749,2.4008,-3.3703,0.00094,0.00507,-0.00395,0.03762,0.0077
40.2333,JELLY_B,0.4246,-1.1095,1.00,J_PULSE_CRUISE,11.26,0.0035,0.098,1.4362,3.2317,-3.7151,0.00085,0.00243,0.00128,0.02145,0.7923
40.2333,JELLY_C,0.4664,-1.2302,1.00,J_PULSE_CRUISE,14.67,0.0350,0.287,0.5398,3.8908,-3.8611,-0.00257,0.00318,0.00306,0.01453,0.6729
40.2667,JELLY_A,0.0484,1.6759,1.00,J_PULSE_CRUISE,11.66,0.0161,0.326,1.0749,2.4009,-3.3704,0.00094,0.00509,-0.00395,0.03769,0.0149
40.2667,JELLY_B,0.4365,-1.1199,1.00,J_PULSE_CRUISE,11.26,0.0032,0.098,1.4362,3.2318,-3.7151,0.00086,0.00237,0.00127,0.02094,0.7607
40.2667,JELLY_C,0.4796,-1.2153,1.00,J_PULSE_CRUISE,14.74,0.0334,0.287,0.5397,3.8909,-3.8610,-0.00257,0.00319,0.00308,0.01429,0.6339
40.3000,JELLY_A,0.0587,1.9388,1.00,J_PULSE_CRUISE,11.67,0.0242,0.326,1.0750,2.4011,-3.3705,0.00096,0.00515,-0.00395,0.03778,0.0260
40.3000,JELLY_B,0.4484,-1.1240,1.00,J_PULSE_CRUISE,11.26,0.0030,0.098,1.4363,3.2318,-3.7150,0.00086,0.00233,0.00125,0.02049,0.7278
40.3000,JELLY_C,0.4927,-1.1922,1.00,J_PULSE_CRUISE,14.80,0.0318,0.287,0.5396,3.8910,-3.8609,-0.00256,0.00322,0.00311,0.01412,0.5941
40.3333,JELLY_A,0.0690,2.1508,1.00,J_PULSE_CRUISE,11.69,0.0343,0.326,1.0750,2.4013,-3.3707,0.00097,0.00524,-0.00394,0.03790,0.0417
40.3333,JELLY_B,0.4603,-1.1219,1.00,J_PULSE_CRUISE,11.26,0.0028,0.098,1.4363,3.2319,-3.7150,0.00087,0.00230,0.00124,0.02009,0.6937
40.3333,JELLY_C,0.5058,-1.1610,1.00,J_PULSE_CRUISE,14.86,0.0303,0.287,0.5396,3.8912,-3.8608,-0.00256,0.00328,0.00315,0.01401,0.5539
40.3667,JELLY_A,0.0794,2.3063,1.00,J_PULSE_CRUISE,11.73,0.0454,0.326,1.0750,2.4014,-3.3708,0.00099,0.00535,-0.00393,0.03806,0.0628
40.3667,JELLY_B,0.4723,-1.1134,1.00,J_PULSE_CRUISE,11.26,0.0028,0.098,1.4363,3.2320,-3.7150,0.00088,0.00229,0.00124,0.01975,0.6586
40.3667,JELLY_C,0.5189,-1.1219,1.00,J_PULSE_CRUISE,14.92,0.0288,0.287,0.5395,3.8913,-3.8607,-0.00255,0.00336,0.00319,0.01395,0.5135
40.4000,JELLY_A,0.0897,2.4013,1.00,J_PULSE_CRUISE,11.79,0.0571,0.326,1.0751,2.4016,-3.3709,0.00102,0.00548,-0.00392,0.03825,0.0897
40.4000,JELLY_B,0.4842,-1.0987,1.00,J_PULSE_CRUISE,11.26,0.0028,0.098,1.4364,3.2321,-3.7149,0.00089,0.00230,0.00123,0.01946,0.6227
40.4000,JELLY_C,0.5320,-1.0753,1.00,J_PULSE_CRUISE,14.97,0.0273,0.287,0.5394,3.8914,-3.8606,-0.00254,0.00347,0.00324,0.01395,0.4730
40.4333,JELLY_A,0.1000,2.4332,1.00,J_PULSE_CRUISE,11.86,0.0688,0.326,1.0751,2.4018,-3.3710,0.00104,0.00562,-0.00390,0.03848,0.1227
40.4333,JELLY_B,0.4961,-1.0778,1.00,J_PULSE_CRUISE,11.26,0.0028,0.098,1.4364,3.2321,-3.7149,0.00090,0.00233,0.00124,0.01923,0.5863
40.4333,JELLY_C,0.5451,-1.0213,1.00,J_PULSE_CRUISE,15.02,0.0259,0.287,0.5393,3.8915,-3.8605,-0.00253,0.00361,0.00329,0.01399,0.4329
40.4667,JELLY_A,0.1103,2.4013,1.00,J_PULSE_CRUISE,11.96,0.0802,0.326,1.0751,2.4020,-3.3712,0.00107,0.00576,-0.00388,0.03873,0.1619
40.4667,JELLY_B,0.5081,-1.0508,1.00,J_PULSE_CRUISE,11.26,0.0030,0.098,1.4364,3.2322,-3.7148,0.00091,0.00238,0.00124,0.01904,0.5495
40.4667,JELLY_C,0.5582,-0.9605,1.00,J_PULSE_CRUISE,15.07,0.0246,0.287,0.5392,3.8916,-3.8604,-0.00252,0.00376,0.00336,0.01407,0.3933
40.5000,JELLY_A,0.1207,2.3063,1.00,J_PULSE_CRUISE,12.07,0.0908,0.326,1.0752,2.4022,-3.3713,0.00109,0.00588,-0.00387,0.03900,0.2070
40.5000,JELLY_B,0.5200,-1.0179,1.00,J_PULSE_CRUISE,11.25,0.0031,0.098,1.4364,3.2323,-3.7148,0.00093,0.00245,0.00125,0.01891,0.5125
40.5000,JELLY_C,0.5713,-0.8932,1.00,J_PULSE_CRUISE,15.12,0.0232,0.287,0.5391,3.8917,-3.8602,-0.00250,0.00393,0.00342,0.01417,0.3545
40.5333,JELLY_A,0.1310,2.1508,1.00,J_PULSE_CRUISE,12.20,0.1004,0.326,1.0752,2.4024,-3.3714,0.00111,0.00599,-0.00386,0.03928,0.2574
40.5333,JELLY_B,0.5319,-0.9793,1.00,J_PULSE_CRUISE,11.25,0.0034,0.098,1.4365,3.2324,-3.7147,0.00095,0.00254,0.00126,0.01881,0.4756
40.5333,JELLY_C,0.5845,-0.8199,1.00,J_PULSE_CRUISE,15.16,0.0220,0.287,0.5391,3.8919,-3.8601,-0.00249,0.00410,0.00349,0.01431,0.3167
40.5667,JELLY_A,0.1413,1.9387,1.00,J_PULSE_CRUISE,12.34,0.1087,0.326,1.0753,2.4026,-3.3716,0.00113,0.00606,-0.00386,0.03954,0.3124
40.5667,JELLY_B,0.5439,-0.9352,1.00,J_PULSE_CRUISE,11.24,0.0036,0.098,1.4365,3.2325,-3.7147,0.00096,0.00265,0.00127,0.01876,0.4389
40.5667,JELLY_C,0.5976,-0.7411,1.00,J_PULSE_CRUISE,15.20,0.0207,0.287,0.5390,3.8920,-3.8600,-0.00248,0.00429,0.00356,0.01447,0.2802
40.6000,JELLY_A,0.1516,1.6757,1.00,J_PULSE_CRUISE,12.49,0.1152,0.326,1.0753,2.4028,-3.3717,0.00114,0.00610,-0.00386,0.03978,0.3711
40.6000,JELLY_B,0.5558,-0.8857,1.00,J_PULSE_CRUISE,11.24,0.0038,0.098,1.4365,3.2326,-3.7147,0.00098,0.00277,0.00129,0.01873,0.4025
40.6000,JELLY_C,0.6107,-0.6573,1.00,J_PULSE_CRUISE,15.24,0.0195,0.287,0.5389,3.8922,-3.8599,-0.00246,0.00447,0.00363,0.01465,0.2453
40.6333,JELLY_A,0.1620,1.3687,1.00,J_PULSE_CRUISE,12.66,0.1199,0.326,1.0753,2.4030,-3.3718,0.00115,0.00611,-0.00386,0.03997,0.4323
40.6333,JELLY_B,0.5677,-0.8313,1.00,J_PULSE_CRUISE,11.23,0.0041,0.098,1.4366,3.2327,-3.7146,0.00100,0.00291,0.00131,0.01874,0.3668
40.6333,JELLY_C,0.6238,-0.5690,1.00,J_PULSE_CRUISE,15.28,0.0183,0.287,0.5388,3.8923,-3.8598,-0.00245,0.00465,0.00370,0.01485,0.2121
40.6667,JELLY_A,0.1723,1.0257,1.00,J_PULSE_CRUISE,12.84,0.1226,0.326,1.0754,2.4032,-3.3719,0.00116,0.00609,-0.00387,0.04010,0.4947
40.6667,JELLY_B,0.5797,-0.7722,1.00,J_PULSE_CRUISE,11.22,0.0044,0.098,1.4366,3.2328,-3.7146,0.00102,0.00305,0.00133,0.01878,0.3319
40.6667,JELLY_C,0.6369,-0.4770,1.00,J_PULSE_CRUISE,15.31,0.0171,0.287,0.5387,3.8925,-3.8596,-0.00244,0.00483,0.00377,0.01506,0.1808
40.7000,JELLY_A,0.1826,0.6558,1.00,J_PULSE_CRUISE,13.02,0.1231,0.326,1.0754,2.4034,-3.3721,0.00116,0.00605,-0.00388,0.04016,0.5570
40.7000,JELLY_B,0.5916,-0.7087,1.00,J_PULSE_CRUISE,11.22,0.0046,0.098,1.4366,3.2329,-3.7145,0.00105,0.00320,0.00135,0.01884,0.2979
40.7000,JELLY_C,0.6500,-0.3817,1.00,J_PULSE_CRUISE,15.34,0.0160,0.287,0.5386,3.8926,-3.8595,-0.00242,0.00501,0.00384,0.01529,0.1517
40.7333,JELLY_A,0.1930,0.2685,1.00,J_PULSE_CRUISE,13.20,0.1214,0.326,1.0754,2.4036,-3.3722,0.00116,0.00599,-0.00390,0.04014,0.6176
40.7333,JELLY_B,0.6036,-0.6412,1.00,J_PULSE_CRUISE,11.21,0.0049,0.098,1.4367,3.2330,-3.7145,0.00107,0.00335,0.00137,0.01893,0.2651
40.7333,JELLY_C,0.6630,-0.2840,1.00,J_PULSE_CRUISE,15.37,0.0149,0.287,0.5386,3.8928,-3.8594,-0.00241,0.00519,0.00391,0.01552,0.1250
40.7667,JELLY_A,0.2033,-0.0201,1.00,J_PULSE_CRUISE,13.37,0.1178,0.326,1.0755,2.4038,-3.3723,0.00115,0.00592,-0.00392,0.04004,0.6753
40.7667,JELLY_B,0.6155,-0.5701,1.00,J_PULSE_CRUISE,11.20,0.0052,0.098,1.4367,3.2331,-3.7144,0.00109,0.00349,0.00139,0.01904,0.2337
40.7667,JELLY_C,0.6761,-0.1843,1.00,J_PULSE_CRUISE,15.40,0.0139,0.287,0.5385,3.8930,-3.8593,-0.00240,0.00536,0.00398,0.01575,0.1008
40.8000,JELLY_A,0.2136,-0.0832,1.00,J_PULSE_CRUISE,13.55,0.1138,0.326,1.0755,2.4040,-3.3725,0.00115,0.00586,-0.00393,0.03989,0.7290
40.8000,JELLY_B,0.6275,-0.4957,1.00,J_PULSE_CRUISE,11.19,0.0054,0.098,1.4367,3.2332,-3.7144,0.00111,0.00364,0.00141,0.01916,0.2037
40.8000,JELLY_C,0.6892,-0.0834,1.00,J_PULSE_CRUISE,15.43,0.0129,0.287,0.5384,3.8932,-3.8591,-0.00239,0.00553,0.00405,0.01599,0.0794
40.8333,JELLY_A,0.2240,-0.1460,1.00,J_PULSE_CRUISE,13.72,0.1100,0.326,1.0756,2.4042,-3.3726,0.00115,0.00579,-0.00395,0.03969,0.7778
40.8333,JELLY_B,0.6394,-0.4184,1.00,J_PULSE_CRUISE,11.18,0.0057,0.098,1.4368,3.2333,-3.7143,0.00113,0.00379,0.00143,0.01929,0.1755
40.8333,JELLY_C,0.7023,0.0000,1.00,J_GLIDE,15.45,0.0119,0.287,0.5383,3.8934,-3.8590,-0.00238,0.00570,0.00412,0.01622,0.0607
40.8667,JELLY_A,0.2343,-0.2082,1.00,J_PULSE_CRUISE,13.88,0.1063,0.326,1.0756,2.4044,-3.3727,0.00114,0.00572,-0.00396,0.03945,0.8210
40.8667,JELLY_B,0.6514,-0.3388,1.00,J_PULSE_CRUISE,11.17,0.0059,0.098,1.4368,3.2335,-3.7143,0.00115,0.00393,0.00145,0.01944,0.1490
40.8667,JELLY_C,0.7154,0.0000,1.00,J_GLIDE,15.47,0.0109,0.287,0.5382,3.8936,-3.8588,-0.00236,0.00587,0.00419,0.01646,0.0449
40.9000,JELLY_A,0.2446,-0.2694,1.00,J_PULSE_CRUISE,14.04,0.1027,0.326,1.0756,2.4046,-3.3729,0.00114,0.00566,-0.00398,0.03917,0.8583
40.9000,JELLY_B,0.6633,-0.2573,1.00,J_PULSE_CRUISE,11.16,0.0062,0.098,1.4369,3.2336,-3.7142,0.00118,0.00407,0.00147,0.01960,0.1245
40.9000,JELLY_C,0.7285,0.0000,1.00,J_GLIDE,15.49,0.0100,0.287,0.5382,3.8938,-3.8587,-0.00235,0.00602,0.00425,0.01669,0.0319
40.9333,JELLY_A,0.2550,-0.3296,1.00,J_PULSE_CRUISE,14.19,0.0992,0.326,1.0757,2.4048,-3.3730,0.00114,0.00559,-0.00399,0.03885,0.8896
40.9333,JELLY_B,0.6753,-0.1742,1.00,J_PULSE_CRUISE,11.15,0.0064,0.098,1.4369,3.2337,-3.7142,0.00120,0.00421,0.00149,0.01977,0.1022
40.9333,JELLY_C,0.7416,0.0000,1.00,J_GLIDE,15.51,0.0091,0.287,0.5381,3.8940,-3.8586,-0.00235,0.00616,0.00431,0.01691,0.0214
40.9667,JELLY_A,0.2653,-0.3884,1.00,J_PULSE_CRUISE,14.34,0.0958,0.326,1.0757,2.4050,-3.3731,0.00113,0.00553,-0.00401,0.03849,0.9149
40.9667,JELLY_B,0.6873,-0.0901,1.00,J_PULSE_CRUISE,11.14,0.0067,0.098,1.4369,3.2339,-3.7141,0.00122,0.00435,0.00151,0.01995,0.0821
40.9667,JELLY_C,0.7547,0.0000,1.00,J_GLIDE,15.53,0.0082,0.287,0.5380,3.8942,-3.8584,-0.00234,0.00629,0.00437,0.01713,0.0133
41.0000,JELLY_A,0.2756,-0.4455,1.00,J_PULSE_CRUISE,14.49,0.0925,0.326,1.0758,2.4051,-3.3733,0.00113,0.00546,-0.00402,0.03809,0.9346
41.0000,JELLY_B,0.6992,-0.0055,1.00,J_PULSE_CRUISE,11.12,0.0069,0.098,1.4370,3.2340,-3.7141,0.00124,0.00449,0.00153,0.02013,0.0643
41.0000,JELLY_C,0.7677,0.0000,1.00,J_GLIDE,15.54,0.0073,0.287,0.5379,3.8944,-3.8583,-0.00233,0.00642,0.00443,0.01734,0.0072
41.0333,JELLY_A,0.2860,-0.5008,1.00,J_PULSE_CRUISE,14.63,0.0893,0.326,1.0758,2.4053,-3.3734,0.00113,0.00540,-0.00404,0.03765,0.9488
41.0333,JELLY_B,0.7112,0.0000,1.00,J_GLIDE,11.11,0.0071,0.098,1.4370,3.2342,-3.7140,0.00126,0.00462,0.00154,0.02031,0.0490
41.0333,JELLY_C,0.7808,0.0000,1.00,J_GLIDE,15.55,0.0065,0.287,0.5379,3.8946,-3.8581,-0.00232,0.00653,0.00449,0.01755,0.0028
41.0667,JELLY_A,0.2963,-0.5540,1.00,J_PULSE_CRUISE,14.76,0.0862,0.326,1.0758,2.4055,-3.3735,0.00112,0.00534,-0.00405,0.03719,0.9580
41.0667,JELLY_B,0.7232,0.0000,1.00,J_GLIDE,11.10,0.0074,0.098,1.4371,3.2343,-3.7140,0.00128,0.00475,0.00156,0.02050,0.0361
41.0667,JELLY_C,0.7939,0.0000,1.00,J_GLIDE,15.57,0.0057,0.287,0.5378,3.8948,-3.8580,-0.00231,0.00664,0.00454,0.01775,-0.0003
41.1000,JELLY_A,0.3066,-0.6049,1.00,J_PULSE_CRUISE,14.89,0.0832,0.326,1.0759,2.4057,-3.3737,0.00112,0.00527,-0.00407,0.03669,0.9625
41.1000,JELLY_B,0.7351,0.0000,1.00,J_GLIDE,11.08,0.0076,0.098,1.4371,3.2345,-3.7139,0.00130,0.00486,0.00157,0.02068,0.0255
41.1000,JELLY_C,0.8070,0.0000,1.00,J_GLIDE,15.58,0.0049,0.287,0.5377,3.8950,-3.8578,-0.00231,0.00674,0.00459,0.01794,-0.0023
41.1333,JELLY_A,0.3170,-0.6532,1.00,J_PULSE_CRUISE,15.02,0.0802,0.326,1.0759,2.4058,-3.3738,0.00112,0.00521,-0.00408,0.03616,0.9627
41.1333,JELLY_B,0.7471,0.0000,1.00,J_GLIDE,11.07,0.0078,0.098,1.4372,3.2347,-3.7139,0.00132,0.00497,0.00158,0.02087,0.0170
41.1333,JELLY_C,0.8201,0.0000,1.00,J_GLIDE,15.58,0.0042,0.287,0.5376,3.8953,-3.8577,-0.00230,0.00683,0.00464,0.01813,-0.0035
41.1667,JELLY_A,0.3273,-0.6988,1.00,J_PULSE_CRUISE,15.14,0.0774,0.326,1.0759,2.4060,-3.3739,0.00112,0.00515,-0.00410,0.03560,0.9590
41.1667,JELLY_B,0.7591,0.0000,1.00,J_GLIDE,11.05,0.0080,0.098,1.4372,3.2348,-3.7138,0.00134,0.00507,0.00159,0.02106,0.0103
41.1667,JELLY_C,0.8331,0.0000,1.00,J_GLIDE,15.59,0.0034,0.287,0.5375,3.8955,-3.8575,-0.00230,0.00691,0.00469,0.01831,-0.0041
41.2000,JELLY_A,0.3376,-0.7414,1.00,J_PULSE_CRUISE,15.26,0.0746,0.326,1.0760,2.4062,-3.3741,0.00111,0.00508,-0.00411,0.03503,0.9517
41.2000,JELLY_B,0.7710,0.0000,1.00,J_GLIDE,11.04,0.0082,0.098,1.4372,3.2350,-3.7138,0.00136,0.00517,0.00160,0.02124,0.0053
41.2000,JELLY_C,0.8462,0.0000,1.00,J_GLIDE,15.60,0.0027,0.287,0.5375,3.8957,-3.8574,-0.00229,0.00698,0.00473,0.01848,-0.0042
41.2333,JELLY_A,0.3480,-0.7809,1.00,J_PULSE_CRUISE,15.37,0.0719,0.326,1.0760,2.4064,-3.3742,0.00111,0.00502,-0.00412,0.03444,0.9412
41.2333,JELLY_B,0.7830,0.0000,1.00,J_GLIDE,11.02,0.0084,0.098,1.4373,3.2352,-3.7137,0.00138,0.00526,0.00161,0.02143,0.0016
41.2333,JELLY_C,0.8593,0.0000,1.00,J_GLIDE,15.60,0.0021,0.287,0.5374,3.8960,-3.8572,-0.00229,0.00705,0.00478,0.01865,-0.0040
41.2667,JELLY_A,0.3583,-0.8172,1.00,J_PULSE_CRUISE,15.48,0.0692,0.326,1.0760,2.4065,-3.3744,0.00111,0.00496,-0.00414,0.03384,0.9279
41.2667,JELLY_B,0.7950,0.0000,1.00,J_GLIDE,11.01,0.0086,0.098,1.4373,3.2354,-3.7137,0.00140,0.00534,0.00161,0.02161,-0.0010
41.2667,JELLY_C,0.8723,0.0000,1.00,J_GLIDE,15.61,0.0014,0.287,0.5373,3.8962,-3.8570,-0.00229,0.00711,0.00482,0.01881,-0.0037
41.3000,JELLY_A,0.3687,-0.8500,1.00,J_PULSE_CRUISE,15.59,0.0667,0.326,1.0761,2.4067,-3.3745,0.00111,0.00489,-0.00415,0.03322,0.9119
41.3000,JELLY_B,0.8070,0.0000,1.00,J_GLIDE,10.99,0.0088,0.098,1.4374,3.2355,-3.7136,0.00142,0.00542,0.00162,0.02179,-0.0027
41.3000,JELLY_C,0.8854,0.0000,1.00,J_GLIDE,15.61,0.0009,0.287,0.5372,3.8964,-3.8569,-0.00228,0.00716,0.00486,0.01897,-0.0032
41.3333,JELLY_A,0.3790,-0.8792,1.00,J_PULSE_CRUISE,15.69,0.0642,0.326,1.0761,2.4068,-3.3746,0.00110,0.00483,-0.00416,0.03259,0.8936
41.3333,JELLY_B,0.8190,0.0000,1.00,J_GLIDE,10.97,0.0089,0.098,1.4374,3.2357,-3.7136,0.00143,0.00549,0.00162,0.02197,-0.0038
41.3333,JELLY_C,0.8985,0.0000,1.00,J_GLIDE,15.61,0.0007,0.287,0.5372,3.8967,-3.8567,-0.00228,0.00721,0.00490,0.01912,-0.0028
41.3667,JELLY_A,0.3893,-0.9047,1.00,J_PULSE_CRUISE,15.79,0.0618,0.326,1.0762,2.4070,-3.3748,0.00110,0.00477,-0.00418,0.03196,0.8732
41.3667,JELLY_B,0.8310,0.0000,1.00,J_GLIDE,10.96,0.0091,0.098,1.4375,3.2359,-3.7135,0.00145,0.00555,0.00162,0.02215,-0.0043
41.3667,JELLY_C,0.9115,0.0000,1.00,J_GLIDE,15.61,0.0009,0.287,0.5371,3.8969,-3.8565,-0.00228,0.00725,0.00493,0.01926,-0.0023
41.4000,JELLY_A,0.3997,-0.9264,1.00,J_PULSE_CRUISE,15.88,0.0595,0.326,1.0762,2.4072,-3.3749,0.00110,0.00471,-0.00419,0.03133,0.8510
41.4000,JELLY_B,0.8429,0.0000,1.00,J_GLIDE,10.94,0.0093,0.098,1.4375,3.2361,-3.7135,0.00147,0.00561,0.00163,0.02232,-0.0044
41.4000,JELLY_C,0.9246,0.0000,1.00,J_GLIDE,15.61,0.0014,0.287,0.5370,3.8972,-3.8564,-0.00228,0.00729,0.00497,0.01940,-0.0018
41.4333,JELLY_A,0.4100,-0.9442,1.00,J_PULSE_CRUISE,15.97,0.0572,0.326,1.0762,2.4073,-3.3750,0.00110,0.00465,-0.00420,0.03071,0.8270
41.4333,JELLY_B,0.8549,0.0000,1.00,J_GLIDE,10.92,0.0094,0.098,1.4376,3.2363,-3.7134,0.00148,0.00566,0.00163,0.02249,-0.0043
41.4333,JELLY_C,0.9377,0.0000,1.00,J_GLIDE,15.60,0.0020,0.287,0.5369,3.8974,-3.8562,-0.00228,0.00732,0.00500,0.01953,-0.0014
41.4667,JELLY_A,0.4204,-0.9580,1.00,J_PULSE_CRUISE,16.06,0.0550,0.326,1.0763,2.4075,-3.3752,0.00110,0.00460,-0.00421,0.03013,0.8017
41.4667,JELLY_B,0.8669,0.0000,1.00,J_GLIDE,10.90,0.0096,0.098,1.4376,3.2365,-3.7133,0.00150,0.00571,0.00163,0.02266,-0.0040
41.4667,JELLY_C,0.9507,0.0000,1.00,J_GLIDE,15.60,0.0025,0.287,0.5369,3.8976,-3.8560,-0.00227,0.00734,0.00503,0.01965,-0.0011
41.5000,JELLY_A,0.4307,-0.9678,1.00,J_PULSE_CRUISE,16.14,0.0528,0.326,1.0763,2.4076,-3.3753,0.00110,0.00455,-0.00422,0.02958,0.7750
41.5000,JELLY_B,0.8789,0.0000,1.00,J_GLIDE,10.89,0.0097,0.098,1.4377,3.2367,-3.7133,0.00152,0.00575,0.00163,0.02282,-0.0036
41.5000,JELLY_C,0.9638,0.0000,1.00,J_GLIDE,15.59,0.0030,0.287,0.5368,3.8979,-3.8559,-0.00227,0.00736,0.00506,0.01977,-0.0008
41.5333,JELLY_A,0.4411,-0.9735,1.00,J_PULSE_CRUISE,16.22,0.0507,0.326,1.0763,2.4078,-3.3755,0.00110,0.00451,-0.00423,0.02906,0.7472
41.5333,JELLY_B,0.8909,0.0000,1.00,J_GLIDE,10.87,0.0099,0.098,1.4377,3.2368,-3.7132,0.00153,0.00578,0.00162,0.02298,-0.0031
41.5333,JELLY_C,0.9769,0.0000,1.00,J_GLIDE,15.59,0.0035,0.287,0.5367,3.8981,-3.8557,-0.00227,0.00737,0.00509,0.01988,-0.0005
41.5667,JELLY_A,0.4514,-0.9751,1.00,J_PULSE_CRUISE,16.30,0.0487,0.326,1.0764,2.4079,-3.3756,0.00111,0.00448,-0.00424,0.02859,0.7183
41.5667,JELLY_B,0.9029,0.0000,1.00,J_GLIDE,10.85,0.0100,0.098,1.4378,3.2370,-3.7132,0.00155,0.00582,0.00162,0.02314,-0.0026
41.5667,JELLY_C,0.9899,0.0000,1.00,J_GLIDE,15.58,0.0041,0.287,0.5366,3.8984,-3.8555,-0.00227,0.00738,0.00512,0.01999,-0.0003
41.6000,JELLY_A,0.4617,-0.9726,1.00,J_PULSE_CRUISE,16.37,0.0468,0.326,1.0764,2.4081,-3.3758,0.00112,0.00447,-0.00424,0.02815,0.6887
41.6000,JELLY_B,0.9149,0.0000,1.00,J_GLIDE,10.83,0.0102,0.098,1.4378,3.2372,-3.7131,0.00156,0.00584,0.00162,0.02329,-0.0022
41.6000,JELLY_C,0.0030,0.1442,1.00,J_PULSE_CRUISE,15.57,0.0043,0.472,0.5366,3.8986,-3.8554,-0.00228,0.00734,0.00514,0.02010,0.0000
41.6333,JELLY_A,0.4721,-0.9659,1.00,J_PULSE_CRUISE,16.44,0.0449,0.326,1.0765,2.4082,-3.3759,0.00113,0.00446,-0.00425,0.02776,0.6583
41.6333,JELLY_B,0.9269,0.0000,1.00,J_GLIDE,10.81,0.0103,0.098,1.4379,3.2374,-3.7131,0.00158,0.00587,0.00161,0.02344,-0.0018
41.6333,JELLY_C,0.0160,0.7671,1.00,J_PULSE_CRUISE,15.57,0.0014,0.472,0.5365,3.8989,-3.8552,-0.00229,0.00721,0.00513,0.02020,0.0019
41.6667,JELLY_A,0.4824,-0.9552,1.00,J_PULSE_CRUISE,16.51,0.0430,0.326,1.0765,2.4084,-3.3760,0.00114,0.00447,-0.00425,0.02741,0.6273
41.6667,JELLY_B,0.9389,0.0000,1.00,J_GLIDE,10.79,0.0104,0.098,1.4379,3.2376,-3.7130,0.00159,0.00589,0.00161,0.02359,-0.0014
41.6667,JELLY_C,0.0291,1.3578,1.00,J_PULSE_CRUISE,15.57,0.0057,0.472,0.5364,3.8991,-3.8550,-0.00229,0.00712,0.00513,0.02031,0.0064
41.7000,JELLY_A,0.4928,-0.9404,1.00,J_PULSE_CRUISE,16.57,0.0412,0.326,1.0765,2.4085,-3.3762,0.00116,0.00449,-0.00425,0.02710,0.5959
41.7000,JELLY_B,0.9510,0.0000,1.00,J_GLIDE,10.77,0.0105,0.098,1.4380,3.2378,-3.7130,0.00160,0.00590,0.00160,0.02374,-0.0011
41.7000,JELLY_C,0.0422,1.8914,1.00,J_PULSE_CRUISE,15.59,0.0161,0.472,0.5363,3.8993,-3.8549,-0.00230,0.00707,0.00514,0.02043,0.0149
41.7333,JELLY_A,0.5031,-0.9217,1.00,J_PULSE_CRUISE,16.63,0.0395,0.326,1.0766,2.4087,-3.3763,0.00118,0.00452,-0.00424,0.02683,0.5642
41.7333,JELLY_B,0.9630,0.0000,1.00,J_GLIDE,10.75,0.0106,0.098,1.4380,3.2380,-3.7129,0.00162,0.00591,0.00160,0.02388,-0.0008
41.7333,JELLY_C,0.0552,2.3457,1.00,J_PULSE_CRUISE,15.63,0.0294,0.472,0.5363,3.8996,-3.8547,-0.00229,0.00709,0.00517,0.02055,0.0288
41.7667,JELLY_A,0.5135,-0.8990,1.00,J_PULSE_CRUISE,16.69,0.0378,0.326,1.0766,2.4088,-3.3765,0.00121,0.00457,-0.00424,0.02659,0.5323
41.7667,JELLY_B,0.9750,0.0000,1.00,J_GLIDE,10.73,0.0108,0.098,1.4381,3.2382,-3.7129,0.00163,0.00592,0.00159,0.02402,-0.0006
41.7667,JELLY_C,0.0683,2.7016,1.00,J_PULSE_CRUISE,15.69,0.0448,0.472,0.5362,3.8998,-3.8545,-0.00229,0.00718,0.00522,0.02070,0.0496
41.8000,JELLY_A,0.5238,-0.8726,1.00,J_PULSE_CRUISE,16.74,0.0362,0.326,1.0767,2.4090,-3.3766,0.00124,0.00463,-0.00423,0.02639,0.5004
41.8000,JELLY_B,0.9870,0.0000,1.00,J_GLIDE,10.71,0.0109,0.098,1.4382,3.2384,-3.7128,0.00164,0.00592,0.00158,0.02417,-0.0004
41.8000,JELLY_C,0.0813,2.9442,1.00,J_PULSE_CRUISE,15.79,0.0617,0.472,0.5361,3.9001,-3.8543,-0.00228,0.00731,0.00528,0.02086,0.0786
41.8333,JELLY_A,0.5342,-0.8424,1.00,J_PULSE_CRUISE,16.79,0.0346,0.326,1.0767,2.4091,-3.3767,0.00127,0.00470,-0.00422,0.02622,0.4685
41.8333,JELLY_B,0.9990,0.0000,1.00,J_GLIDE,10.69,0.0110,0.098,1.4382,3.2386,-3.7128,0.00166,0.00592,0.00157,0.02431,-0.0002
41.8333,JELLY_C,0.0944,3.0635,1.00,J_PULSE_CRUISE,15.92,0.0792,0.472,0.5360,3.9003,-3.8542,-0.00227,0.00748,0.00535,0.02104,0.1167
41.8667,JELLY_A,0.5446,-0.8087,1.00,J_PULSE_CRUISE,16.84,0.0331,0.326,1.0767,2.4093,-3.3769,0.00130,0.00478,-0.00421,0.02609,0.4368
41.8667,JELLY_B,0.0111,0.4899,1.00,J_PULSE_CRUISE,10.67,0.0106,0.110,1.4383,3.2388,-3.7127,0.00166,0.00579,0.00154,0.02445,0.0000
41.8667,JELLY_C,0.1074,3.0544,1.00,J_PULSE_CRUISE,16.08,0.0964,0.472,0.5359,3.9006,-3.8540,-0.00226,0.00765,0.00543,0.02124,0.1640
41.9000,JELLY_A,0.5549,-0.7715,1.00,J_PULSE_CRUISE,16.89,0.0316,0.326,1.0768,2.4095,-3.3770,0.00134,0.00487,-0.00420,0.02598,0.4054
41.9000,JELLY_B,0.0231,1.0056,1.00,J_PULSE_CRUISE,10.65,0.0094,0.110,1.4383,3.2390,-3.7127,0.00167,0.00569,0.00152,0.02459,0.0010
41.9000,JELLY_C,0.1205,2.9174,1.00,J_PULSE_CRUISE,16.28,0.1125,0.472,0.5359,3.9008,-3.8538,-0.00225,0.00780,0.00550,0.02144,0.2202
41.9333,JELLY_A,0.5653,-0.7311,1.00,J_PULSE_CRUISE,16.93,0.0302,0.326,1.0768,2.4096,-3.3772,0.00138,0.00497,-0.00419,0.02590,0.3744
41.9333,JELLY_B,0.0351,1.4858,1.00,J_PULSE_CRUISE,10.63,0.0073,0.110,1.4384,3.2392,-3.7126,0.00168,0.00563,0.00150,0.02474,0.0039
41.9333,JELLY_C,0.1335,2.6583,1.00,J_PULSE_CRUISE,16.50,0.1267,0.472,0.5358,3.9011,-3.8536,-0.00224,0.00790,0.00556,0.02166,0.2842
41.9667,JELLY_A,0.5756,-0.6876,1.00,J_PULSE_CRUISE,16.97,0.0288,0.326,1.0769,2.4098,-3.3773,0.00143,0.00508,-0.00417,0.02585,0.3441
41.9667,JELLY_B,0.0472,1.9135,1.00,J_PULSE_CRUISE,10.62,0.0047,0.110,1.4384,3.2394,-3.7126,0.00169,0.00561,0.00149,0.02490,0.0104
41.9667,JELLY_C,0.1466,2.2879,1.00,J_PULSE_CRUISE,16.76,0.1383,0.472,0.5357,3.9013,-3.8534,-0.00223,0.00795,0.00560,0.02189,0.3546
42.0000,JELLY_A,0.5860,-0.6411,1.00,J_PULSE_CRUISE,17.01,0.0274,0.326,1.0769,2.4100,-3.3774,0.00147,0.00519,-0.00416,0.02582,0.3144
42.0000,JELLY_B,0.0592,2.2733,1.00,J_PULSE_CRUISE,10.61,0.0019,0.110,1.4385,3.2396,-3.7125,0.00170,0.00564,0.00149,0.02508,0.0219
42.0000,JELLY_C,0.1596,1.8217,1.00,J_PULSE_CRUISE,17.03,0.1467,0.472,0.5357,3.9016,-3.8532,-0.00223,0.00792,0.00562,0.02215,0.4292
42.0333,JELLY_A,0.5963,-0.5919,1.00,J_PULSE_CRUISE,17.05,0.0261,0.326,1.0770,2.4101,-3.3776,0.00151,0.00530,-0.00414,0.02581,0.2855
42.0333,JELLY_B,0.0712,2.5522,1.00,J_PULSE_CRUISE,10.61,0.0029,0.110,1.4385,3.2398,-3.7125,0.00172,0.00573,0.00150,0.02528,0.0401
42.0333,JELLY_C,0.1727,1.2794,1.00,J_PULSE_CRUISE,17.31,0.1515,0.472,0.5356,3.9019,-3.8531,-0.00224,0.00784,0.00563,0.02241,0.5057
42.0667,JELLY_A,0.6067,-0.5402,1.00,J_PULSE_CRUISE,17.08,0.0249,0.326,1.0770,2.4103,-3.3777,0.00156,0.00541,-0.00413,0.02582,0.2575
42.0667,JELLY_B,0.0833,2.7403,1.00,J_PULSE_CRUISE,10.62,0.0066,0.110,1.4386,3.2399,-3.7124,0.00174,0.00585,0.00151,0.02550,0.0660
42.0667,JELLY_C,0.1857,0.6835,1.00,J_PULSE_CRUISE,17.60,0.1522,0.472,0.5355,3.9021,-3.8529,-0.00225,0.00772,0.00562,0.02259,0.5814
42.1000,JELLY_A,0.6171,-0.4862,1.00,J_PULSE_CRUISE,17.12,0.0237,0.326,1.0771,2.4105,-3.3779,0.00160,0.00552,-0.00412,0.02585,0.2306
42.1000,JELLY_B,0.0953,2.8307,1.00,J_PULSE_CRUISE,10.64,0.0106,0.110,1.4387,3.2401,-3.7124,0.00177,0.00599,0.00153,0.02575,0.1004
42.1000,JELLY_C,0.1988,0.0592,1.00,J_PULSE_CRUISE,17.89,0.1490,0.472,0.5354,3.9024,-3.8527,-0.00226,0.00757,0.00561,0.02267,0.6538
42.1333,JELLY_A,0.6274,-0.4301,1.00,J_PULSE_CRUISE,17.15,0.0225,0.326,1.0771,2.4107,-3.3780,0.00165,0.00564,-0.00410,0.02589,0.2048
42.1333,JELLY_B,0.1074,2.8201,1.00,J_PULSE_CRUISE,10.66,0.0146,0.110,1.4387,3.2403,-3.7123,0.00179,0.00614,0.00155,0.02601,0.1437
42.1333,JELLY_C,0.2118,-0.0913,1.00,J_PULSE_CRUISE,18.17,0.1438,0.472,0.5354,3.9026,-3.8525,-0.00227,0.00742,0.00559,0.02261,0.7208
42.1667,JELLY_A,0.6378,-0.3722,1.00,J_PULSE_CRUISE,17.17,0.0214,0.326,1.0772,2.4109,-3.3781,0.00169,0.00575,-0.00409,0.02595,0.1803
42.1667,JELLY_B,0.1194,2.7088,1.00,J_PULSE_CRUISE,10.69,0.0183,0.110,1.4388,3.2406,-3.7123,0.00182,0.00627,0.00156,0.02630,0.1954
42.1667,JELLY_C,0.2249,-0.1914,1.00,J_PULSE_CRUISE,18.44,0.1388,0.472,0.5353,3.9029,-3.8523,-0.00228,0.00727,0.00558,0.02244,0.7805
42.2000,JELLY_A,0.6481,-0.3127,1.00,J_PULSE_CRUISE,17.20,0.0203,0.326,1.0772,2.4111,-3.3783,0.00174,0.00586,-0.00407,0.02602,0.1572
42.2000,JELLY_B,0.1315,2.5005,1.00,J_PULSE_CRUISE,10.73,0.0216,0.110,1.4388,3.2408,-3.7122,0.00184,0.00636,0.00157,0.02661,0.2549
42.2000,JELLY_C,0.2379,-0.2902,1.00,J_PULSE_CRUISE,18.70,0.1340,0.472,0.5352,3.9031,-3.8521,-0.00229,0.00712,0.00556,0.02223,0.8318
42.2333,JELLY_A,0.6585,-0.2518,1.00,J_PULSE_CRUISE,17.22,0.0193,0.326,1.0773,2.4113,-3.3784,0.00178,0.00597,-0.00406,0.02611,0.1355
42.2333,JELLY_B,0.1435,2.2026,1.00,J_PULSE_CRUISE,10.77,0.0244,0.110,1.4389,3.2410,-3.7121,0.00186,0.00641,0.00157,0.02695,0.3210
42.2333,JELLY_C,0.2510,-0.3870,1.00,J_PULSE_CRUISE,18.95,0.1293,0.472,0.5351,3.9034,-3.8519,-0.00230,0.00698,0.00555,0.02196,0.8741
42.2667,JELLY_A,0.6689,-0.1898,1.00,J_PULSE_CRUISE,17.24,0.0183,0.326,1.0774,2.4115,-3.3785,0.00183,0.00608,-0.00405,0.02620,0.1153
42.2667,JELLY_B,0.1556,1.8257,1.00,J_PULSE_CRUISE,10.82,0.0266,0.110,1.4390,3.2412,-3.7121,0.00187,0.00641,0.00157,0.02729,0.3921
42.2667,JELLY_C,0.2640,-0.4812,1.00,J_PULSE_CRUISE,19.20,0.1247,0.472,0.5350,3.9036,-3.8517,-0.00230,0.00683,0.00554,0.02165,0.9071
42.3000,JELLY_A,0.6792,-0.1270,1.00,J_PULSE_CRUISE,17.26,0.0174,0.326,1.0774,2.4117,-3.3787,0.00187,0.00618,-0.00403,0.02630,0.0968
42.3000,JELLY_B,0.1676,1.3831,1.00,J_PULSE_CRUISE,10.87,0.0279,0.110,1.4390,3.2414,-3.7120,0.00188,0.00636,0.00155,0.02764,0.4660
42.3000,JELLY_C,0.2771,-0.5722,1.00,J_PULSE_CRUISE,19.43,0.1202,0.472,0.5350,3.9038,-3.8516,-0.00231,0.00669,0.00552,0.02128,0.9313
42.3333,JELLY_A,0.6896,-0.0637,1.00,J_PULSE_CRUISE,17.28,0.0165,0.326,1.0775,2.4119,-3.3788,0.00192,0.00629,-0.00402,0.02641,0.0800
42.3333,JELLY_B,0.1797,0.8907,1.00,J_PULSE_CRUISE,10.92,0.0285,0.110,1.4391,3.2416,-3.7120,0.00189,0.00626,0.00153,0.02797,0.5408
42.3333,JELLY_C,0.2901,-0.6594,1.00,J_PULSE_CRUISE,19.66,0.1159,0.472,0.5349,3.9040,-3.8514,-0.00232,0.00655,0.00551,0.02085,0.9471
42.3667,JELLY_A,0.7000,-0.0001,1.00,J_PULSE_CRUISE,17.30,0.0157,0.326,1.0776,2.4121,-3.3789,0.00196,0.00640,-0.00401,0.02652,0.0649
42.3667,JELLY_B,0.1918,0.3660,1.00,J_PULSE_CRUISE,10.98,0.0281,0.110,1.4392,3.2418,-3.7119,0.00190,0.00614,0.00150,0.02823,0.6139
42.3667,JELLY_C,0.3031,-0.7421,1.00,J_PULSE_CRUISE,19.88,0.1116,0.472,0.5348,3.9042,-3.8512,-0.00233,0.00641,0.00550,0.02037,0.9552
42.4000,JELLY_A,0.7104,0.0000,1.00,J_GLIDE,17.31,0.0149,0.326,1.0776,2.4123,-3.3791,0.00201,0.00650,-0.00400,0.02664,0.0516
42.4000,JELLY_B,0.2039,-0.0276,1.00,J_PULSE_CRUISE,11.03,0.0270,0.110,1.4392,3.2420,-3.7119,0.00190,0.00600,0.00147,0.02840,0.6830
42.4000,JELLY_C,0.3162,-0.8198,1.00,J_PULSE_CRUISE,20.09,0.1075,0.472,0.5347,3.9045,-3.8510,-0.00234,0.00627,0.00549,0.01983,0.9564
42.4333,JELLY_A,0.7207,0.0000,1.00,J_GLIDE,17.32,0.0141,0.326,1.0777,2.4125,-3.3792,0.00205,0.00660,-0.00399,0.02677,0.0401
42.4333,JELLY_B,0.2159,-0.1138,1.00,J_PULSE_CRUISE,11.08,0.0257,0.110,1.4393,3.2422,-3.7118,0.00190,0.00587,0.00144,0.02846,0.7461
42.4333,JELLY_C,0.3292,-0.8920,1.00,J_PULSE_CRUISE,20.29,0.1036,0.472,0.5347,3.9047,-3.8508,-0.00234,0.00614,0.00547,0.01926,0.9514
42.4667,JELLY_A,0.7311,0.0000,1.00,J_GLIDE,17.34,0.0134,0.326,1.0778,2.4127,-3.3793,0.00209,0.00670,-0.00398,0.02690,0.0303
42.4667,JELLY_B,0.2280,-0.1993,1.00,J_PULSE_CRUISE,11.13,0.0245,0.110,1.4393,3.2424,-3.7118,0.00191,0.00574,0.00142,0.02843,0.8016
42.4667,JELLY_C,0.3423,-0.9583,1.00,J_PULSE_CRUISE,20.48,0.0997,0.472,0.5346,3.9049,-3.8506,-0.00235,0.00600,0.00546,0.01867,0.9409
42.5000,JELLY_A,0.7415,0.0000,1.00,J_GLIDE,17.35,0.0128,0.326,1.0778,2.4130,-3.3795,0.00214,0.00679,-0.00397,0.02703,0.0220
42.5000,JELLY_B,0.2401,-0.2839,1.00,J_PULSE_CRUISE,11.17,0.0234,0.110,1.4394,3.2426,-3.7118,0.00191,0.00562,0.00139,0.02834,0.8489
42.5000,JELLY_C,0.3553,-1.0181,1.00,J_PULSE_CRUISE,20.67,0.0959,0.472,0.5345,3.9051,-3.8505,-0.00236,0.00587,0.00545,0.01805,0.9256
42.5333,JELLY_A,0.7519,0.0000,1.00,J_GLIDE,17.35,0.0122,0.326,1.0779,2.4132,-3.3796,0.00218,0.00687,-0.00396,0.02716,0.0153
42.5333,JELLY_B,0.2522,-0.3668,1.00,J_PULSE_CRUISE,11.22,0.0222,0.110,1.4395,3.2428,-3.7117,0.00192,0.00549,0.00136,0.02819,0.8878
42.5333,JELLY_C,0.3684,-1.0710,1.00,J_PULSE_CRUISE,20.85,0.0923,0.472,0.5344,3.9053,-3.8503,-0.00236,0.00574,0.00544,0.01742,0.9060
42.5667,JELLY_A,0.7622,0.0000,1.00,J_GLIDE,17.36,0.0116,0.326,1.0780,2.4134,-3.3797,0.00222,0.00695,-0.00395,0.02730,0.0098
42.5667,JELLY_B,0.2643,-0.4477,1.00,J_PULSE_CRUISE,11.26,0.0211,0.110,1.4395,3.2430,-3.7117,0.00192,0.00536,0.00134,0.02797,0.9183
42.5667,JELLY_C,0.3814,-1.1168,1.00,J_PULSE_CRUISE,21.03,0.0887,0.472,0.5343,3.9054,-3.8501,-0.00237,0.00561,0.00543,0.01680,0.8828
42.6000,JELLY_A,0.7726,0.0000,1.00,J_GLIDE,17.36,0.0111,0.326,1.0780,2.4137,-3.3799,0.00225,0.00703,-0.00394,0.02743,0.0055
42.6000,JELLY_B,0.2764,-0.5261,1.00,J_PULSE_CRUISE,11.30,0.0200,0.110,1.4396,3.2431,-3.7116,0.00193,0.00524,0.00131,0.02768,0.9409
42.6000,JELLY_C,0.3944,-1.1551,1.00,J_PULSE_CRUISE,21.19,0.0852,0.472,0.5343,3.9056,-3.8499,-0.00238,0.00548,0.00542,0.01620,0.8563
42.6333,JELLY_A,0.7830,0.0000,1.00,J_GLIDE,17.37,0.0107,0.326,1.0781,2.4139,-3.3800,0.00229,0.00710,-0.00394,0.02757,0.0022
42.6333,JELLY_B,0.2885,-0.6015,1.00,J_PULSE_CRUISE,11.33,0.0190,0.110,1.4397,3.2433,-3.7116,0.00193,0.00512,0.00128,0.02731,0.9561
42.6333,JELLY_C,0.4075,-1.1856,1.00,J_PULSE_CRUISE,21.35,0.0819,0.472,0.5342,3.9058,-3.8497,-0.00238,0.00535,0.00541,0.01565,0.8270
42.6667,JELLY_A,0.7934,0.0000,1.00,J_GLIDE,17.37,0.0103,0.326,1.0782,2.4141,-3.3801,0.00233,0.00717,-0.00393,0.02771,-0.0002
42.6667,JELLY_B,0.3005,-0.6734,1.00,J_PULSE_CRUISE,11.37,0.0180,0.110,1.4397,3.2435,-3.7115,0.00194,0.00500,0.00126,0.02688,0.9645
42.6667,JELLY_C,0.4205,-1.2082,1.00,J_PULSE_CRUISE,21.51,0.0786,0.472,0.5341,3.9060,-3.8496,-0.00239,0.00524,0.00541,0.01515,0.7953
42.7000,JELLY_A,0.8038,0.0000,1.00,J_GLIDE,17.37,0.0100,0.326,1.0783,2.4144,-3.3803,0.00236,0.00724,-0.00393,0.02785,-0.0020
42.7000,JELLY_B,0.3126,-0.7416,1.00,J_PULSE_CRUISE,11.40,0.0170,0.110,1.4398,3.2436,-3.7115,0.00194,0.00488,0.00124,0.02639,0.9667
42.7000,JELLY_C,0.4336,-1.2226,1.00,J_PULSE_CRUISE,21.65,0.0754,0.472,0.5340,3.9062,-3.8494,-0.00239,0.00514,0.00541,0.01472,0.7616
42.7333,JELLY_A,0.8141,0.0000,1.00,J_GLIDE,17.37,0.0097,0.326,1.0784,2.4146,-3.3804,0.00240,0.00730,-0.00392,0.02800,-0.0032
42.7333,JELLY_B,0.3248,-0.8055,1.00,J_PULSE_CRUISE,11.43,0.0160,0.110,1.4399,3.2438,-3.7114,0.00195,0.00476,0.00121,0.02585,0.9633
42.7333,JELLY_C,0.4466,-1.2289,1.00,J_PULSE_CRUISE,21.80,0.0723,0.472,0.5339,3.9063,-3.8492,-0.00239,0.00506,0.00541,0.01437,0.7262
42.7667,JELLY_A,0.8245,0.0000,1.00,J_GLIDE,17.37,0.0095,0.326,1.0784,2.4149,-3.3805,0.00243,0.00735,-0.00392,0.02814,-0.0039
42.7667,JELLY_B,0.3369,-0.8648,1.00,J_PULSE_CRUISE,11.46,0.0151,0.110,1.4399,3.2440,-3.7114,0.00196,0.00465,0.00119,0.02526,0.9551
42.7667,JELLY_C,0.4597,-1.2269,1.00,J_PULSE_CRUISE,21.93,0.0693,0.472,0.5339,3.9065,-3.8490,-0.00239,0.00499,0.00543,0.01408,0.6893
42.8000,JELLY_A,0.8349,0.0000,1.00,J_GLIDE,17.36,0.0094,0.326,1.0785,2.4151,-3.3806,0.00246,0.00741,-0.00391,0.02828,-0.0043
42.8000,JELLY_B,0.3490,-0.9192,1.00,J_PULSE_CRUISE,11.49,0.0142,0.110,1.4400,3.2441,-3.7114,0.00196,0.00453,0.00117,0.02466,0.9424
42.8000,JELLY_C,0.4727,-1.2167,1.00,J_PULSE_CRUISE,22.06,0.0664,0.472,0.5338,3.9067,-3.8488,-0.00239,0.00496,0.00545,0.01387,0.6513
42.8333,JELLY_A,0.8453,0.0000,1.00,J_GLIDE,17.36,0.0093,0.326,1.0786,2.4154,-3.3808,0.00249,0.00746,-0.00391,0.02843,-0.0044
42.8333,JELLY_B,0.3611,-0.9683,1.00,J_PULSE_CRUISE,11.52,0.0133,0.110,1.4401,3.2443,-3.7113,0.00197,0.00442,0.00114,0.02402,0.9258
42.8333,JELLY_C,0.4857,-1.1983,1.00,J_PULSE_CRUISE,22.19,0.0636,0.472,0.5337,3.9068,-3.8487,-0.00238,0.00494,0.00549,0.01372,0.6124
42.8667,JELLY_A,0.8557,0.0000,1.00,J_GLIDE,17.35,0.0092,0.326,1.0787,2.4156,-3.3809,0.00253,0.00750,-0.00391,0.02857,-0.0043
42.8667,JELLY_B,0.3732,-1.0118,1.00,J_PULSE_CRUISE,11.54,0.0125,0.110,1.4401,3.2444,-3.7113,0.00197,0.00431,0.00112,0.02338,0.9059
42.8667,JELLY_C,0.4988,-1.1719,1.00,J_PULSE_CRUISE,22.31,0.0608,0.472,0.5336,3.9070,-3.8485,-0.00237,0.00495,0.00553,0.01363,0.5728
42.9000,JELLY_A,0.8661,0.0000,1.00,J_GLIDE,17.35,0.0092,0.326,1.0788,2.4159,-3.3810,0.00256,0.00755,-0.00391,0.02871,-0.0040
42.9000,JELLY_B,0.3853,-1.0495,1.00,J_PULSE_CRUISE,11.57,0.0116,0.110,1.4402,3.2445,-3.7113,0.00198,0.00420,0.00110,0.02272,0.8829
42.9000,JELLY_C,0.5118,-1.1376,1.00,J_PULSE_CRUISE,22.42,0.0581,0.472,0.5336,3.9071,-3.8483,-0.00236,0.00499,0.00558,0.01359,0.5329
42.9333,JELLY_A,0.8765,0.0000,1.00,J_GLIDE,17.34,0.0092,0.326,1.0789,2.4161,-3.3812,0.00258,0.00759,-0.00391,0.02886,-0.0037
42.9333,JELLY_B,0.3974,-1.0811,1.00,J_PULSE_CRUISE,11.59,0.0108,0.110,1.4403,3.2447,-3.7112,0.00198,0.00409,0.00108,0.02208,0.8573
42.9333,JELLY_C,0.5249,-1.0957,1.00,J_PULSE_CRUISE,22.53,0.0555,0.472,0.5335,3.9073,-3.8481,-0.00235,0.00505,0.00565,0.01361,0.4929
42.9667,JELLY_A,0.8869,0.0000,1.00,J_GLIDE,17.33,0.0093,0.326,1.0789,2.4164,-3.3813,0.00261,0.00762,-0.00391,0.02900,-0.0033
42.9667,JELLY_B,0.4096,-1.1065,1.00,J_PULSE_CRUISE,11.61,0.0101,0.110,1.4403,3.2448,-3.7112,0.00199,0.00399,0.00106,0.02147,0.8293
42.9667,JELLY_C,0.5379,-1.0464,1.00,J_PULSE_CRUISE,22.63,0.0530,0.472,0.5334,3.9075,-3.8479,-0.00233,0.00513,0.00572,0.01367,0.4531
43.0000,JELLY_A,0.8973,0.0000,1.00,J_GLIDE,17.32,0.0094,0.326,1.0790,2.4166,-3.3814,0.00264,0.00766,-0.00391,0.02914,-0.0029
43.0000,JELLY_B,0.4217,-1.1255,1.00,J_PULSE_CRUISE,11.63,0.0093,0.110,1.4404,3.2450,-3.7111,0.00200,0.00389,0.00104,0.02090,0.7993
43.0000,JELLY_C,0.5509,-0.9901,1.00,J_PULSE_CRUISE,22.73,0.0505,0.472,0.5333,3.9077,-3.8477,-0.00231,0.00523,0.00580,0.01377,0.4136
43.0333,JELLY_A,0.9077,0.0000,1.00,J_GLIDE,17.31,0.0096,0.326,1.0791,2.4169,-3.3816,0.00267,0.00769,-0.00391,0.02928,-0.0025
43.0333,JELLY_B,0.4338,-1.1379,1.00,J_PULSE_CRUISE,11.64,0.0086,0.110,1.4405,3.2451,-3.7111,0.00200,0.00381,0.00103,0.02037,0.7676
43.0333,JELLY_C,0.5640,-0.9272,1.00,J_PULSE_CRUISE,22.83,0.0481,0.472,0.5332,3.9078,-3.8475,-0.00229,0.00535,0.00589,0.01389,0.3749
43.0667,JELLY_A,0.9180,0.0000,1.00,J_GLIDE,17.30,0.0097,0.326,1.0792,2.4171,-3.3817,0.00269,0.00772,-0.00391,0.02942,-0.0022
43.0667,JELLY_B,0.4460,-1.1438,1.00,J_PULSE_CRUISE,11.66,0.0079,0.110,1.4405,3.2452,-3.7111,0.00201,0.00374,0.00102,0.01991,0.7344
43.0667,JELLY_C,0.5770,-0.8580,1.00,J_PULSE_CRUISE,22.92,0.0458,0.472,0.5332,3.9080,-3.8473,-0.00227,0.00548,0.00599,0.01405,0.3370
43.1000,JELLY_A,0.9284,0.0000,1.00,J_GLIDE,17.29,0.0099,0.326,1.0793,2.4174,-3.3818,0.00272,0.00774,-0.00391,0.02956,-0.0018
43.1000,JELLY_B,0.4581,-1.1430,1.00,J_PULSE_CRUISE,11.67,0.0072,0.110,1.4406,3.2453,-3.7110,0.00202,0.00369,0.00101,0.01950,0.6999
43.1000,JELLY_C,0.5901,-0.7831,1.00,J_PULSE_CRUISE,23.00,0.0435,0.472,0.5331,3.9082,-3.8471,-0.00224,0.00561,0.00608,0.01424,0.3002
43.1333,JELLY_A,0.9388,0.0000,1.00,J_GLIDE,17.27,0.0101,0.326,1.0794,2.4177,-3.3820,0.00274,0.00776,-0.00391,0.02969,-0.0015
43.1333,JELLY_B,0.4703,-1.1355,1.00,J_PULSE_CRUISE,11.68,0.0065,0.110,1.4407,3.2455,-3.7110,0.00204,0.00366,0.00100,0.01915,0.6643
43.1333,JELLY_C,0.6031,-0.7029,1.00,J_PULSE_CRUISE,23.09,0.0413,0.472,0.5330,3.9084,-3.8469,-0.00222,0.00575,0.00618,0.01444,0.2648
43.1667,JELLY_A,0.9492,0.0000,1.00,J_GLIDE,17.26,0.0103,0.326,1.0795,2.4179,-3.3821,0.00277,0.00778,-0.00391,0.02983,-0.0012
43.1667,JELLY_B,0.4824,-1.1214,1.00,J_PULSE_CRUISE,11.70,0.0059,0.110,1.4407,3.2456,-3.7110,0.00205,0.00365,0.00100,0.01885,0.6279
43.1667,JELLY_C,0.6162,-0.6180,1.00,J_PULSE_CRUISE,23.16,0.0392,0.472,0.5329,3.9086,-3.8467,-0.00220,0.00589,0.00628,0.01467,0.2311
43.2000,JELLY_A,0.9596,0.0000,1.00,J_GLIDE,17.24,0.0106,0.326,1.0796,2.4182,-3.3822,0.00279,0.00780,-0.00391,0.02996,-0.0009
43.2000,JELLY_B,0.4946,-1.1008,1.00,J_PULSE_CRUISE,11.71,0.0052,0.110,1.4408,3.2457,-3.7109,0.00207,0.00367,0.00100,0.01861,0.5909
43.2000,JELLY_C,0.6292,-0.5290,1.00,J_PULSE_CRUISE,23.24,0.0371,0.472,0.5329,3.9088,-3.8465,-0.00218,0.00602,0.00638,0.01491,0.1991
43.2333,JELLY_A,0.9701,0.0000,1.00,J_GLIDE,17.23,0.0108,0.326,1.0797,2.4184,-3.3823,0.00281,0.00781,-0.00392,0.03009,-0.0007
43.2333,JELLY_B,0.5067,-1.0738,1.00,J_PULSE_CRUISE,11.72,0.0046,0.110,1.4409,3.2458,-3.7109,0.00209,0.00370,0.00101,0.01843,0.5535
43.2333,JELLY_C,0.6422,-0.4364,1.00,J_PULSE_CRUISE,23.31,0.0351,0.472,0.5328,3.9090,-3.8463,-0.00215,0.00615,0.00648,0.01515,0.1692
43.2667,JELLY_A,0.9805,0.0000,1.00,J_GLIDE,17.21,0.0110,0.326,1.0798,2.4187,-3.3825,0.00284,0.00783,-0.00392,0.03022,-0.0005
43.2667,JELLY_B,0.5189,-1.0404,1.00,J_PULSE_CRUISE,11.72,0.0040,0.110,1.4409,3.2459,-3.7109,0.00210,0.00376,0.00102,0.01829,0.5158
43.2667,JELLY_C,0.6553,-0.3408,1.00,J_PULSE_CRUISE,23.37,0.0332,0.472,0.5327,3.9092,-3.8461,-0.00213,0.00628,0.00658,0.01541,0.1415
43.3000,JELLY_A,0.9909,0.0000,1.00,J_GLIDE,17.19,0.0113,0.326,1.0799,2.4190,-3.3826,0.00286,0.00783,-0.00392,0.03035,-0.0003
43.3000,JELLY_B,0.5310,-1.0010,1.00,J_PULSE_CRUISE,11.73,0.0035,0.110,1.4410,3.2461,-3.7108,0.00213,0.00383,0.00104,0.01819,0.4782
43.3000,JELLY_C,0.6683,-0.2430,1.00,J_PULSE_CRUISE,23.43,0.0313,0.472,0.5327,3.9094,-3.8458,-0.00211,0.00641,0.00667,0.01566,0.1162
43.3333,JELLY_A,0.0013,0.0489,1.00,J_PULSE_CRUISE,17.17,0.0115,0.132,1.0800,2.4192,-3.3827,0.00287,0.00782,-0.00393,0.03048,-0.0001
43.3333,JELLY_B,0.5432,-0.9557,1.00,J_PULSE_CRUISE,11.74,0.0029,0.110,1.4411,3.2462,-3.7108,0.00215,0.00392,0.00106,0.01814,0.4408
43.3333,JELLY_C,0.6814,-0.1435,1.00,J_PULSE_CRUISE,23.49,0.0294,0.472,0.5326,3.9096,-3.8456,-0.00208,0.00653,0.00677,0.01592,0.0935
43.3667,JELLY_A,0.0117,0.4474,1.00,J_PULSE_CRUISE,17.15,0.0111,0.132,1.0800,2.4195,-3.3829,0.00287,0.00774,-0.00394,0.03060,0.0003
43.3667,JELLY_B,0.5554,-0.9047,1.00,J_PULSE_CRUISE,11.74,0.0024,0.110,1.4411,3.2463,-3.7108,0.00218,0.00403,0.00108,0.01812,0.4037
43.3667,JELLY_C,0.6944,-0.0431,1.00,J_PULSE_CRUISE,23.55,0.0276,0.472,0.5325,3.9098,-3.8454,-0.00206,0.00665,0.00686,0.01618,0.0734
43.4000,JELLY_A,0.0221,0.8341,1.00,J_PULSE_CRUISE,17.14,0.0098,0.132,1.0801,2.4197,-3.3830,0.00287,0.00767,-0.00396,0.03073,0.0013
43.4000,JELLY_B,0.5675,-0.8484,1.00,J_PULSE_CRUISE,11.75,0.0020,0.110,1.4412,3.2465,-3.7107,0.00220,0.00416,0.00110,0.01813,0.3673
43.4000,JELLY_C,0.7075,0.0000,1.00,J_GLIDE,23.60,0.0259,0.472,0.5324,3.9101,-3.8452,-0.00204,0.00677,0.00696,0.01643,0.0561
43.4333,JELLY_A,0.0325,1.1988,1.00,J_PULSE_CRUISE,17.12,0.0078,0.132,1.0802,2.4200,-3.3831,0.00288,0.00762,-0.00397,0.03086,0.0035
43.4333,JELLY_B,0.5797,-0.7871,1.00,J_PULSE_CRUISE,11.75,0.0015,0.110,1.4413,3.2466,-3.7107,0.00223,0.00429,0.00113,0.01818,0.3317
43.4333,JELLY_C,0.7205,0.0000,1.00,J_GLIDE,23.65,0.0242,0.472,0.5324,3.9103,-3.8449,-0.00202,0.00688,0.00705,0.01667,0.0415
43.4667,JELLY_A,0.0429,1.5315,1.00,J_PULSE_CRUISE,17.11,0.0050,0.132,1.0803,2.4202,-3.3833,0.00289,0.00760,-0.00397,0.03100,0.0080
43.4667,JELLY_B,0.5919,-0.7212,1.00,J_PULSE_CRUISE,11.75,0.0012,0.110,1.4414,3.2468,-3.7107,0.00226,0.00442,0.00115,0.01825,0.2971
43.4667,JELLY_C,0.7336,0.0000,1.00,J_GLIDE,23.69,0.0226,0.472,0.5323,3.9105,-3.8447,-0.00200,0.00698,0.00714,0.01691,0.0295
43.5000,JELLY_A,0.0533,1.8235,1.00,J_PULSE_CRUISE,17.10,0.0022,0.132,1.0804,2.4205,-3.3834,0.00291,0.00762,-0.00398,0.03116,0.0159
43.5000,JELLY_B,0.6041,-0.6509,1.00,J_PULSE_CRUISE,11.75,0.0010,0.110,1.4414,3.2469,-3.7106,0.00229,0.00456,0.00118,0.01834,0.2637
43.5000,JELLY_C,0.7466,0.0000,1.00,J_GLIDE,23.73,0.0210,0.472,0.5322,3.9108,-3.8445,-0.00198,0.00707,0.00722,0.01715,0.0198
43.5333,JELLY_A,0.0637,2.0670,1.00,J_PULSE_CRUISE,17.11,0.0032,0.132,1.0805,2.4207,-3.3835,0.00294,0.00767,-0.00397,0.03134,0.0281
43.5333,JELLY_B,0.6163,-0.5768,1.00,J_PULSE_CRUISE,11.75,0.0010,0.110,1.4415,3.2471,-3.7106,0.00231,0.00470,0.00121,0.01846,0.2317
43.5333,JELLY_C,0.7597,0.0000,1.00,J_GLIDE,23.77,0.0194,0.472,0.5322,3.9110,-3.8442,-0.00196,0.00715,0.00730,0.01737,0.0123
43.5667,JELLY_A,0.0742,2.2552,1.00,J_PULSE_CRUISE,17.11,0.0072,0.132,1.0806,2.4210,-3.3837,0.00298,0.00774,-0.00397,0.03153,0.0455
43.5667,JELLY_B,0.6285,-0.4993,1.00,J_PULSE_CRUISE,11.75,0.0013,0.110,1.4416,3.2472,-3.7105,0.00234,0.00483,0.00123,0.01859,0.2013
43.5667,JELLY_C,0.7727,0.0000,1.00,J_GLIDE,23.81,0.0179,0.472,0.5321,3.9112,-3.8440,-0.00194,0.00722,0.00737,0.01759,0.0067
43.6000,JELLY_A,0.0846,2.3833,1.00,J_PULSE_CRUISE,17.13,0.0117,0.132,1.0807,2.4213,-3.3838,0.00303,0.00784,-0.00395,0.03175,0.0689
43.6000,JELLY_B,0.6407,-0.4187,1.00,J_PULSE_CRUISE,11.75,0.0016,0.110,1.4417,3.2474,-3.7105,0.00237,0.00497,0.00126,0.01874,0.1726
43.6000,JELLY_C,0.7858,0.0000,1.00,J_GLIDE,23.84,0.0164,0.472,0.5321,3.9115,-3.8437,-0.00193,0.00728,0.00745,0.01780,0.0026
43.6333,JELLY_A,0.0950,2.4478,1.00,J_PULSE_CRUISE,17.16,0.0162,0.132,1.0808,2.4215,-3.3839,0.00308,0.00795,-0.00394,0.03199,0.0986
43.6333,JELLY_B,0.6529,-0.3356,1.00,J_PULSE_CRUISE,11.74,0.0019,0.110,1.4418,3.2476,-3.7105,0.00240,0.00510,0.00128,0.01890,0.1459
43.6333,JELLY_C,0.7988,0.0000,1.00,J_GLIDE,23.87,0.0150,0.472,0.5320,3.9117,-3.8435,-0.00191,0.00734,0.00752,0.01800,-0.0003
43.6667,JELLY_A,0.1054,2.4468,1.00,J_PULSE_CRUISE,17.19,0.0207,0.132,1.0809,2.4218,-3.3841,0.00313,0.00807,-0.00393,0.03225,0.1350
43.6667,JELLY_B,0.6651,-0.2505,1.00,J_PULSE_CRUISE,11.74,0.0023,0.110,1.4418,3.2477,-3.7104,0.00243,0.00523,0.00131,0.01907,0.1212
43.6667,JELLY_C,0.8118,0.0000,1.00,J_GLIDE,23.90,0.0136,0.472,0.5319,3.9120,-3.8432,-0.00190,0.00738,0.00758,0.01820,-0.0021
43.7000,JELLY_A,0.1158,2.3803,1.00,J_PULSE_CRUISE,17.23,0.0250,0.132,1.0810,2.4221,-3.3842,0.00318,0.00817,-0.00392,0.03253,0.1777
43.7000,JELLY_B,0.6773,-0.1638,1.00,J_PULSE_CRUISE,11.74,0.0027,0.110,1.4419,3.2479,-3.7104,0.00246,0.00536,0.00133,0.01925,0.0987
43.7000,JELLY_C,0.8249,0.0000,1.00,J_GLIDE,23.92,0.0123,0.472,0.5319,3.9122,-3.8430,-0.00188,0.00742,0.00764,0.01839,-0.0032
43.7333,JELLY_A,0.1263,2.2502,1.00,J_PULSE_CRUISE,17.28,0.0289,0.132,1.0811,2.4223,-3.3843,0.00322,0.00826,-0.00391,0.03283,0.2265
43.7333,JELLY_B,0.6895,-0.0761,1.00,J_PULSE_CRUISE,11.73,0.0030,0.110,1.4420,3.2481,-3.7103,0.00249,0.00548,0.00136,0.01943,0.0786
43.7333,JELLY_C,0.8379,0.0000,1.00,J_GLIDE,23.95,0.0110,0.472,0.5318,3.9125,-3.8427,-0.00187,0.00746,0.00770,0.01857,-0.0038
43.7667,JELLY_A,0.1367,2.0598,1.00,J_PULSE_CRUISE,17.34,0.0323,0.132,1.0813,2.4226,-3.3844,0.00326,0.00832,-0.00390,0.03313,0.2807
43.7667,JELLY_B,0.7017,0.0000,1.00,J_GLIDE,11.73,0.0034,0.110,1.4421,3.2483,-3.7103,0.00251,0.00561,0.00138,0.01962,0.0610
43.7667,JELLY_C,0.8510,0.0000,1.00,J_GLIDE,23.97,0.0097,0.472,0.5317,3.9127,-3.8424,-0.00185,0.00748,0.00776,0.01874,-0.0039
43.8000,JELLY_A,0.1471,1.8141,1.00,J_PULSE_CRUISE,17.40,0.0351,0.132,1.0814,2.4229,-3.3846,0.00329,0.00835,-0.00390,0.03344,0.3393
43.8000,JELLY_B,0.7139,0.0000,1.00,J_GLIDE,11.72,0.0038,0.110,1.4422,3.2485,-3.7102,0.00254,0.00573,0.00140,0.01982,0.0459
43.8000,JELLY_C,0.8640,0.0000,1.00,J_GLIDE,23.98,0.0085,0.472,0.5317,3.9130,-3.8422,-0.00184,0.00750,0.00782,0.01890,-0.0037
43.8333,JELLY_A,0.1575,1.5198,1.00,J_PULSE_CRUISE,17.47,0.0371,0.132,1.0815,2.4232,-3.3847,0.00331,0.00835,-0.00390,0.03376,0.4013
43.8333,JELLY_B,0.7261,0.0000,1.00,J_GLIDE,11.71,0.0041,0.110,1.4423,3.2487,-3.7102,0.00257,0.00583,0.00142,0.02002,0.0333
43.8333,JELLY_C,0.8771,0.0000,1.00,J_GLIDE,24.00,0.0073,0.472,0.5316,3.9132,-3.8419,-0.00183,0.00752,0.00787,0.01905,-0.0034
43.8667,JELLY_A,0.1680,1.1847,1.00,J_PULSE_CRUISE,17.54,0.0384,0.132,1.0816,2.4234,-3.3848,0.00332,0.00831,-0.00391,0.03408,0.4652
43.8667,JELLY_B,0.7383,0.0000,1.00,J_GLIDE,11.70,0.0044,0.110,1.4423,3.2488,-3.7101,0.00260,0.00594,0.00144,0.02021,0.0231
43.8667,JELLY_C,0.8902,0.0000,1.00,J_GLIDE,24.01,0.0062,0.472,0.5316,3.9135,-3.8417,-0.00182,0.00753,0.00792,0.01919,-0.0030
43.9000,JELLY_A,0.1784,0.8177,1.00,J_PULSE_CRUISE,17.61,0.0388,0.132,1.0817,2.4237,-3.3850,0.00332,0.00825,-0.00392,0.03436,0.5298
43.9000,JELLY_B,0.7506,0.0000,1.00,J_GLIDE,11.70,0.0048,0.110,1.4424,3.2490,-3.7101,0.00262,0.00603,0.00146,0.02041,0.0149
43.9000,JELLY_C,0.9032,0.0000,1.00,J_GLIDE,24.02,0.0051,0.472,0.5315,3.9137,-3.8414,-0.00181,0.00753,0.00796,0.01933,-0.0026
43.9333,JELLY_A,0.1888,0.4286,1.00,J_PULSE_CRUISE,17.68,0.0382,0.132,1.0818,2.4240,-3.3851,0.00332,0.00817,-0.00394,0.03460,0.5934
43.9333,JELLY_B,0.7628,0.0000,1.00,J_GLIDE,11.69,0.0051,0.110,1.4425,3.2493,-3.7100,0.00265,0.00612,0.00147,0.02061,0.0087
43.9333,JELLY_C,0.9163,0.0000,1.00,J_GLIDE,24.03,0.0040,0.472,0.5314,3.9140,-3.8411,-0.00180,0.00753,0.00801,0.01946,-0.0021
43.9667,JELLY_A,0.1993,0.0279,1.00,J_PULSE_CRUISE,17.75,0.0368,0.132,1.0819,2.4243,-3.3852,0.00332,0.00808,-0.00396,0.03478,0.6546
43.9667,JELLY_B,0.7750,0.0000,1.00,J_GLIDE,11.68,0.0054,0.110,1.4426,3.2495,-3.7100,0.00268,0.00619,0.00149,0.02080,0.0040
43.9667,JELLY_C,0.9293,0.0000,1.00,J_GLIDE,24.04,0.0030,0.472,0.5314,3.9142,-3.8409,-0.00179,0.00752,0.00805,0.01958,-0.0017
44.0000,JELLY_A,0.2097,-0.0600,1.00,J_PULSE_CRUISE,17.81,0.0351,0.132,1.0820,2.4245,-3.3854,0.00331,0.00799,-0.00397,0.03489,0.7118
44.0000,JELLY_B,0.7873,0.0000,1.00,J_GLIDE,11.67,0.0057,0.110,1.4427,3.2497,-3.7099,0.00270,0.00627,0.00150,0.02100,0.0006
44.0000,JELLY_C,0.9424,0.0000,1.00,J_GLIDE,24.04,0.0020,0.472,0.5313,3.9145,-3.8406,-0.00178,0.00750,0.00809,0.01970,-0.0013
44.0333,JELLY_A,0.2202,-0.1242,1.00,J_PULSE_CRUISE,17.88,0.0333,0.132,1.0821,2.4248,-3.3855,0.00331,0.00790,-0.00399,0.03496,0.7640
44.0333,JELLY_B,0.7995,0.0000,1.00,J_GLIDE,11.65,0.0060,0.110,1.4428,3.2499,-3.7099,0.00273,0.00633,0.00151,0.02119,-0.0017
44.0333,JELLY_C,0.9554,0.0000,1.00,J_GLIDE,24.05,0.0011,0.472,0.5313,3.9147,-3.8403,-0.00177,0.00749,0.00812,0.01981,-0.0010
44.0667,JELLY_A,0.2306,-0.1879,1.00,J_PULSE_CRUISE,17.94,0.0317,0.132,1.0823,2.4251,-3.3856,0.00331,0.00781,-0.00400,0.03497,0.8103
44.0667,JELLY_B,0.8118,0.0000,1.00,J_GLIDE,11.64,0.0063,0.110,1.4429,3.2501,-3.7098,0.00275,0.00639,0.00152,0.02138,-0.0032
44.0667,JELLY_C,0.9685,0.0000,1.00,J_GLIDE,24.05,0.0006,0.472,0.5312,3.9150,-3.8401,-0.00176,0.00746,0.00816,0.01992,-0.0007
44.1000,JELLY_A,0.2410,-0.2509,1.00,J_PULSE_CRUISE,18.00,0.0300,0.132,1.0824,2.4253,-3.3858,0.00330,0.00772,-0.00402,0.03493,0.8505
44.1000,JELLY_B,0.8240,0.0000,1.00,J_GLIDE,11.63,0.0066,0.110,1.4430,3.2503,-3.7098,0.00278,0.00644,0.00153,0.02156,-0.0040
44.1000,JELLY_C,0.9815,0.0000,1.00,J_GLIDE,24.05,0.0012,0.472,0.5311,3.9152,-3.8398,-0.00175,0.00744,0.00819,0.02003,-0.0005
44.1333,JELLY_A,0.2515,-0.3128,1.00,J_PULSE_CRUISE,18.05,0.0285,0.132,1.0825,2.4256,-3.3859,0.00330,0.00764,-0.00403,0.03484,0.8844
44.1333,JELLY_B,0.8363,0.0000,1.00,J_GLIDE,11.62,0.0068,0.110,1.4431,3.2505,-3.7097,0.00280,0.00649,0.00154,0.02174,-0.0043
44.1333,JELLY_C,0.9946,0.0000,1.00,J_GLIDE,24.04,0.0020,0.472,0.5311,3.9155,-3.8395,-0.00174,0.00741,0.00822,0.02013,-0.0000
44.1667,JELLY_A,0.2619,-0.3733,1.00,J_PULSE_CRUISE,18.10,0.0269,0.132,1.0826,2.4258,-3.3860,0.00329,0.00755,-0.00404,0.03468,0.9120
44.1667,JELLY_B,0.8485,0.0000,1.00,J_GLIDE,11.61,0.0071,0.110,1.4432,3.2507,-3.7097,0.00282,0.00653,0.00155,0.02192,-0.0044
44.1667,JELLY_C,0.0076,0.3688,1.00,J_PULSE_CRUISE,24.04,0.0021,0.367,0.5310,3.9157,-3.8392,-0.00175,0.00727,0.00821,0.02023,0.0010
44.2000,JELLY_A,0.2724,-0.4323,1.00,J_PULSE_CRUISE,18.15,0.0255,0.132,1.0827,2.4261,-3.3862,0.00329,0.00746,-0.00406,0.03447,0.9337
44.2000,JELLY_B,0.8608,0.0000,1.00,J_GLIDE,11.59,0.0073,0.110,1.4432,3.2510,-3.7096,0.00285,0.00656,0.00156,0.02210,-0.0041
44.2000,JELLY_C,0.0207,0.9833,1.00,J_PULSE_CRUISE,24.04,0.0014,0.367,0.5310,3.9159,-3.8390,-0.00175,0.00712,0.00819,0.02033,0.0033
44.2333,JELLY_A,0.2828,-0.4894,1.00,J_PULSE_CRUISE,18.19,0.0240,0.132,1.0828,2.4263,-3.3863,0.00329,0.00737,-0.00407,0.03420,0.9496
44.2333,JELLY_B,0.8730,0.0000,1.00,J_GLIDE,11.58,0.0076,0.110,1.4433,3.2512,-3.7096,0.00287,0.00659,0.00156,0.02227,-0.0038
44.2333,JELLY_C,0.0338,1.5567,1.00,J_PULSE_CRUISE,24.04,0.0070,0.367,0.5309,3.9162,-3.8387,-0.00175,0.00701,0.00818,0.02043,0.0080
44.2667,JELLY_A,0.2933,-0.5445,1.00,J_PULSE_CRUISE,18.24,0.0226,0.132,1.0829,2.4266,-3.3864,0.00328,0.00729,-0.00409,0.03387,0.9602
44.2667,JELLY_B,0.8853,0.0000,1.00,J_GLIDE,11.56,0.0078,0.110,1.4434,3.2514,-3.7095,0.00289,0.00662,0.00156,0.02244,-0.0033
44.2667,JELLY_C,0.0468,2.0649,1.00,J_PULSE_CRUISE,24.06,0.0154,0.367,0.5308,3.9164,-3.8384,-0.00175,0.00696,0.00820,0.02055,0.0169
44.3000,JELLY_A,0.3037,-0.5972,1.00,J_PULSE_CRUISE,18.28,0.0213,0.132,1.0830,2.4268,-3.3866,0.00328,0.00720,-0.00410,0.03349,0.9659
44.3000,JELLY_B,0.8976,0.0000,1.00,J_GLIDE,11.55,0.0081,0.110,1.4435,3.2516,-3.7095,0.00291,0.00664,0.00157,0.02261,-0.0028
44.3000,JELLY_C,0.0599,2.4866,1.00,J_PULSE_CRUISE,24.10,0.0260,0.367,0.5308,3.9166,-3.8381,-0.00173,0.00697,0.00825,0.02070,0.0316
44.3333,JELLY_A,0.3141,-0.6474,1.00,J_PULSE_CRUISE,18.31,0.0199,0.132,1.0831,2.4270,-3.3867,0.00328,0.00712,-0.00411,0.03307,0.9670
44.3333,JELLY_B,0.9099,0.0000,1.00,J_GLIDE,11.53,0.0083,0.110,1.4436,3.2518,-3.7094,0.00293,0.00665,0.00157,0.02277,-0.0024
44.3333,JELLY_C,0.0729,2.8041,1.00,J_PULSE_CRUISE,24.16,0.0380,0.367,0.5307,3.9169,-3.8379,-0.00171,0.00703,0.00832,0.02087,0.0540
44.3667,JELLY_A,0.3246,-0.6948,1.00,J_PULSE_CRUISE,18.35,0.0187,0.132,1.0832,2.4273,-3.3868,0.00327,0.00704,-0.00412,0.03260,0.9641
44.3667,JELLY_B,0.9221,0.0000,1.00,J_GLIDE,11.52,0.0085,0.110,1.4437,3.2521,-3.7094,0.00296,0.00666,0.00157,0.02293,-0.0019
44.3667,JELLY_C,0.0860,3.0039,1.00,J_PULSE_CRUISE,24.24,0.0509,0.367,0.5307,3.9171,-3.8376,-0.00169,0.00714,0.00841,0.02107,0.0851
44.4000,JELLY_A,0.3351,-0.7392,1.00,J_PULSE_CRUISE,18.38,0.0174,0.132,1.0833,2.4275,-3.3870,0.00327,0.00695,-0.00414,0.03210,0.9574
44.4000,JELLY_B,0.9344,0.0000,1.00,J_GLIDE,11.50,0.0087,0.110,1.4438,3.2523,-3.7093,0.00298,0.00667,0.00157,0.02309,-0.0015
44.4000,JELLY_C,0.0991,3.0778,1.00,J_PULSE_CRUISE,24.34,0.0641,0.367,0.5306,3.9174,-3.8373,-0.00166,0.00727,0.00851,0.02127,0.1259
44.4333,JELLY_A,0.3455,-0.7805,1.00,J_PULSE_CRUISE,18.41,0.0162,0.132,1.0835,2.4277,-3.3871,0.00327,0.00687,-0.00415,0.03158,0.9474
44.4333,JELLY_B,0.9467,0.0000,1.00,J_GLIDE,11.48,0.0089,0.110,1.4439,3.2525,-3.7093,0.00300,0.00667,0.00157,0.02324,-0.0012
44.4333,JELLY_C,0.1121,3.0225,1.00,J_PULSE_CRUISE,24.47,0.0768,0.367,0.5306,3.9176,-3.8370,-0.00163,0.00739,0.00861,0.02148,0.1763
44.4667,JELLY_A,0.3560,-0.8184,1.00,J_PULSE_CRUISE,18.44,0.0151,0.132,1.0836,2.4280,-3.3873,0.00326,0.00679,-0.00416,0.03104,0.9344
44.4667,JELLY_B,0.9590,0.0000,1.00,J_GLIDE,11.47,0.0091,0.110,1.4440,3.2527,-3.7092,0.00302,0.00667,0.00157,0.02340,-0.0009
44.4667,JELLY_C,0.1252,2.8404,1.00,J_PULSE_CRUISE,24.63,0.0885,0.367,0.5305,3.9179,-3.8367,-0.00161,0.00749,0.00870,0.02169,0.2357
44.5000,JELLY_A,0.3664,-0.8528,1.00,J_PULSE_CRUISE,18.47,0.0140,0.132,1.0837,2.4282,-3.3874,0.00326,0.00671,-0.00417,0.03047,0.9186
44.5000,JELLY_B,0.9713,0.0000,1.00,J_GLIDE,11.45,0.0093,0.110,1.4441,3.2529,-3.7092,0.00304,0.00666,0.00157,0.02355,-0.0006
44.5000,JELLY_C,0.1383,2.5389,1.00,J_PULSE_CRUISE,24.80,0.0985,0.367,0.5305,3.9181,-3.8364,-0.00159,0.00754,0.00876,0.02192,0.3031
44.5333,JELLY_A,0.3769,-0.8835,1.00,J_PULSE_CRUISE,18.49,0.0129,0.132,1.0838,2.4284,-3.3875,0.00326,0.00663,-0.00418,0.02989,0.9005
44.5333,JELLY_B,0.9836,0.0000,1.00,J_GLIDE,11.43,0.0095,0.110,1.4442,3.2532,-3.7091,0.00306,0.00665,0.00157,0.02370,-0.0004
44.5333,JELLY_C,0.1513,2.1309,1.00,J_PULSE_CRUISE,25.00,0.1062,0.367,0.5304,3.9184,-3.8361,-0.00158,0.00752,0.00880,0.02223,0.3765
44.5667,JELLY_A,0.3873,-0.9105,1.00,J_PULSE_CRUISE,18.51,0.0118,0.132,1.0839,2.4286,-3.3877,0.00325,0.00655,-0.00420,0.02931,0.8801
44.5667,JELLY_B,0.9959,0.0000,1.00,J_GLIDE,11.41,0.0096,0.110,1.4443,3.2534,-3.7091,0.00308,0.00663,0.00157,0.02385,-0.0003
44.5667,JELLY_C,0.1644,1.6332,1.00,J_PULSE_CRUISE,25.20,0.1114,0.367,0.5304,3.9186,-3.8358,-0.00157,0.00745,0.00882,0.02258,0.4536
44.6000,JELLY_A,0.3978,-0.9335,1.00,J_PULSE_CRUISE,18.53,0.0108,0.132,1.0840,2.4289,-3.3878,0.00325,0.00647,-0.00421,0.02872,0.8578
44.6000,JELLY_B,0.0082,0.0186,0.05,J_DRIFT_IDLE,11.39,0.0098,0.000,1.4444,3.2536,-3.7090,0.00309,0.00652,0.00155,0.02400,-0.0001
44.6000,JELLY_C,0.1775,1.0669,1.00,J_PULSE_CRUISE,25.42,0.1137,0.367,0.5303,3.9188,-3.8356,-0.00157,0.00732,0.00881,0.02284,0.5320
44.6333,JELLY_A,0.4083,-0.9524,1.00,J_PULSE_CRUISE,18.55,0.0099,0.132,1.0841,2.4291,-3.3880,0.00325,0.00639,-0.00422,0.02815,0.8338
44.6333,JELLY_B,0.0205,0.0459,0.05,J_DRIFT_IDLE,11.37,0.0100,0.000,1.4445,3.2538,-3.7090,0.00310,0.00637,0.00152,0.02415,-0.0000
44.6333,JELLY_C,0.1905,0.4557,1.00,J_PULSE_CRUISE,25.63,0.1128,0.367,0.5302,3.9191,-3.8353,-0.00158,0.00716,0.00878,0.02296,0.6087
44.6667,JELLY_A,0.4187,-0.9673,1.00,J_PULSE_CRUISE,18.56,0.0090,0.132,1.0842,2.4293,-3.3881,0.00325,0.00632,-0.00423,0.02761,0.8083
44.6667,JELLY_B,0.0328,0.0715,0.05,J_DRIFT_IDLE,11.36,0.0101,0.000,1.4446,3.2540,-3.7089,0.00310,0.00623,0.00149,0.02429,0.0002
44.6667,JELLY_C,0.2036,-0.0280,1.00,J_PULSE_CRUISE,25.84,0.1090,0.367,0.5302,3.9193,-3.8350,-0.00159,0.00699,0.00875,0.02291,0.6811
44.7000,JELLY_A,0.4292,-0.9780,1.00,J_PULSE_CRUISE,18.58,0.0081,0.132,1.0843,2.4295,-3.3882,0.00325,0.00625,-0.00424,0.02709,0.7813
44.7000,JELLY_B,0.0451,0.0945,0.05,J_DRIFT_IDLE,11.34,0.0103,0.000,1.4447,3.2542,-3.7089,0.00311,0.00609,0.00147,0.02443,0.0005
44.7000,JELLY_C,0.2167,-0.1289,1.00,J_PULSE_CRUISE,26.05,0.1048,0.367,0.5301,3.9196,-3.8347,-0.00159,0.00682,0.00871,0.02272,0.7470
44.7333,JELLY_A,0.4397,-0.9845,1.00,J_PULSE_CRUISE,18.59,0.0073,0.132,1.0844,2.4297,-3.3884,0.00326,0.00619,-0.00424,0.02662,0.7532
44.7333,JELLY_B,0.0574,0.1139,0.05,J_DRIFT_IDLE,11.32,0.0104,0.000,1.4449,3.2544,-3.7088,0.00312,0.00595,0.00144,0.02456,0.0010
44.7333,JELLY_C,0.2298,-0.2290,1.00,J_PULSE_CRUISE,26.24,0.1007,0.367,0.5301,3.9198,-3.8344,-0.00160,0.00665,0.00868,0.02246,0.8047
44.7667,JELLY_A,0.4501,-0.9867,1.00,J_PULSE_CRUISE,18.60,0.0065,0.132,1.0845,2.4299,-3.3885,0.00326,0.00615,-0.00425,0.02618,0.7241
44.7667,JELLY_B,0.0698,0.1291,0.05,J_DRIFT_IDLE,11.30,0.0106,0.000,1.4450,3.2546,-3.7088,0.00313,0.00581,0.00142,0.02469,0.0019
44.7667,JELLY_C,0.2428,-0.3276,1.00,J_PULSE_CRUISE,26.43,0.0967,0.367,0.5300,3.9200,-3.8341,-0.00160,0.00648,0.00865,0.02217,0.8532
44.8000,JELLY_A,0.4606,-0.9846,1.00,J_PULSE_CRUISE,18.61,0.0058,0.132,1.0846,2.4301,-3.3887,0.00327,0.00611,-0.00425,0.02579,0.6941
44.8000,JELLY_B,0.0821,0.1395,0.05,J_DRIFT_IDLE,11.28,0.0107,0.000,1.4451,3.2548,-3.7087,0.00314,0.00567,0.00139,0.02482,0.0032
44.8000,JELLY_C,0.2559,-0.4240,1.00,J_PULSE_CRUISE,26.61,0.0928,0.367,0.5300,3.9202,-3.8338,-0.00161,0.00632,0.00862,0.02185,0.8923
44.8333,JELLY_A,0.4711,-0.9783,1.00,J_PULSE_CRUISE,18.61,0.0051,0.132,1.0848,2.4303,-3.3888,0.00329,0.00609,-0.00425,0.02544,0.6633
44.8333,JELLY_B,0.0944,0.1447,0.05,J_DRIFT_IDLE,11.26,0.0108,0.000,1.4452,3.2550,-3.7087,0.00315,0.00554,0.00137,0.02494,0.0049
44.8333,JELLY_C,0.2690,-0.5175,1.00,J_PULSE_CRUISE,26.79,0.0890,0.367,0.5299,3.9204,-3.8335,-0.00161,0.00615,0.00859,0.02148,0.9220
44.8667,JELLY_A,0.4815,-0.9677,1.00,J_PULSE_CRUISE,18.62,0.0046,0.132,1.0849,2.4305,-3.3890,0.00331,0.00608,-0.00425,0.02513,0.6319
44.8667,JELLY_B,0.1068,0.1445,0.05,J_DRIFT_IDLE,11.23,0.0110,0.000,1.4453,3.2552,-3.7086,0.00315,0.00541,0.00135,0.02506,0.0071
44.8667,JELLY_C,0.2821,-0.6076,1.00,J_PULSE_CRUISE,26.95,0.0853,0.367,0.5299,3.9206,-3.8332,-0.00162,0.00599,0.00856,0.02105,0.9428
44.9000,JELLY_A,0.4920,-0.9530,1.00,J_PULSE_CRUISE,18.62,0.0042,0.132,1.0850,2.4307,-3.3891,0.00333,0.00609,-0.00425,0.02486,0.6001
44.9000,JELLY_B,0.1191,0.1389,0.05,J_DRIFT_IDLE,11.21,0.0111,0.000,1.4454,3.2554,-3.7086,0.00316,0.00528,0.00133,0.02518,0.0097
44.9000,JELLY_C,0.2951,-0.6936,1.00,J_PULSE_CRUISE,27.11,0.0817,0.367,0.5298,3.9208,-3.8330,-0.00162,0.00584,0.00854,0.02057,0.9554
44.9333,JELLY_A,0.5025,-0.9341,1.00,J_PULSE_CRUISE,18.63,0.0038,0.132,1.0851,2.4309,-3.3892,0.00335,0.00610,-0.00424,0.02463,0.5679
44.9333,JELLY_B,0.1314,0.1280,0.05,J_DRIFT_IDLE,11.19,0.0112,0.000,1.4455,3.2555,-3.7085,0.00317,0.00515,0.00130,0.02529,0.0128
44.9333,JELLY_C,0.3082,-0.7750,1.00,J_PULSE_CRUISE,27.26,0.0783,0.367,0.5298,3.9210,-3.8327,-0.00163,0.00568,0.00851,0.02005,0.9606
44.9667,JELLY_A,0.5130,-0.9112,1.00,J_PULSE_CRUISE,18.63,0.0037,0.132,1.0852,2.4311,-3.3894,0.00338,0.00613,-0.00423,0.02444,0.5355
44.9667,JELLY_B,0.1438,0.1124,0.05,J_DRIFT_IDLE,11.17,0.0113,0.000,1.4456,3.2557,-3.7085,0.00318,0.00502,0.00128,0.02541,0.0162
44.9667,JELLY_C,0.3213,-0.8511,1.00,J_PULSE_CRUISE,27.41,0.0749,0.367,0.5297,3.9212,-3.8324,-0.00163,0.00553,0.00848,0.01948,0.9590
45.0000,JELLY_A,0.5234,-0.8843,1.00,J_PULSE_CRUISE,18.63,0.0037,0.132,1.0853,2.4313,-3.3895,0.00342,0.00618,-0.00422,0.02429,0.5030
45.0000,JELLY_B,0.1561,0.0925,0.05,J_DRIFT_IDLE,11.15,0.0114,0.000,1.4457,3.2559,-3.7085,0.00319,0.00490,0.00126,0.02552,0.0198
45.0000,JELLY_C,0.3344,-0.9215,1.00,J_PULSE_CRUISE,27.55,0.0716,0.367,0.5297,3.9214,-3.8321,-0.00163,0.00538,0.00846,0.01888,0.9515
45.0333,JELLY_A,0.5339,-0.8535,1.00,J_PULSE_CRUISE,18.62,0.0038,0.132,1.0854,2.4315,-3.3897,0.00346,0.00623,-0.00421,0.02417,0.4706
45.0333,JELLY_B,0.1685,0.0692,0.05,J_DRIFT_IDLE,11.13,0.0115,0.000,1.4458,3.2560,-3.7084,0.00320,0.00478,0.00124,0.02562,0.0236
45.0333,JELLY_C,0.3475,-0.9857,1.00,J_PULSE_CRUISE,27.68,0.0684,0.367,0.5296,3.9215,-3.8318,-0.00164,0.00523,0.00843,0.01827,0.9388
45.0667,JELLY_A,0.5444,-0.8191,1.00,J_PULSE_CRUISE,18.62,0.0040,0.132,1.0855,2.4317,-3.3898,0.00350,0.00630,-0.00420,0.02408,0.4383
45.0667,JELLY_B,0.1808,0.0432,0.05,J_DRIFT_IDLE,11.11,0.0116,0.000,1.4459,3.2562,-3.7084,0.00321,0.00465,0.00122,0.02573,0.0274
45.0667,JELLY_C,0.3605,-1.0432,1.00,J_PULSE_CRUISE,27.81,0.0653,0.367,0.5295,3.9217,-3.8315,-0.00164,0.00508,0.00841,0.01763,0.9214
45.1000,JELLY_A,0.5549,-0.7811,1.00,J_PULSE_CRUISE,18.61,0.0044,0.132,1.0857,2.4320,-3.3899,0.00354,0.00637,-0.00418,0.02402,0.4064
45.1000,JELLY_B,0.1932,0.0155,0.05,J_DRIFT_IDLE,11.08,0.0117,0.000,1.4460,3.2563,-3.7083,0.00322,0.00453,0.00120,0.02583,0.0312
45.1000,JELLY_C,0.3736,-1.0938,1.00,J_PULSE_CRUISE,27.93,0.0623,0.367,0.5295,3.9219,-3.8313,-0.00164,0.00494,0.00838,0.01700,0.9001
45.1333,JELLY_A,0.5654,-0.7397,1.00,J_PULSE_CRUISE,18.61,0.0048,0.132,1.0858,2.4322,-3.3901,0.00359,0.00646,-0.00416,0.02399,0.3750
45.1333,JELLY_B,0.2056,-0.0020,0.05,J_DRIFT_IDLE,11.06,0.0118,0.000,1.4461,3.2565,-3.7083,0.00322,0.00441,0.00118,0.02593,0.0347
45.1333,JELLY_C,0.3867,-1.1369,1.00,J_PULSE_CRUISE,28.05,0.0594,0.367,0.5294,3.9220,-3.8310,-0.00165,0.00479,0.00836,0.01639,0.8752
45.1667,JELLY_A,0.5759,-0.6950,1.00,J_PULSE_CRUISE,18.60,0.0052,0.132,1.0859,2.4324,-3.3902,0.00363,0.00655,-0.00414,0.02399,0.3441
45.1667,JELLY_B,0.2179,-0.0065,0.05,J_DRIFT_IDLE,11.04,0.0119,0.000,1.4462,3.2566,-3.7083,0.00323,0.00430,0.00116,0.02604,0.0378
45.1667,JELLY_C,0.3998,-1.1724,1.00,J_PULSE_CRUISE,28.16,0.0566,0.367,0.5294,3.9222,-3.8307,-0.00165,0.00465,0.00834,0.01582,0.8473
45.2000,JELLY_A,0.5863,-0.6473,1.00,J_PULSE_CRUISE,18.59,0.0057,0.132,1.0860,2.4326,-3.3904,0.00368,0.00664,-0.00412,0.02400,0.3139
45.2000,JELLY_B,0.2303,-0.0110,0.05,J_DRIFT_IDLE,11.02,0.0120,0.000,1.4463,3.2568,-3.7082,0.00324,0.00418,0.00114,0.02614,0.0406
45.2000,JELLY_C,0.4129,-1.1999,1.00,J_PULSE_CRUISE,28.26,0.0538,0.367,0.5293,3.9224,-3.8304,-0.00165,0.00451,0.00832,0.01529,0.8168
45.2333,JELLY_A,0.5968,-0.5968,1.00,J_PULSE_CRUISE,18.58,0.0061,0.132,1.0861,2.4328,-3.3905,0.00373,0.00674,-0.00410,0.02404,0.2845
45.2333,JELLY_B,0.2427,-0.0154,0.05,J_DRIFT_IDLE,10.99,0.0121,0.000,1.4464,3.2569,-3.7082,0.00325,0.00406,0.00112,0.02623,0.0429
45.2333,JELLY_C,0.4260,-1.2194,1.00,J_PULSE_CRUISE,28.36,0.0511,0.367,0.5293,3.9225,-3.8302,-0.00165,0.00439,0.00830,0.01484,0.7840
45.2667,JELLY_A,0.6073,-0.5437,1.00,J_PULSE_CRUISE,18.57,0.0066,0.132,1.0863,2.4331,-3.3906,0.00378,0.00684,-0.00408,0.02410,0.2561
45.2667,JELLY_B,0.2550,-0.0198,0.05,J_DRIFT_IDLE,10.97,0.0122,0.000,1.4466,3.2570,-3.7081,0.00326,0.00395,0.00111,0.02633,0.0448
45.2667,JELLY_C,0.4390,-1.2306,1.00,J_PULSE_CRUISE,28.46,0.0485,0.367,0.5292,3.9226,-3.8299,-0.00165,0.00428,0.00830,0.01446,0.7493
45.3000,JELLY_A,0.6178,-0.4882,1.00,J_PULSE_CRUISE,18.56,0.0071,0.132,1.0864,2.4333,-3.3908,0.00383,0.00693,-0.00407,0.02418,0.2288
45.3000,JELLY_B,0.2674,-0.0240,0.05,J_DRIFT_IDLE,10.95,0.0123,0.000,1.4467,3.2572,-3.7081,0.00327,0.00384,0.00109,0.02643,0.0463
45.3000,JELLY_C,0.4521,-1.2335,1.00,J_PULSE_CRUISE,28.55,0.0460,0.367,0.5292,3.9228,-3.8296,-0.00164,0.00419,0.00830,0.01416,0.7130
45.3333,JELLY_A,0.6283,-0.4306,1.00,J_PULSE_CRUISE,18.55,0.0076,0.132,1.0865,2.4335,-3.3909,0.00388,0.00703,-0.00405,0.02427,0.2026
45.3333,JELLY_B,0.2798,-0.0281,0.05,J_DRIFT_IDLE,10.92,0.0123,0.000,1.4468,3.2573,-3.7081,0.00328,0.00373,0.00107,0.02652,0.0473
45.3333,JELLY_C,0.4652,-1.2281,1.00,J_PULSE_CRUISE,28.63,0.0435,0.367,0.5291,3.9229,-3.8293,-0.00163,0.00413,0.00832,0.01392,0.6753
45.3667,JELLY_A,0.6388,-0.3711,1.00,J_PULSE_CRUISE,18.53,0.0080,0.132,1.0867,2.4338,-3.3910,0.00393,0.00712,-0.00403,0.02437,0.1777
45.3667,JELLY_B,0.2922,-0.0320,0.05,J_DRIFT_IDLE,10.90,0.0124,0.000,1.4469,3.2574,-3.7080,0.00329,0.00362,0.00105,0.02662,0.0480
45.3667,JELLY_C,0.4783,-1.2143,1.00,J_PULSE_CRUISE,28.72,0.0411,0.367,0.5291,3.9231,-3.8290,-0.00162,0.00408,0.00834,0.01376,0.6366
45.4000,JELLY_A,0.6493,-0.3099,1.00,J_PULSE_CRUISE,18.52,0.0085,0.132,1.0868,2.4340,-3.3912,0.00398,0.00721,-0.00401,0.02448,0.1543
45.4000,JELLY_B,0.3046,-0.0357,0.05,J_DRIFT_IDLE,10.87,0.0125,0.000,1.4470,3.2575,-3.7080,0.00330,0.00351,0.00104,0.02671,0.0483
45.4000,JELLY_C,0.4914,-1.1924,1.00,J_PULSE_CRUISE,28.79,0.0388,0.367,0.5290,3.9232,-3.8288,-0.00160,0.00406,0.00838,0.01365,0.5971
45.4333,JELLY_A,0.6598,-0.2474,1.00,J_PULSE_CRUISE,18.50,0.0089,0.132,1.0869,2.4342,-3.3913,0.00403,0.00731,-0.00399,0.02461,0.1323
45.4333,JELLY_B,0.3170,-0.0392,0.05,J_DRIFT_IDLE,10.85,0.0125,0.000,1.4471,3.2577,-3.7080,0.00330,0.00340,0.00102,0.02681,0.0483
45.4333,JELLY_C,0.5045,-1.1624,1.00,J_PULSE_CRUISE,28.86,0.0366,0.367,0.5289,3.9233,-3.8285,-0.00158,0.00407,0.00843,0.01361,0.5571
45.4667,JELLY_A,0.6703,-0.1837,1.00,J_PULSE_CRUISE,18.49,0.0094,0.132,1.0871,2.4345,-3.3914,0.00408,0.00740,-0.00397,0.02474,0.1120
45.4667,JELLY_B,0.3294,-0.0424,0.05,J_DRIFT_IDLE,10.83,0.0126,0.000,1.4472,3.2578,-3.7079,0.00331,0.00330,0.00101,0.02690,0.0481
45.4667,JELLY_C,0.5176,-1.1245,1.00,J_PULSE_CRUISE,28.93,0.0344,0.367,0.5289,3.9235,-3.8282,-0.00156,0.00409,0.00850,0.01362,0.5168
45.5000,JELLY_A,0.6808,-0.1193,1.00,J_PULSE_CRUISE,18.47,0.0098,0.132,1.0872,2.4347,-3.3916,0.00413,0.00749,-0.00395,0.02488,0.0933
45.5000,JELLY_B,0.3418,-0.0455,0.05,J_DRIFT_IDLE,10.80,0.0127,0.000,1.4473,3.2579,-3.7079,0.00332,0.00319,0.00099,0.02699,0.0475
45.5000,JELLY_C,0.5307,-1.0790,1.00,J_PULSE_CRUISE,28.99,0.0322,0.367,0.5288,3.9236,-3.8279,-0.00153,0.00414,0.00858,0.01367,0.4765
45.5333,JELLY_A,0.6913,-0.0543,1.00,J_PULSE_CRUISE,18.45,0.0102,0.132,1.0873,2.4350,-3.3917,0.00418,0.00758,-0.00393,0.02503,0.0764
45.5333,JELLY_B,0.3542,-0.0482,0.05,J_DRIFT_IDLE,10.78,0.0127,0.000,1.4474,3.2580,-3.7079,0.00333,0.00309,0.00097,0.02708,0.0468
45.5333,JELLY_C,0.5438,-1.0261,1.00,J_PULSE_CRUISE,29.05,0.0302,0.367,0.5288,3.9237,-3.8276,-0.00150,0.00421,0.00866,0.01377,0.4365
45.5667,JELLY_A,0.7018,0.0000,1.00,J_GLIDE,18.43,0.0106,0.132,1.0875,2.4352,-3.3918,0.00423,0.00766,-0.00391,0.02518,0.0613
45.5667,JELLY_B,0.3666,-0.0506,0.05,J_DRIFT_IDLE,10.75,0.0128,0.000,1.4475,3.2581,-3.7078,0.00334,0.00299,0.00096,0.02718,0.0459
45.5667,JELLY_C,0.5569,-0.9664,1.00,J_PULSE_CRUISE,29.11,0.0282,0.367,0.5287,3.9239,-3.8273,-0.00147,0.00430,0.00876,0.01389,0.3969
45.6000,JELLY_A,0.7123,0.0000,1.00,J_GLIDE,18.41,0.0110,0.132,1.0876,2.4355,-3.3920,0.00428,0.00775,-0.00390,0.02533,0.0481
45.6000,JELLY_B,0.3790,-0.0528,0.05,J_DRIFT_IDLE,10.73,0.0128,0.000,1.4477,3.2582,-3.7078,0.00335,0.00288,0.00094,0.02727,0.0448
45.6000,JELLY_C,0.5700,-0.9000,1.00,J_PULSE_CRUISE,29.16,0.0262,0.367,0.5287,3.9240,-3.8270,-0.00143,0.00440,0.00887,0.01405,0.3582
45.6333,JELLY_A,0.7228,0.0000,1.00,J_GLIDE,18.39,0.0114,0.132,1.0878,2.4358,-3.3921,0.00432,0.00783,-0.00388,0.02549,0.0368
45.6333,JELLY_B,0.3914,-0.0546,0.05,J_DRIFT_IDLE,10.71,0.0129,0.000,1.4478,3.2583,-3.7078,0.00336,0.00278,0.00093,0.02736,0.0435
45.6333,JELLY_C,0.5831,-0.8276,1.00,J_PULSE_CRUISE,29.21,0.0244,0.367,0.5286,3.9242,-3.8267,-0.00139,0.00451,0.00898,0.01423,0.3204
45.6667,JELLY_A,0.7333,0.0000,1.00,J_GLIDE,18.37,0.0118,0.132,1.0879,2.4360,-3.3922,0.00437,0.00790,-0.00386,0.02565,0.0272
45.6667,JELLY_B,0.4038,-0.0561,0.05,J_DRIFT_IDLE,10.68,0.0129,0.000,1.4479,3.2584,-3.7077,0.00337,0.00268,0.00092,0.02745,0.0421
45.6667,JELLY_C,0.5962,-0.7495,1.00,J_PULSE_CRUISE,29.25,0.0225,0.367,0.5286,3.9243,-3.8264,-0.00135,0.00462,0.00909,0.01443,0.2839
45.7000,JELLY_A,0.7438,0.0000,1.00,J_GLIDE,18.35,0.0122,0.132,1.0881,2.4363,-3.3923,0.00441,0.00797,-0.00385,0.02581,0.0193
45.7000,JELLY_B,0.4163,-0.0572,0.05,J_DRIFT_IDLE,10.66,0.0130,0.000,1.4480,3.2585,-3.7077,0.00337,0.00259,0.00090,0.02754,0.0407
45.7000,JELLY_C,0.6093,-0.6664,1.00,J_PULSE_CRUISE,29.29,0.0207,0.367,0.5286,3.9245,-3.8261,-0.00131,0.00473,0.00920,0.01465,0.2489
45.7333,JELLY_A,0.7543,0.0000,1.00,J_GLIDE,18.32,0.0125,0.132,1.0882,2.4366,-3.3925,0.00445,0.00803,-0.00383,0.02597,0.0129
45.7333,JELLY_B,0.4287,-0.0580,0.05,J_DRIFT_IDLE,10.63,0.0130,0.000,1.4481,3.2585,-3.7077,0.00338,0.00249,0.00089,0.02763,0.0391
45.7333,JELLY_C,0.6224,-0.5787,1.00,J_PULSE_CRUISE,29.33,0.0190,0.367,0.5285,3.9247,-3.8258,-0.00127,0.00485,0.00931,0.01489,0.2156
45.7667,JELLY_A,0.7648,0.0000,1.00,J_GLIDE,18.30,0.0129,0.132,1.0884,2.4368,-3.3926,0.00450,0.00809,-0.00382,0.02614,0.0078
45.7667,JELLY_B,0.4411,-0.0585,0.05,J_DRIFT_IDLE,10.61,0.0130,0.000,1.4482,3.2586,-3.7076,0.00339,0.00239,0.00087,0.02771,0.0374
45.7667,JELLY_C,0.6355,-0.4870,1.00,J_PULSE_CRUISE,29.37,0.0174,0.367,0.5285,3.9248,-3.8255,-0.00123,0.00495,0.00942,0.01513,0.1842
45.8000,JELLY_A,0.7753,0.0000,1.00,J_GLIDE,18.27,0.0132,0.132,1.0885,2.4371,-3.3927,0.00454,0.00815,-0.00380,0.02630,0.0038
45.8000,JELLY_B,0.4536,-0.0586,0.05,J_DRIFT_IDLE,10.58,0.0131,0.000,1.4483,3.2587,-3.7076,0.00340,0.00230,0.00086,0.02780,0.0357
45.8000,JELLY_C,0.6486,-0.3921,1.00,J_PULSE_CRUISE,29.40,0.0157,0.367,0.5284,3.9250,-3.8252,-0.00120,0.00506,0.00953,0.01539,0.1550
45.8333,JELLY_A,0.7858,0.0000,1.00,J_GLIDE,18.25,0.0135,0.132,1.0887,2.4374,-3.3928,0.00457,0.00820,-0.00379,0.02646,0.0008
45.8333,JELLY_B,0.4660,-0.0583,0.05,J_DRIFT_IDLE,10.56,0.0131,0.000,1.4484,3.2588,-3.7076,0.00341,0.00221,0.00085,0.02789,0.0338
45.8333,JELLY_C,0.6617,-0.2945,1.00,J_PULSE_CRUISE,29.43,0.0142,0.367,0.5284,3.9252,-3.8249,-0.00116,0.00517,0.00964,0.01564,0.1281
45.8667,JELLY_A,0.7963,0.0000,1.00,J_GLIDE,18.22,0.0138,0.132,1.0888,2.4376,-3.3930,0.00461,0.00825,-0.00378,0.02663,-0.0013
45.8667,JELLY_B,0.4784,-0.0577,0.05,J_DRIFT_IDLE,10.53,0.0131,0.000,1.4486,3.2588,-3.7076,0.00342,0.00212,0.00084,0.02797,0.0320
45.8667,JELLY_C,0.6748,-0.1948,1.00,J_PULSE_CRUISE,29.45,0.0127,0.367,0.5284,3.9253,-3.8246,-0.00112,0.00527,0.00974,0.01590,0.1038
45.9000,JELLY_A,0.8068,0.0000,1.00,J_GLIDE,18.20,0.0142,0.132,1.0890,2.4379,-3.3931,0.00465,0.00829,-0.00377,0.02679,-0.0028
45.9000,JELLY_B,0.4909,-0.0567,0.05,J_DRIFT_IDLE,10.51,0.0132,0.000,1.4487,3.2589,-3.7075,0.00343,0.00203,0.00082,0.02805,0.0301
45.9000,JELLY_C,0.6879,-0.0938,1.00,J_PULSE_CRUISE,29.47,0.0112,0.367,0.5283,3.9255,-3.8242,-0.00108,0.00537,0.00985,0.01616,0.0821
45.9333,JELLY_A,0.8173,0.0000,1.00,J_GLIDE,18.17,0.0144,0.132,1.0891,2.4382,-3.3932,0.00468,0.00833,-0.00375,0.02696,-0.0038
45.9333,JELLY_B,0.5033,-0.0554,0.05,J_DRIFT_IDLE,10.48,0.0132,0.000,1.4488,3.2590,-3.7075,0.00344,0.00195,0.00081,0.02814,0.0282
45.9333,JELLY_C,0.7010,0.0000,1.00,J_GLIDE,29.49,0.0098,0.367,0.5283,3.9257,-3.8239,-0.00104,0.00547,0.00995,0.01641,0.0632
45.9667,JELLY_A,0.8279,0.0000,1.00,J_GLIDE,18.14,0.0147,0.132,1.0893,2.4385,-3.3934,0.00472,0.00837,-0.00374,0.02713,-0.0043
45.9667,JELLY_B,0.5158,-0.0537,0.05,J_DRIFT_IDLE,10.46,0.0132,0.000,1.4489,3.2590,-3.7075,0.00345,0.00186,0.00080,0.02822,0.0263
45.9667,JELLY_C,0.7141,0.0000,1.00,J_GLIDE,29.51,0.0084,0.367,0.5283,3.9259,-3.8236,-0.00100,0.00556,0.01005,0.01666,0.0471
46.0000,JELLY_A,0.8384,0.0000,1.00,J_GLIDE,18.11,0.0150,0.132,1.0894,2.4387,-3.3935,0.00475,0.00840,-0.00373,0.02729,-0.0045
46.0000,JELLY_B,0.5282,-0.0517,0.05,J_DRIFT_IDLE,10.43,0.0133,0.000,1.4490,3.2591,-3.7075,0.00346,0.00178,0.00079,0.02829,0.0243
46.0000,JELLY_C,0.7272,0.0000,1.00,J_GLIDE,29.52,0.0072,0.367,0.5282,3.9261,-3.8232,-0.00096,0.00564,0.01015,0.01691,0.0338
46.0333,JELLY_A,0.8489,0.0000,1.00,J_GLIDE,18.08,0.0153,0.132,1.0896,2.4390,-3.3936,0.00478,0.00843,-0.00372,0.02746,-0.0045
46.0333,JELLY_B,0.5407,-0.0494,0.05,J_DRIFT_IDLE,10.41,0.0133,0.000,1.4491,3.2592,-3.7074,0.00347,0.00170,0.00078,0.02837,0.0224
46.0333,JELLY_C,0.7403,0.0000,1.00,J_GLIDE,29.53,0.0059,0.367,0.5282,3.9262,-3.8229,-0.00093,0.00571,0.01024,0.01714,0.0231
46.0667,JELLY_A,0.8594,0.0000,1.00,J_GLIDE,18.06,0.0155,0.132,1.0898,2.4393,-3.3937,0.00481,0.00845,-0.00372,0.02762,-0.0043
46.0667,JELLY_B,0.5531,-0.0468,0.05,J_DRIFT_IDLE,10.38,0.0133,0.000,1.4492,3.2592,-3.7074,0.00348,0.00162,0.00077,0.02845,0.0205
46.0667,JELLY_C,0.7534,0.0000,1.00,J_GLIDE,29.54,0.0048,0.367,0.5282,3.9264,-3.8225,-0.00090,0.00577,0.01032,0.01738,0.0147
46.1000,JELLY_A,0.8699,0.0000,1.00,J_GLIDE,18.03,0.0158,0.132,1.0899,2.4396,-3.3938,0.00484,0.00847,-0.00371,0.02778,-0.0040
46.1000,JELLY_B,0.5656,-0.0439,0.05,J_DRIFT_IDLE,10.35,0.0133,0.000,1.4494,3.2593,-3.7074,0.00349,0.00154,0.00076,0.02852,0.0186
46.1000,JELLY_C,0.7666,0.0000,1.00,J_GLIDE,29.55,0.0038,0.367,0.5281,3.9266,-3.8222,-0.00086,0.00583,0.01040,0.01760,0.0083
46.1333,JELLY_A,0.8804,0.0000,1.00,J_GLIDE,18.00,0.0160,0.132,1.0901,2.4399,-3.3940,0.00487,0.00849,-0.00370,0.02795,-0.0036
46.1333,JELLY_B,0.5781,-0.0407,0.05,J_DRIFT_IDLE,10.33,0.0133,0.000,1.4495,3.2593,-3.7074,0.00350,0.00147,0.00075,0.02860,0.0168
46.1333,JELLY_C,0.7797,0.0000,1.00,J_GLIDE,29.55,0.0031,0.367,0.5281,3.9268,-3.8219,-0.00083,0.00588,0.01048,0.01783,0.0036
46.1667,JELLY_A,0.8910,0.0000,1.00,J_GLIDE,17.96,0.0163,0.132,1.0902,2.4402,-3.3941,0.00490,0.00850,-0.00369,0.02811,-0.0032
46.1667,JELLY_B,0.5905,-0.0373,0.05,J_DRIFT_IDLE,10.30,0.0134,0.000,1.4496,3.2594,-3.7073,0.00350,0.00139,0.00074,0.02867,0.0150
46.1667,JELLY_C,0.7928,0.0000,1.00,J_GLIDE,29.55,0.0027,0.367,0.5281,3.9270,-3.8215,-0.00080,0.00592,0.01055,0.01805,0.0003
46.2000,JELLY_A,0.9015,0.0000,1.00,J_GLIDE,17.93,0.0165,0.132,1.0904,2.4404,-3.3942,0.00493,0.00851,-0.00368,0.02827,-0.0028
46.2000,JELLY_B,0.6030,-0.0336,0.05,J_DRIFT_IDLE,10.28,0.0134,0.000,1.4497,3.2594,-3.7073,0.00351,0.00132,0.00073,0.02874,0.0133
46.2000,JELLY_C,0.8059,0.0000,1.00,J_GLIDE,29.55,0.0028,0.367,0.5280,3.9272,-3.8211,-0.00077,0.00595,0.01062,0.01825,-0.0019
46.2333,JELLY_A,0.9120,0.0000,1.00,J_GLIDE,17.90,0.0167,0.132,1.0906,2.4407,-3.3943,0.00495,0.00852,-0.00368,0.02842,-0.0024
46.2333,JELLY_B,0.6155,-0.0298,0.05,J_DRIFT_IDLE,10.25,0.0134,0.000,1.4498,3.2594,-3.7073,0.00352,0.00124,0.00073,0.02881,0.0117
46.2333,JELLY_C,0.8190,0.0000,1.00,J_GLIDE,29.55,0.0033,0.367,0.5280,3.9274,-3.8208,-0.00074,0.00598,0.01068,0.01845,-0.0032
46.2667,JELLY_A,0.9225,0.0000,1.00,J_GLIDE,17.87,0.0169,0.132,1.0907,2.4410,-3.3945,0.00498,0.00853,-0.00367,0.02858,-0.0020
46.2667,JELLY_B,0.6280,-0.0257,0.05,J_DRIFT_IDLE,10.23,0.0134,0.000,1.4500,3.2595,-3.7073,0.00353,0.00117,0.00072,0.02888,0.0101
46.2667,JELLY_C,0.8321,0.0000,1.00,J_GLIDE,29.55,0.0040,0.367,0.5280,3.9276,-3.8204,-0.00071,0.00599,0.01074,0.01864,-0.0038
46.3000,JELLY_A,0.9331,0.0000,1.00,J_GLIDE,17.84,0.0171,0.132,1.0909,2.4413,-3.3946,0.00500,0.00853,-0.00366,0.02873,-0.0016
46.3000,JELLY_B,0.6404,-0.0215,0.05,J_DRIFT_IDLE,10.20,0.0134,0.000,1.4501,3.2595,-3.7072,0.00354,0.00110,0.00071,0.02894,0.0086
46.3000,JELLY_C,0.8453,0.0000,1.00,J_GLIDE,29.54,0.0048,0.367,0.5280,3.9278,-3.8201,-0.00068,0.00601,0.01080,0.01881,-0.0041
46.3333,JELLY_A,0.9436,0.0000,1.00,J_GLIDE,17.80,0.0173,0.132,1.0911,2.4416,-3.3947,0.00503,0.00853,-0.00366,0.02888,-0.0013
46.3333,JELLY_B,0.6529,-0.0172,0.05,J_DRIFT_IDLE,10.18,0.0134,0.000,1.4502,3.2596,-3.7072,0.00355,0.00103,0.00070,0.02901,0.0073
46.3333,JELLY_C,0.8584,0.0000,1.00,J_GLIDE,29.53,0.0057,0.367,0.5280,3.9280,-3.8197,-0.00066,0.00601,0.01085,0.01898,-0.0040
46.3667,JELLY_A,0.9541,0.0000,1.00,J_GLIDE,17.77,0.0175,0.132,1.0912,2.4419,-3.3948,0.00505,0.00853,-0.00365,0.02903,-0.0010
46.3667,JELLY_B,0.6654,-0.0127,0.05,J_DRIFT_IDLE,10.15,0.0134,0.000,1.4503,3.2596,-3.7072,0.00356,0.00096,0.00069,0.02908,0.0060
46.3667,JELLY_C,0.8715,0.0000,1.00,J_GLIDE,29.52,0.0066,0.367,0.5279,3.9282,-3.8194,-0.00063,0.00601,0.01090,0.01913,-0.0036
46.4000,JELLY_A,0.9646,0.0000,1.00,J_GLIDE,17.74,0.0177,0.132,1.0914,2.4421,-3.3949,0.00507,0.00852,-0.00365,0.02917,-0.0008
46.4000,JELLY_B,0.6779,-0.0081,0.05,J_DRIFT_IDLE,10.12,0.0134,0.000,1.4504,3.2596,-3.7072,0.00357,0.00089,0.00068,0.02914,0.0049
46.4000,JELLY_C,0.8846,0.0000,1.00,J_GLIDE,29.51,0.0075,0.367,0.5279,3.9284,-3.8190,-0.00061,0.00601,0.01094,0.01928,-0.0032
46.4333,JELLY_A,0.9752,0.0000,1.00,J_GLIDE,17.70,0.0179,0.132,1.0916,2.4424,-3.3951,0.00510,0.00852,-0.00364,0.02932,-0.0006
46.4333,JELLY_B,0.6904,-0.0036,0.05,J_DRIFT_IDLE,10.10,0.0134,0.000,1.4505,3.2597,-3.7071,0.00358,0.00082,0.00068,0.02920,0.0038
46.4333,JELLY_C,0.8977,0.0000,1.00,J_GLIDE,29.49,0.0083,0.367,0.5279,3.9286,-3.8186,-0.00058,0.00600,0.01099,0.01942,-0.0028
46.4667,JELLY_A,0.9857,0.0000,1.00,J_GLIDE,17.67,0.0180,0.132,1.0917,2.4427,-3.3952,0.00512,0.00851,-0.00364,0.02945,-0.0004
46.4667,JELLY_B,0.7029,0.0000,0.05,J_DRIFT_IDLE,10.07,0.0135,0.000,1.4507,3.2597,-3.7071,0.00359,0.00075,0.00067,0.02926,0.0030
46.4667,JELLY_C,0.9109,0.0000,1.00,J_GLIDE,29.48,0.0092,0.367,0.5279,3.9288,-3.8183,-0.00056,0.00598,0.01102,0.01956,-0.0023
46.5000,JELLY_A,0.9962,0.0000,1.00,J_GLIDE,17.64,0.0182,0.132,1.0919,2.4430,-3.3953,0.00514,0.00849,-0.00363,0.02959,-0.0003
46.5000,JELLY_B,0.7154,0.0000,0.05,J_DRIFT_IDLE,10.05,0.0135,0.000,1.4508,3.2597,-3.7071,0.00360,0.00068,0.00066,0.02932,0.0022
46.5000,JELLY_C,0.9240,0.0000,1.00,J_GLIDE,29.46,0.0100,0.367,0.5279,3.9290,-3.8179,-0.00054,0.00596,0.01106,0.01968,-0.0019
46.5333,JELLY_A,0.0068,0.2629,1.00,J_PULSE_CRUISE,17.60,0.0181,0.151,1.0921,2.4433,-3.3954,0.00514,0.00841,-0.00364,0.02972,-0.0001
46.5333,JELLY_B,0.7279,0.0000,0.05,J_DRIFT_IDLE,10.02,0.0135,0.000,1.4509,3.2597,-3.7071,0.00361,0.00061,0.00065,0.02938,0.0016
46.5333,JELLY_C,0.9371,0.0000,1.00,J_GLIDE,29.44,0.0108,0.367,0.5278,3.9292,-3.8175,-0.00052,0.00593,0.01109,0.01980,-0.0015
46.5667,JELLY_A,0.0173,0.6658,1.00,J_PULSE_CRUISE,17.57,0.0171,0.151,1.0923,2.4436,-3.3956,0.00513,0.00831,-0.00365,0.02985,0.0004
46.5667,JELLY_B,0.7404,0.0000,0.05,J_DRIFT_IDLE,10.00,0.0135,0.000,1.4510,3.2597,-3.7070,0.00362,0.00054,0.00064,0.02944,0.0011
46.5667,JELLY_C,0.9502,0.0000,1.00,J_GLIDE,29.42,0.0116,0.367,0.5278,3.9294,-3.8171,-0.00049,0.00590,0.01112,0.01992,-0.0011
46.6000,JELLY_A,0.0278,1.0506,1.00,J_PULSE_CRUISE,17.54,0.0153,0.151,1.0924,2.4438,-3.3957,0.00514,0.00823,-0.00366,0.02998,0.0020
46.6000,JELLY_B,0.7529,0.0000,0.05,J_DRIFT_IDLE,9.97,0.0135,0.000,1.4511,3.2598,-3.7070,0.00363,0.00047,0.00064,0.02950,0.0007
46.6000,JELLY_C,0.9634,0.0000,1.00,J_GLIDE,29.40,0.0124,0.367,0.5278,3.9296,-3.8168,-0.00047,0.00587,0.01115,0.02004,-0.0008
46.6333,JELLY_A,0.0384,1.4068,1.00,J_PULSE_CRUISE,17.51,0.0129,0.151,1.0926,2.4441,-3.3958,0.00514,0.00818,-0.00366,0.03013,0.0054
46.6333,JELLY_B,0.7654,0.0000,0.05,J_DRIFT_IDLE,9.94,0.0135,0.000,1.4513,3.2598,-3.7070,0.00364,0.00040,0.00063,0.02955,0.0004
46.6333,JELLY_C,0.9765,0.0000,1.00,J_GLIDE,29.37,0.0132,0.367,0.5278,3.9298,-3.8164,-0.00045,0.00583,0.01118,0.02015,-0.0006
46.6667,JELLY_A,0.0489,1.7246,1.00,J_PULSE_CRUISE,17.49,0.0104,0.151,1.0928,2.4444,-3.3959,0.00516,0.00816,-0.00365,0.03028,0.0119
46.6667,JELLY_B,0.7779,0.0000,0.05,J_DRIFT_IDLE,9.92,0.0135,0.000,1.4514,3.2598,-3.7070,0.00365,0.00033,0.00062,0.02961,0.0001
46.6667,JELLY_C,0.9896,0.0000,1.00,J_GLIDE,29.35,0.0139,0.367,0.5278,3.9300,-3.8160,-0.00043,0.00579,0.01120,0.02025,-0.0003
46.7000,JELLY_A,0.0594,1.9954,1.00,J_PULSE_CRUISE,17.47,0.0088,0.151,1.0929,2.4447,-3.3960,0.00519,0.00818,-0.00365,0.03045,0.0223
46.7000,JELLY_B,0.7905,0.0000,0.05,J_DRIFT_IDLE,9.89,0.0135,0.000,1.4515,3.2598,-3.7070,0.00365,0.00026,0.00061,0.02966,-0.0000
46.7000,JELLY_C,0.0028,0.0067,0.05,J_PAUSE_OPEN,29.32,0.0146,0.000,0.5278,3.9302,-3.8157,-0.00042,0.00571,0.01120,0.02036,0.0001
46.7333,JELLY_A,0.0700,2.2117,1.00,J_PULSE_CRUISE,17.47,0.0095,0.151,1.0931,2.4449,-3.3962,0.00523,0.00823,-0.00363,0.03063,0.0378
46.7333,JELLY_B,0.8030,0.0000,0.05,J_DRIFT_IDLE,9.87,0.0135,0.000,1.4516,3.2598,-3.7069,0.00366,0.00019,0.00061,0.02971,-0.0001
46.7333,JELLY_C,0.0159,0.0382,0.05,J_PAUSE_OPEN,29.29,0.0153,0.000,0.5277,3.9304,-3.8153,-0.00042,0.00553,0.01115,0.02047,0.0005
46.7667,JELLY_A,0.0805,2.3675,1.00,J_PULSE_CRUISE,17.47,0.0126,0.151,1.0933,2.4452,-3.3963,0.00527,0.00830,-0.00361,0.03084,0.0592
46.7667,JELLY_B,0.8155,0.0000,0.05,J_DRIFT_IDLE,9.84,0.0134,0.000,1.4518,3.2598,-3.7069,0.00367,0.00013,0.00060,0.02976,-0.0002
46.7667,JELLY_C,0.0290,0.0681,0.05,J_PAUSE_OPEN,29.26,0.0160,0.000,0.5277,3.9306,-3.8149,-0.00043,0.00536,0.01110,0.02059,0.0008
46.8000,JELLY_A,0.0910,2.4587,1.00,J_PULSE_CRUISE,17.48,0.0169,0.151,1.0935,2.4455,-3.3964,0.00532,0.00839,-0.00359,0.03106,0.0868
46.8000,JELLY_B,0.8280,0.0000,0.05,J_DRIFT_IDLE,9.82,0.0134,0.000,1.4519,3.2598,-3.7069,0.00368,0.00006,0.00059,0.02981,-0.0002
46.8000,JELLY_C,0.0421,0.0951,0.05,J_PAUSE_OPEN,29.23,0.0166,0.000,0.5277,3.9307,-3.8145,-0.00043,0.00518,0.01105,0.02071,0.0011
46.8333,JELLY_A,0.1016,2.4827,1.00,J_PULSE_CRUISE,17.50,0.0217,0.151,1.0936,2.4458,-3.3965,0.00537,0.00849,-0.00357,0.03130,0.1212
46.8333,JELLY_B,0.8405,0.0000,0.05,J_DRIFT_IDLE,9.79,0.0134,0.000,1.4520,3.2598,-3.7069,0.00369,-0.00001,0.00059,0.02986,-0.0002
46.8333,JELLY_C,0.0553,0.1181,0.05,J_PAUSE_OPEN,29.20,0.0172,0.000,0.5277,3.9309,-3.8142,-0.00043,0.00501,0.01101,0.02082,0.0017
46.8667,JELLY_A,0.1121,2.4387,1.00,J_PULSE_CRUISE,17.54,0.0265,0.151,1.0938,2.4460,-3.3966,0.00541,0.00858,-0.00355,0.03156,0.1621
46.8667,JELLY_B,0.8531,0.0000,0.05,J_DRIFT_IDLE,9.76,0.0134,0.000,1.4521,3.2598,-3.7069,0.00370,-0.00008,0.00058,0.02991,-0.0002
46.8667,JELLY_C,0.0684,0.1361,0.05,J_PAUSE_OPEN,29.17,0.0179,0.000,0.5277,3.9311,-3.8138,-0.00043,0.00484,0.01096,0.02094,0.0025
46.9000,JELLY_A,0.1227,2.3281,1.00,J_PULSE_CRUISE,17.58,0.0311,0.151,1.0940,2.4463,-3.3968,0.00546,0.00866,-0.00353,0.03185,0.2095
46.9000,JELLY_B,0.8656,0.0000,0.05,J_DRIFT_IDLE,9.74,0.0134,0.000,1.4522,3.2598,-3.7068,0.00371,-0.00015,0.00057,0.02996,-0.0002
46.9000,JELLY_C,0.0816,0.1483,0.05,J_PAUSE_OPEN,29.13,0.0184,0.000,0.5277,3.9312,-3.8134,-0.00043,0.00468,0.01091,0.02104,0.0038
46.9333,JELLY_A,0.1332,2.1537,1.00,J_PULSE_CRUISE,17.62,0.0352,0.151,1.0942,2.4466,-3.3969,0.00550,0.00871,-0.00351,0.03216,0.2625
46.9333,JELLY_B,0.8782,0.0000,0.05,J_DRIFT_IDLE,9.71,0.0134,0.000,1.4524,3.2598,-3.7068,0.00372,-0.00021,0.00056,0.03001,-0.0002
46.9333,JELLY_C,0.0947,0.1542,0.05,J_PAUSE_OPEN,29.10,0.0190,0.000,0.5277,3.9314,-3.8131,-0.00043,0.00452,0.01087,0.02114,0.0055
46.9667,JELLY_A,0.1438,1.9203,1.00,J_PULSE_CRUISE,17.68,0.0387,0.151,1.0944,2.4469,-3.3970,0.00553,0.00873,-0.00350,0.03252,0.3204
46.9667,JELLY_B,0.8907,0.0000,0.05,J_DRIFT_IDLE,9.69,0.0134,0.000,1.4525,3.2598,-3.7068,0.00373,-0.00028,0.00056,0.03005,-0.0002
46.9667,JELLY_C,0.1078,0.1536,0.05,J_PAUSE_OPEN,29.06,0.0196,0.000,0.5276,3.9315,-3.8127,-0.00043,0.00436,0.01083,0.02124,0.0078
47.0000,JELLY_A,0.1543,1.6343,1.00,J_PULSE_CRUISE,17.74,0.0414,0.151,1.0946,2.4472,-3.3971,0.00555,0.00872,-0.00349,0.03290,0.3821
47.0000,JELLY_B,0.9032,0.0000,0.05,J_DRIFT_IDLE,9.66,0.0134,0.000,1.4526,3.2598,-3.7068,0.00373,-0.00035,0.00055,0.03010,-0.0001
47.0000,JELLY_C,0.1210,0.1465,0.05,J_PAUSE_OPEN,29.02,0.0201,0.000,0.5276,3.9317,-3.8124,-0.00043,0.00420,0.01079,0.02132,0.0106
47.0333,JELLY_A,0.1648,1.3035,1.00,J_PULSE_CRUISE,17.80,0.0432,0.151,1.0947,2.4475,-3.3972,0.00556,0.00867,-0.00349,0.03328,0.4463
47.0333,JELLY_B,0.9158,0.0000,0.05,J_DRIFT_IDLE,9.64,0.0134,0.000,1.4527,3.2598,-3.7068,0.00374,-0.00042,0.00054,0.03014,-0.0001
47.0333,JELLY_C,0.1341,0.1331,0.05,J_PAUSE_OPEN,28.98,0.0206,0.000,0.5276,3.9318,-3.8120,-0.00043,0.00404,0.01075,0.02141,0.0138
47.0667,JELLY_A,0.1754,0.9370,1.00,J_PULSE_CRUISE,17.87,0.0441,0.151,1.0949,2.4478,-3.3973,0.00556,0.00860,-0.00349,0.03364,0.5114
47.0667,JELLY_B,0.9283,0.0000,0.05,J_DRIFT_IDLE,9.61,0.0134,0.000,1.4529,3.2598,-3.7068,0.00375,-0.00048,0.00054,0.03018,-0.0001
47.0667,JELLY_C,0.1472,0.1141,0.05,J_PAUSE_OPEN,28.94,0.0211,0.000,0.5276,3.9319,-3.8116,-0.00043,0.00389,0.01071,0.02148,0.0174
47.1000,JELLY_A,0.1859,0.5447,1.00,J_PULSE_CRUISE,17.94,0.0440,0.151,1.0951,2.4481,-3.3975,0.00556,0.00850,-0.00350,0.03396,0.5761
47.1000,JELLY_B,0.9409,0.0000,0.05,J_DRIFT_IDLE,9.59,0.0134,0.000,1.4530,3.2597,-3.7067,0.00376,-0.00055,0.00053,0.03023,-0.0001
47.1000,JELLY_C,0.1604,0.0902,0.05,J_PAUSE_OPEN,28.90,0.0216,0.000,0.5276,3.9321,-3.8113,-0.00043,0.00373,0.01067,0.02156,0.0213
47.1333,JELLY_A,0.1965,0.1375,1.00,J_PULSE_CRUISE,18.01,0.0428,0.151,1.0953,2.4483,-3.3976,0.00555,0.00839,-0.00351,0.03421,0.6387
47.1333,JELLY_B,0.9534,0.0000,0.05,J_DRIFT_IDLE,9.56,0.0133,0.000,1.4531,3.2597,-3.7067,0.00377,-0.00062,0.00052,0.03027,-0.0001
47.1333,JELLY_C,0.1735,0.0626,0.05,J_PAUSE_OPEN,28.86,0.0221,0.000,0.5276,3.9322,-3.8109,-0.00043,0.00358,0.01063,0.02163,0.0254
47.1667,JELLY_A,0.2070,-0.0439,1.00,J_PULSE_CRUISE,18.07,0.0410,0.151,1.0955,2.4486,-3.3977,0.00555,0.00828,-0.00352,0.03438,0.6976
47.1667,JELLY_B,0.9660,0.0000,0.05,J_DRIFT_IDLE,9.53,0.0133,0.000,1.4532,3.2597,-3.7067,0.00378,-0.00068,0.00052,0.03031,-0.0000
47.1667,JELLY_C,0.1867,0.0322,0.05,J_PAUSE_OPEN,28.82,0.0225,0.000,0.5276,3.9323,-3.8106,-0.00043,0.00343,0.01059,0.02170,0.0294
47.2000,JELLY_A,0.2176,-0.1095,1.00,J_PULSE_CRUISE,18.14,0.0392,0.151,1.0957,2.4489,-3.3978,0.00554,0.00817,-0.00353,0.03447,0.7516
47.2000,JELLY_B,0.9785,0.0000,0.05,J_DRIFT_IDLE,9.51,0.0133,0.000,1.4534,3.2597,-3.7067,0.00378,-0.00075,0.00051,0.03035,-0.0000
47.2000,JELLY_C,0.1998,0.0005,0.05,J_PAUSE_OPEN,28.78,0.0230,0.000,0.5275,3.9324,-3.8102,-0.00042,0.00329,0.01056,0.02177,0.0332
47.2333,JELLY_A,0.2281,-0.1748,1.00,J_PULSE_CRUISE,18.20,0.0375,0.151,1.0959,2.4492,-3.3979,0.00553,0.00806,-0.00354,0.03450,0.7999
47.2333,JELLY_B,0.9911,0.0000,0.05,J_DRIFT_IDLE,9.48,0.0133,0.000,1.4535,3.2596,-3.7067,0.00379,-0.00082,0.00050,0.03039,-0.0000
47.2333,JELLY_C,0.2129,-0.0050,0.05,J_PAUSE_OPEN,28.73,0.0234,0.000,0.5275,3.9325,-3.8099,-0.00042,0.00314,0.01052,0.02184,0.0367
47.2667,JELLY_A,0.2387,-0.2392,1.00,J_PULSE_CRUISE,18.25,0.0358,0.151,1.0960,2.4494,-3.3980,0.00553,0.00796,-0.00355,0.03447,0.8419
47.2667,JELLY_B,0.0037,0.2012,1.18,J_ACTIVE_CRUISE,9.46,0.0132,0.168,1.4536,3.2596,-3.7067,0.00380,-0.00089,0.00050,0.03042,0.0000
47.2667,JELLY_C,0.2261,-0.0101,0.05,J_PAUSE_OPEN,28.69,0.0238,0.000,0.5275,3.9326,-3.8095,-0.00042,0.00300,0.01048,0.02191,0.0398
47.3000,JELLY_A,0.2492,-0.3026,1.00,J_PULSE_CRUISE,18.30,0.0341,0.151,1.0962,2.4497,-3.3982,0.00552,0.00785,-0.00355,0.03439,0.8775
47.3000,JELLY_B,0.0162,0.8814,1.18,J_ACTIVE_CRUISE,9.43,0.0116,0.168,1.4537,3.2596,-3.7066,0.00381,-0.00095,0.00049,0.03046,0.0006
47.3000,JELLY_C,0.2392,-0.0151,0.05,J_PAUSE_OPEN,28.64,0.0242,0.000,0.5275,3.9327,-3.8092,-0.00042,0.00286,0.01045,0.02197,0.0424
47.3333,JELLY_A,0.2598,-0.3647,1.00,J_PULSE_CRUISE,18.35,0.0326,0.151,1.0964,2.4500,-3.3983,0.00552,0.00774,-0.00356,0.03426,0.9067
47.3333,JELLY_B,0.0288,1.5277,1.18,J_ACTIVE_CRUISE,9.41,0.0086,0.168,1.4539,3.2595,-3.7066,0.00382,-0.00096,0.00049,0.03051,0.0029
47.3333,JELLY_C,0.2524,-0.0200,0.05,J_PAUSE_OPEN,28.59,0.0246,0.000,0.5275,3.9328,-3.8088,-0.00042,0.00272,0.01042,0.02204,0.0445
47.3667,JELLY_A,0.2703,-0.4253,1.00,J_PULSE_CRUISE,18.40,0.0310,0.151,1.0966,2.4502,-3.3984,0.00551,0.00764,-0.00357,0.03407,0.9298
47.3667,JELLY_B,0.0414,2.1151,1.18,J_ACTIVE_CRUISE,9.40,0.0042,0.168,1.4540,3.2595,-3.7066,0.00384,-0.00091,0.00051,0.03059,0.0087
47.3667,JELLY_C,0.2655,-0.0248,0.05,J_PAUSE_OPEN,28.55,0.0250,0.000,0.5275,3.9329,-3.8085,-0.00041,0.00258,0.01038,0.02210,0.0461
47.4000,JELLY_A,0.2809,-0.4839,1.00,J_PULSE_CRUISE,18.45,0.0295,0.151,1.0968,2.4505,-3.3985,0.00550,0.00753,-0.00358,0.03381,0.9469
47.4000,JELLY_B,0.0539,2.6205,1.18,J_ACTIVE_CRUISE,9.40,0.0024,0.168,1.4541,3.2595,-3.7066,0.00386,-0.00077,0.00053,0.03071,0.0202
47.4000,JELLY_C,0.2787,-0.0294,0.05,J_PAUSE_OPEN,28.50,0.0253,0.000,0.5275,3.9330,-3.8081,-0.00041,0.00244,0.01035,0.02217,0.0473
47.4333,JELLY_A,0.2914,-0.5405,1.00,J_PULSE_CRUISE,18.49,0.0281,0.151,1.0970,2.4507,-3.3986,0.00550,0.00743,-0.00359,0.03350,0.9585
47.4333,JELLY_B,0.0665,3.0242,1.18,J_ACTIVE_CRUISE,9.40,0.0085,0.168,1.4543,3.2595,-3.7066,0.00389,-0.00056,0.00056,0.03088,0.0394
47.4333,JELLY_C,0.2918,-0.0338,0.05,J_PAUSE_OPEN,28.45,0.0257,0.000,0.5274,3.9331,-3.8078,-0.00041,0.00230,0.01032,0.02223,0.0480
47.4667,JELLY_A,0.3020,-0.5946,1.00,J_PULSE_CRUISE,18.53,0.0267,0.151,1.0971,2.4510,-3.3988,0.00549,0.00733,-0.00359,0.03313,0.9651
47.4667,JELLY_B,0.0791,3.3105,1.18,J_ACTIVE_CRUISE,9.42,0.0156,0.168,1.4544,3.2595,-3.7065,0.00392,-0.00027,0.00061,0.03111,0.0681
47.4667,JELLY_C,0.3050,-0.0380,0.05,J_PAUSE_OPEN,28.40,0.0260,0.000,0.5274,3.9331,-3.8075,-0.00041,0.00217,0.01029,0.02229,0.0483
47.5000,JELLY_A,0.3125,-0.6462,1.00,J_PULSE_CRUISE,18.57,0.0254,0.151,1.0973,2.4512,-3.3989,0.00549,0.00723,-0.00360,0.03271,0.9669
47.5000,JELLY_B,0.0917,3.4681,1.18,J_ACTIVE_CRUISE,9.46,0.0230,0.168,1.4545,3.2595,-3.7065,0.00396,0.00006,0.00066,0.03140,0.1073
47.5000,JELLY_C,0.3181,-0.0419,0.05,J_PAUSE_OPEN,28.35,0.0263,0.000,0.5274,3.9332,-3.8071,-0.00040,0.00203,0.01026,0.02236,0.0483
47.5333,JELLY_A,0.3231,-0.6949,1.00,J_PULSE_CRUISE,18.60,0.0241,0.151,1.0975,2.4514,-3.3990,0.00548,0.00713,-0.00361,0.03225,0.9645
47.5333,JELLY_B,0.1043,3.4908,1.18,J_ACTIVE_CRUISE,9.51,0.0304,0.168,1.4547,3.2595,-3.7065,0.00399,0.00040,0.00072,0.03173,0.1578
47.5333,JELLY_C,0.3313,-0.0455,0.05,J_PAUSE_OPEN,28.30,0.0267,0.000,0.5274,3.9333,-3.8068,-0.00040,0.00190,0.01023,0.02242,0.0480
47.5667,JELLY_A,0.3336,-0.7406,1.00,J_PULSE_CRUISE,18.63,0.0229,0.151,1.0977,2.4517,-3.3991,0.00548,0.00703,-0.00361,0.03175,0.9583
47.5667,JELLY_B,0.1168,3.3774,1.18,J_ACTIVE_CRUISE,9.57,0.0374,0.168,1.4548,3.2595,-3.7065,0.00403,0.00073,0.00077,0.03209,0.2193
47.5667,JELLY_C,0.3444,-0.0488,0.05,J_PAUSE_OPEN,28.25,0.0270,0.000,0.5274,3.9333,-3.8064,-0.00040,0.00177,0.01020,0.02248,0.0474
47.6000,JELLY_A,0.3442,-0.7830,1.00,J_PULSE_CRUISE,18.66,0.0217,0.151,1.0979,2.4519,-3.3992,0.00547,0.00693,-0.00362,0.03123,0.9486
47.6000,JELLY_B,0.1294,3.1324,1.18,J_ACTIVE_CRUISE,9.64,0.0437,0.168,1.4549,3.2595,-3.7064,0.00407,0.00101,0.00082,0.03245,0.2909
47.6000,JELLY_C,0.3575,-0.0518,0.05,J_PAUSE_OPEN,28.20,0.0273,0.000,0.5274,3.9334,-3.8061,-0.00039,0.00164,0.01017,0.02255,0.0465
47.6333,JELLY_A,0.3548,-0.8220,1.00,J_PULSE_CRUISE,18.69,0.0205,0.151,1.0981,2.4521,-3.3994,0.00547,0.00683,-0.00363,0.03068,0.9358
47.6333,JELLY_B,0.1420,2.7651,1.18,J_ACTIVE_CRUISE,9.73,0.0491,0.168,1.4551,3.2596,-3.7064,0.00410,0.00122,0.00085,0.03275,0.3712
47.6333,JELLY_C,0.3707,-0.0544,0.05,J_PAUSE_OPEN,28.15,0.0275,0.000,0.5274,3.9334,-3.8058,-0.00039,0.00151,0.01014,0.02261,0.0455
47.6667,JELLY_A,0.3653,-0.8574,1.00,J_PULSE_CRUISE,18.72,0.0194,0.151,1.0982,2.4524,-3.3995,0.00546,0.00673,-0.00363,0.03012,0.9202
47.6667,JELLY_B,0.1546,2.2898,1.18,J_ACTIVE_CRUISE,9.83,0.0532,0.168,1.4552,3.2596,-3.7064,0.00412,0.00135,0.00088,0.03296,0.4580
47.6667,JELLY_C,0.3838,-0.0567,0.05,J_PAUSE_OPEN,28.09,0.0278,0.000,0.5274,3.9335,-3.8054,-0.00039,0.00139,0.01012,0.02268,0.0443
47.7000,JELLY_A,0.3759,-0.8890,1.00,J_PULSE_CRUISE,18.74,0.0184,0.151,1.0984,2.4526,-3.3996,0.00546,0.00664,-0.00364,0.02954,0.9021
47.7000,JELLY_B,0.1672,1.7250,1.18,J_ACTIVE_CRUISE,9.93,0.0560,0.168,1.4553,3.2596,-3.7064,0.00414,0.00139,0.00089,0.03302,0.5487
47.7000,JELLY_C,0.3970,-0.0586,0.05,J_PAUSE_OPEN,28.04,0.0281,0.000,0.5273,3.9335,-3.8051,-0.00038,0.00126,0.01009,0.02275,0.0429
47.7333,JELLY_A,0.3864,-0.9167,1.00,J_PULSE_CRUISE,18.76,0.0174,0.151,1.0986,2.4528,-3.3997,0.00545,0.00654,-0.00364,0.02896,0.8817
47.7333,JELLY_B,0.1798,1.0925,1.18,J_ACTIVE_CRUISE,10.04,0.0571,0.168,1.4555,3.2597,-3.7063,0.00416,0.00136,0.00088,0.03294,0.6404
47.7333,JELLY_C,0.4102,-0.0600,0.05,J_PAUSE_OPEN,27.99,0.0283,0.000,0.5273,3.9336,-3.8047,-0.00038,0.00114,0.01006,0.02282,0.0414
47.7667,JELLY_A,0.3970,-0.9404,1.00,J_PULSE_CRUISE,18.78,0.0164,0.151,1.0988,2.4530,-3.3998,0.00545,0.00645,-0.00365,0.02838,0.8594
47.7667,JELLY_B,0.1924,0.4171,1.18,J_ACTIVE_CRUISE,10.14,0.0567,0.168,1.4556,3.2597,-3.7063,0.00417,0.00129,0.00088,0.03272,0.7298
47.7667,JELLY_C,0.4233,-0.0611,0.05,J_PAUSE_OPEN,27.93,0.0286,0.000,0.5273,3.9336,-3.8044,-0.00037,0.00101,0.01004,0.02289,0.0397
47.8000,JELLY_A,0.4075,-0.9600,1.00,J_PULSE_CRUISE,18.80,0.0155,0.151,1.0990,2.4532,-3.4000,0.00544,0.00636,-0.00365,0.02782,0.8352
47.8000,JELLY_B,0.2050,-0.0440,1.18,J_ACTIVE_CRUISE,10.25,0.0548,0.168,1.4558,3.2598,-3.7063,0.00418,0.00120,0.00087,0.03238,0.8140
47.8000,JELLY_C,0.4365,-0.0618,0.05,J_PAUSE_OPEN,27.88,0.0288,0.000,0.5273,3.9336,-3.8041,-0.00037,0.00089,0.01001,0.02296,0.0380
47.8333,JELLY_A,0.4181,-0.9753,1.00,J_PULSE_CRUISE,18.81,0.0147,0.151,1.0991,2.4534,-3.4001,0.00544,0.00627,-0.00366,0.02728,0.8096
47.8333,JELLY_B,0.2176,-0.1547,1.18,J_ACTIVE_CRUISE,10.35,0.0527,0.168,1.4559,3.2598,-3.7062,0.00419,0.00112,0.00086,0.03197,0.8902
47.8333,JELLY_C,0.4496,-0.0620,0.05,J_PAUSE_OPEN,27.82,0.0290,0.000,0.5273,3.9337,-3.8037,-0.00037,0.00077,0.00999,0.02302,0.0362
47.8667,JELLY_A,0.4287,-0.9863,1.00,J_PULSE_CRUISE,18.83,0.0139,0.151,1.0993,2.4537,-3.4002,0.00544,0.00619,-0.00366,0.02678,0.7825
47.8667,JELLY_B,0.2302,-0.2645,1.18,J_ACTIVE_CRUISE,10.45,0.0508,0.168,1.4560,3.2598,-3.7062,0.00420,0.00103,0.00084,0.03150,0.9567
47.8667,JELLY_C,0.4628,-0.0618,0.05,J_PAUSE_OPEN,27.77,0.0292,0.000,0.5273,3.9337,-3.8034,-0.00036,0.00065,0.00997,0.02309,0.0343
47.9000,JELLY_A,0.4392,-0.9930,1.00,J_PULSE_CRUISE,18.84,0.0131,0.151,1.0995,2.4539,-3.4003,0.00544,0.00612,-0.00366,0.02631,0.7542
47.9000,JELLY_B,0.2428,-0.3726,1.18,J_ACTIVE_CRUISE,10.55,0.0488,0.168,1.4562,3.2599,-3.7062,0.00421,0.00095,0.00083,0.03100,1.0126
47.9000,JELLY_C,0.4759,-0.0612,0.05,J_PAUSE_OPEN,27.71,0.0294,0.000,0.5273,3.9337,-3.8031,-0.00036,0.00054,0.00995,0.02316,0.0323
47.9333,JELLY_A,0.4498,-0.9953,1.00,J_PULSE_CRUISE,18.85,0.0125,0.151,1.0997,2.4541,-3.4005,0.00544,0.00606,-0.00366,0.02589,0.7248
47.9333,JELLY_B,0.2554,-0.4785,1.18,J_ACTIVE_CRUISE,10.64,0.0470,0.168,1.4563,3.2599,-3.7062,0.00422,0.00086,0.00082,0.03045,1.0577
47.9333,JELLY_C,0.4891,-0.0601,0.05,J_PAUSE_OPEN,27.65,0.0296,0.000,0.5273,3.9337,-3.8027,-0.00035,0.00042,0.00992,0.02323,0.0303
47.9667,JELLY_A,0.4603,-0.9933,1.00,J_PULSE_CRUISE,18.86,0.0118,0.151,1.0999,2.4543,-3.4006,0.00545,0.00601,-0.00366,0.02551,0.6946
47.9667,JELLY_B,0.2680,-0.5814,1.18,J_ACTIVE_CRUISE,10.72,0.0451,0.168,1.4565,3.2599,-3.7061,0.00423,0.00078,0.00081,0.02987,1.0922
47.9667,JELLY_C,0.5022,-0.0587,0.05,J_PAUSE_OPEN,27.60,0.0298,0.000,0.5272,3.9337,-3.8024,-0.00034,0.00031,0.00990,0.02329,0.0283
48.0000,JELLY_A,0.4709,-0.9868,1.00,J_PULSE_CRUISE,18.86,0.0113,0.151,1.1001,2.4545,-3.4007,0.00546,0.00598,-0.00365,0.02517,0.6635
48.0000,JELLY_B,0.2806,-0.6807,1.18,J_ACTIVE_CRUISE,10.81,0.0434,0.168,1.4566,3.2600,-3.7061,0.00424,0.00069,0.00080,0.02924,1.1168
48.0000,JELLY_C,0.5154,-0.0568,0.05,J_PAUSE_OPEN,27.54,0.0300,0.000,0.5272,3.9337,-3.8021,-0.00034,0.00020,0.00989,0.02336,0.0263
48.0333,JELLY_A,0.4815,-0.9760,1.00,J_PULSE_CRUISE,18.87,0.0107,0.151,1.1002,2.4547,-3.4008,0.00548,0.00596,-0.00364,0.02488,0.6319
48.0333,JELLY_B,0.2933,-0.7758,1.18,J_ACTIVE_CRUISE,10.89,0.0417,0.168,1.4567,3.2600,-3.7061,0.00425,0.00061,0.00079,0.02856,1.1321
48.0333,JELLY_C,0.5285,-0.0546,0.05,J_PAUSE_OPEN,27.48,0.0302,0.000,0.5272,3.9337,-3.8018,-0.00033,0.00010,0.00987,0.02342,0.0243
48.0667,JELLY_A,0.4920,-0.9609,1.00,J_PULSE_CRUISE,18.87,0.0103,0.151,1.1004,2.4549,-3.4009,0.00550,0.00595,-0.00363,0.02462,0.5998
48.0667,JELLY_B,0.3059,-0.8660,1.18,J_ACTIVE_CRUISE,10.97,0.0400,0.168,1.4569,3.2600,-3.7061,0.00426,0.00053,0.00078,0.02784,1.1391
48.0667,JELLY_C,0.5417,-0.0520,0.05,J_PAUSE_OPEN,27.43,0.0303,0.000,0.5272,3.9337,-3.8014,-0.00033,-0.00001,0.00985,0.02348,0.0222
48.1000,JELLY_A,0.5026,-0.9416,1.00,J_PULSE_CRUISE,18.87,0.0099,0.151,1.1006,2.4551,-3.4011,0.00552,0.00595,-0.00361,0.02441,0.5673
48.1000,JELLY_B,0.3185,-0.9509,1.18,J_ACTIVE_CRUISE,11.04,0.0384,0.168,1.4570,3.2600,-3.7060,0.00427,0.00044,0.00078,0.02708,1.1385
48.1000,JELLY_C,0.5548,-0.0490,0.05,J_PAUSE_OPEN,27.37,0.0305,0.000,0.5272,3.9337,-3.8011,-0.00032,-0.00011,0.00984,0.02354,0.0202
48.1333,JELLY_A,0.5132,-0.9182,1.00,J_PULSE_CRUISE,18.87,0.0096,0.151,1.1008,2.4553,-3.4012,0.00555,0.00597,-0.00360,0.02424,0.5347
48.1333,JELLY_B,0.3311,-1.0298,1.18,J_ACTIVE_CRUISE,11.11,0.0368,0.168,1.4572,3.2600,-3.7060,0.00428,0.00036,0.00077,0.02629,1.1312
48.1333,JELLY_C,0.5680,-0.0457,0.05,J_PAUSE_OPEN,27.31,0.0307,0.000,0.5272,3.9337,-3.8008,-0.00031,-0.00022,0.00982,0.02360,0.0183
48.1667,JELLY_A,0.5237,-0.8907,1.00,J_PULSE_CRUISE,18.87,0.0094,0.151,1.1010,2.4555,-3.4013,0.00558,0.00600,-0.00358,0.02410,0.5019
48.1667,JELLY_B,0.3437,-1.1022,1.18,J_ACTIVE_CRUISE,11.18,0.0353,0.168,1.4573,3.2600,-3.7060,0.00429,0.00028,0.00076,0.02547,1.1180
48.1667,JELLY_C,0.5812,-0.0421,0.05,J_PAUSE_OPEN,27.25,0.0308,0.000,0.5272,3.9337,-3.8004,-0.00031,-0.00032,0.00980,0.02366,0.0163
48.2000,JELLY_A,0.5343,-0.8592,1.00,J_PULSE_CRUISE,18.87,0.0092,0.151,1.1012,2.4557,-3.4014,0.00561,0.00605,-0.00356,0.02399,0.4693
48.2000,JELLY_B,0.3564,-1.1678,1.18,J_ACTIVE_CRUISE,11.25,0.0338,0.168,1.4574,3.2600,-3.7060,0.00430,0.00020,0.00075,0.02463,1.0995
48.2000,JELLY_C,0.5943,-0.0382,0.05,J_PAUSE_OPEN,27.19,0.0310,0.000,0.5272,3.9337,-3.8001,-0.00030,-0.00042,0.00979,0.02372,0.0145
48.2333,JELLY_A,0.5448,-0.8240,1.00,J_PULSE_CRUISE,18.87,0.0091,0.151,1.1013,2.4559,-3.4015,0.00565,0.00610,-0.00353,0.02392,0.4368
48.2333,JELLY_B,0.3690,-1.2260,1.18,J_ACTIVE_CRUISE,11.31,0.0323,0.168,1.4576,3.2601,-3.7059,0.00430,0.00012,0.00074,0.02377,1.0764
48.2333,JELLY_C,0.6075,-0.0340,0.05,J_PAUSE_OPEN,27.13,0.0311,0.000,0.5272,3.9337,-3.7998,-0.00029,-0.00052,0.00978,0.02378,0.0127
48.2667,JELLY_A,0.5554,-0.7851,1.00,J_PULSE_CRUISE,18.86,0.0090,0.151,1.1015,2.4561,-3.4017,0.00569,0.00617,-0.00350,0.02387,0.4046
48.2667,JELLY_B,0.3816,-1.2766,1.18,J_ACTIVE_CRUISE,11.37,0.0309,0.168,1.4577,3.2601,-3.7059,0.00431,0.00004,0.00073,0.02291,1.0493
48.2667,JELLY_C,0.6206,-0.0297,0.05,J_PAUSE_OPEN,27.07,0.0312,0.000,0.5272,3.9337,-3.7995,-0.00029,-0.00062,0.00976,0.02383,0.0110
48.3000,JELLY_A,0.5660,-0.7428,1.00,J_PULSE_CRUISE,18.85,0.0091,0.151,1.1017,2.4563,-3.4018,0.00573,0.00624,-0.00348,0.02386,0.3730
48.3000,JELLY_B,0.3942,-1.3191,1.18,J_ACTIVE_CRUISE,11.43,0.0295,0.168,1.4579,3.2601,-3.7059,0.00432,-0.00004,0.00072,0.02206,1.0187
48.3000,JELLY_C,0.6338,-0.0251,0.05,J_PAUSE_OPEN,27.01,0.0313,0.000,0.5271,3.9337,-3.7991,-0.00028,-0.00071,0.00975,0.02388,0.0094
48.3333,JELLY_A,0.5765,-0.6972,1.00,J_PULSE_CRUISE,18.85,0.0091,0.151,1.1019,2.4565,-3.4019,0.00577,0.00632,-0.00345,0.02386,0.3419
48.3333,JELLY_B,0.4069,-1.3533,1.18,J_ACTIVE_CRUISE,11.48,0.0282,0.168,1.4580,3.2601,-3.7059,0.00433,-0.00011,0.00071,0.02124,0.9851
48.3333,JELLY_C,0.6469,-0.0203,0.05,J_PAUSE_OPEN,26.95,0.0315,0.000,0.5271,3.9336,-3.7988,-0.00027,-0.00081,0.00973,0.02394,0.0079
48.3667,JELLY_A,0.5871,-0.6485,1.00,J_PULSE_CRUISE,18.84,0.0092,0.151,1.1021,2.4567,-3.4020,0.00582,0.00641,-0.00342,0.02389,0.3115
48.3667,JELLY_B,0.4195,-1.3791,1.18,J_ACTIVE_CRUISE,11.54,0.0269,0.168,1.4582,3.2600,-3.7058,0.00434,-0.00018,0.00071,0.02048,0.9487
48.3667,JELLY_C,0.6601,-0.0154,0.05,J_PAUSE_OPEN,26.89,0.0316,0.000,0.5271,3.9336,-3.7985,-0.00026,-0.00091,0.00972,0.02399,0.0065
48.4000,JELLY_A,0.5977,-0.5970,1.00,J_PULSE_CRUISE,18.83,0.0094,0.151,1.1023,2.4569,-3.4021,0.00586,0.00649,-0.00338,0.02394,0.2820
48.4000,JELLY_B,0.4321,-1.3961,1.18,J_ACTIVE_CRUISE,11.59,0.0257,0.168,1.4583,3.2600,-3.7058,0.00435,-0.00023,0.00070,0.01979,0.9101
48.4000,JELLY_C,0.6733,-0.0104,0.05,J_PAUSE_OPEN,26.83,0.0317,0.000,0.5271,3.9336,-3.7982,-0.00026,-0.00101,0.00971,0.02404,0.0053
48.4333,JELLY_A,0.6082,-0.5429,1.00,J_PULSE_CRUISE,18.82,0.0095,0.151,1.1025,2.4571,-3.4022,0.00591,0.00658,-0.00335,0.02401,0.2535
48.4333,JELLY_B,0.4448,-1.4044,1.18,J_ACTIVE_CRUISE,11.63,0.0244,0.168,1.4585,3.2600,-3.7058,0.00436,-0.00026,0.00070,0.01918,0.8695
48.4333,JELLY_C,0.6864,-0.0053,0.05,J_PAUSE_OPEN,26.77,0.0318,0.000,0.5271,3.9335,-3.7978,-0.00025,-0.00110,0.00970,0.02409,0.0041
48.4667,JELLY_A,0.6188,-0.4863,1.00,J_PULSE_CRUISE,18.81,0.0097,0.151,1.1027,2.4573,-3.4023,0.00595,0.00666,-0.00332,0.02410,0.2261
48.4667,JELLY_B,0.4574,-1.4038,1.18,J_ACTIVE_CRUISE,11.68,0.0233,0.168,1.4586,3.2600,-3.7058,0.00438,-0.00026,0.00071,0.01865,0.8272
48.4667,JELLY_C,0.6996,-0.0002,0.05,J_PAUSE_OPEN,26.71,0.0319,0.000,0.5271,3.9335,-3.7975,-0.00024,-0.00120,0.00968,0.02414,0.0032
48.5000,JELLY_A,0.6294,-0.4276,1.00,J_PULSE_CRUISE,18.79,0.0100,0.151,1.1029,2.4576,-3.4025,0.00600,0.00675,-0.00329,0.02420,0.1999
48.5000,JELLY_B,0.4700,-1.3944,1.18,J_ACTIVE_CRUISE,11.72,0.0221,0.168,1.4588,3.2600,-3.7057,0.00440,-0.00025,0.00072,0.01820,0.7837
48.5000,JELLY_C,0.7127,0.0000,0.05,J_PAUSE_OPEN,26.65,0.0320,0.000,0.5271,3.9335,-3.7972,-0.00024,-0.00129,0.00967,0.02418,0.0023
48.5333,JELLY_A,0.6399,-0.3670,1.00,J_PULSE_CRUISE,18.78,0.0102,0.151,1.1031,2.4578,-3.4026,0.00604,0.00683,-0.00326,0.02431,0.1750
48.5333,JELLY_B,0.4827,-1.3761,1.18,J_ACTIVE_CRUISE,11.76,0.0210,0.168,1.4589,3.2600,-3.7057,0.00442,-0.00020,0.00073,0.01783,0.7390
48.5333,JELLY_C,0.7259,0.0000,0.05,J_PAUSE_OPEN,26.59,0.0320,0.000,0.5271,3.9334,-3.7969,-0.00023,-0.00139,0.00966,0.02423,0.0017
48.5667,JELLY_A,0.6505,-0.3048,1.00,J_PULSE_CRUISE,18.76,0.0105,0.151,1.1033,2.4580,-3.4027,0.00608,0.00691,-0.00323,0.02443,0.1516
48.5667,JELLY_B,0.4953,-1.3492,1.18,J_ACTIVE_CRUISE,11.80,0.0199,0.168,1.4590,3.2600,-3.7057,0.00444,-0.00013,0.00075,0.01754,0.6936
48.5667,JELLY_C,0.7391,0.0000,0.05,J_PAUSE_OPEN,26.53,0.0321,0.000,0.5271,3.9334,-3.7966,-0.00022,-0.00148,0.00965,0.02428,0.0011
48.6000,JELLY_A,0.6611,-0.2412,1.00,J_PULSE_CRUISE,18.75,0.0108,0.151,1.1035,2.4583,-3.4028,0.00613,0.00699,-0.00320,0.02456,0.1297
48.6000,JELLY_B,0.5079,-1.3138,1.18,J_ACTIVE_CRUISE,11.84,0.0188,0.168,1.4592,3.2600,-3.7057,0.00446,-0.00003,0.00078,0.01731,0.6477
48.6000,JELLY_C,0.7522,0.0000,0.05,J_PAUSE_OPEN,26.47,0.0322,0.000,0.5271,3.9333,-3.7962,-0.00021,-0.00158,0.00963,0.02432,0.0007
48.6333,JELLY_A,0.6716,-0.1766,1.00,J_PULSE_CRUISE,18.73,0.0111,0.151,1.1037,2.4585,-3.4029,0.00617,0.00707,-0.00317,0.02470,0.1094
48.6333,JELLY_B,0.5206,-1.2701,1.18,J_ACTIVE_CRUISE,11.87,0.0178,0.168,1.4593,3.2600,-3.7056,0.00449,0.00010,0.00081,0.01715,0.6015
48.6333,JELLY_C,0.7654,0.0000,0.05,J_PAUSE_OPEN,26.41,0.0323,0.000,0.5271,3.9333,-3.7959,-0.00021,-0.00167,0.00962,0.02436,0.0004
48.6667,JELLY_A,0.6822,-0.1112,1.00,J_PULSE_CRUISE,18.71,0.0114,0.151,1.1039,2.4587,-3.4030,0.00621,0.00715,-0.00314,0.02485,0.0908
48.6667,JELLY_B,0.5332,-1.2183,1.18,J_ACTIVE_CRUISE,11.91,0.0168,0.168,1.4595,3.2600,-3.7056,0.00452,0.00026,0.00084,0.01705,0.5554
48.6667,JELLY_C,0.7785,0.0000,0.05,J_PAUSE_OPEN,26.34,0.0323,0.000,0.5271,3.9332,-3.7956,-0.00020,-0.00177,0.00961,0.02441,0.0001
48.7000,JELLY_A,0.6928,-0.0453,1.00,J_PULSE_CRUISE,18.69,0.0116,0.151,1.1041,2.4590,-3.4031,0.00626,0.00723,-0.00310,0.02500,0.0741
48.7000,JELLY_B,0.5459,-1.1588,1.18,J_ACTIVE_CRUISE,11.94,0.0158,0.168,1.4596,3.2600,-3.7056,0.00456,0.00044,0.00088,0.01700,0.5096
48.7000,JELLY_C,0.7917,0.0000,0.05,J_PAUSE_OPEN,26.28,0.0324,0.000,0.5270,3.9331,-3.7953,-0.00019,-0.00186,0.00960,0.02445,-0.0000
48.7333,JELLY_A,0.7033,0.0000,1.00,J_GLIDE,18.67,0.0119,0.151,1.1043,2.4592,-3.4032,0.00630,0.00730,-0.00307,0.02516,0.0592
48.7333,JELLY_B,0.5585,-1.0920,1.18,J_ACTIVE_CRUISE,11.97,0.0149,0.168,1.4598,3.2600,-3.7056,0.00459,0.00064,0.00093,0.01700,0.4644
48.7333,JELLY_C,0.8049,0.0000,0.05,J_PAUSE_OPEN,26.22,0.0325,0.000,0.5270,3.9331,-3.7950,-0.00019,-0.00196,0.00958,0.02449,-0.0001
48.7667,JELLY_A,0.7139,0.0000,1.00,J_GLIDE,18.65,0.0123,0.151,1.1045,2.4595,-3.4033,0.00634,0.00737,-0.00304,0.02531,0.0462
48.7667,JELLY_B,0.5712,-1.0183,1.18,J_ACTIVE_CRUISE,11.99,0.0140,0.168,1.4600,3.2601,-3.7055,0.00463,0.00085,0.00097,0.01704,0.4201
48.7667,JELLY_C,0.8180,0.0000,0.05,J_PAUSE_OPEN,26.16,0.0325,0.000,0.5270,3.9330,-3.7946,-0.00018,-0.00205,0.00957,0.02453,-0.0002
48.8000,JELLY_A,0.7245,0.0000,1.00,J_GLIDE,18.63,0.0126,0.151,1.1048,2.4597,-3.4034,0.00638,0.00744,-0.00301,0.02548,0.0351
48.8000,JELLY_B,0.5838,-0.9381,1.18,J_ACTIVE_CRUISE,12.02,0.0131,0.168,1.4601,3.2601,-3.7055,0.00467,0.00108,0.00102,0.01711,0.3768
48.8000,JELLY_C,0.8312,0.0000,0.05,J_PAUSE_OPEN,26.10,0.0326,0.000,0.5270,3.9329,-3.7943,-0.00017,-0.00215,0.00956,0.02457,-0.0002
48.8333,JELLY_A,0.7350,0.0000,1.00,J_GLIDE,18.61,0.0128,0.151,1.1050,2.4600,-3.4035,0.00642,0.00750,-0.00299,0.02564,0.0258
48.8333,JELLY_B,0.5965,-0.8520,1.18,J_ACTIVE_CRUISE,12.04,0.0122,0.168,1.4603,3.2601,-3.7055,0.00471,0.00131,0.00107,0.01722,0.3350
48.8333,JELLY_C,0.8443,0.0000,0.05,J_PAUSE_OPEN,26.03,0.0326,0.000,0.5270,3.9329,-3.7940,-0.00016,-0.00224,0.00955,0.02460,-0.0002
48.8667,JELLY_A,0.7456,0.0000,1.00,J_GLIDE,18.59,0.0131,0.151,1.1052,2.4602,-3.4036,0.00646,0.00756,-0.00296,0.02581,0.0181
48.8667,JELLY_B,0.6091,-0.7605,1.18,J_ACTIVE_CRUISE,12.06,0.0114,0.168,1.4604,3.2602,-3.7054,0.00475,0.00154,0.00112,0.01736,0.2948
48.8667,JELLY_C,0.8575,0.0000,0.05,J_PAUSE_OPEN,25.97,0.0327,0.000,0.5270,3.9328,-3.7937,-0.00016,-0.00233,0.00953,0.02464,-0.0002
48.9000,JELLY_A,0.7562,0.0000,1.00,J_GLIDE,18.56,0.0134,0.151,1.1054,2.4605,-3.4037,0.00649,0.00761,-0.00293,0.02597,0.0119
48.9000,JELLY_B,0.6218,-0.6641,1.18,J_ACTIVE_CRUISE,12.09,0.0106,0.168,1.4606,3.2602,-3.7054,0.00479,0.00177,0.00117,0.01753,0.2565
48.9000,JELLY_C,0.8707,0.0000,0.05,J_PAUSE_OPEN,25.91,0.0327,0.000,0.5270,3.9327,-3.7934,-0.00015,-0.00243,0.00952,0.02468,-0.0002
48.9333,JELLY_A,0.7667,0.0000,1.00,J_GLIDE,18.54,0.0137,0.151,1.1056,2.4607,-3.4038,0.00652,0.00765,-0.00291,0.02614,0.0070
48.9333,JELLY_B,0.6344,-0.5635,1.18,J_ACTIVE_CRUISE,12.10,0.0098,0.168,1.4607,3.2603,-3.7053,0.00483,0.00200,0.00122,0.01771,0.2203
48.9333,JELLY_C,0.8838,0.0000,0.05,J_PAUSE_OPEN,25.85,0.0327,0.000,0.5270,3.9326,-3.7930,-0.00014,-0.00252,0.00951,0.02471,-0.0002
48.9667,JELLY_A,0.7773,0.0000,1.00,J_GLIDE,18.52,0.0140,0.151,1.1058,2.4610,-3.4039,0.00656,0.00770,-0.00288,0.02631,0.0032
48.9667,JELLY_B,0.6471,-0.4593,1.18,J_ACTIVE_CRUISE,12.12,0.0091,0.168,1.4609,3.2604,-3.7053,0.00487,0.00223,0.00127,0.01791,0.1864
48.9667,JELLY_C,0.8970,0.0000,0.05,J_PAUSE_OPEN,25.78,0.0328,0.000,0.5270,3.9325,-3.7927,-0.00014,-0.00262,0.00950,0.02475,-0.0001
49.0000,JELLY_A,0.7879,0.0000,1.00,J_GLIDE,18.49,0.0143,0.151,1.1061,2.4612,-3.4040,0.00659,0.00773,-0.00286,0.02648,0.0004
49.0000,JELLY_B,0.6597,-0.3522,1.18,J_ACTIVE_CRUISE,12.14,0.0083,0.168,1.4611,3.2605,-3.7053,0.00491,0.00245,0.00132,0.01812,0.1551
49.0000,JELLY_C,0.9101,0.0000,0.05,J_PAUSE_OPEN,25.72,0.0328,0.000,0.5270,3.9324,-3.7924,-0.00013,-0.00271,0.00948,0.02478,-0.0001
49.0333,JELLY_A,0.7984,0.0000,1.00,J_GLIDE,18.46,0.0146,0.151,1.1063,2.4615,-3.4041,0.00662,0.00777,-0.00283,0.02665,-0.0017
49.0333,JELLY_B,0.6724,-0.2429,1.18,J_ACTIVE_CRUISE,12.15,0.0076,0.168,1.4612,3.2605,-3.7052,0.00496,0.00267,0.00136,0.01834,0.1266
49.0333,JELLY_C,0.9233,0.0000,0.05,J_PAUSE_OPEN,25.66,0.0328,0.000,0.5270,3.9324,-3.7921,-0.00012,-0.00280,0.00947,0.02482,-0.0001
49.0667,JELLY_A,0.8090,0.0000,1.00,J_GLIDE,18.44,0.0148,0.151,1.1065,2.4617,-3.4042,0.00665,0.00780,-0.00281,0.02682,-0.0031
49.0667,JELLY_B,0.6851,-0.1319,1.18,J_ACTIVE_CRUISE,12.17,0.0069,0.168,1.4614,3.2606,-3.7052,0.00500,0.00289,0.00141,0.01858,0.1010
49.0667,JELLY_C,0.9365,0.0000,0.05,J_PAUSE_OPEN,25.60,0.0328,0.000,0.5270,3.9323,-3.7918,-0.00012,-0.00290,0.00946,0.02485,-0.0001
49.1000,JELLY_A,0.8196,0.0000,1.00,J_GLIDE,18.41,0.0151,0.151,1.1067,2.4620,-3.4043,0.00668,0.00782,-0.00279,0.02699,-0.0039
49.1000,JELLY_B,0.6977,-0.0202,1.18,J_ACTIVE_CRUISE,12.18,0.0062,0.168,1.4616,3.2607,-3.7051,0.00504,0.00311,0.00146,0.01882,0.0784
49.1000,JELLY_C,0.9496,0.0000,0.05,J_PAUSE_OPEN,25.53,0.0329,0.000,0.5270,3.9322,-3.7915,-0.00011,-0.00299,0.00945,0.02488,-0.0001
49.1333,JELLY_A,0.8301,0.0000,1.00,J_GLIDE,18.38,0.0153,0.151,1.1069,2.4623,-3.4044,0.00670,0.00784,-0.00277,0.02716,-0.0044
49.1333,JELLY_B,0.7104,0.0000,1.18,J_GLIDE,12.19,0.0056,0.168,1.4617,3.2608,-3.7051,0.00508,0.00332,0.00150,0.01906,0.0591
49.1333,JELLY_C,0.9628,0.0000,0.05,J_PAUSE_OPEN,25.47,0.0329,0.000,0.5270,3.9321,-3.7912,-0.00010,-0.00308,0.00943,0.02491,-0.0000
49.1667,JELLY_A,0.8407,0.0000,1.00,J_GLIDE,18.35,0.0156,0.151,1.1072,2.4625,-3.4044,0.00673,0.00786,-0.00275,0.02733,-0.0045
49.1667,JELLY_B,0.7230,0.0000,1.18,J_GLIDE,12.20,0.0050,0.168,1.4619,3.2610,-3.7050,0.00512,0.00352,0.00155,0.01930,0.0429
49.1667,JELLY_C,0.9759,0.0000,0.05,J_PAUSE_OPEN,25.41,0.0329,0.000,0.5270,3.9320,-3.7908,-0.00009,-0.00318,0.00942,0.02495,-0.0000
49.2000,JELLY_A,0.8513,0.0000,1.00,J_GLIDE,18.32,0.0158,0.151,1.1074,2.4628,-3.4045,0.00675,0.00788,-0.00273,0.02750,-0.0045
49.2000,JELLY_B,0.7357,0.0000,1.18,J_GLIDE,12.21,0.0044,0.168,1.4621,3.2611,-3.7050,0.00516,0.00371,0.00159,0.01955,0.0297
49.2000,JELLY_C,0.9891,0.0000,0.05,J_PAUSE_OPEN,25.34,0.0329,0.000,0.5270,3.9318,-3.7905,-0.00009,-0.00327,0.00941,0.02498,-0.0000
49.2333,JELLY_A,0.8618,0.0000,1.00,J_GLIDE,18.30,0.0161,0.151,1.1076,2.4631,-3.4046,0.00678,0.00789,-0.00271,0.02767,-0.0043
49.2333,JELLY_B,0.7484,0.0000,1.18,J_GLIDE,12.21,0.0038,0.168,1.4622,3.2612,-3.7049,0.00520,0.00389,0.00163,0.01979,0.0193
49.2333,JELLY_C,0.0023,0.1100,1.00,J_SOFT_TURN,25.28,0.0329,0.194,0.5270,3.9317,-3.7902,-0.00008,-0.00337,0.00940,0.02501,0.0000
49.2667,JELLY_A,0.8724,0.0000,1.00,J_GLIDE,18.27,0.0163,0.151,1.1078,2.4633,-3.4047,0.00680,0.00790,-0.00269,0.02784,-0.0039
49.2667,JELLY_B,0.7610,0.0000,1.18,J_GLIDE,12.22,0.0033,0.168,1.4624,3.2613,-3.7048,0.00524,0.00406,0.00166,0.02003,0.0113
49.2667,JELLY_C,0.0154,0.7435,1.00,J_SOFT_TURN,25.22,0.0326,0.194,0.5270,3.9316,-3.7899,-0.00007,-0.00346,0.00938,0.02504,0.0005
49.3000,JELLY_A,0.8830,0.0000,1.00,J_GLIDE,18.23,0.0165,0.151,1.1081,2.4636,-3.4048,0.00682,0.00790,-0.00267,0.02801,-0.0035
49.3000,JELLY_B,0.7737,0.0000,1.18,J_GLIDE,12.23,0.0028,0.168,1.4626,3.2615,-3.7048,0.00528,0.00421,0.00170,0.02027,0.0054
49.3000,JELLY_C,0.0286,1.3454,1.00,J_SOFT_TURN,25.16,0.0322,0.194,0.5270,3.9315,-3.7896,-0.00006,-0.00351,0.00939,0.02508,0.0026
49.3333,JELLY_A,0.8935,0.0000,1.00,J_GLIDE,18.20,0.0167,0.151,1.1083,2.4638,-3.4049,0.00684,0.00790,-0.00265,0.02818,-0.0031
49.3333,JELLY_B,0.7864,0.0000,1.18,J_GLIDE,12.23,0.0023,0.168,1.4628,3.2616,-3.7047,0.00531,0.00436,0.00173,0.02051,0.0011
49.3333,JELLY_C,0.0417,1.8900,1.00,J_SOFT_TURN,25.10,0.0320,0.194,0.5270,3.9314,-3.7893,-0.00004,-0.00352,0.00941,0.02514,0.0080
49.3667,JELLY_A,0.9041,0.0000,1.00,J_GLIDE,18.17,0.0169,0.151,1.1085,2.4641,-3.4050,0.00686,0.00790,-0.00264,0.02834,-0.0027
49.3667,JELLY_B,0.7990,0.0000,1.18,J_GLIDE,12.23,0.0019,0.168,1.4630,3.2618,-3.7047,0.00535,0.00450,0.00176,0.02074,-0.0018
49.3667,JELLY_C,0.0549,2.3540,1.00,J_SOFT_TURN,25.04,0.0326,0.194,0.5270,3.9313,-3.7890,-0.00002,-0.00347,0.00947,0.02524,0.0188
49.4000,JELLY_A,0.9147,0.0000,1.00,J_GLIDE,18.14,0.0171,0.151,1.1088,2.4644,-3.4051,0.00688,0.00790,-0.00262,0.02850,-0.0023
49.4000,JELLY_B,0.8117,0.0000,1.18,J_GLIDE,12.23,0.0016,0.168,1.4631,3.2619,-3.7046,0.00539,0.00463,0.00179,0.02097,-0.0036
49.4000,JELLY_C,0.0680,2.7179,1.00,J_SOFT_TURN,24.98,0.0345,0.194,0.5270,3.9312,-3.7886,0.00002,-0.00335,0.00955,0.02539,0.0368
49.4333,JELLY_A,0.9252,0.0000,1.00,J_GLIDE,18.11,0.0173,0.151,1.1090,2.4646,-3.4052,0.00690,0.00789,-0.00260,0.02865,-0.0019
49.4333,JELLY_B,0.8244,0.0000,1.18,J_GLIDE,12.24,0.0014,0.168,1.4633,3.2621,-3.7046,0.00542,0.00475,0.00182,0.02120,-0.0046
49.4333,JELLY_C,0.0812,2.9660,1.00,J_SOFT_TURN,24.93,0.0377,0.194,0.5270,3.9310,-3.7883,0.00006,-0.00319,0.00965,0.02558,0.0638
49.4667,JELLY_A,0.9358,0.0000,1.00,J_GLIDE,18.08,0.0175,0.151,1.1092,2.4649,-3.4052,0.00691,0.00788,-0.00259,0.02880,-0.0015
49.4667,JELLY_B,0.8370,0.0000,1.18,J_GLIDE,12.24,0.0014,0.168,1.4635,3.2622,-3.7045,0.00545,0.00487,0.00185,0.02142,-0.0051
49.4667,JELLY_C,0.0944,3.0879,1.00,J_SOFT_TURN,24.88,0.0421,0.194,0.5270,3.9309,-3.7880,0.00011,-0.00299,0.00976,0.02583,0.1007
49.5000,JELLY_A,0.9464,0.0000,1.00,J_GLIDE,18.04,0.0177,0.151,1.1094,2.4652,-3.4053,0.00693,0.00787,-0.00257,0.02895,-0.0012
49.5000,JELLY_B,0.8497,0.0000,1.18,J_GLIDE,12.23,0.0016,0.168,1.4637,3.2624,-3.7044,0.00549,0.00497,0.00187,0.02164,-0.0051
49.5000,JELLY_C,0.1075,3.0784,1.00,J_SOFT_TURN,24.84,0.0471,0.194,0.5270,3.9309,-3.7877,0.00016,-0.00279,0.00988,0.02611,0.1479
49.5333,JELLY_A,0.9569,0.0000,1.00,J_GLIDE,18.01,0.0179,0.151,1.1097,2.4654,-3.4054,0.00694,0.00785,-0.00256,0.02910,-0.0010
49.5333,JELLY_B,0.8624,0.0000,1.18,J_GLIDE,12.23,0.0018,0.168,1.4639,3.2626,-3.7044,0.00552,0.00507,0.00189,0.02185,-0.0048
49.5333,JELLY_C,0.1207,2.9378,1.00,J_SOFT_TURN,24.80,0.0523,0.194,0.5270,3.9308,-3.7873,0.00020,-0.00260,0.00999,0.02640,0.2052
49.5667,JELLY_A,0.9675,0.0000,1.00,J_GLIDE,17.97,0.0181,0.151,1.1099,2.4657,-3.4055,0.00696,0.00783,-0.00254,0.02924,-0.0007
49.5667,JELLY_B,0.8750,0.0000,1.18,J_GLIDE,12.23,0.0022,0.168,1.4640,3.2627,-3.7043,0.00555,0.00516,0.00191,0.02206,-0.0043
49.5667,JELLY_C,0.1338,2.6723,1.00,J_SOFT_TURN,24.76,0.0571,0.194,0.5270,3.9307,-3.7870,0.00025,-0.00246,0.01008,0.02666,0.2714
49.6000,JELLY_A,0.9781,0.0000,1.00,J_GLIDE,17.94,0.0182,0.151,1.1101,2.4659,-3.4056,0.00697,0.00781,-0.00253,0.02938,-0.0005
49.6000,JELLY_B,0.8877,0.0000,1.18,J_GLIDE,12.23,0.0025,0.168,1.4642,3.2629,-3.7042,0.00558,0.00524,0.00193,0.02226,-0.0038
49.6000,JELLY_C,0.1470,2.2930,1.00,J_SOFT_TURN,24.73,0.0612,0.194,0.5270,3.9306,-3.7867,0.00028,-0.00237,0.01014,0.02685,0.3448
49.6333,JELLY_A,0.9886,0.0000,1.00,J_GLIDE,17.91,0.0184,0.151,1.1104,2.4662,-3.4057,0.00698,0.00779,-0.00252,0.02951,-0.0004
49.6333,JELLY_B,0.9004,0.0000,1.18,J_GLIDE,12.22,0.0029,0.168,1.4644,3.2631,-3.7042,0.00561,0.00531,0.00195,0.02246,-0.0032
49.6333,JELLY_C,0.1601,1.8162,1.00,J_SOFT_TURN,24.70,0.0643,0.194,0.5270,3.9305,-3.7863,0.00031,-0.00235,0.01017,0.02692,0.4233
49.6667,JELLY_A,0.9992,0.0000,1.00,J_GLIDE,17.87,0.0186,0.151,1.1106,2.4665,-3.4058,0.00700,0.00777,-0.00250,0.02965,-0.0002
49.6667,JELLY_B,0.9131,0.0000,1.18,J_GLIDE,12.22,0.0032,0.168,1.4646,3.2633,-3.7041,0.00564,0.00538,0.00197,0.02264,-0.0026
49.6667,JELLY_C,0.1733,1.2621,1.00,J_SOFT_TURN,24.67,0.0660,0.194,0.5270,3.9304,-3.7860,0.00033,-0.00238,0.01018,0.02685,0.5041
49.7000,JELLY_A,0.0098,0.0190,0.05,J_PAUSE_OPEN,17.84,0.0187,0.000,1.1108,2.4667,-3.4058,0.00698,0.00765,-0.00251,0.02978,-0.0001
49.7000,JELLY_B,0.9257,0.0000,1.18,J_GLIDE,12.21,0.0036,0.168,1.4648,3.2635,-3.7040,0.00567,0.00544,0.00198,0.02283,-0.0021
49.7000,JELLY_C,0.1865,0.6544,1.00,J_SOFT_TURN,24.64,0.0664,0.194,0.5270,3.9304,-3.7856,0.00034,-0.00246,0.01017,0.02666,0.5844
49.7333,JELLY_A,0.0203,0.0390,0.05,J_PAUSE_OPEN,17.80,0.0188,0.000,1.1111,2.4670,-3.4059,0.00697,0.00753,-0.00251,0.02990,0.0000
49.7333,JELLY_B,0.9384,0.0000,1.18,J_GLIDE,12.20,0.0040,0.168,1.4650,3.2636,-3.7040,0.00570,0.00550,0.00200,0.02300,-0.0017
49.7333,JELLY_C,0.1996,0.0190,1.00,J_SOFT_TURN,24.61,0.0652,0.194,0.5270,3.9303,-3.7853,0.00034,-0.00257,0.01015,0.02636,0.6610
49.7667,JELLY_A,0.0309,0.0580,0.05,J_PAUSE_OPEN,17.76,0.0190,0.000,1.1113,2.4672,-3.4060,0.00696,0.00741,-0.00252,0.03003,0.0002
49.7667,JELLY_B,0.9511,0.0000,1.18,J_GLIDE,12.20,0.0043,0.168,1.4652,3.2638,-3.7039,0.00573,0.00555,0.00201,0.02317,-0.0013
49.7667,JELLY_C,0.2128,-0.0993,1.00,J_SOFT_TURN,24.58,0.0635,0.194,0.5271,3.9302,-3.7850,0.00035,-0.00267,0.01013,0.02599,0.7312
49.8000,JELLY_A,0.0414,0.0754,0.05,J_PAUSE_OPEN,17.73,0.0191,0.000,1.1115,2.4675,-3.4061,0.00695,0.00729,-0.00252,0.03015,0.0004
49.8000,JELLY_B,0.9637,0.0000,1.18,J_GLIDE,12.19,0.0047,0.168,1.4654,3.2640,-3.7038,0.00576,0.00559,0.00202,0.02333,-0.0009
49.8000,JELLY_C,0.2259,-0.2010,1.00,J_SOFT_TURN,24.56,0.0618,0.194,0.5271,3.9301,-3.7846,0.00036,-0.00278,0.01011,0.02558,0.7930
49.8333,JELLY_A,0.0520,0.0907,0.05,J_PAUSE_OPEN,17.69,0.0193,0.000,1.1118,2.4677,-3.4062,0.00693,0.00718,-0.00252,0.03027,0.0008
49.8333,JELLY_B,0.9764,0.0000,1.18,J_GLIDE,12.18,0.0050,0.168,1.4656,3.2642,-3.7038,0.00578,0.00563,0.00203,0.02348,-0.0006
49.8333,JELLY_C,0.2391,-0.3013,1.00,J_SOFT_TURN,24.53,0.0602,0.194,0.5271,3.9300,-3.7843,0.00037,-0.00288,0.01009,0.02515,0.8453
49.8667,JELLY_A,0.0626,0.1036,0.05,J_PAUSE_OPEN,17.66,0.0194,0.000,1.1120,2.4679,-3.4063,0.00692,0.00706,-0.00253,0.03039,0.0014
49.8667,JELLY_B,0.9891,0.0000,1.18,J_GLIDE,12.17,0.0053,0.168,1.4657,3.2644,-3.7037,0.00581,0.00566,0.00204,0.02363,-0.0004
49.8667,JELLY_C,0.2522,-0.3995,1.00,J_SOFT_TURN,24.50,0.0587,0.194,0.5271,3.9299,-3.7840,0.00038,-0.00298,0.01007,0.02470,0.8876
49.9000,JELLY_A,0.0731,0.1135,0.05,J_PAUSE_OPEN,17.62,0.0195,0.000,1.1122,2.4682,-3.4063,0.00691,0.00695,-0.00253,0.03050,0.0022
49.9000,JELLY_B,0.0018,0.0827,1.00,J_PULSE_CRUISE,12.16,0.0056,0.096,1.4659,3.2646,-3.7036,0.00583,0.00565,0.00204,0.02378,-0.0002
49.9000,JELLY_C,0.2654,-0.4950,1.00,J_SOFT_TURN,24.47,0.0572,0.194,0.5271,3.9298,-3.7836,0.00038,-0.00309,0.01005,0.02422,0.9200
49.9333,JELLY_A,0.0837,0.1204,0.05,J_PAUSE_OPEN,17.58,0.0196,0.000,1.1125,2.4684,-3.4064,0.00690,0.00684,-0.00254,0.03062,0.0034
49.9333,JELLY_B,0.0144,0.6714,1.00,J_PULSE_CRUISE,12.15,0.0053,0.096,1.4661,3.2648,-3.7036,0.00584,0.00552,0.00202,0.02392,0.0002
49.9333,JELLY_C,0.2785,-0.5871,1.00,J_SOFT_TURN,24.44,0.0558,0.194,0.5271,3.9297,-3.7833,0.00039,-0.00319,0.01003,0.02371,0.9432
49.9667,JELLY_A,0.0943,0.1239,0.05,J_PAUSE_OPEN,17.54,0.0197,0.000,1.1127,2.4686,-3.4065,0.00689,0.00673,-0.00254,0.03073,0.0049
49.9667,JELLY_B,0.0271,1.2337,1.00,J_PULSE_CRUISE,12.14,0.0043,0.096,1.4663,3.2649,-3.7035,0.00585,0.00542,0.00201,0.02406,0.0017
49.9667,JELLY_C,0.2917,-0.6751,1.00,J_SOFT_TURN,24.41,0.0544,0.194,0.5271,3.9296,-3.7830,0.00040,-0.00329,0.01001,0.02317,0.9578
50.0000,JELLY_A,0.1048,0.1241,0.05,J_PAUSE_OPEN,17.51,0.0198,0.000,1.1129,2.4689,-3.4066,0.00687,0.00662,-0.00254,0.03084,0.0067
50.0000,JELLY_B,0.0398,1.7473,1.00,J_PULSE_CRUISE,12.13,0.0027,0.096,1.4665,3.2651,-3.7034,0.00587,0.00537,0.00200,0.02421,0.0060
50.0000,JELLY_C,0.3048,-0.7586,1.00,J_SOFT_TURN,24.38,0.0531,0.194,0.5271,3.9295,-3.7826,0.00041,-0.00339,0.00999,0.02261,0.9646
50.0333,JELLY_A,0.1154,0.1208,0.05,J_PAUSE_OPEN,17.47,0.0199,0.000,1.1131,2.4691,-3.4067,0.00686,0.00651,-0.00255,0.03094,0.0088
50.0333,JELLY_B,0.0525,2.1919,1.00,J_PULSE_CRUISE,12.13,0.0014,0.096,1.4667,3.2653,-3.7034,0.00589,0.00537,0.00201,0.02436,0.0148
50.0333,JELLY_C,0.3180,-0.8369,1.00,J_SOFT_TURN,24.34,0.0518,0.194,0.5272,3.9294,-3.7823,0.00041,-0.00349,0.00997,0.02201,0.9644
50.0667,JELLY_A,0.1259,0.1142,0.05,J_PAUSE_OPEN,17.43,0.0200,0.000,1.1134,2.4693,-3.4068,0.00685,0.00641,-0.00255,0.03105,0.0113
50.0667,JELLY_B,0.0651,2.5498,1.00,J_PULSE_CRUISE,12.13,0.0033,0.096,1.4669,3.2655,-3.7033,0.00592,0.00544,0.00202,0.02453,0.0302
50.0667,JELLY_C,0.3311,-0.9094,1.00,J_SOFT_TURN,24.31,0.0506,0.194,0.5272,3.9292,-3.7820,0.00042,-0.00360,0.00995,0.02140,0.9580
50.1000,JELLY_A,0.1365,0.1045,0.05,J_PAUSE_OPEN,17.39,0.0201,0.000,1.1136,2.4695,-3.4069,0.00684,0.00630,-0.00255,0.03115,0.0140
50.1000,JELLY_B,0.0778,2.8070,1.00,J_PULSE_CRUISE,12.14,0.0063,0.096,1.4671,3.2657,-3.7032,0.00595,0.00556,0.00205,0.02472,0.0535
50.1000,JELLY_C,0.3443,-0.9757,1.00,J_SOFT_TURN,24.28,0.0494,0.194,0.5272,3.9291,-3.7816,0.00043,-0.00370,0.00993,0.02078,0.9462
50.1333,JELLY_A,0.1471,0.0919,0.05,J_PAUSE_OPEN,17.35,0.0202,0.000,1.1138,2.4697,-3.4069,0.00683,0.00620,-0.00255,0.03125,0.0170
50.1333,JELLY_B,0.0905,2.9533,1.00,J_PULSE_CRUISE,12.15,0.0095,0.096,1.4673,3.2659,-3.7032,0.00599,0.00571,0.00208,0.02493,0.0860
50.1333,JELLY_C,0.3574,-1.0354,1.00,J_SOFT_TURN,24.25,0.0483,0.194,0.5272,3.9290,-3.7813,0.00044,-0.00380,0.00991,0.02014,0.9296
50.1667,JELLY_A,0.1576,0.0768,0.05,J_PAUSE_OPEN,17.32,0.0203,0.000,1.1141,2.4699,-3.4070,0.00682,0.00609,-0.00256,0.03135,0.0201
50.1667,JELLY_B,0.1032,2.9830,1.00,J_PULSE_CRUISE,12.17,0.0129,0.096,1.4675,3.2660,-3.7031,0.00602,0.00588,0.00212,0.02516,0.1281
50.1667,JELLY_C,0.3706,-1.0880,1.00,J_SOFT_TURN,24.21,0.0472,0.194,0.5272,3.9289,-3.7810,0.00045,-0.00390,0.00989,0.01950,0.9088
50.2000,JELLY_A,0.1682,0.0596,0.05,J_PAUSE_OPEN,17.28,0.0204,0.000,1.1143,2.4701,-3.4071,0.00681,0.00599,-0.00256,0.03145,0.0234
50.2000,JELLY_B,0.1158,2.8947,1.00,J_PULSE_CRUISE,12.20,0.0160,0.096,1.4677,3.2662,-3.7030,0.00606,0.00603,0.00215,0.02541,0.1799
50.2000,JELLY_C,0.3837,-1.1332,1.00,J_SOFT_TURN,24.18,0.0462,0.194,0.5272,3.9287,-3.7806,0.00045,-0.00400,0.00987,0.01886,0.8844
50.2333,JELLY_A,0.1788,0.0408,0.05,J_PAUSE_OPEN,17.24,0.0205,0.000,1.1145,2.4703,-3.4072,0.00679,0.00589,-0.00256,0.03155,0.0266
50.2333,JELLY_B,0.1285,2.6920,1.00,J_PULSE_CRUISE,12.23,0.0189,0.096,1.4679,3.2664,-3.7030,0.00609,0.00615,0.00218,0.02567,0.2405
50.2333,JELLY_C,0.3969,-1.1706,1.00,J_SOFT_TURN,24.14,0.0452,0.194,0.5272,3.9286,-3.7803,0.00046,-0.00409,0.00985,0.01825,0.8568
50.2667,JELLY_A,0.1893,0.0208,0.05,J_PAUSE_OPEN,17.20,0.0205,0.000,1.1147,2.4705,-3.4073,0.00678,0.00578,-0.00256,0.03164,0.0299
50.2667,JELLY_B,0.1412,2.3830,1.00,J_PULSE_CRUISE,12.27,0.0213,0.096,1.4681,3.2667,-3.7029,0.00612,0.00622,0.00219,0.02595,0.3088
50.2667,JELLY_C,0.4100,-1.2001,1.00,J_SOFT_TURN,24.11,0.0442,0.194,0.5273,3.9285,-3.7800,0.00047,-0.00419,0.00983,0.01768,0.8265
50.3000,JELLY_A,0.1999,0.0002,0.05,J_PAUSE_OPEN,17.16,0.0206,0.000,1.1150,2.4707,-3.4074,0.00677,0.00568,-0.00256,0.03173,0.0330
50.3000,JELLY_B,0.1539,1.9798,1.00,J_PULSE_CRUISE,12.31,0.0231,0.096,1.4683,3.2669,-3.7028,0.00614,0.00623,0.00220,0.02626,0.3828
50.3000,JELLY_C,0.4232,-1.2213,1.00,J_SOFT_TURN,24.07,0.0433,0.194,0.5273,3.9283,-3.7797,0.00048,-0.00427,0.00982,0.01718,0.7939
50.3333,JELLY_A,0.2104,-0.0033,0.05,J_PAUSE_OPEN,17.12,0.0207,0.000,1.1152,2.4709,-3.4074,0.00676,0.00558,-0.00257,0.03183,0.0358
50.3333,JELLY_B,0.1665,1.4984,1.00,J_PULSE_CRUISE,12.35,0.0242,0.096,1.4685,3.2671,-3.7027,0.00616,0.00618,0.00219,0.02659,0.4604
50.3333,JELLY_C,0.4363,-1.2342,1.00,J_SOFT_TURN,24.03,0.0425,0.194,0.5273,3.9282,-3.7793,0.00049,-0.00434,0.00981,0.01674,0.7593
50.3667,JELLY_A,0.2210,-0.0065,0.05,J_PAUSE_OPEN,17.08,0.0207,0.000,1.1154,2.4711,-3.4075,0.00675,0.00548,-0.00257,0.03192,0.0385
50.3667,JELLY_B,0.1792,0.9577,1.00,J_PULSE_CRUISE,12.40,0.0246,0.096,1.4687,3.2673,-3.7027,0.00617,0.00608,0.00218,0.02694,0.5390
50.3667,JELLY_C,0.4494,-1.2388,1.00,J_SOFT_TURN,24.00,0.0417,0.194,0.5273,3.9280,-3.7790,0.00051,-0.00440,0.00981,0.01639,0.7229
50.4000,JELLY_A,0.2316,-0.0098,0.05,J_PAUSE_OPEN,17.04,0.0208,0.000,1.1156,2.4712,-3.4076,0.00674,0.00538,-0.00257,0.03201,0.0408
50.4000,JELLY_B,0.1919,0.3793,1.00,J_PULSE_CRUISE,12.45,0.0242,0.096,1.4689,3.2675,-3.7026,0.00618,0.00595,0.00216,0.02728,0.6159
50.4000,JELLY_C,0.4626,-1.2348,1.00,J_SOFT_TURN,23.96,0.0409,0.194,0.5273,3.9279,-3.7787,0.00053,-0.00443,0.00982,0.01610,0.6852
50.4333,JELLY_A,0.2421,-0.0130,0.05,J_PAUSE_OPEN,17.00,0.0208,0.000,1.1159,2.4714,-3.4077,0.00673,0.00529,-0.00257,0.03210,0.0428
50.4333,JELLY_B,0.2046,-0.0343,1.00,J_PULSE_CRUISE,12.49,0.0231,0.096,1.4692,3.2677,-3.7025,0.00619,0.00581,0.00213,0.02757,0.6882
50.4333,JELLY_C,0.4757,-1.2225,1.00,J_SOFT_TURN,23.92,0.0401,0.194,0.5273,3.9277,-3.7783,0.00055,-0.00443,0.00984,0.01589,0.6464
50.4667,JELLY_A,0.2527,-0.0162,0.05,J_PAUSE_OPEN,16.96,0.0209,0.000,1.1161,2.4716,-3.4078,0.00672,0.00519,-0.00257,0.03219,0.0445
50.4667,JELLY_B,0.2172,-0.1292,1.00,J_PULSE_CRUISE,12.53,0.0219,0.096,1.4694,3.2679,-3.7025,0.00619,0.00567,0.00211,0.02776,0.7537
50.4667,JELLY_C,0.4889,-1.2018,1.00,J_SOFT_TURN,23.88,0.0394,0.194,0.5274,3.9276,-3.7780,0.00058,-0.00441,0.00987,0.01574,0.6067
50.5000,JELLY_A,0.2632,-0.0192,0.05,J_PAUSE_OPEN,16.92,0.0210,0.000,1.1163,2.4718,-3.4079,0.00671,0.00509,-0.00257,0.03228,0.0458
50.5000,JELLY_B,0.2299,-0.2233,1.00,J_PULSE_CRUISE,12.58,0.0208,0.096,1.4696,3.2680,-3.7024,0.00620,0.00553,0.00209,0.02782,0.8107
50.5000,JELLY_C,0.5020,-1.1729,1.00,J_SOFT_TURN,23.84,0.0387,0.194,0.5274,3.9274,-3.7777,0.00062,-0.00437,0.00991,0.01565,0.5664
50.5333,JELLY_A,0.2738,-0.0222,0.05,J_PAUSE_OPEN,16.88,0.0210,0.000,1.1165,2.4719,-3.4080,0.00670,0.00500,-0.00257,0.03237,0.0469
50.5333,JELLY_B,0.2426,-0.3159,1.00,J_PULSE_CRUISE,12.61,0.0196,0.096,1.4698,3.2682,-3.7023,0.00620,0.00539,0.00206,0.02778,0.8586
50.5333,JELLY_C,0.5152,-1.1361,1.00,J_SOFT_TURN,23.80,0.0381,0.194,0.5274,3.9273,-3.7774,0.00065,-0.00430,0.00996,0.01560,0.5259
50.5667,JELLY_A,0.2843,-0.0251,0.05,J_PAUSE_OPEN,16.84,0.0210,0.000,1.1168,2.4721,-3.4080,0.00669,0.00490,-0.00257,0.03246,0.0476
50.5667,JELLY_B,0.2553,-0.4065,1.00,J_PULSE_CRUISE,12.65,0.0186,0.096,1.4700,3.2684,-3.7022,0.00621,0.00526,0.00204,0.02765,0.8972
50.5667,JELLY_C,0.5283,-1.0915,1.00,J_SOFT_TURN,23.76,0.0375,0.194,0.5274,3.9272,-3.7770,0.00070,-0.00421,0.01001,0.01559,0.4852
50.6000,JELLY_A,0.2949,-0.0279,0.05,J_PAUSE_OPEN,16.80,0.0211,0.000,1.1170,2.4723,-3.4081,0.00668,0.00481,-0.00258,0.03255,0.0481
50.6000,JELLY_B,0.2679,-0.4946,1.00,J_PULSE_CRUISE,12.68,0.0175,0.096,1.4702,3.2686,-3.7022,0.00621,0.00513,0.00202,0.02744,0.9266
50.6000,JELLY_C,0.5414,-1.0395,1.00,J_SOFT_TURN,23.72,0.0369,0.194,0.5275,3.9270,-3.7767,0.00075,-0.00409,0.01008,0.01562,0.4448
50.6333,JELLY_A,0.3054,-0.0306,0.05,J_PAUSE_OPEN,16.76,0.0211,0.000,1.1172,2.4724,-3.4082,0.00667,0.00472,-0.00258,0.03264,0.0484
50.6333,JELLY_B,0.2806,-0.5795,1.00,J_PULSE_CRUISE,12.72,0.0165,0.096,1.4704,3.2687,-3.7021,0.00622,0.00499,0.00200,0.02715,0.9476
50.6333,JELLY_C,0.5546,-0.9804,1.00,J_SOFT_TURN,23.68,0.0363,0.194,0.5275,3.9269,-3.7763,0.00080,-0.00396,0.01015,0.01569,0.4049
50.6667,JELLY_A,0.3160,-0.0331,0.05,J_PAUSE_OPEN,16.72,0.0212,0.000,1.1174,2.4726,-3.4083,0.00666,0.00463,-0.00258,0.03273,0.0484
50.6667,JELLY_B,0.2933,-0.6608,1.00,J_PULSE_CRUISE,12.75,0.0155,0.096,1.4706,3.2689,-3.7020,0.00622,0.00487,0.00198,0.02678,0.9606
50.6667,JELLY_C,0.5677,-0.9147,1.00,J_SOFT_TURN,23.64,0.0358,0.194,0.5275,3.9268,-3.7760,0.00085,-0.00381,0.01023,0.01578,0.3656
50.7000,JELLY_A,0.3266,-0.0355,0.05,J_PAUSE_OPEN,16.68,0.0212,0.000,1.1176,2.4727,-3.4084,0.00665,0.00453,-0.00258,0.03282,0.0482
50.7000,JELLY_B,0.3060,-0.7378,1.00,J_PULSE_CRUISE,12.78,0.0145,0.096,1.4708,3.2691,-3.7020,0.00623,0.00474,0.00196,0.02633,0.9664
50.7000,JELLY_C,0.5809,-0.8427,1.00,J_SOFT_TURN,23.60,0.0353,0.194,0.5275,3.9266,-3.7757,0.00091,-0.00364,0.01031,0.01589,0.3274
50.7333,JELLY_A,0.3371,-0.0377,0.05,J_PAUSE_OPEN,16.64,0.0212,0.000,1.1179,2.4729,-3.4085,0.00664,0.00444,-0.00258,0.03290,0.0478
50.7333,JELLY_B,0.3186,-0.8102,1.00,J_PULSE_CRUISE,12.80,0.0136,0.096,1.4710,3.2692,-3.7019,0.00624,0.00461,0.00194,0.02581,0.9657
50.7333,JELLY_C,0.5940,-0.7650,1.00,J_SOFT_TURN,23.56,0.0349,0.194,0.5276,3.9265,-3.7753,0.00097,-0.00347,0.01040,0.01602,0.2903
50.7667,JELLY_A,0.3477,-0.0398,0.05,J_PAUSE_OPEN,16.60,0.0213,0.000,1.1181,2.4730,-3.4086,0.00663,0.00435,-0.00258,0.03299,0.0473
50.7667,JELLY_B,0.3313,-0.8774,1.00,J_PULSE_CRUISE,12.83,0.0127,0.096,1.4712,3.2694,-3.7018,0.00624,0.00449,0.00192,0.02523,0.9594
50.7667,JELLY_C,0.6071,-0.6821,1.00,J_SOFT_TURN,23.51,0.0344,0.194,0.5276,3.9264,-3.7750,0.00103,-0.00330,0.01048,0.01617,0.2547
50.8000,JELLY_A,0.3582,-0.0417,0.05,J_PAUSE_OPEN,16.56,0.0213,0.000,1.1183,2.4732,-3.4086,0.00662,0.00426,-0.00258,0.03308,0.0466
50.8000,JELLY_B,0.3440,-0.9390,1.00,J_PULSE_CRUISE,12.85,0.0118,0.096,1.4714,3.2695,-3.7018,0.00624,0.00437,0.00190,0.02461,0.9480
50.8000,JELLY_C,0.6203,-0.5946,1.00,J_SOFT_TURN,23.47,0.0340,0.194,0.5276,3.9263,-3.7746,0.00109,-0.00313,0.01057,0.01634,0.2208
50.8333,JELLY_A,0.3688,-0.0434,0.05,J_PAUSE_OPEN,16.52,0.0213,0.000,1.1185,2.4733,-3.4087,0.00661,0.00417,-0.00258,0.03316,0.0458
50.8333,JELLY_B,0.3567,-0.9947,1.00,J_PULSE_CRUISE,12.87,0.0110,0.096,1.4716,3.2697,-3.7017,0.00625,0.00425,0.00188,0.02395,0.9321
50.8333,JELLY_C,0.6334,-0.5030,1.00,J_SOFT_TURN,23.43,0.0336,0.194,0.5277,3.9262,-3.7743,0.00115,-0.00296,0.01065,0.01652,0.1888
50.8667,JELLY_A,0.3793,-0.0449,0.05,J_PAUSE_OPEN,16.48,0.0213,0.000,1.1188,2.4734,-3.4088,0.00660,0.00409,-0.00258,0.03325,0.0448
50.8667,JELLY_B,0.3693,-1.0441,1.00,J_PULSE_CRUISE,12.89,0.0101,0.096,1.4718,3.2698,-3.7017,0.00625,0.00413,0.00186,0.02326,0.9123
50.8667,JELLY_C,0.6465,-0.4081,1.00,J_SOFT_TURN,23.38,0.0332,0.194,0.5277,3.9261,-3.7739,0.00121,-0.00279,0.01073,0.01670,0.1590
50.9000,JELLY_A,0.3899,-0.0462,0.05,J_PAUSE_OPEN,16.44,0.0214,0.000,1.1190,2.4736,-3.4089,0.00659,0.00400,-0.00258,0.03333,0.0438
50.9000,JELLY_B,0.3820,-1.0869,1.00,J_PULSE_CRUISE,12.91,0.0093,0.096,1.4721,3.2699,-3.7016,0.00626,0.00401,0.00184,0.02256,0.8891
50.9000,JELLY_C,0.6597,-0.3104,1.00,J_SOFT_TURN,23.34,0.0329,0.194,0.5278,3.9260,-3.7736,0.00127,-0.00262,0.01081,0.01690,0.1314
50.9333,JELLY_A,0.4004,-0.0473,0.05,J_PAUSE_OPEN,16.40,0.0214,0.000,1.1192,2.4737,-3.4090,0.00658,0.00391,-0.00258,0.03341,0.0426
50.9333,JELLY_B,0.3947,-1.1227,1.00,J_PULSE_CRUISE,12.93,0.0085,0.096,1.4723,3.2701,-3.7015,0.00626,0.00390,0.00183,0.02186,0.8629
50.9333,JELLY_C,0.6728,-0.2106,1.00,J_SOFT_TURN,23.30,0.0326,0.194,0.5278,3.9259,-3.7732,0.00133,-0.00245,0.01089,0.01710,0.1064
50.9667,JELLY_A,0.4110,-0.0482,0.05,J_PAUSE_OPEN,16.36,0.0214,0.000,1.1194,2.4738,-3.4091,0.00657,0.00382,-0.00258,0.03349,0.0414
50.9667,JELLY_B,0.4073,-1.1515,1.00,J_PULSE_CRUISE,12.94,0.0078,0.096,1.4725,3.2702,-3.7015,0.00627,0.00379,0.00181,0.02118,0.8342
50.9667,JELLY_C,0.6859,-0.1094,1.00,J_SOFT_TURN,23.25,0.0323,0.194,0.5278,3.9258,-3.7728,0.00139,-0.00229,0.01096,0.01730,0.0841
51.0000,JELLY_A,0.4215,-0.0489,0.05,J_PAUSE_OPEN,16.32,0.0214,0.000,1.1196,2.4740,-3.4092,0.00656,0.00374,-0.00258,0.03357,0.0401
51.0000,JELLY_B,0.4200,-1.1729,1.00,J_PULSE_CRUISE,12.96,0.0071,0.096,1.4727,3.2703,-3.7014,0.00627,0.00369,0.00180,0.02054,0.8032
51.0000,JELLY_C,0.6990,-0.0074,1.00,J_SOFT_TURN,23.21,0.0320,0.194,0.5279,3.9258,-3.7725,0.00145,-0.00213,0.01104,0.01750,0.0646
51.0333,JELLY_A,0.4321,-0.0494,0.05,J_PAUSE_OPEN,16.27,0.0214,0.000,1.1198,2.4741,-3.4093,0.00655,0.00365,-0.00258,0.03365,0.0387
51.0333,JELLY_B,0.4327,-1.1870,1.00,J_PULSE_CRUISE,12.97,0.0064,0.096,1.4729,3.2704,-3.7014,0.00628,0.00360,0.00178,0.01996,0.7702
51.0333,JELLY_C,0.7122,0.0000,1.00,J_GLIDE,23.16,0.0317,0.194,0.5279,3.9257,-3.7721,0.00151,-0.00197,0.01111,0.01771,0.0479
51.0667,JELLY_A,0.4426,-0.0497,0.05,J_PAUSE_OPEN,16.23,0.0214,0.000,1.1201,2.4742,-3.4093,0.00654,0.00357,-0.00258,0.03373,0.0373
51.0667,JELLY_B,0.4453,-1.1935,1.00,J_PULSE_CRUISE,12.98,0.0057,0.096,1.4731,3.2706,-3.7013,0.00629,0.00353,0.00178,0.01944,0.7356
51.0667,JELLY_C,0.7253,0.0000,1.00,J_GLIDE,23.11,0.0315,0.194,0.5280,3.9256,-3.7717,0.00157,-0.00182,0.01118,0.01791,0.0342
51.1000,JELLY_A,0.4532,-0.0497,0.05,J_PAUSE_OPEN,16.19,0.0214,0.000,1.1203,2.4743,-3.4094,0.00653,0.00349,-0.00258,0.03381,0.0358
51.1000,JELLY_B,0.4580,-1.1924,1.00,J_PULSE_CRUISE,12.99,0.0050,0.096,1.4733,3.2707,-3.7012,0.00630,0.00348,0.00177,0.01898,0.6996
51.1000,JELLY_C,0.7384,0.0000,1.00,J_GLIDE,23.07,0.0312,0.194,0.5280,3.9256,-3.7713,0.00163,-0.00168,0.01124,0.01811,0.0232
51.1333,JELLY_A,0.4637,-0.0495,0.05,J_PAUSE_OPEN,16.15,0.0214,0.000,1.1205,2.4744,-3.4095,0.00652,0.00341,-0.00258,0.03389,0.0343
51.1333,JELLY_B,0.4707,-1.1838,1.00,J_PULSE_CRUISE,13.00,0.0044,0.096,1.4735,3.2708,-3.7012,0.00631,0.00345,0.00177,0.01859,0.6625
51.1333,JELLY_C,0.7516,0.0000,1.00,J_GLIDE,23.02,0.0310,0.194,0.5281,3.9255,-3.7710,0.00169,-0.00155,0.01130,0.01830,0.0146
51.1667,JELLY_A,0.4743,-0.0491,0.05,J_PAUSE_OPEN,16.11,0.0214,0.000,1.1207,2.4745,-3.4096,0.00651,0.00333,-0.00257,0.03396,0.0327
51.1667,JELLY_B,0.4834,-1.1677,1.00,J_PULSE_CRUISE,13.01,0.0038,0.096,1.4737,3.2709,-3.7011,0.00632,0.00345,0.00178,0.01826,0.6245
51.1667,JELLY_C,0.7647,0.0000,1.00,J_GLIDE,22.98,0.0308,0.194,0.5282,3.9255,-3.7706,0.00174,-0.00143,0.01136,0.01850,0.0080
51.2000,JELLY_A,0.4848,-0.0485,0.05,J_PAUSE_OPEN,16.07,0.0214,0.000,1.1209,2.4747,-3.4097,0.00651,0.00325,-0.00257,0.03404,0.0311
51.2000,JELLY_B,0.4960,-1.1442,1.00,J_PULSE_CRUISE,13.01,0.0032,0.096,1.4739,3.2710,-3.7011,0.00634,0.00347,0.00179,0.01800,0.5859
51.2000,JELLY_C,0.7778,0.0000,1.00,J_GLIDE,22.93,0.0306,0.194,0.5282,3.9254,-3.7702,0.00180,-0.00131,0.01141,0.01869,0.0033
51.2333,JELLY_A,0.4954,-0.0477,0.05,J_PAUSE_OPEN,16.03,0.0214,0.000,1.1212,2.4748,-3.4098,0.00650,0.00317,-0.00257,0.03411,0.0295
51.2333,JELLY_B,0.5087,-1.1134,1.00,J_PULSE_CRUISE,13.02,0.0027,0.096,1.4742,3.2711,-3.7010,0.00636,0.00351,0.00180,0.01779,0.5468
51.2333,JELLY_C,0.7909,0.0000,1.00,J_GLIDE,22.88,0.0304,0.194,0.5283,3.9254,-3.7698,0.00185,-0.00120,0.01146,0.01887,-0.0000
51.2667,JELLY_A,0.5059,-0.0467,0.05,J_PAUSE_OPEN,15.99,0.0214,0.000,1.1214,2.4749,-3.4099,0.00649,0.00309,-0.00257,0.03419,0.0279
51.2667,JELLY_B,0.5213,-1.0757,1.00,J_PULSE_CRUISE,13.02,0.0022,0.096,1.4744,3.2713,-3.7009,0.00638,0.00358,0.00182,0.01764,0.5076
51.2667,JELLY_C,0.8041,0.0000,1.00,J_GLIDE,22.83,0.0303,0.194,0.5283,3.9254,-3.7694,0.00190,-0.00111,0.01151,0.01906,-0.0022
51.3000,JELLY_A,0.5165,-0.0454,0.05,J_PAUSE_OPEN,15.95,0.0214,0.000,1.1216,2.4750,-3.4099,0.00648,0.00302,-0.00257,0.03426,0.0262
51.3000,JELLY_B,0.5340,-1.0311,1.00,J_PULSE_CRUISE,13.02,0.0017,0.096,1.4746,3.2714,-3.7009,0.00641,0.00367,0.00185,0.01754,0.4685
51.3000,JELLY_C,0.8172,0.0000,1.00,J_GLIDE,22.79,0.0301,0.194,0.5284,3.9253,-3.7691,0.00195,-0.00101,0.01155,0.01923,-0.0035
51.3333,JELLY_A,0.5270,-0.0440,0.05,J_PAUSE_OPEN,15.91,0.0214,0.000,1.1218,2.4751,-3.4100,0.00647,0.00294,-0.00257,0.03433,0.0246
51.3333,JELLY_B,0.5467,-0.9800,1.00,J_PULSE_CRUISE,13.02,0.0014,0.096,1.4748,3.2715,-3.7008,0.00643,0.00378,0.00187,0.01749,0.4296
51.3333,JELLY_C,0.8303,0.0000,1.00,J_GLIDE,22.74,0.0300,0.194,0.5285,3.9253,-3.7687,0.00200,-0.00093,0.01159,0.01941,-0.0041
51.3667,JELLY_A,0.5376,-0.0424,0.05,J_PAUSE_OPEN,15.87,0.0214,0.000,1.1220,2.4752,-3.4101,0.00647,0.00287,-0.00256,0.03440,0.0230
51.3667,JELLY_B,0.5593,-0.9227,1.00,J_PULSE_CRUISE,13.03,0.0013,0.096,1.4750,3.2716,-3.7008,0.00646,0.00391,0.00191,0.01747,0.3912
51.3667,JELLY_C,0.8434,0.0000,1.00,J_GLIDE,22.69,0.0298,0.194,0.5285,3.9253,-3.7683,0.00205,-0.00085,0.01162,0.01958,-0.0043
51.4000,JELLY_A,0.5481,-0.0405,0.05,J_PAUSE_OPEN,15.82,0.0214,0.000,1.1222,2.4753,-3.4102,0.00646,0.00280,-0.00256,0.03447,0.0214
51.4000,JELLY_B,0.5720,-0.8596,1.00,J_PULSE_CRUISE,13.02,0.0014,0.096,1.4752,3.2718,-3.7007,0.00649,0.00404,0.00194,0.01750,0.3536
51.4000,JELLY_C,0.8565,0.0000,1.00,J_GLIDE,22.64,0.0297,0.194,0.5286,3.9252,-3.7679,0.00209,-0.00078,0.01165,0.01975,-0.0041
51.4333,JELLY_A,0.5587,-0.0386,0.05,J_PAUSE_OPEN,15.78,0.0214,0.000,1.1224,2.4754,-3.4103,0.00645,0.00272,-0.00256,0.03454,0.0198
51.4333,JELLY_B,0.5847,-0.7910,1.00,J_PULSE_CRUISE,13.02,0.0016,0.096,1.4754,3.2719,-3.7006,0.00652,0.00419,0.00198,0.01755,0.3170
51.4333,JELLY_C,0.8697,0.0000,1.00,J_GLIDE,22.59,0.0296,0.194,0.5287,3.9252,-3.7675,0.00214,-0.00072,0.01168,0.01991,-0.0038
51.4667,JELLY_A,0.5692,-0.0364,0.05,J_PAUSE_OPEN,15.74,0.0214,0.000,1.1227,2.4754,-3.4104,0.00644,0.00265,-0.00256,0.03460,0.0182
51.4667,JELLY_B,0.5973,-0.7175,1.00,J_PULSE_CRUISE,13.02,0.0020,0.096,1.4757,3.2720,-3.7006,0.00655,0.00435,0.00201,0.01764,0.2816
51.4667,JELLY_C,0.8828,0.0000,1.00,J_GLIDE,22.54,0.0295,0.194,0.5288,3.9252,-3.7671,0.00218,-0.00066,0.01171,0.02007,-0.0034
51.5000,JELLY_A,0.5797,-0.0341,0.05,J_PAUSE_OPEN,15.70,0.0214,0.000,1.1229,2.4755,-3.4104,0.00644,0.00258,-0.00255,0.03467,0.0166
51.5000,JELLY_B,0.6100,-0.6394,1.00,J_PULSE_CRUISE,13.02,0.0023,0.096,1.4759,3.2722,-3.7005,0.00658,0.00450,0.00205,0.01775,0.2475
51.5000,JELLY_C,0.8959,0.0000,1.00,J_GLIDE,22.49,0.0294,0.194,0.5288,3.9252,-3.7667,0.00223,-0.00061,0.01173,0.02022,-0.0029
51.5333,JELLY_A,0.5903,-0.0316,0.05,J_PAUSE_OPEN,15.66,0.0214,0.000,1.1231,2.4756,-3.4105,0.00643,0.00251,-0.00255,0.03473,0.0151
51.5333,JELLY_B,0.6226,-0.5573,1.00,J_PULSE_CRUISE,13.01,0.0027,0.096,1.4761,3.2723,-3.7004,0.00662,0.00465,0.00209,0.01789,0.2151
51.5333,JELLY_C,0.9090,0.0000,1.00,J_GLIDE,22.44,0.0293,0.194,0.5289,3.9251,-3.7663,0.00227,-0.00056,0.01175,0.02037,-0.0024
51.5667,JELLY_A,0.6008,-0.0290,0.05,J_PAUSE_OPEN,15.62,0.0214,0.000,1.1233,2.4757,-3.4106,0.00642,0.00244,-0.00255,0.03480,0.0137
51.5667,JELLY_B,0.6353,-0.4717,1.00,J_PULSE_CRUISE,13.01,0.0031,0.096,1.4763,3.2725,-3.7003,0.00665,0.00479,0.00212,0.01804,0.1845
51.5667,JELLY_C,0.9221,0.0000,1.00,J_GLIDE,22.40,0.0292,0.194,0.5290,3.9251,-3.7659,0.00231,-0.00053,0.01177,0.02052,-0.0019
51.6000,JELLY_A,0.6114,-0.0263,0.05,J_PAUSE_OPEN,15.58,0.0214,0.000,1.1235,2.4758,-3.4107,0.00641,0.00238,-0.00255,0.03486,0.0123
51.6000,JELLY_B,0.6480,-0.3832,1.00,J_PULSE_CRUISE,13.00,0.0035,0.096,1.4765,3.2727,-3.7003,0.00668,0.00494,0.00216,0.01821,0.1559
51.6000,JELLY_C,0.9352,0.0000,1.00,J_GLIDE,22.35,0.0291,0.194,0.5291,3.9251,-3.7656,0.00235,-0.00049,0.01179,0.02067,-0.0015
51.6333,JELLY_A,0.6219,-0.0234,0.05,J_PAUSE_OPEN,15.54,0.0213,0.000,1.1237,2.4759,-3.4108,0.00641,0.00231,-0.00254,0.03492,0.0109
51.6333,JELLY_B,0.6606,-0.2922,1.00,J_PULSE_CRUISE,13.00,0.0039,0.096,1.4768,3.2728,-3.7002,0.00671,0.00508,0.00219,0.01840,0.1295
51.6333,JELLY_C,0.9483,0.0000,1.00,J_GLIDE,22.30,0.0290,0.194,0.5291,3.9251,-3.7652,0.00239,-0.00046,0.01180,0.02081,-0.0011
51.6667,JELLY_A,0.6324,-0.0205,0.05,J_PAUSE_OPEN,15.50,0.0213,0.000,1.1239,2.4759,-3.4109,0.00640,0.00224,-0.00254,0.03499,0.0096
51.6667,JELLY_B,0.6733,-0.1994,1.00,J_PULSE_CRUISE,12.99,0.0043,0.096,1.4770,3.2730,-3.7001,0.00674,0.00523,0.00222,0.01859,0.1055
51.6667,JELLY_C,0.9615,0.0000,1.00,J_GLIDE,22.25,0.0290,0.194,0.5292,3.9251,-3.7648,0.00243,-0.00044,0.01181,0.02094,-0.0008
51.7000,JELLY_A,0.6430,-0.0174,0.05,J_PAUSE_OPEN,15.46,0.0213,0.000,1.1242,2.4760,-3.4110,0.00639,0.00217,-0.00254,0.03505,0.0084
51.7000,JELLY_B,0.6859,-0.1054,1.00,J_PULSE_CRUISE,12.98,0.0047,0.096,1.4772,3.2732,-3.7001,0.00677,0.00537,0.00226,0.01879,0.0839
51.7000,JELLY_C,0.9746,0.0000,1.00,J_GLIDE,22.20,0.0289,0.194,0.5293,3.9251,-3.7644,0.00246,-0.00042,0.01182,0.02108,-0.0006
51.7333,JELLY_A,0.6535,-0.0143,0.05,J_PAUSE_OPEN,15.42,0.0213,0.000,1.1244,2.4761,-3.4110,0.00638,0.00210,-0.00254,0.03511,0.0072
51.7333,JELLY_B,0.6986,-0.0107,1.00,J_PULSE_CRUISE,12.97,0.0050,0.096,1.4774,3.2734,-3.7000,0.00679,0.00550,0.00229,0.01900,0.0649
51.7333,JELLY_C,0.9877,0.0000,1.00,J_GLIDE,22.14,0.0288,0.194,0.5294,3.9251,-3.7640,0.00250,-0.00041,0.01183,0.02121,-0.0004
51.7667,JELLY_A,0.6641,-0.0111,0.05,J_PAUSE_OPEN,15.38,0.0213,0.000,1.1246,2.4761,-3.4111,0.00638,0.00204,-0.00253,0.03516,0.0062
51.7667,JELLY_B,0.7112,0.0000,1.00,J_GLIDE,12.96,0.0054,0.096,1.4777,3.2736,-3.6999,0.00682,0.00563,0.00232,0.01922,0.0487
51.7667,JELLY_C,0.0008,0.0379,1.00,J_PULSE_CRUISE,22.09,0.0288,0.260,0.5295,3.9250,-3.7636,0.00253,-0.00043,0.01182,0.02134,-0.0002
51.8000,JELLY_A,0.6746,-0.0079,0.05,J_PAUSE_OPEN,15.34,0.0213,0.000,1.1248,2.4762,-3.4112,0.00637,0.00197,-0.00253,0.03522,0.0052
51.8000,JELLY_B,0.7239,0.0000,1.00,J_GLIDE,12.95,0.0058,0.096,1.4779,3.2737,-3.6998,0.00685,0.00576,0.00235,0.01943,0.0352
51.8000,JELLY_C,0.0139,0.6684,1.00,J_PULSE_CRUISE,22.04,0.0297,0.260,0.5295,3.9250,-3.7632,0.00254,-0.00056,0.01178,0.02147,0.0006
51.8333,JELLY_A,0.6851,-0.0046,0.05,J_PAUSE_OPEN,15.29,0.0212,0.000,1.1250,2.4763,-3.4113,0.00636,0.00190,-0.00253,0.03528,0.0043
51.8333,JELLY_B,0.7365,0.0000,1.00,J_GLIDE,12.94,0.0061,0.096,1.4781,3.2739,-3.6997,0.00688,0.00587,0.00238,0.01965,0.0243
51.8333,JELLY_C,0.0270,1.2706,1.00,J_PULSE_CRUISE,21.99,0.0322,0.260,0.5296,3.9250,-3.7628,0.00255,-0.00065,0.01175,0.02160,0.0028
51.8667,JELLY_A,0.6957,-0.0013,0.05,J_PAUSE_OPEN,15.25,0.0212,0.000,1.1252,2.4763,-3.4114,0.00636,0.00184,-0.00252,0.03534,0.0035
51.8667,JELLY_B,0.7492,0.0000,1.00,J_GLIDE,12.93,0.0064,0.096,1.4784,3.2741,-3.6997,0.00690,0.00597,0.00240,0.01987,0.0156
51.8667,JELLY_C,0.0401,1.8189,1.00,J_PULSE_CRUISE,21.94,0.0364,0.260,0.5297,3.9250,-3.7624,0.00258,-0.00070,0.01173,0.02174,0.0082
51.9000,JELLY_A,0.7062,0.0000,0.05,J_PAUSE_OPEN,15.21,0.0212,0.000,1.1254,2.4764,-3.4115,0.00635,0.00177,-0.00252,0.03539,0.0028
51.9000,JELLY_B,0.7618,0.0000,1.00,J_GLIDE,12.92,0.0068,0.096,1.4786,3.2743,-3.6996,0.00692,0.00607,0.00243,0.02009,0.0090
51.9000,JELLY_C,0.0532,2.2904,1.00,J_PULSE_CRUISE,21.88,0.0422,0.260,0.5298,3.9250,-3.7620,0.00261,-0.00068,0.01174,0.02189,0.0187
51.9333,JELLY_A,0.7168,0.0000,0.05,J_PAUSE_OPEN,15.17,0.0212,0.000,1.1256,2.4765,-3.4115,0.00634,0.00171,-0.00252,0.03544,0.0021
51.9333,JELLY_B,0.7745,0.0000,1.00,J_GLIDE,12.90,0.0071,0.096,1.4788,3.2745,-3.6995,0.00695,0.00616,0.00245,0.02030,0.0041
51.9333,JELLY_C,0.0663,2.6651,1.00,J_PULSE_CRUISE,21.82,0.0494,0.260,0.5299,3.9249,-3.7616,0.00266,-0.00060,0.01177,0.02207,0.0361
51.9667,JELLY_A,0.7273,0.0000,0.05,J_PAUSE_OPEN,15.13,0.0211,0.000,1.1259,2.4765,-3.4116,0.00633,0.00164,-0.00251,0.03550,0.0016
51.9667,JELLY_B,0.7871,0.0000,1.00,J_GLIDE,12.89,0.0074,0.096,1.4791,3.2747,-3.6994,0.00697,0.00624,0.00247,0.02051,0.0006
51.9667,JELLY_C,0.0794,2.9271,1.00,J_PULSE_CRUISE,21.75,0.0578,0.260,0.5300,3.9249,-3.7612,0.00272,-0.00047,0.01182,0.02226,0.0621
52.0000,JELLY_A,0.7378,0.0000,0.05,J_PAUSE_OPEN,15.09,0.0211,0.000,1.1261,2.4766,-3.4117,0.00633,0.00158,-0.00251,0.03555,0.0012
52.0000,JELLY_B,0.7998,0.0000,1.00,J_GLIDE,12.87,0.0077,0.096,1.4793,3.2750,-3.6993,0.00699,0.00631,0.00249,0.02072,-0.0018
52.0000,JELLY_C,0.0925,3.0656,1.00,J_PULSE_CRUISE,21.68,0.0667,0.260,0.5301,3.9249,-3.7608,0.00278,-0.00031,0.01188,0.02247,0.0976
52.0333,JELLY_A,0.7484,0.0000,0.05,J_PAUSE_OPEN,15.05,0.0211,0.000,1.1263,2.4766,-3.4118,0.00632,0.00151,-0.00251,0.03560,0.0008
52.0333,JELLY_B,0.8124,0.0000,1.00,J_GLIDE,12.86,0.0079,0.096,1.4795,3.2752,-3.6993,0.00701,0.00638,0.00251,0.02093,-0.0033
52.0333,JELLY_C,0.1056,3.0747,1.00,J_PULSE_CRUISE,21.60,0.0757,0.260,0.5302,3.9249,-3.7604,0.00285,-0.00014,0.01194,0.02269,0.1433
52.0667,JELLY_A,0.7589,0.0000,0.05,J_PAUSE_OPEN,15.01,0.0211,0.000,1.1265,2.4767,-3.4119,0.00631,0.00145,-0.00250,0.03565,0.0005
52.0667,JELLY_B,0.8251,0.0000,1.00,J_GLIDE,12.84,0.0082,0.096,1.4798,3.2754,-3.6992,0.00703,0.00644,0.00252,0.02113,-0.0041
52.0667,JELLY_C,0.1187,2.9541,1.00,J_PULSE_CRUISE,21.52,0.0842,0.260,0.5303,3.9249,-3.7600,0.00291,0.00002,0.01199,0.02293,0.1988
52.1000,JELLY_A,0.7694,0.0000,0.05,J_PAUSE_OPEN,14.97,0.0210,0.000,1.1267,2.4767,-3.4120,0.00630,0.00138,-0.00250,0.03570,0.0003
52.1000,JELLY_B,0.8377,0.0000,1.00,J_GLIDE,12.83,0.0085,0.096,1.4800,3.2756,-3.6991,0.00705,0.00649,0.00254,0.02133,-0.0044
52.1000,JELLY_C,0.1318,2.7089,1.00,J_PULSE_CRUISE,21.44,0.0919,0.260,0.5304,3.9249,-3.7596,0.00297,0.00014,0.01203,0.02319,0.2632
52.1333,JELLY_A,0.7800,0.0000,0.05,J_PAUSE_OPEN,14.93,0.0210,0.000,1.1269,2.4768,-3.4121,0.00630,0.00131,-0.00250,0.03575,0.0001
52.1333,JELLY_B,0.8503,0.0000,1.00,J_GLIDE,12.81,0.0087,0.096,1.4802,3.2758,-3.6990,0.00706,0.00654,0.00255,0.02153,-0.0043
52.1333,JELLY_C,0.1449,2.3494,1.00,J_PULSE_CRUISE,21.35,0.0983,0.260,0.5305,3.9249,-3.7592,0.00302,0.00020,0.01204,0.02347,0.3349
52.1667,JELLY_A,0.7905,0.0000,0.05,J_PAUSE_OPEN,14.89,0.0210,0.000,1.1271,2.4768,-3.4121,0.00629,0.00125,-0.00250,0.03580,-0.0000
52.1667,JELLY_B,0.8630,0.0000,1.00,J_GLIDE,12.80,0.0090,0.096,1.4805,3.2760,-3.6989,0.00708,0.00657,0.00256,0.02172,-0.0041
52.1667,JELLY_C,0.1580,1.8910,1.00,J_PULSE_CRUISE,21.26,0.1030,0.260,0.5306,3.9249,-3.7588,0.00305,0.00020,0.01204,0.02373,0.4119
52.2000,JELLY_A,0.8010,0.0000,0.05,J_PAUSE_OPEN,14.85,0.0209,0.000,1.1273,2.4768,-3.4122,0.00628,0.00118,-0.00249,0.03585,-0.0001
52.2000,JELLY_B,0.8756,0.0000,1.00,J_GLIDE,12.78,0.0092,0.096,1.4807,3.2763,-3.6988,0.00710,0.00661,0.00257,0.02190,-0.0037
52.2000,JELLY_C,0.1711,1.3529,1.00,J_PULSE_CRUISE,21.17,0.1058,0.260,0.5307,3.9249,-3.7584,0.00308,0.00013,0.01202,0.02392,0.4916
52.2333,JELLY_A,0.8116,0.0000,0.05,J_PAUSE_OPEN,14.81,0.0209,0.000,1.1275,2.4769,-3.4123,0.00627,0.00112,-0.00249,0.03589,-0.0002
52.2333,JELLY_B,0.8882,0.0000,1.00,J_GLIDE,12.76,0.0095,0.096,1.4809,3.2765,-3.6987,0.00711,0.00664,0.00258,0.02208,-0.0032
52.2333,JELLY_C,0.1842,0.7579,1.00,J_PULSE_CRUISE,21.08,0.1065,0.260,0.5308,3.9249,-3.7580,0.00309,0.00002,0.01197,0.02404,0.5711
52.2667,JELLY_A,0.8221,0.0000,0.05,J_PAUSE_OPEN,14.77,0.0209,0.000,1.1277,2.4769,-3.4124,0.00626,0.00106,-0.00249,0.03594,-0.0002
52.2667,JELLY_B,0.9009,0.0000,1.00,J_GLIDE,12.74,0.0097,0.096,1.4812,3.2767,-3.6987,0.00712,0.00666,0.00259,0.02226,-0.0027
52.2667,JELLY_C,0.1973,0.1311,1.00,J_PULSE_CRUISE,20.99,0.1050,0.260,0.5309,3.9249,-3.7576,0.00310,-0.00011,0.01193,0.02410,0.6475
52.3000,JELLY_A,0.8326,0.0000,0.05,J_PAUSE_OPEN,14.73,0.0208,0.000,1.1280,2.4769,-3.4125,0.00626,0.00099,-0.00248,0.03598,-0.0002
52.3000,JELLY_B,0.9135,0.0000,1.00,J_GLIDE,12.72,0.0099,0.096,1.4814,3.2769,-3.6986,0.00714,0.00668,0.00260,0.02243,-0.0022
52.3000,JELLY_C,0.2104,-0.0805,1.00,J_PULSE_CRUISE,20.91,0.1022,0.260,0.5310,3.9249,-3.7572,0.00310,-0.00025,0.01188,0.02403,0.7182
52.3333,JELLY_A,0.8432,0.0000,0.05,J_PAUSE_OPEN,14.69,0.0208,0.000,1.1282,2.4770,-3.4125,0.00625,0.00093,-0.00248,0.03603,-0.0002
52.3333,JELLY_B,0.9262,0.0000,1.00,J_GLIDE,12.70,0.0101,0.096,1.4816,3.2771,-3.6985,0.00715,0.00669,0.00260,0.02260,-0.0018
52.3333,JELLY_C,0.2235,-0.1814,1.00,J_PULSE_CRUISE,20.83,0.0995,0.260,0.5311,3.9249,-3.7568,0.00311,-0.00039,0.01183,0.02382,0.7810
52.3667,JELLY_A,0.8537,0.0000,0.05,J_PAUSE_OPEN,14.65,0.0208,0.000,1.1284,2.4770,-3.4126,0.00624,0.00086,-0.00248,0.03607,-0.0002
52.3667,JELLY_B,0.9388,0.0000,1.00,J_GLIDE,12.69,0.0103,0.096,1.4819,3.2774,-3.6984,0.00716,0.00670,0.00261,0.02276,-0.0014
52.3667,JELLY_C,0.2366,-0.2810,1.00,J_PULSE_CRUISE,20.74,0.0969,0.260,0.5312,3.9249,-3.7565,0.00311,-0.00053,0.01178,0.02352,0.8346
52.4000,JELLY_A,0.8642,0.0000,0.05,J_PAUSE_OPEN,14.61,0.0207,0.000,1.1286,2.4770,-3.4127,0.00623,0.00080,-0.00247,0.03611,-0.0002
52.4000,JELLY_B,0.9514,0.0000,1.00,J_GLIDE,12.67,0.0105,0.096,1.4821,3.2776,-3.6983,0.00717,0.00670,0.00261,0.02292,-0.0010
52.4000,JELLY_C,0.2497,-0.3787,1.00,J_PULSE_CRUISE,20.67,0.0944,0.260,0.5313,3.9249,-3.7561,0.00312,-0.00067,0.01173,0.02317,0.8785
52.4333,JELLY_A,0.8748,0.0000,0.05,J_PAUSE_OPEN,14.57,0.0207,0.000,1.1288,2.4771,-3.4128,0.00622,0.00073,-0.00247,0.03615,-0.0002
52.4333,JELLY_B,0.9640,0.0000,1.00,J_GLIDE,12.64,0.0107,0.096,1.4824,3.2778,-3.6982,0.00718,0.00670,0.00262,0.02308,-0.0008
52.4333,JELLY_C,0.2628,-0.4739,1.00,J_PULSE_CRUISE,20.59,0.0920,0.260,0.5314,3.9248,-3.7557,0.00313,-0.00080,0.01169,0.02281,0.9127
52.4667,JELLY_A,0.8853,0.0000,0.05,J_PAUSE_OPEN,14.53,0.0207,0.000,1.1290,2.4771,-3.4129,0.00622,0.00067,-0.00247,0.03620,-0.0002
52.4667,JELLY_B,0.9767,0.0000,1.00,J_GLIDE,12.62,0.0109,0.096,1.4826,3.2780,-3.6981,0.00719,0.00669,0.00262,0.02323,-0.0005
52.4667,JELLY_C,0.2758,-0.5658,1.00,J_PULSE_CRUISE,20.51,0.0896,0.260,0.5315,3.9248,-3.7553,0.00313,-0.00093,0.01164,0.02243,0.9377
52.5000,JELLY_A,0.8958,0.0000,0.05,J_PAUSE_OPEN,14.49,0.0206,0.000,1.1292,2.4771,-3.4130,0.00621,0.00060,-0.00246,0.03624,-0.0002
52.5000,JELLY_B,0.9893,0.0000,1.00,J_GLIDE,12.60,0.0111,0.096,1.4828,3.2783,-3.6981,0.00720,0.00669,0.00262,0.02338,-0.0004
52.5000,JELLY_C,0.2889,-0.6539,1.00,J_PULSE_CRUISE,20.44,0.0873,0.260,0.5316,3.9248,-3.7549,0.00314,-0.00106,0.01160,0.02202,0.9540
52.5333,JELLY_A,0.9064,0.0000,0.05,J_PAUSE_OPEN,14.45,0.0206,0.000,1.1294,2.4771,-3.4130,0.00620,0.00054,-0.00246,0.03628,-0.0001
52.5333,JELLY_B,0.0019,0.0900,1.00,J_SOFT_TURN,12.58,0.0112,0.113,1.4831,3.2785,-3.6980,0.00720,0.00664,0.00261,0.02353,-0.0002
52.5333,JELLY_C,0.3020,-0.7375,1.00,J_PULSE_CRUISE,20.37,0.0850,0.260,0.5317,3.9247,-3.7545,0.00315,-0.00119,0.01155,0.02157,0.9624
52.5667,JELLY_A,0.9169,0.0000,0.05,J_PAUSE_OPEN,14.42,0.0206,0.000,1.1296,2.4771,-3.4131,0.00619,0.00048,-0.00246,0.03632,-0.0001
52.5667,JELLY_B,0.0146,0.6739,1.00,J_SOFT_TURN,12.56,0.0107,0.113,1.4833,3.2787,-3.6979,0.00720,0.00650,0.00259,0.02368,0.0002
52.5667,JELLY_C,0.3151,-0.8162,1.00,J_PULSE_CRUISE,20.30,0.0829,0.260,0.5318,3.9247,-3.7541,0.00315,-0.00132,0.01151,0.02110,0.9637
52.6000,JELLY_A,0.9274,0.0000,0.05,J_PAUSE_OPEN,14.38,0.0205,0.000,1.1298,2.4772,-3.4132,0.00618,0.00041,-0.00246,0.03635,-0.0001
52.6000,JELLY_B,0.0272,1.2313,1.00,J_SOFT_TURN,12.54,0.0092,0.113,1.4836,3.2789,-3.6978,0.00719,0.00638,0.00257,0.02384,0.0017
52.6000,JELLY_C,0.3282,-0.8893,1.00,J_PULSE_CRUISE,20.23,0.0807,0.260,0.5319,3.9247,-3.7537,0.00316,-0.00145,0.01147,0.02061,0.9587
52.6333,JELLY_A,0.9379,0.0000,0.05,J_PAUSE_OPEN,14.34,0.0205,0.000,1.1300,2.4772,-3.4133,0.00617,0.00035,-0.00245,0.03639,-0.0001
52.6333,JELLY_B,0.0398,1.7402,1.00,J_SOFT_TURN,12.53,0.0070,0.113,1.4838,3.2791,-3.6977,0.00720,0.00632,0.00256,0.02400,0.0060
52.6333,JELLY_C,0.3413,-0.9564,1.00,J_PULSE_CRUISE,20.16,0.0787,0.260,0.5320,3.9246,-3.7534,0.00316,-0.00158,0.01142,0.02010,0.9482
52.6667,JELLY_A,0.9485,0.0000,0.05,J_PAUSE_OPEN,14.30,0.0205,0.000,1.1302,2.4772,-3.4134,0.00617,0.00029,-0.00245,0.03643,-0.0001
52.6667,JELLY_B,0.0524,2.1809,1.00,J_SOFT_TURN,12.51,0.0042,0.113,1.4840,3.2793,-3.6976,0.00720,0.00631,0.00256,0.02419,0.0149
52.6667,JELLY_C,0.3544,-1.0170,1.00,J_PULSE_CRUISE,20.10,0.0767,0.260,0.5321,3.9245,-3.7530,0.00317,-0.00170,0.01138,0.01959,0.9328
52.7000,JELLY_A,0.9590,0.0000,0.05,J_PAUSE_OPEN,14.26,0.0204,0.000,1.1304,2.4772,-3.4135,0.00616,0.00022,-0.00245,0.03647,-0.0000
52.7000,JELLY_B,0.0650,2.5359,1.00,J_SOFT_TURN,12.51,0.0019,0.113,1.4843,3.2795,-3.6975,0.00722,0.00637,0.00258,0.02440,0.0301
52.7000,JELLY_C,0.3674,-1.0707,1.00,J_PULSE_CRUISE,20.03,0.0748,0.260,0.5322,3.9245,-3.7526,0.00318,-0.00182,0.01134,0.01907,0.9131
52.7333,JELLY_A,0.9695,0.0000,0.05,J_PAUSE_OPEN,14.22,0.0204,0.000,1.1306,2.4772,-3.4135,0.00615,0.00016,-0.00244,0.03650,-0.0000
52.7333,JELLY_B,0.0777,2.7916,1.00,J_SOFT_TURN,12.51,0.0042,0.113,1.4845,3.2798,-3.6974,0.00724,0.00647,0.00260,0.02463,0.0533
52.7333,JELLY_C,0.3805,-1.1172,1.00,J_PULSE_CRUISE,19.97,0.0729,0.260,0.5323,3.9244,-3.7522,0.00318,-0.00195,0.01130,0.01856,0.8897
52.7667,JELLY_A,0.9800,0.0000,0.05,J_PAUSE_OPEN,14.18,0.0203,0.000,1.1308,2.4772,-3.4136,0.00614,0.00010,-0.00244,0.03654,-0.0000
52.7667,JELLY_B,0.0903,2.9379,1.00,J_SOFT_TURN,12.52,0.0080,0.113,1.4848,3.2800,-3.6974,0.00726,0.00661,0.00263,0.02488,0.0855
52.7667,JELLY_C,0.3936,-1.1562,1.00,J_PULSE_CRUISE,19.91,0.0711,0.260,0.5324,3.9244,-3.7518,0.00319,-0.00207,0.01126,0.01808,0.8630
52.8000,JELLY_A,0.9906,0.0000,0.05,J_PAUSE_OPEN,14.14,0.0203,0.000,1.1311,2.4772,-3.4137,0.00613,0.00003,-0.00244,0.03657,-0.0000
52.8000,JELLY_B,0.1029,2.9692,1.00,J_SOFT_TURN,12.54,0.0120,0.113,1.4850,3.2802,-3.6973,0.00728,0.00676,0.00266,0.02515,0.1273
52.8000,JELLY_C,0.4067,-1.1873,1.00,J_PULSE_CRUISE,19.85,0.0694,0.260,0.5326,3.9243,-3.7515,0.00319,-0.00219,0.01123,0.01764,0.8336
52.8333,JELLY_A,0.0011,0.0427,1.00,J_SOFT_TURN,14.10,0.0202,0.378,1.1313,2.4772,-3.4138,0.00612,-0.00003,-0.00243,0.03661,0.0000
52.8333,JELLY_B,0.1155,2.8842,1.00,J_SOFT_TURN,12.56,0.0159,0.113,1.4852,3.2804,-3.6972,0.00730,0.00690,0.00269,0.02542,0.1786
52.8333,JELLY_C,0.4198,-1.2104,1.00,J_PULSE_CRUISE,19.79,0.0677,0.260,0.5327,3.9242,-3.7511,0.00320,-0.00230,0.01119,0.01727,0.8017
52.8667,JELLY_A,0.0116,0.4502,1.00,J_SOFT_TURN,14.07,0.0183,0.378,1.1315,2.4772,-3.4139,0.00611,-0.00010,-0.00243,0.03664,0.0006
52.8667,JELLY_B,0.1281,2.6865,1.00,J_SOFT_TURN,12.59,0.0194,0.113,1.4855,3.2807,-3.6971,0.00732,0.00701,0.00272,0.02571,0.2387
52.8667,JELLY_C,0.4328,-1.2254,1.00,J_PULSE_CRUISE,19.73,0.0660,0.260,0.5328,3.9241,-3.7507,0.00321,-0.00239,0.01116,0.01695,0.7678
52.9000,JELLY_A,0.0221,0.8454,1.00,J_SOFT_TURN,14.03,0.0139,0.378,1.1317,2.4772,-3.4139,0.00611,-0.00015,-0.00243,0.03668,0.0024
52.9000,JELLY_B,0.1407,2.3838,1.00,J_SOFT_TURN,12.63,0.0224,0.113,1.4857,3.2809,-3.6970,0.00734,0.00707,0.00273,0.02602,0.3063
52.9000,JELLY_C,0.4459,-1.2320,1.00,J_PULSE_CRUISE,19.67,0.0644,0.260,0.5329,3.9240,-3.7504,0.00323,-0.00247,0.01113,0.01670,0.7321
52.9333,JELLY_A,0.0327,1.2175,1.00,J_SOFT_TURN,14.01,0.0079,0.378,1.1319,2.4772,-3.4140,0.00611,-0.00017,-0.00242,0.03673,0.0060
52.9333,JELLY_B,0.1533,1.9880,1.00,J_SOFT_TURN,12.68,0.0247,0.113,1.4860,3.2811,-3.6969,0.00734,0.00707,0.00274,0.02639,0.3797
52.9333,JELLY_C,0.4590,-1.2304,1.00,J_PULSE_CRUISE,19.61,0.0629,0.260,0.5330,3.9240,-3.7500,0.00325,-0.00252,0.01111,0.01651,0.6950
52.9667,JELLY_A,0.0432,1.5563,1.00,J_SOFT_TURN,14.00,0.0057,0.378,1.1321,2.4772,-3.4141,0.00611,-0.00017,-0.00241,0.03679,0.0122
52.9667,JELLY_B,0.1659,1.5145,1.00,J_SOFT_TURN,12.72,0.0262,0.113,1.4862,3.2814,-3.6968,0.00734,0.00701,0.00273,0.02680,0.4568
52.9667,JELLY_C,0.4721,-1.2205,1.00,J_PULSE_CRUISE,19.56,0.0614,0.260,0.5331,3.9239,-3.7496,0.00327,-0.00255,0.01110,0.01637,0.6567
53.0000,JELLY_A,0.0537,1.8527,1.00,J_SOFT_TURN,14.01,0.0145,0.378,1.1323,2.4772,-3.4142,0.00612,-0.00013,-0.00239,0.03688,0.0220
53.0000,JELLY_B,0.1785,0.9821,1.00,J_SOFT_TURN,12.77,0.0268,0.113,1.4865,3.2816,-3.6967,0.00734,0.00690,0.00271,0.02722,0.5349
53.0000,JELLY_C,0.4851,-1.2023,1.00,J_PULSE_CRUISE,19.50,0.0599,0.260,0.5332,3.9238,-3.7492,0.00331,-0.00256,0.01109,0.01628,0.6175
53.0333,JELLY_A,0.0642,2.0986,1.00,J_SOFT_TURN,14.05,0.0263,0.378,1.1325,2.4772,-3.4143,0.00614,-0.00006,-0.00236,0.03701,0.0362
53.0333,JELLY_B,0.1912,0.4114,1.00,J_SOFT_TURN,12.82,0.0266,0.113,1.4867,3.2818,-3.6966,0.00733,0.00676,0.00268,0.02763,0.6114
53.0333,JELLY_C,0.4982,-1.1760,1.00,J_PULSE_CRUISE,19.45,0.0585,0.260,0.5333,3.9237,-3.7489,0.00334,-0.00254,0.01109,0.01622,0.5776
53.0667,JELLY_A,0.0748,2.2872,1.00,J_SOFT_TURN,14.10,0.0394,0.378,1.1327,2.4772,-3.4143,0.00616,0.00004,-0.00234,0.03716,0.0555
53.0667,JELLY_B,0.2038,-0.0280,1.00,J_SOFT_TURN,12.87,0.0254,0.113,1.4870,3.2820,-3.6966,0.00732,0.00661,0.00266,0.02799,0.6837
53.0667,JELLY_C,0.5113,-1.1418,1.00,J_PULSE_CRUISE,19.39,0.0572,0.260,0.5334,3.9236,-3.7485,0.00339,-0.00249,0.01110,0.01620,0.5374
53.1000,JELLY_A,0.0853,2.4135,1.00,J_SOFT_TURN,14.18,0.0531,0.378,1.1329,2.4772,-3.4144,0.00619,0.00016,-0.00230,0.03735,0.0807
53.1000,JELLY_B,0.2164,-0.1219,1.00,J_SOFT_TURN,12.92,0.0242,0.113,1.4872,3.2823,-3.6965,0.00731,0.00646,0.00263,0.02822,0.7492
53.1000,JELLY_C,0.5244,-1.1000,1.00,J_PULSE_CRUISE,19.34,0.0559,0.260,0.5335,3.9235,-3.7481,0.00344,-0.00242,0.01111,0.01621,0.4970
53.1333,JELLY_A,0.0958,2.4740,1.00,J_SOFT_TURN,14.29,0.0670,0.378,1.1331,2.4772,-3.4145,0.00622,0.00030,-0.00227,0.03757,0.1120
53.1333,JELLY_B,0.2290,-0.2149,1.00,J_SOFT_TURN,12.96,0.0229,0.113,1.4874,3.2825,-3.6964,0.00730,0.00631,0.00261,0.02829,0.8066
53.1333,JELLY_C,0.5374,-1.0507,1.00,J_PULSE_CRUISE,19.28,0.0546,0.260,0.5337,3.9235,-3.7478,0.00349,-0.00233,0.01113,0.01624,0.4567
53.1667,JELLY_A,0.1063,2.4670,1.00,J_SOFT_TURN,14.42,0.0806,0.378,1.1333,2.4772,-3.4146,0.00626,0.00044,-0.00223,0.03783,0.1495
53.1667,JELLY_B,0.2416,-0.3065,1.00,J_SOFT_TURN,13.01,0.0218,0.113,1.4877,3.2827,-3.6963,0.00729,0.00617,0.00258,0.02820,0.8549
53.1667,JELLY_C,0.5505,-0.9943,1.00,J_PULSE_CRUISE,19.23,0.0534,0.260,0.5338,3.9234,-3.7474,0.00355,-0.00222,0.01115,0.01630,0.4169
53.2000,JELLY_A,0.1169,2.3928,1.00,J_SOFT_TURN,14.58,0.0935,0.378,1.1335,2.4772,-3.4146,0.00629,0.00057,-0.00220,0.03811,0.1932
53.2000,JELLY_B,0.2542,-0.3962,1.00,J_SOFT_TURN,13.05,0.0206,0.113,1.4879,3.2829,-3.6962,0.00728,0.00602,0.00256,0.02799,0.8940
53.2000,JELLY_C,0.5636,-0.9313,1.00,J_PULSE_CRUISE,19.18,0.0522,0.260,0.5339,3.9233,-3.7470,0.00361,-0.00209,0.01118,0.01638,0.3777
53.2333,JELLY_A,0.1274,2.2534,1.00,J_SOFT_TURN,14.76,0.1052,0.378,1.1337,2.4772,-3.4147,0.00631,0.00068,-0.00217,0.03840,0.2426
53.2333,JELLY_B,0.2668,-0.4834,1.00,J_SOFT_TURN,13.08,0.0195,0.113,1.4882,3.2831,-3.6961,0.00727,0.00588,0.00253,0.02770,0.9241
53.2333,JELLY_C,0.5766,-0.8619,1.00,J_PULSE_CRUISE,19.13,0.0510,0.260,0.5340,3.9233,-3.7466,0.00368,-0.00194,0.01121,0.01648,0.3393
53.2667,JELLY_A,0.1379,2.0526,1.00,J_SOFT_TURN,14.96,0.1155,0.378,1.1339,2.4773,-3.4148,0.00633,0.00076,-0.00214,0.03870,0.2969
53.2667,JELLY_B,0.2793,-0.5676,1.00,J_SOFT_TURN,13.12,0.0184,0.113,1.4884,3.2833,-3.6960,0.00726,0.00575,0.00251,0.02735,0.9457
53.2667,JELLY_C,0.5897,-0.7868,1.00,J_PULSE_CRUISE,19.07,0.0499,0.260,0.5341,3.9232,-3.7463,0.00375,-0.00179,0.01123,0.01659,0.3021
53.3000,JELLY_A,0.1484,1.7959,1.00,J_SOFT_TURN,15.18,0.1238,0.378,1.1341,2.4773,-3.4149,0.00635,0.00081,-0.00212,0.03899,0.3553
53.3000,JELLY_B,0.2919,-0.6481,1.00,J_SOFT_TURN,13.15,0.0173,0.113,1.4887,3.2835,-3.6960,0.00725,0.00561,0.00249,0.02693,0.9594
53.3000,JELLY_C,0.6028,-0.7064,1.00,J_PULSE_CRUISE,19.02,0.0488,0.260,0.5343,3.9231,-3.7459,0.00382,-0.00164,0.01126,0.01672,0.2663
53.3333,JELLY_A,0.1589,1.4902,1.00,J_SOFT_TURN,15.41,0.1301,0.378,1.1344,2.4773,-3.4149,0.00635,0.00082,-0.00210,0.03924,0.4165
53.3333,JELLY_B,0.3045,-0.7246,1.00,J_SOFT_TURN,13.18,0.0163,0.113,1.4889,3.2837,-3.6959,0.00724,0.00547,0.00246,0.02644,0.9660
53.3333,JELLY_C,0.6158,-0.6213,1.00,J_PULSE_CRUISE,18.97,0.0478,0.260,0.5344,3.9231,-3.7455,0.00389,-0.00148,0.01129,0.01686,0.2320
53.3667,JELLY_A,0.1695,1.1440,1.00,J_SOFT_TURN,15.65,0.1340,0.378,1.1346,2.4773,-3.4150,0.00635,0.00081,-0.00208,0.03945,0.4793
53.3667,JELLY_B,0.3171,-0.7965,1.00,J_SOFT_TURN,13.21,0.0153,0.113,1.4891,3.2838,-3.6958,0.00723,0.00534,0.00244,0.02590,0.9661
53.3667,JELLY_C,0.6289,-0.5320,1.00,J_PULSE_CRUISE,18.92,0.0468,0.260,0.5345,3.9230,-3.7451,0.00396,-0.00133,0.01132,0.01701,0.1996
53.4000,JELLY_A,0.1800,0.7666,1.00,J_SOFT_TURN,15.90,0.1353,0.378,1.1348,2.4774,-3.4151,0.00634,0.00076,-0.00208,0.03959,0.5422
53.4000,JELLY_B,0.3297,-0.8634,1.00,J_SOFT_TURN,13.24,0.0143,0.113,1.4894,3.2840,-3.6957,0.00722,0.00521,0.00242,0.02530,0.9604
53.4000,JELLY_C,0.6420,-0.4391,1.00,J_PULSE_CRUISE,18.87,0.0458,0.260,0.5347,3.9230,-3.7448,0.00403,-0.00118,0.01134,0.01717,0.1692
53.4333,JELLY_A,0.1905,0.3683,1.00,J_SOFT_TURN,16.15,0.1341,0.378,1.1350,2.4774,-3.4151,0.00633,0.00070,-0.00207,0.03966,0.6039
53.4333,JELLY_B,0.3423,-0.9249,1.00,J_SOFT_TURN,13.27,0.0134,0.113,1.4896,3.2842,-3.6956,0.00721,0.00508,0.00240,0.02467,0.9497
53.4333,JELLY_C,0.6550,-0.3433,1.00,J_PULSE_CRUISE,18.82,0.0449,0.260,0.5348,3.9230,-3.7444,0.00410,-0.00103,0.01137,0.01734,0.1411
53.4667,JELLY_A,0.2010,-0.0064,1.00,J_SOFT_TURN,16.40,0.1303,0.378,1.1352,2.4774,-3.4152,0.00632,0.00062,-0.00207,0.03966,0.6628
53.4667,JELLY_B,0.3549,-0.9806,1.00,J_SOFT_TURN,13.29,0.0125,0.113,1.4899,3.2843,-3.6955,0.00720,0.00496,0.00238,0.02401,0.9345
53.4667,JELLY_C,0.6681,-0.2451,1.00,J_PULSE_CRUISE,18.77,0.0440,0.260,0.5349,3.9229,-3.7440,0.00417,-0.00089,0.01139,0.01751,0.1153
53.5000,JELLY_A,0.2115,-0.0719,1.00,J_SOFT_TURN,16.64,0.1257,0.378,1.1354,2.4774,-3.4153,0.00631,0.00055,-0.00206,0.03960,0.7179
53.5000,JELLY_B,0.3675,-1.0301,1.00,J_SOFT_TURN,13.31,0.0116,0.113,1.4901,3.2845,-3.6955,0.00719,0.00483,0.00236,0.02332,0.9154
53.5000,JELLY_C,0.6812,-0.1454,1.00,J_PULSE_CRUISE,18.72,0.0431,0.260,0.5351,3.9229,-3.7436,0.00423,-0.00075,0.01141,0.01769,0.0922
53.5333,JELLY_A,0.2221,-0.1370,1.00,J_SOFT_TURN,16.87,0.1214,0.378,1.1356,2.4774,-3.4153,0.00630,0.00048,-0.00206,0.03947,0.7682
53.5333,JELLY_B,0.3801,-1.0732,1.00,J_SOFT_TURN,13.33,0.0108,0.113,1.4903,3.2847,-3.6954,0.00718,0.00471,0.00234,0.02262,0.8928
53.5333,JELLY_C,0.6942,-0.0447,1.00,J_PULSE_CRUISE,18.67,0.0423,0.260,0.5352,3.9229,-3.7433,0.00430,-0.00060,0.01143,0.01786,0.0718
53.5667,JELLY_A,0.2326,-0.2016,1.00,J_SOFT_TURN,17.09,0.1171,0.378,1.1358,2.4775,-3.4154,0.00628,0.00041,-0.00206,0.03930,0.8129
53.5667,JELLY_B,0.3926,-1.1095,1.00,J_SOFT_TURN,13.35,0.0099,0.113,1.4906,3.2848,-3.6953,0.00717,0.00459,0.00232,0.02193,0.8673
53.5667,JELLY_C,0.7073,0.0000,1.00,J_GLIDE,18.63,0.0415,0.260,0.5354,3.9229,-3.7429,0.00437,-0.00046,0.01145,0.01804,0.0542
53.6000,JELLY_A,0.2431,-0.2653,1.00,J_SOFT_TURN,17.31,0.1130,0.378,1.1360,2.4775,-3.4155,0.00627,0.00034,-0.00205,0.03908,0.8516
53.6000,JELLY_B,0.4052,-1.1389,1.00,J_SOFT_TURN,13.37,0.0091,0.113,1.4908,3.2850,-3.6952,0.00716,0.00447,0.00230,0.02126,0.8391
53.6000,JELLY_C,0.7203,0.0000,1.00,J_GLIDE,18.58,0.0407,0.260,0.5355,3.9228,-3.7425,0.00444,-0.00034,0.01146,0.01822,0.0395
53.6333,JELLY_A,0.2536,-0.3278,1.00,J_SOFT_TURN,17.52,0.1089,0.378,1.1363,2.4775,-3.4155,0.00626,0.00026,-0.00205,0.03881,0.8841
53.6333,JELLY_B,0.4178,-1.1612,1.00,J_SOFT_TURN,13.39,0.0084,0.113,1.4911,3.2851,-3.6952,0.00715,0.00436,0.00228,0.02064,0.8087
53.6333,JELLY_C,0.7334,0.0000,1.00,J_GLIDE,18.53,0.0400,0.260,0.5357,3.9228,-3.7421,0.00450,-0.00022,0.01147,0.01840,0.0275
53.6667,JELLY_A,0.2641,-0.3889,1.00,J_SOFT_TURN,17.72,0.1050,0.378,1.1365,2.4775,-3.4156,0.00625,0.00019,-0.00205,0.03850,0.9106
53.6667,JELLY_B,0.4304,-1.1763,1.00,J_SOFT_TURN,13.40,0.0076,0.113,1.4913,3.2853,-3.6951,0.00714,0.00427,0.00227,0.02007,0.7763
53.6667,JELLY_C,0.7465,0.0000,1.00,J_GLIDE,18.48,0.0392,0.260,0.5358,3.9228,-3.7417,0.00456,-0.00011,0.01148,0.01858,0.0180
53.7000,JELLY_A,0.2747,-0.4482,1.00,J_SOFT_TURN,17.91,0.1012,0.378,1.1367,2.4775,-3.4157,0.00623,0.00012,-0.00204,0.03814,0.9311
53.7000,JELLY_B,0.4429,-1.1840,1.00,J_SOFT_TURN,13.41,0.0069,0.113,1.4915,3.2854,-3.6950,0.00714,0.00419,0.00226,0.01956,0.7423
53.7000,JELLY_C,0.7595,0.0000,1.00,J_GLIDE,18.43,0.0386,0.260,0.5360,3.9228,-3.7413,0.00462,-0.00001,0.01149,0.01875,0.0107
53.7333,JELLY_A,0.2852,-0.5057,1.00,J_SOFT_TURN,18.10,0.0975,0.378,1.1369,2.4775,-3.4157,0.00622,0.00005,-0.00204,0.03775,0.9461
53.7333,JELLY_B,0.4555,-1.1843,1.00,J_SOFT_TURN,13.43,0.0062,0.113,1.4918,3.2855,-3.6949,0.00714,0.00413,0.00225,0.01912,0.7068
53.7333,JELLY_C,0.7726,0.0000,1.00,J_GLIDE,18.39,0.0379,0.260,0.5361,3.9228,-3.7410,0.00467,0.00009,0.01149,0.01892,0.0053
53.7667,JELLY_A,0.2957,-0.5609,1.00,J_SOFT_TURN,18.27,0.0939,0.378,1.1371,2.4775,-3.4158,0.00621,-0.00002,-0.00203,0.03731,0.9558
53.7667,JELLY_B,0.4681,-1.1772,1.00,J_SOFT_TURN,13.44,0.0055,0.113,1.4920,3.2857,-3.6949,0.00713,0.00409,0.00225,0.01875,0.6702
53.7667,JELLY_C,0.7856,0.0000,1.00,J_GLIDE,18.34,0.0372,0.260,0.5363,3.9228,-3.7406,0.00473,0.00017,0.01149,0.01909,0.0014
53.8000,JELLY_A,0.3062,-0.6136,1.00,J_SOFT_TURN,18.45,0.0904,0.378,1.1373,2.4775,-3.4159,0.00619,-0.00009,-0.00203,0.03684,0.9606
53.8000,JELLY_B,0.4807,-1.1628,1.00,J_SOFT_TURN,13.45,0.0049,0.113,1.4922,3.2858,-3.6948,0.00714,0.00407,0.00225,0.01844,0.6326
53.8000,JELLY_C,0.7987,0.0000,1.00,J_GLIDE,18.29,0.0366,0.260,0.5364,3.9228,-3.7402,0.00478,0.00025,0.01149,0.01926,-0.0012
53.8333,JELLY_A,0.3167,-0.6637,1.00,J_SOFT_TURN,18.61,0.0870,0.378,1.1375,2.4775,-3.4160,0.00618,-0.00016,-0.00203,0.03634,0.9610
53.8333,JELLY_B,0.4932,-1.1411,1.00,J_SOFT_TURN,13.45,0.0043,0.113,1.4925,3.2859,-3.6947,0.00714,0.00408,0.00226,0.01820,0.5944
53.8333,JELLY_C,0.8118,0.0000,1.00,J_GLIDE,18.24,0.0360,0.260,0.5366,3.9229,-3.7398,0.00483,0.00031,0.01149,0.01942,-0.0029
53.8667,JELLY_A,0.3273,-0.7109,1.00,J_SOFT_TURN,18.77,0.0837,0.378,1.1377,2.4775,-3.4160,0.00617,-0.00023,-0.00202,0.03580,0.9573
53.8667,JELLY_B,0.5058,-1.1124,1.00,J_SOFT_TURN,13.46,0.0037,0.113,1.4927,3.2861,-3.6946,0.00715,0.00411,0.00227,0.01801,0.5557
53.8667,JELLY_C,0.8248,0.0000,1.00,J_GLIDE,18.20,0.0354,0.260,0.5368,3.9229,-3.7394,0.00488,0.00038,0.01148,0.01958,-0.0038
53.9000,JELLY_A,0.3378,-0.7550,1.00,J_SOFT_TURN,18.93,0.0805,0.378,1.1379,2.4775,-3.4161,0.00616,-0.00030,-0.00202,0.03525,0.9500
53.9000,JELLY_B,0.5184,-1.0767,1.00,J_SOFT_TURN,13.46,0.0032,0.113,1.4930,3.2862,-3.6946,0.00716,0.00417,0.00229,0.01788,0.5168
53.9000,JELLY_C,0.8379,0.0000,1.00,J_GLIDE,18.15,0.0349,0.260,0.5369,3.9229,-3.7390,0.00492,0.00043,0.01147,0.01974,-0.0042
53.9333,JELLY_A,0.3483,-0.7958,1.00,J_SOFT_TURN,19.07,0.0774,0.378,1.1381,2.4775,-3.4162,0.00614,-0.00037,-0.00202,0.03468,0.9393
53.9333,JELLY_B,0.5309,-1.0343,1.00,J_SOFT_TURN,13.47,0.0027,0.113,1.4932,3.2864,-3.6945,0.00717,0.00424,0.00231,0.01779,0.4780
53.9333,JELLY_C,0.8509,0.0000,1.00,J_GLIDE,18.10,0.0344,0.260,0.5371,3.9229,-3.7387,0.00497,0.00048,0.01146,0.01989,-0.0042
53.9667,JELLY_A,0.3588,-0.8331,1.00,J_SOFT_TURN,19.22,0.0744,0.378,1.1383,2.4774,-3.4162,0.00613,-0.00043,-0.00201,0.03409,0.9256
53.9667,JELLY_B,0.5435,-0.9855,1.00,J_SOFT_TURN,13.47,0.0024,0.113,1.4934,3.2865,-3.6944,0.00718,0.00434,0.00234,0.01775,0.4393
53.9667,JELLY_C,0.8640,0.0000,1.00,J_GLIDE,18.06,0.0339,0.260,0.5372,3.9229,-3.7383,0.00501,0.00052,0.01145,0.02004,-0.0039
54.0000,JELLY_A,0.3693,-0.8667,1.00,J_SOFT_TURN,19.35,0.0714,0.378,1.1385,2.4774,-3.4163,0.00612,-0.00050,-0.00201,0.03349,0.9093
54.0000,JELLY_B,0.5561,-0.9306,1.00,J_SOFT_TURN,13.47,0.0021,0.113,1.4937,3.2867,-3.6943,0.00720,0.00445,0.00237,0.01775,0.4011
54.0000,JELLY_C,0.8770,0.0000,1.00,J_GLIDE,18.01,0.0334,0.260,0.5374,3.9229,-3.7379,0.00505,0.00055,0.01144,0.02019,-0.0035
54.0333,JELLY_A,0.3799,-0.8966,1.00,J_SOFT_TURN,19.48,0.0685,0.378,1.1387,2.4774,-3.4164,0.00611,-0.00057,-0.00201,0.03288,0.8906
54.0333,JELLY_B,0.5686,-0.8699,1.00,J_SOFT_TURN,13.47,0.0020,0.113,1.4939,3.2868,-3.6942,0.00721,0.00458,0.00240,0.01779,0.3636
54.0333,JELLY_C,0.8901,0.0000,1.00,J_GLIDE,17.96,0.0329,0.260,0.5376,3.9230,-3.7375,0.00509,0.00058,0.01143,0.02033,-0.0031
54.0667,JELLY_A,0.3904,-0.9226,1.00,J_SOFT_TURN,19.61,0.0658,0.378,1.1389,2.4774,-3.4164,0.00609,-0.00064,-0.00200,0.03227,0.8697
54.0667,JELLY_B,0.5812,-0.8038,1.00,J_SOFT_TURN,13.47,0.0020,0.113,1.4942,3.2870,-3.6942,0.00723,0.00472,0.00243,0.01786,0.3270
54.0667,JELLY_C,0.9032,0.0000,1.00,J_GLIDE,17.92,0.0325,0.260,0.5378,3.9230,-3.7371,0.00513,0.00060,0.01141,0.02047,-0.0026
54.1000,JELLY_A,0.4009,-0.9446,1.00,J_SOFT_TURN,19.73,0.0631,0.378,1.1391,2.4774,-3.4165,0.00608,-0.00071,-0.00200,0.03166,0.8469
54.1000,JELLY_B,0.5937,-0.7327,1.00,J_SOFT_TURN,13.47,0.0021,0.113,1.4944,3.2871,-3.6941,0.00725,0.00486,0.00247,0.01796,0.2915
54.1000,JELLY_C,0.9162,0.0000,1.00,J_GLIDE,17.87,0.0320,0.260,0.5379,3.9230,-3.7368,0.00517,0.00061,0.01139,0.02060,-0.0021
54.1333,JELLY_A,0.4114,-0.9624,1.00,J_SOFT_TURN,19.85,0.0604,0.378,1.1393,2.4773,-3.4166,0.00607,-0.00077,-0.00199,0.03107,0.8224
54.1333,JELLY_B,0.6063,-0.6571,1.00,J_SOFT_TURN,13.47,0.0024,0.113,1.4946,3.2873,-3.6940,0.00727,0.00500,0.00250,0.01808,0.2573
54.1333,JELLY_C,0.9293,0.0000,1.00,J_GLIDE,17.83,0.0316,0.260,0.5381,3.9230,-3.7364,0.00520,0.00063,0.01137,0.02073,-0.0017
54.1667,JELLY_A,0.4219,-0.9760,1.00,J_SOFT_TURN,19.96,0.0579,0.378,1.1395,2.4773,-3.4166,0.00606,-0.00083,-0.00199,0.03051,0.7965
54.1667,JELLY_B,0.6188,-0.5775,1.00,J_SOFT_TURN,13.47,0.0027,0.113,1.4949,3.2875,-3.6939,0.00729,0.00515,0.00254,0.01823,0.2247
54.1667,JELLY_C,0.9423,0.0000,1.00,J_GLIDE,17.78,0.0312,0.260,0.5383,3.9230,-3.7360,0.00524,0.00063,0.01135,0.02086,-0.0013
54.2000,JELLY_A,0.4324,-0.9854,1.00,J_SOFT_TURN,20.06,0.0554,0.378,1.1397,2.4773,-3.4167,0.00605,-0.00088,-0.00198,0.02998,0.7692
54.2000,JELLY_B,0.6314,-0.4943,1.00,J_SOFT_TURN,13.46,0.0030,0.113,1.4951,3.2876,-3.6938,0.00730,0.00529,0.00257,0.01839,0.1938
54.2000,JELLY_C,0.9554,0.0000,1.00,J_GLIDE,17.73,0.0308,0.260,0.5384,3.9231,-3.7356,0.00527,0.00063,0.01133,0.02099,-0.0010
54.2333,JELLY_A,0.4430,-0.9904,1.00,J_SOFT_TURN,20.16,0.0530,0.378,1.1399,2.4773,-3.4168,0.00604,-0.00092,-0.00197,0.02949,0.7407
54.2333,JELLY_B,0.6439,-0.4080,1.00,J_SOFT_TURN,13.46,0.0034,0.113,1.4954,3.2878,-3.6937,0.00732,0.00542,0.00261,0.01857,0.1648
54.2333,JELLY_C,0.9684,0.0000,1.00,J_GLIDE,17.69,0.0305,0.260,0.5386,3.9231,-3.7352,0.00530,0.00063,0.01131,0.02112,-0.0007
54.2667,JELLY_A,0.4535,-0.9912,1.00,J_SOFT_TURN,20.26,0.0506,0.378,1.1401,2.4772,-3.4168,0.00604,-0.00096,-0.00196,0.02903,0.7113
54.2667,JELLY_B,0.6565,-0.3193,1.00,J_SOFT_TURN,13.45,0.0038,0.113,1.4956,3.2880,-3.6937,0.00733,0.00556,0.00264,0.01876,0.1379
54.2667,JELLY_C,0.9815,0.0000,1.00,J_GLIDE,17.64,0.0301,0.260,0.5388,3.9231,-3.7349,0.00533,0.00062,0.01128,0.02124,-0.0005
54.3000,JELLY_A,0.4640,-0.9876,1.00,J_SOFT_TURN,20.35,0.0483,0.378,1.1403,2.4772,-3.4169,0.00604,-0.00098,-0.00194,0.02862,0.6810
54.3000,JELLY_B,0.6690,-0.2286,1.00,J_SOFT_TURN,13.44,0.0042,0.113,1.4959,3.2882,-3.6936,0.00735,0.00569,0.00267,0.01897,0.1133
54.3000,JELLY_C,0.9945,0.0000,1.00,J_GLIDE,17.60,0.0298,0.260,0.5390,3.9231,-3.7345,0.00536,0.00061,0.01126,0.02136,-0.0003
54.3333,JELLY_A,0.4745,-0.9797,1.00,J_SOFT_TURN,20.44,0.0461,0.378,1.1405,2.4772,-3.4169,0.00604,-0.00098,-0.00192,0.02824,0.6500
54.3333,JELLY_B,0.6816,-0.1365,1.00,J_SOFT_TURN,13.44,0.0045,0.113,1.4961,3.2884,-3.6935,0.00736,0.00582,0.00271,0.01918,0.0910
54.3333,JELLY_C,0.0076,0.0183,0.05,J_DRIFT_IDLE,17.55,0.0294,0.000,0.5392,3.9231,-3.7341,0.00536,0.00048,0.01121,0.02148,-0.0000
54.3667,JELLY_A,0.4850,-0.9675,1.00,J_SOFT_TURN,20.52,0.0440,0.378,1.1407,2.4771,-3.4170,0.00605,-0.00098,-0.00190,0.02791,0.6185
54.3667,JELLY_B,0.6941,-0.0436,1.00,J_SOFT_TURN,13.43,0.0049,0.113,1.4964,3.2886,-3.6934,0.00738,0.00595,0.00274,0.01939,0.0713
54.3667,JELLY_C,0.0206,0.0490,0.05,J_DRIFT_IDLE,17.51,0.0291,0.000,0.5393,3.9231,-3.7337,0.00535,0.00032,0.01116,0.02159,0.0001
54.4000,JELLY_A,0.4956,-0.9511,1.00,J_SOFT_TURN,20.60,0.0419,0.378,1.1409,2.4771,-3.4171,0.00606,-0.00096,-0.00188,0.02761,0.5865
54.4000,JELLY_B,0.7067,0.0000,1.00,J_GLIDE,13.42,0.0053,0.113,1.4966,3.2888,-3.6933,0.00739,0.00608,0.00277,0.01961,0.0543
54.4000,JELLY_C,0.0337,0.0776,0.05,J_DRIFT_IDLE,17.46,0.0288,0.000,0.5395,3.9232,-3.7334,0.00534,0.00016,0.01111,0.02171,0.0004
54.4333,JELLY_A,0.5061,-0.9306,1.00,J_SOFT_TURN,20.68,0.0398,0.378,1.1411,2.4771,-3.4171,0.00608,-0.00093,-0.00185,0.02735,0.5543
54.4333,JELLY_B,0.7192,0.0000,1.00,J_GLIDE,13.41,0.0057,0.113,1.4968,3.2890,-3.6932,0.00740,0.00619,0.00280,0.01984,0.0399
54.4333,JELLY_C,0.0467,0.1030,0.05,J_DRIFT_IDLE,17.42,0.0286,0.000,0.5397,3.9232,-3.7330,0.00534,0.00001,0.01105,0.02182,0.0007
54.4667,JELLY_A,0.5166,-0.9059,1.00,J_SOFT_TURN,20.75,0.0379,0.378,1.1414,2.4770,-3.4172,0.00609,-0.00088,-0.00181,0.02713,0.5219
54.4667,JELLY_B,0.7318,0.0000,1.00,J_GLIDE,13.40,0.0060,0.113,1.4971,3.2892,-3.6931,0.00741,0.00630,0.00282,0.02006,0.0281
54.4667,JELLY_C,0.0598,0.1241,0.05,J_DRIFT_IDLE,17.37,0.0283,0.000,0.5399,3.9232,-3.7326,0.00533,-0.00014,0.01100,0.02193,0.0014
54.5000,JELLY_A,0.5271,-0.8774,1.00,J_SOFT_TURN,20.82,0.0360,0.378,1.1416,2.4770,-3.4173,0.00611,-0.00083,-0.00178,0.02694,0.4894
54.5000,JELLY_B,0.7443,0.0000,1.00,J_GLIDE,13.39,0.0063,0.113,1.4973,3.2894,-3.6930,0.00742,0.00640,0.00285,0.02028,0.0187
54.5000,JELLY_C,0.0728,0.1400,0.05,J_DRIFT_IDLE,17.33,0.0280,0.000,0.5400,3.9231,-3.7323,0.00532,-0.00029,0.01095,0.02204,0.0024
54.5333,JELLY_A,0.5376,-0.8450,1.00,J_SOFT_TURN,20.89,0.0341,0.378,1.1418,2.4770,-3.4173,0.00614,-0.00076,-0.00174,0.02678,0.4571
54.5333,JELLY_B,0.7568,0.0000,1.00,J_GLIDE,13.37,0.0067,0.113,1.4976,3.2896,-3.6929,0.00743,0.00649,0.00287,0.02050,0.0114
54.5333,JELLY_C,0.0859,0.1500,0.05,J_DRIFT_IDLE,17.28,0.0278,0.000,0.5402,3.9231,-3.7319,0.00532,-0.00044,0.01090,0.02215,0.0039
54.5667,JELLY_A,0.5482,-0.8089,1.00,J_SOFT_TURN,20.95,0.0323,0.378,1.1420,2.4770,-3.4174,0.00617,-0.00068,-0.00170,0.02665,0.4251
54.5667,JELLY_B,0.7694,0.0000,1.00,J_GLIDE,13.36,0.0070,0.113,1.4978,3.2898,-3.6928,0.00744,0.00658,0.00289,0.02072,0.0059
54.5667,JELLY_C,0.0989,0.1537,0.05,J_DRIFT_IDLE,17.24,0.0275,0.000,0.5404,3.9231,-3.7315,0.00531,-0.00058,0.01085,0.02225,0.0058
54.6000,JELLY_A,0.5587,-0.7692,1.00,J_SOFT_TURN,21.01,0.0305,0.378,1.1422,2.4769,-3.4174,0.00620,-0.00059,-0.00165,0.02655,0.3934
54.6000,JELLY_B,0.7819,0.0000,1.00,J_GLIDE,13.35,0.0073,0.113,1.4981,3.2901,-3.6927,0.00744,0.00665,0.00291,0.02094,0.0019
54.6000,JELLY_C,0.1120,0.1510,0.05,J_DRIFT_IDLE,17.19,0.0273,0.000,0.5406,3.9231,-3.7312,0.00530,-0.00073,0.01081,0.02235,0.0083
54.6333,JELLY_A,0.5692,-0.7262,1.00,J_SOFT_TURN,21.06,0.0288,0.378,1.1424,2.4769,-3.4175,0.00623,-0.00049,-0.00160,0.02648,0.3623
54.6333,JELLY_B,0.7944,0.0000,1.00,J_GLIDE,13.33,0.0076,0.113,1.4983,3.2903,-3.6926,0.00745,0.00672,0.00293,0.02116,-0.0009
54.6333,JELLY_C,0.1250,0.1420,0.05,J_DRIFT_IDLE,17.15,0.0271,0.000,0.5408,3.9231,-3.7308,0.00530,-0.00087,0.01076,0.02245,0.0113
54.6667,JELLY_A,0.5797,-0.6801,1.00,J_SOFT_TURN,21.11,0.0272,0.378,1.1426,2.4769,-3.4175,0.00626,-0.00039,-0.00155,0.02643,0.3317
54.6667,JELLY_B,0.8070,0.0000,1.00,J_GLIDE,13.32,0.0079,0.113,1.4986,3.2905,-3.6925,0.00745,0.00678,0.00295,0.02137,-0.0027
54.6667,JELLY_C,0.1381,0.1270,0.05,J_DRIFT_IDLE,17.10,0.0269,0.000,0.5409,3.9230,-3.7305,0.00529,-0.00101,0.01071,0.02255,0.0147
54.7000,JELLY_A,0.5903,-0.6309,1.00,J_SOFT_TURN,21.16,0.0256,0.378,1.1428,2.4769,-3.4176,0.00630,-0.00028,-0.00150,0.02640,0.3020
54.7000,JELLY_B,0.8195,0.0000,1.00,J_GLIDE,13.30,0.0082,0.113,1.4988,3.2907,-3.6924,0.00745,0.00684,0.00296,0.02157,-0.0038
54.7000,JELLY_C,0.1511,0.1067,0.05,J_DRIFT_IDLE,17.06,0.0267,0.000,0.5411,3.9230,-3.7301,0.00529,-0.00115,0.01067,0.02264,0.0184
54.7333,JELLY_A,0.6008,-0.5790,1.00,J_SOFT_TURN,21.21,0.0240,0.378,1.1430,2.4769,-3.4176,0.00633,-0.00017,-0.00145,0.02639,0.2731
54.7333,JELLY_B,0.8320,0.0000,1.00,J_GLIDE,13.29,0.0085,0.113,1.4991,3.2910,-3.6923,0.00746,0.00689,0.00298,0.02177,-0.0043
54.7333,JELLY_C,0.1642,0.0820,0.05,J_DRIFT_IDLE,17.01,0.0265,0.000,0.5413,3.9230,-3.7298,0.00528,-0.00129,0.01062,0.02274,0.0224
54.7667,JELLY_A,0.6113,-0.5246,1.00,J_SOFT_TURN,21.25,0.0225,0.378,1.1432,2.4769,-3.4177,0.00636,-0.00006,-0.00140,0.02640,0.2452
54.7667,JELLY_B,0.8446,0.0000,1.00,J_GLIDE,13.27,0.0088,0.113,1.4993,3.2912,-3.6922,0.00746,0.00693,0.00299,0.02197,-0.0044
54.7667,JELLY_C,0.1773,0.0538,0.05,J_DRIFT_IDLE,16.97,0.0263,0.000,0.5415,3.9229,-3.7294,0.00528,-0.00142,0.01058,0.02283,0.0264
54.8000,JELLY_A,0.6218,-0.4678,1.00,J_SOFT_TURN,21.29,0.0211,0.378,1.1434,2.4769,-3.4177,0.00640,0.00004,-0.00135,0.02643,0.2185
54.8000,JELLY_B,0.8571,0.0000,1.00,J_GLIDE,13.26,0.0090,0.113,1.4996,3.2914,-3.6921,0.00745,0.00696,0.00300,0.02217,-0.0042
54.8000,JELLY_C,0.1903,0.0233,0.05,J_DRIFT_IDLE,16.92,0.0261,0.000,0.5416,3.9229,-3.7290,0.00527,-0.00156,0.01054,0.02292,0.0304
54.8333,JELLY_A,0.6323,-0.4090,1.00,J_SOFT_TURN,21.33,0.0197,0.378,1.1436,2.4769,-3.4178,0.00643,0.00015,-0.00130,0.02647,0.1930
54.8333,JELLY_B,0.8696,0.0000,1.00,J_GLIDE,13.24,0.0093,0.113,1.4998,3.2917,-3.6920,0.00745,0.00700,0.00301,0.02236,-0.0039
54.8333,JELLY_C,0.2034,-0.0013,0.05,J_DRIFT_IDLE,16.88,0.0259,0.000,0.5418,3.9228,-3.7287,0.00527,-0.00169,0.01050,0.02301,0.0341
54.8667,JELLY_A,0.6429,-0.3484,1.00,J_SOFT_TURN,21.36,0.0183,0.378,1.1439,2.4769,-3.4178,0.00646,0.00026,-0.00124,0.02653,0.1688
54.8667,JELLY_B,0.8821,0.0000,1.00,J_GLIDE,13.22,0.0096,0.113,1.5001,3.2919,-3.6919,0.00745,0.00702,0.00302,0.02254,-0.0034
54.8667,JELLY_C,0.2164,-0.0063,0.05,J_DRIFT_IDLE,16.84,0.0257,0.000,0.5420,3.9227,-3.7284,0.00526,-0.00182,0.01045,0.02309,0.0375
54.9000,JELLY_A,0.6534,-0.2863,1.00,J_SOFT_TURN,21.39,0.0170,0.378,1.1441,2.4769,-3.4179,0.00650,0.00036,-0.00119,0.02660,0.1461
54.9000,JELLY_B,0.8946,0.0000,1.00,J_GLIDE,13.20,0.0098,0.113,1.5003,3.2921,-3.6918,0.00745,0.00704,0.00303,0.02272,-0.0029
54.9000,JELLY_C,0.2295,-0.0113,0.05,J_DRIFT_IDLE,16.79,0.0256,0.000,0.5422,3.9227,-3.7280,0.00526,-0.00195,0.01041,0.02318,0.0405
54.9333,JELLY_A,0.6639,-0.2230,1.00,J_SOFT_TURN,21.42,0.0157,0.378,1.1443,2.4769,-3.4179,0.00653,0.00046,-0.00114,0.02668,0.1249
54.9333,JELLY_B,0.9072,0.0000,1.00,J_GLIDE,13.18,0.0100,0.113,1.5006,3.2924,-3.6917,0.00744,0.00705,0.00303,0.02290,-0.0025
54.9333,JELLY_C,0.2425,-0.0162,0.05,J_DRIFT_IDLE,16.75,0.0254,0.000,0.5423,3.9226,-3.7277,0.00525,-0.00208,0.01037,0.02326,0.0430
54.9667,JELLY_A,0.6744,-0.1586,1.00,J_SOFT_TURN,21.45,0.0144,0.378,1.1445,2.4769,-3.4179,0.00656,0.00057,-0.00109,0.02678,0.1054
54.9667,JELLY_B,0.9197,0.0000,1.00,J_GLIDE,13.16,0.0103,0.113,1.5008,3.2926,-3.6916,0.00744,0.00706,0.00304,0.02307,-0.0020
54.9667,JELLY_C,0.2556,-0.0210,0.05,J_DRIFT_IDLE,16.70,0.0253,0.000,0.5425,3.9225,-3.7273,0.00525,-0.00221,0.01033,0.02335,0.0449
55.0000,JELLY_A,0.6850,-0.0936,1.00,J_SOFT_TURN,21.47,0.0133,0.378,1.1447,2.4770,-3.4180,0.00659,0.00067,-0.00103,0.02688,0.0876
55.0000,JELLY_B,0.9322,0.0000,1.00,J_GLIDE,13.14,0.0105,0.113,1.5011,3.2928,-3.6915,0.00743,0.00707,0.00304,0.02324,-0.0016
55.0000,JELLY_C,0.2686,-0.0257,0.05,J_DRIFT_IDLE,16.66,0.0251,0.000,0.5427,3.9225,-3.7270,0.00524,-0.00234,0.01029,0.02343,0.0464
55.0333,JELLY_A,0.6955,-0.0281,1.00,J_SOFT_TURN,21.49,0.0121,0.378,1.1450,2.4770,-3.4180,0.00662,0.00077,-0.00098,0.02698,0.0716
55.0333,JELLY_B,0.9447,0.0000,1.00,J_GLIDE,13.12,0.0107,0.113,1.5013,3.2931,-3.6914,0.00742,0.00707,0.00305,0.02341,-0.0012
55.0333,JELLY_C,0.2817,-0.0302,0.05,J_DRIFT_IDLE,16.61,0.0250,0.000,0.5429,3.9224,-3.7266,0.00524,-0.00246,0.01026,0.02351,0.0475
55.0667,JELLY_A,0.7060,0.0000,1.00,J_GLIDE,21.51,0.0110,0.378,1.1452,2.4770,-3.4180,0.00665,0.00087,-0.00093,0.02710,0.0574
55.0667,JELLY_B,0.9572,0.0000,1.00,J_GLIDE,13.10,0.0109,0.113,1.5016,3.2933,-3.6913,0.00742,0.00707,0.00305,0.02357,-0.0009
55.0667,JELLY_C,0.2947,-0.0345,0.05,J_DRIFT_IDLE,16.57,0.0249,0.000,0.5430,3.9223,-3.7263,0.00524,-0.00259,0.01022,0.02359,0.0481
55.1000,JELLY_A,0.7165,0.0000,1.00,J_GLIDE,21.53,0.0100,0.378,1.1454,2.4770,-3.4181,0.00668,0.00097,-0.00088,0.02722,0.0450
55.1000,JELLY_B,0.9697,0.0000,1.00,J_GLIDE,13.08,0.0111,0.113,1.5018,3.2935,-3.6912,0.00741,0.00706,0.00305,0.02373,-0.0007
55.1000,JELLY_C,0.3078,-0.0385,0.05,J_DRIFT_IDLE,16.53,0.0247,0.000,0.5432,3.9222,-3.7259,0.00523,-0.00271,0.01018,0.02367,0.0483
55.1333,JELLY_A,0.7271,0.0000,1.00,J_GLIDE,21.55,0.0089,0.378,1.1456,2.4771,-3.4181,0.00671,0.00106,-0.00083,0.02734,0.0343
55.1333,JELLY_B,0.9822,0.0000,1.00,J_GLIDE,13.06,0.0113,0.113,1.5021,3.2938,-3.6911,0.00740,0.00705,0.00305,0.02390,-0.0004
55.1333,JELLY_C,0.3208,-0.0423,0.05,J_DRIFT_IDLE,16.48,0.0246,0.000,0.5434,3.9221,-3.7256,0.00523,-0.00283,0.01014,0.02375,0.0483
55.1667,JELLY_A,0.7376,0.0000,1.00,J_GLIDE,21.56,0.0080,0.378,1.1458,2.4771,-3.4181,0.00673,0.00114,-0.00078,0.02747,0.0254
55.1667,JELLY_B,0.9948,0.0000,1.00,J_GLIDE,13.04,0.0115,0.113,1.5023,3.2940,-3.6910,0.00739,0.00703,0.00305,0.02407,-0.0003
55.1667,JELLY_C,0.3339,-0.0459,0.05,J_DRIFT_IDLE,16.44,0.0245,0.000,0.5436,3.9220,-3.7253,0.00522,-0.00295,0.01011,0.02382,0.0479
55.2000,JELLY_A,0.7481,0.0000,1.00,J_GLIDE,21.57,0.0071,0.378,1.1461,2.4772,-3.4181,0.00676,0.00123,-0.00073,0.02760,0.0180
55.2000,JELLY_B,0.0073,0.0168,0.05,J_PAUSE_OPEN,13.02,0.0116,0.000,1.5025,3.2942,-3.6909,0.00737,0.00691,0.00303,0.02424,-0.0002
55.2000,JELLY_C,0.3469,-0.0491,0.05,J_DRIFT_IDLE,16.40,0.0244,0.000,0.5437,3.9219,-3.7249,0.00522,-0.00307,0.01007,0.02390,0.0472
55.2333,JELLY_A,0.7587,0.0000,1.00,J_GLIDE,21.58,0.0063,0.378,1.1463,2.4772,-3.4182,0.00678,0.00130,-0.00068,0.02774,0.0119
55.2333,JELLY_B,0.0198,0.0450,0.05,J_PAUSE_OPEN,13.00,0.0118,0.000,1.5028,3.2945,-3.6908,0.00734,0.00676,0.00300,0.02441,-0.0000
55.2333,JELLY_C,0.3600,-0.0519,0.05,J_DRIFT_IDLE,16.35,0.0243,0.000,0.5439,3.9218,-3.7246,0.00521,-0.00319,0.01004,0.02397,0.0464
55.2667,JELLY_A,0.7692,0.0000,1.00,J_GLIDE,21.59,0.0056,0.378,1.1465,2.4772,-3.4182,0.00680,0.00137,-0.00064,0.02788,0.0072
55.2667,JELLY_B,0.0323,0.0715,0.05,J_PAUSE_OPEN,12.97,0.0120,0.000,1.5030,3.2947,-3.6907,0.00732,0.00661,0.00298,0.02457,0.0001
55.2667,JELLY_C,0.3730,-0.0545,0.05,J_DRIFT_IDLE,16.31,0.0241,0.000,0.5441,3.9217,-3.7243,0.00521,-0.00331,0.01000,0.02405,0.0453
55.3000,JELLY_A,0.7797,0.0000,1.00,J_GLIDE,21.59,0.0050,0.378,1.1467,2.4773,-3.4182,0.00682,0.00144,-0.00059,0.02802,0.0035
55.3000,JELLY_B,0.0448,0.0953,0.05,J_PAUSE_OPEN,12.95,0.0121,0.000,1.5033,3.2949,-3.6906,0.00729,0.00647,0.00295,0.02473,0.0005
55.3000,JELLY_C,0.3861,-0.0566,0.05,J_DRIFT_IDLE,16.26,0.0240,0.000,0.5443,3.9216,-3.7239,0.00521,-0.00343,0.00997,0.02412,0.0440
55.3333,JELLY_A,0.7902,0.0000,1.00,J_GLIDE,21.60,0.0045,0.378,1.1470,2.4773,-3.4182,0.00684,0.00151,-0.00055,0.02816,0.0007
55.3333,JELLY_B,0.0573,0.1153,0.05,J_PAUSE_OPEN,12.93,0.0123,0.000,1.5035,3.2951,-3.6905,0.00727,0.00632,0.00292,0.02488,0.0010
55.3333,JELLY_C,0.3992,-0.0584,0.05,J_DRIFT_IDLE,16.22,0.0239,0.000,0.5444,3.9215,-3.7236,0.00520,-0.00354,0.00993,0.02419,0.0426
55.3667,JELLY_A,0.8008,0.0000,1.00,J_GLIDE,21.60,0.0042,0.378,1.1472,2.4774,-3.4182,0.00685,0.00157,-0.00051,0.02831,-0.0013
55.3667,JELLY_B,0.0698,0.1310,0.05,J_PAUSE_OPEN,12.90,0.0125,0.000,1.5038,3.2953,-3.6904,0.00725,0.00618,0.00290,0.02502,0.0019
55.3667,JELLY_C,0.4122,-0.0598,0.05,J_DRIFT_IDLE,16.18,0.0238,0.000,0.5446,3.9214,-3.7233,0.00520,-0.00366,0.00990,0.02426,0.0411
55.4000,JELLY_A,0.8113,0.0000,1.00,J_GLIDE,21.60,0.0040,0.378,1.1474,2.4774,-3.4183,0.00687,0.00162,-0.00046,0.02845,-0.0027
55.4000,JELLY_B,0.0823,0.1416,0.05,J_PAUSE_OPEN,12.88,0.0126,0.000,1.5040,3.2955,-3.6903,0.00722,0.00604,0.00288,0.02516,0.0032
55.4000,JELLY_C,0.4253,-0.0608,0.05,J_DRIFT_IDLE,16.13,0.0237,0.000,0.5448,3.9212,-3.7229,0.00520,-0.00377,0.00987,0.02432,0.0395
55.4333,JELLY_A,0.8218,0.0000,1.00,J_GLIDE,21.60,0.0041,0.378,1.1477,2.4775,-3.4183,0.00688,0.00168,-0.00042,0.02860,-0.0036
55.4333,JELLY_B,0.0948,0.1467,0.05,J_PAUSE_OPEN,12.86,0.0127,0.000,1.5042,3.2957,-3.6902,0.00720,0.00591,0.00285,0.02529,0.0050
55.4333,JELLY_C,0.4383,-0.0614,0.05,J_DRIFT_IDLE,16.09,0.0237,0.000,0.5449,3.9211,-3.7226,0.00519,-0.00388,0.00984,0.02439,0.0377
55.4667,JELLY_A,0.8324,0.0000,1.00,J_GLIDE,21.59,0.0043,0.378,1.1479,2.4776,-3.4183,0.00689,0.00173,-0.00038,0.02875,-0.0041
55.4667,JELLY_B,0.1073,0.1463,0.05,J_PAUSE_OPEN,12.83,0.0129,0.000,1.5045,3.2959,-3.6901,0.00717,0.00577,0.00283,0.02542,0.0072
55.4667,JELLY_C,0.4514,-0.0615,0.05,J_DRIFT_IDLE,16.05,0.0236,0.000,0.5451,3.9210,-3.7223,0.00519,-0.00399,0.00980,0.02445,0.0359
55.5000,JELLY_A,0.8429,0.0000,1.00,J_GLIDE,21.59,0.0046,0.378,1.1481,2.4776,-3.4183,0.00690,0.00177,-0.00034,0.02890,-0.0043
55.5000,JELLY_B,0.1198,0.1402,0.05,J_PAUSE_OPEN,12.81,0.0130,0.000,1.5047,3.2961,-3.6900,0.00715,0.00564,0.00281,0.02554,0.0099
55.5000,JELLY_C,0.4644,-0.0613,0.05,J_DRIFT_IDLE,16.01,0.0235,0.000,0.5453,3.9208,-3.7220,0.00519,-0.00410,0.00977,0.02451,0.0340
55.5333,JELLY_A,0.8534,0.0000,1.00,J_GLIDE,21.58,0.0050,0.378,1.1484,2.4777,-3.4183,0.00691,0.00181,-0.00030,0.02905,-0.0042
55.5333,JELLY_B,0.1323,0.1287,0.05,J_PAUSE_OPEN,12.78,0.0131,0.000,1.5050,3.2963,-3.6900,0.00713,0.00551,0.00278,0.02566,0.0130
55.5333,JELLY_C,0.4775,-0.0606,0.05,J_DRIFT_IDLE,15.96,0.0234,0.000,0.5455,3.9207,-3.7216,0.00519,-0.00420,0.00974,0.02457,0.0321
55.5667,JELLY_A,0.8640,0.0000,1.00,J_GLIDE,21.58,0.0055,0.378,1.1486,2.4777,-3.4183,0.00692,0.00185,-0.00027,0.02920,-0.0040
55.5667,JELLY_B,0.1448,0.1123,0.05,J_PAUSE_OPEN,12.76,0.0132,0.000,1.5052,3.2965,-3.6899,0.00711,0.00538,0.00276,0.02578,0.0165
55.5667,JELLY_C,0.4906,-0.0596,0.05,J_DRIFT_IDLE,15.92,0.0233,0.000,0.5456,3.9206,-3.7213,0.00518,-0.00431,0.00971,0.02462,0.0301
55.6000,JELLY_A,0.8745,0.0000,1.00,J_GLIDE,21.57,0.0060,0.378,1.1488,2.4778,-3.4183,0.00693,0.00189,-0.00023,0.02934,-0.0037
55.6000,JELLY_B,0.1573,0.0916,0.05,J_PAUSE_OPEN,12.73,0.0134,0.000,1.5054,3.2967,-3.6898,0.00708,0.00525,0.00274,0.02589,0.0202
55.6000,JELLY_C,0.5036,-0.0581,0.05,J_DRIFT_IDLE,15.88,0.0232,0.000,0.5458,3.9204,-3.7210,0.00518,-0.00441,0.00968,0.02468,0.0281
55.6333,JELLY_A,0.8851,0.0000,1.00,J_GLIDE,21.56,0.0066,0.378,1.1490,2.4779,-3.4183,0.00693,0.00192,-0.00019,0.02949,-0.0034
55.6333,JELLY_B,0.1697,0.0673,0.05,J_PAUSE_OPEN,12.71,0.0135,0.000,1.5057,3.2968,-3.6897,0.00706,0.00513,0.00272,0.02600,0.0240
55.6333,JELLY_C,0.5167,-0.0562,0.05,J_DRIFT_IDLE,15.83,0.0231,0.000,0.5460,3.9203,-3.7207,0.00518,-0.00451,0.00966,0.02473,0.0261
55.6667,JELLY_A,0.8956,0.0000,1.00,J_GLIDE,21.55,0.0071,0.378,1.1493,2.4779,-3.4183,0.00694,0.00195,-0.00016,0.02964,-0.0030
55.6667,JELLY_B,0.1822,0.0405,0.05,J_PAUSE_OPEN,12.68,0.0136,0.000,1.5059,3.2970,-3.6896,0.00704,0.00500,0.00270,0.02611,0.0279
55.6667,JELLY_C,0.5298,-0.0540,0.05,J_DRIFT_IDLE,15.79,0.0231,0.000,0.5462,3.9201,-3.7203,0.00518,-0.00461,0.00963,0.02478,0.0241
55.7000,JELLY_A,0.9061,0.0000,1.00,J_GLIDE,21.53,0.0077,0.378,1.1495,2.4780,-3.4183,0.00694,0.00197,-0.00013,0.02979,-0.0026
55.7000,JELLY_B,0.1947,0.0122,0.05,J_PAUSE_OPEN,12.65,0.0137,0.000,1.5061,3.2972,-3.6895,0.00702,0.00488,0.00268,0.02622,0.0316
55.7000,JELLY_C,0.5428,-0.0514,0.05,J_DRIFT_IDLE,15.75,0.0230,0.000,0.5463,3.9200,-3.7200,0.00518,-0.00470,0.00960,0.02483,0.0221
55.7333,JELLY_A,0.9167,0.0000,1.00,J_GLIDE,21.52,0.0082,0.378,1.1497,2.4781,-3.4183,0.00695,0.00200,-0.00009,0.02994,-0.0022
55.7333,JELLY_B,0.2072,-0.0027,0.05,J_PAUSE_OPEN,12.63,0.0138,0.000,1.5064,3.2973,-3.6894,0.00700,0.00476,0.00266,0.02633,0.0351
55.7333,JELLY_C,0.5559,-0.0484,0.05,J_DRIFT_IDLE,15.71,0.0229,0.000,0.5465,3.9198,-3.7197,0.00518,-0.00480,0.00957,0.02488,0.0201
55.7667,JELLY_A,0.9272,0.0000,1.00,J_GLIDE,21.51,0.0088,0.378,1.1500,2.4781,-3.4183,0.00695,0.00202,-0.00006,0.03008,-0.0018
55.7667,JELLY_B,0.2197,-0.0073,0.05,J_PAUSE_OPEN,12.60,0.0139,0.000,1.5066,3.2975,-3.6893,0.00697,0.00464,0.00264,0.02643,0.0383
55.7667,JELLY_C,0.5689,-0.0452,0.05,J_DRIFT_IDLE,15.66,0.0228,0.000,0.5467,3.9196,-3.7194,0.00518,-0.00489,0.00955,0.02493,0.0181
55.8000,JELLY_A,0.9377,0.0000,1.00,J_GLIDE,21.49,0.0093,0.378,1.1502,2.4782,-3.4183,0.00695,0.00203,-0.00003,0.03023,-0.0015
55.8000,JELLY_B,0.2322,-0.0118,0.05,J_PAUSE_OPEN,12.57,0.0140,0.000,1.5068,3.2976,-3.6892,0.00695,0.00452,0.00262,0.02653,0.0410
55.8000,JELLY_C,0.5820,-0.0416,0.05,J_DRIFT_IDLE,15.62,0.0228,0.000,0.5468,3.9195,-3.7191,0.00518,-0.00498,0.00952,0.02497,0.0162
55.8333,JELLY_A,0.9483,0.0000,1.00,J_GLIDE,21.47,0.0099,0.378,1.1504,2.4783,-3.4183,0.00695,0.00205,0.00000,0.03037,-0.0012
55.8333,JELLY_B,0.2447,-0.0163,0.05,J_PAUSE_OPEN,12.55,0.0141,0.000,1.5071,3.2978,-3.6891,0.00693,0.00441,0.00260,0.02663,0.0433
55.8333,JELLY_C,0.5951,-0.0377,0.05,J_DRIFT_IDLE,15.58,0.0227,0.000,0.5470,3.9193,-3.7187,0.00518,-0.00508,0.00949,0.02502,0.0144
55.8667,JELLY_A,0.9588,0.0000,1.00,J_GLIDE,21.45,0.0104,0.378,1.1507,2.4783,-3.4183,0.00695,0.00206,0.00004,0.03051,-0.0009
55.8667,JELLY_B,0.2571,-0.0207,0.05,J_PAUSE_OPEN,12.52,0.0141,0.000,1.5073,3.2979,-3.6891,0.00691,0.00429,0.00258,0.02673,0.0451
55.8667,JELLY_C,0.6081,-0.0336,0.05,J_DRIFT_IDLE,15.54,0.0226,0.000,0.5472,3.9191,-3.7184,0.00518,-0.00517,0.00947,0.02506,0.0126
55.9000,JELLY_A,0.9694,0.0000,1.00,J_GLIDE,21.43,0.0109,0.378,1.1509,2.4784,-3.4183,0.00694,0.00207,0.00007,0.03065,-0.0007
55.9000,JELLY_B,0.2696,-0.0249,0.05,J_PAUSE_OPEN,12.49,0.0142,0.000,1.5075,3.2981,-3.6890,0.00689,0.00418,0.00256,0.02683,0.0465
55.9000,JELLY_C,0.6212,-0.0293,0.05,J_DRIFT_IDLE,15.49,0.0226,0.000,0.5474,3.9190,-3.7181,0.00518,-0.00526,0.00944,0.02510,0.0109
55.9333,JELLY_A,0.9799,0.0000,1.00,J_GLIDE,21.41,0.0114,0.378,1.1511,2.4785,-3.4183,0.00694,0.00207,0.00009,0.03079,-0.0005
55.9333,JELLY_B,0.2821,-0.0290,0.05,J_PAUSE_OPEN,12.47,0.0143,0.000,1.5078,3.2982,-3.6889,0.00687,0.00407,0.00254,0.02693,0.0475
55.9333,JELLY_C,0.6343,-0.0247,0.05,J_DRIFT_IDLE,15.45,0.0225,0.000,0.5475,3.9188,-3.7178,0.00518,-0.00535,0.00942,0.02514,0.0093
55.9667,JELLY_A,0.9905,0.0000,1.00,J_GLIDE,21.39,0.0119,0.378,1.1514,2.4785,-3.4183,0.00694,0.00208,0.00012,0.03093,-0.0003
55.9667,JELLY_B,0.2946,-0.0329,0.05,J_PAUSE_OPEN,12.44,0.0144,0.000,1.5080,3.2983,-3.6888,0.00685,0.00396,0.00253,0.02703,0.0481
55.9667,JELLY_C,0.6474,-0.0200,0.05,J_DRIFT_IDLE,15.41,0.0224,0.000,0.5477,3.9186,-3.7175,0.00518,-0.00543,0.00939,0.02518,0.0079
56.0000,JELLY_A,0.0010,0.0394,1.00,J_PULSE_CRUISE,21.37,0.0123,0.455,1.1516,2.4786,-3.4183,0.00692,0.00206,0.00014,0.03106,0.0001
56.0000,JELLY_B,0.3071,-0.0366,0.05,J_PAUSE_OPEN,12.41,0.0144,0.000,1.5082,3.2985,-3.6887,0.00683,0.00385,0.00251,0.02713,0.0484
56.0000,JELLY_C,0.6604,-0.0152,0.05,J_DRIFT_IDLE,15.37,0.0224,0.000,0.5479,3.9184,-3.7172,0.00518,-0.00552,0.00937,0.02522,0.0065
56.0333,JELLY_A,0.0116,0.4486,1.00,J_PULSE_CRUISE,21.35,0.0105,0.455,1.1518,2.4787,-3.4183,0.00689,0.00197,0.00015,0.03120,0.0012
56.0333,JELLY_B,0.3195,-0.0401,0.05,J_PAUSE_OPEN,12.38,0.0145,0.000,1.5084,3.2986,-3.6886,0.00681,0.00374,0.00249,0.02722,0.0483
56.0333,JELLY_C,0.6735,-0.0102,0.05,J_DRIFT_IDLE,15.33,0.0223,0.000,0.5481,3.9182,-3.7169,0.00518,-0.00561,0.00934,0.02525,0.0052
56.0667,JELLY_A,0.0221,0.8457,1.00,J_PULSE_CRUISE,21.33,0.0058,0.455,1.1520,2.4787,-3.4183,0.00687,0.00190,0.00016,0.03133,0.0037
56.0667,JELLY_B,0.3320,-0.0434,0.05,J_PAUSE_OPEN,12.36,0.0146,0.000,1.5087,3.2987,-3.6886,0.00679,0.00363,0.00248,0.02732,0.0480
56.0667,JELLY_C,0.6866,-0.0052,0.05,J_DRIFT_IDLE,15.29,0.0222,0.000,0.5482,3.9180,-3.7166,0.00518,-0.00570,0.00932,0.02529,0.0041
56.1000,JELLY_A,0.0327,1.2198,1.00,J_PULSE_CRUISE,21.33,0.0037,0.455,1.1523,2.4788,-3.4183,0.00685,0.00185,0.00017,0.03148,0.0081
56.1000,JELLY_B,0.3445,-0.0463,0.05,J_PAUSE_OPEN,12.33,0.0146,0.000,1.5089,3.2988,-3.6885,0.00677,0.00353,0.00246,0.02741,0.0474
56.1000,JELLY_C,0.6996,-0.0001,0.05,J_DRIFT_IDLE,15.24,0.0222,0.000,0.5484,3.9178,-3.7162,0.00518,-0.00579,0.00929,0.02532,0.0032
56.1333,JELLY_A,0.0432,1.5605,1.00,J_PULSE_CRUISE,21.34,0.0132,0.455,1.1525,2.4789,-3.4183,0.00684,0.00182,0.00019,0.03164,0.0152
56.1333,JELLY_B,0.3569,-0.0490,0.05,J_PAUSE_OPEN,12.30,0.0147,0.000,1.5091,3.2989,-3.6884,0.00675,0.00342,0.00244,0.02751,0.0466
56.1333,JELLY_C,0.7127,0.0000,0.05,J_DRIFT_IDLE,15.20,0.0221,0.000,0.5486,3.9177,-3.7159,0.00518,-0.00587,0.00927,0.02536,0.0023
56.1667,JELLY_A,0.0538,1.8585,1.00,J_PULSE_CRUISE,21.37,0.0256,0.455,1.1527,2.4789,-3.4183,0.00683,0.00184,0.00022,0.03181,0.0258
56.1667,JELLY_B,0.3694,-0.0514,0.05,J_PAUSE_OPEN,12.27,0.0147,0.000,1.5093,3.2991,-3.6883,0.00673,0.00332,0.00243,0.02760,0.0456
56.1667,JELLY_C,0.7258,0.0000,0.05,J_DRIFT_IDLE,15.16,0.0220,0.000,0.5487,3.9175,-3.7156,0.00518,-0.00596,0.00924,0.02539,0.0017
56.2000,JELLY_A,0.0643,2.1057,1.00,J_PULSE_CRUISE,21.43,0.0397,0.455,1.1530,2.4790,-3.4183,0.00684,0.00188,0.00026,0.03201,0.0408
56.2000,JELLY_B,0.3819,-0.0535,0.05,J_PAUSE_OPEN,12.24,0.0148,0.000,1.5096,3.2992,-3.6882,0.00671,0.00322,0.00241,0.02769,0.0445
56.2000,JELLY_C,0.7389,0.0000,0.05,J_DRIFT_IDLE,15.12,0.0220,0.000,0.5489,3.9173,-3.7153,0.00518,-0.00605,0.00922,0.02542,0.0011
56.2333,JELLY_A,0.0749,2.2953,1.00,J_PULSE_CRUISE,21.52,0.0551,0.455,1.1532,2.4790,-3.4183,0.00685,0.00195,0.00031,0.03223,0.0609
56.2333,JELLY_B,0.3944,-0.0552,0.05,J_PAUSE_OPEN,12.22,0.0148,0.000,1.5098,3.2993,-3.6881,0.00669,0.00312,0.00240,0.02779,0.0432
56.2333,JELLY_C,0.7520,0.0000,0.05,J_DRIFT_IDLE,15.08,0.0219,0.000,0.5491,3.9171,-3.7150,0.00518,-0.00613,0.00920,0.02545,0.0007
56.2667,JELLY_A,0.0854,2.4220,1.00,J_PULSE_CRUISE,21.63,0.0713,0.455,1.1534,2.4791,-3.4183,0.00687,0.00205,0.00036,0.03247,0.0866
56.2667,JELLY_B,0.4068,-0.0566,0.05,J_PAUSE_OPEN,12.19,0.0149,0.000,1.5100,3.2994,-3.6881,0.00667,0.00302,0.00238,0.02788,0.0418
56.2667,JELLY_C,0.7650,0.0000,0.05,J_DRIFT_IDLE,15.04,0.0219,0.000,0.5493,3.9168,-3.7147,0.00517,-0.00622,0.00917,0.02548,0.0004
56.3000,JELLY_A,0.0960,2.4822,1.00,J_PULSE_CRUISE,21.78,0.0876,0.455,1.1536,2.4792,-3.4183,0.00690,0.00215,0.00042,0.03274,0.1184
56.3000,JELLY_B,0.4193,-0.0577,0.05,J_PAUSE_OPEN,12.16,0.0149,0.000,1.5102,3.2995,-3.6880,0.00665,0.00292,0.00237,0.02798,0.0403
56.3000,JELLY_C,0.7781,0.0000,0.05,J_DRIFT_IDLE,15.00,0.0218,0.000,0.5494,3.9166,-3.7144,0.00517,-0.00631,0.00915,0.02551,0.0001
56.3333,JELLY_A,0.1065,2.4744,1.00,J_PULSE_CRUISE,21.96,0.1036,0.455,1.1539,2.4793,-3.4182,0.00692,0.00226,0.00047,0.03303,0.1563
56.3333,JELLY_B,0.4318,-0.0584,0.05,J_PAUSE_OPEN,12.13,0.0150,0.000,1.5105,3.2996,-3.6879,0.00663,0.00282,0.00235,0.02807,0.0387
56.3333,JELLY_C,0.7912,0.0000,0.05,J_DRIFT_IDLE,14.95,0.0217,0.000,0.5496,3.9164,-3.7141,0.00517,-0.00639,0.00913,0.02554,-0.0000
56.3667,JELLY_A,0.1171,2.3987,1.00,J_PULSE_CRUISE,22.17,0.1187,0.455,1.1541,2.4793,-3.4182,0.00694,0.00236,0.00053,0.03333,0.2001
56.3667,JELLY_B,0.4442,-0.0587,0.05,J_PAUSE_OPEN,12.10,0.0150,0.000,1.5107,3.2997,-3.6878,0.00662,0.00273,0.00234,0.02817,0.0370
56.3667,JELLY_C,0.8043,0.0000,0.05,J_DRIFT_IDLE,14.91,0.0217,0.000,0.5498,3.9162,-3.7138,0.00517,-0.00648,0.00910,0.02557,-0.0001
56.4000,JELLY_A,0.1276,2.2571,1.00,J_PULSE_CRUISE,22.40,0.1324,0.455,1.1543,2.4794,-3.4182,0.00696,0.00244,0.00058,0.03366,0.2494
56.4000,JELLY_B,0.4567,-0.0587,0.05,J_PAUSE_OPEN,12.07,0.0151,0.000,1.5109,3.2997,-3.6878,0.00660,0.00263,0.00233,0.02826,0.0352
56.4000,JELLY_C,0.8174,0.0000,0.05,J_DRIFT_IDLE,14.87,0.0216,0.000,0.5500,3.9160,-3.7135,0.00517,-0.00657,0.00908,0.02559,-0.0002
56.4333,JELLY_A,0.1382,2.0536,1.00,J_PULSE_CRUISE,22.66,0.1443,0.455,1.1546,2.4795,-3.4182,0.00697,0.00249,0.00063,0.03399,0.3035
56.4333,JELLY_B,0.4691,-0.0583,0.05,J_PAUSE_OPEN,12.04,0.0151,0.000,1.5111,3.2998,-3.6877,0.00658,0.00254,0.00231,0.02836,0.0334
56.4333,JELLY_C,0.8305,0.0000,0.05,J_DRIFT_IDLE,14.83,0.0216,0.000,0.5501,3.9158,-3.7132,0.00517,-0.00665,0.00906,0.02562,-0.0002
56.4667,JELLY_A,0.1488,1.7935,1.00,J_PULSE_CRUISE,22.95,0.1539,0.455,1.1548,2.4796,-3.4182,0.00697,0.00252,0.00066,0.03432,0.3615
56.4667,JELLY_B,0.4816,-0.0576,0.05,J_PAUSE_OPEN,12.02,0.0151,0.000,1.5113,3.2999,-3.6876,0.00656,0.00245,0.00230,0.02845,0.0315
56.4667,JELLY_C,0.8435,0.0000,0.05,J_DRIFT_IDLE,14.79,0.0215,0.000,0.5503,3.9155,-3.7129,0.00517,-0.00674,0.00903,0.02564,-0.0002
56.5000,JELLY_A,0.1593,1.4841,1.00,J_PULSE_CRUISE,23.25,0.1610,0.455,1.1550,2.4797,-3.4181,0.00696,0.00250,0.00069,0.03464,0.4221
56.5000,JELLY_B,0.4941,-0.0565,0.05,J_PAUSE_OPEN,11.99,0.0152,0.000,1.5116,3.3000,-3.6875,0.00654,0.00237,0.00229,0.02854,0.0296
56.5000,JELLY_C,0.8566,0.0000,0.05,J_DRIFT_IDLE,14.75,0.0215,0.000,0.5505,3.9153,-3.7126,0.00517,-0.00683,0.00901,0.02567,-0.0002
56.5333,JELLY_A,0.1699,1.1339,1.00,J_PULSE_CRUISE,23.56,0.1652,0.455,1.1553,2.4797,-3.4181,0.00694,0.00246,0.00071,0.03495,0.4842
56.5333,JELLY_B,0.5065,-0.0550,0.05,J_PAUSE_OPEN,11.96,0.0152,0.000,1.5118,3.3001,-3.6874,0.00653,0.00228,0.00228,0.02863,0.0277
56.5333,JELLY_C,0.8697,0.0000,0.05,J_DRIFT_IDLE,14.71,0.0214,0.000,0.5506,3.9151,-3.7123,0.00517,-0.00691,0.00899,0.02569,-0.0002
56.5667,JELLY_A,0.1805,0.7523,1.00,J_PULSE_CRUISE,23.87,0.1664,0.455,1.1555,2.4798,-3.4181,0.00691,0.00239,0.00071,0.03523,0.5463
56.5667,JELLY_B,0.5190,-0.0533,0.05,J_PAUSE_OPEN,11.93,0.0152,0.000,1.5120,3.3001,-3.6874,0.00651,0.00220,0.00226,0.02872,0.0258
56.5667,JELLY_C,0.8828,0.0000,0.05,J_DRIFT_IDLE,14.67,0.0214,0.000,0.5508,3.9149,-3.7120,0.00517,-0.00700,0.00896,0.02571,-0.0002
56.6000,JELLY_A,0.1910,0.3500,1.00,J_PULSE_CRUISE,24.19,0.1645,0.455,1.1557,2.4799,-3.4181,0.00688,0.00230,0.00072,0.03547,0.6069
56.6000,JELLY_B,0.5314,-0.0512,0.05,J_PAUSE_OPEN,11.90,0.0152,0.000,1.5122,3.3002,-3.6873,0.00649,0.00212,0.00225,0.02880,0.0238
56.6000,JELLY_C,0.8959,0.0000,0.05,J_DRIFT_IDLE,14.63,0.0213,0.000,0.5510,3.9146,-3.7117,0.00517,-0.00709,0.00894,0.02573,-0.0001
56.6333,JELLY_A,0.2016,-0.0099,1.00,J_PULSE_CRUISE,24.50,0.1595,0.455,1.1560,2.4800,-3.4181,0.00684,0.00221,0.00072,0.03563,0.6649
56.6333,JELLY_B,0.5439,-0.0488,0.05,J_PAUSE_OPEN,11.87,0.0153,0.000,1.5124,3.3003,-3.6872,0.00648,0.00204,0.00224,0.02889,0.0219
56.6333,JELLY_C,0.9090,0.0000,0.05,J_DRIFT_IDLE,14.59,0.0212,0.000,0.5512,3.9144,-3.7114,0.00516,-0.00717,0.00892,0.02576,-0.0001
56.6667,JELLY_A,0.2122,-0.0760,1.00,J_PULSE_CRUISE,24.80,0.1538,0.455,1.1562,2.4801,-3.4180,0.00681,0.00211,0.00072,0.03573,0.7191
56.6667,JELLY_B,0.5564,-0.0461,0.05,J_PAUSE_OPEN,11.84,0.0153,0.000,1.5126,3.3004,-3.6871,0.00646,0.00196,0.00223,0.02898,0.0200
56.6667,JELLY_C,0.9221,0.0000,0.05,J_DRIFT_IDLE,14.55,0.0212,0.000,0.5513,3.9141,-3.7111,0.00516,-0.00726,0.00889,0.02578,-0.0001
56.7000,JELLY_A,0.2227,-0.1418,1.00,J_PULSE_CRUISE,25.09,0.1482,0.455,1.1564,2.4801,-3.4180,0.00677,0.00202,0.00072,0.03576,0.7686
56.7000,JELLY_B,0.5688,-0.0431,0.05,J_PAUSE_OPEN,11.81,0.0153,0.000,1.5129,3.3004,-3.6871,0.00644,0.00188,0.00222,0.02906,0.0182
56.7000,JELLY_C,0.9352,0.0000,0.05,J_DRIFT_IDLE,14.51,0.0211,0.000,0.5515,3.9139,-3.7108,0.00516,-0.00735,0.00887,0.02580,-0.0001
56.7333,JELLY_A,0.2333,-0.2070,1.00,J_PULSE_CRUISE,25.37,0.1429,0.455,1.1566,2.4802,-3.4180,0.00674,0.00193,0.00073,0.03572,0.8127
56.7333,JELLY_B,0.5813,-0.0398,0.05,J_PAUSE_OPEN,11.78,0.0153,0.000,1.5131,3.3005,-3.6870,0.00643,0.00180,0.00221,0.02914,0.0163
56.7333,JELLY_C,0.9483,0.0000,0.05,J_DRIFT_IDLE,14.47,0.0211,0.000,0.5517,3.9137,-3.7105,0.00516,-0.00743,0.00885,0.02582,-0.0001
56.7667,JELLY_A,0.2439,-0.2712,1.00,J_PULSE_CRUISE,25.64,0.1376,0.455,1.1569,2.4802,-3.4180,0.00670,0.00184,0.00073,0.03563,0.8508
56.7667,JELLY_B,0.5937,-0.0363,0.05,J_PAUSE_OPEN,11.75,0.0153,0.000,1.5133,3.3005,-3.6869,0.00641,0.00173,0.00220,0.02922,0.0146
56.7667,JELLY_C,0.9614,0.0000,0.05,J_DRIFT_IDLE,14.43,0.0210,0.000,0.5518,3.9134,-3.7102,0.00516,-0.00752,0.00883,0.02584,-0.0000
56.8000,JELLY_A,0.2544,-0.3343,1.00,J_PULSE_CRUISE,25.90,0.1325,0.455,1.1571,2.4803,-3.4179,0.00667,0.00174,0.00073,0.03548,0.8829
56.8000,JELLY_B,0.6062,-0.0326,0.05,J_PAUSE_OPEN,11.72,0.0153,0.000,1.5135,3.3006,-3.6869,0.00639,0.00166,0.00219,0.02930,0.0129
56.8000,JELLY_C,0.9745,0.0000,0.05,J_DRIFT_IDLE,14.39,0.0210,0.000,0.5520,3.9132,-3.7099,0.00516,-0.00761,0.00880,0.02585,-0.0000
56.8333,JELLY_A,0.2650,-0.3960,1.00,J_PULSE_CRUISE,26.15,0.1276,0.455,1.1573,2.4804,-3.4179,0.00663,0.00165,0.00073,0.03529,0.9090
56.8333,JELLY_B,0.6186,-0.0287,0.05,J_PAUSE_OPEN,11.70,0.0154,0.000,1.5137,3.3006,-3.6868,0.00638,0.00158,0.00218,0.02938,0.0113
56.8333,JELLY_C,0.9876,0.0000,0.05,J_DRIFT_IDLE,14.35,0.0209,0.000,0.5522,3.9129,-3.7096,0.00516,-0.00769,0.00878,0.02587,-0.0000
56.8667,JELLY_A,0.2756,-0.4559,1.00,J_PULSE_CRUISE,26.39,0.1228,0.455,1.1575,2.4804,-3.4179,0.00660,0.00156,0.00073,0.03504,0.9292
56.8667,JELLY_B,0.6311,-0.0246,0.05,J_PAUSE_OPEN,11.67,0.0154,0.000,1.5139,3.3007,-3.6867,0.00636,0.00151,0.00217,0.02946,0.0097
56.8667,JELLY_C,0.0007,0.0355,1.00,J_SOFT_TURN,14.31,0.0209,0.808,0.5524,3.9126,-3.7093,0.00515,-0.00777,0.00876,0.02589,0.0002
56.9000,JELLY_A,0.2862,-0.5139,1.00,J_PULSE_CRUISE,26.62,0.1181,0.455,1.1577,2.4805,-3.4179,0.00656,0.00148,0.00073,0.03474,0.9438
56.9000,JELLY_B,0.6435,-0.0204,0.05,J_PAUSE_OPEN,11.64,0.0154,0.000,1.5141,3.3007,-3.6866,0.00635,0.00144,0.00216,0.02954,0.0083
56.9000,JELLY_C,0.0138,0.6664,1.00,J_SOFT_TURN,14.27,0.0244,0.808,0.5525,3.9124,-3.7090,0.00515,-0.00781,0.00873,0.02591,0.0037
56.9333,JELLY_A,0.2968,-0.5696,1.00,J_PULSE_CRUISE,26.84,0.1136,0.455,1.1580,2.4805,-3.4178,0.00653,0.00139,0.00074,0.03440,0.9532
56.9333,JELLY_B,0.6560,-0.0160,0.05,J_PAUSE_OPEN,11.61,0.0154,0.000,1.5143,3.3008,-3.6866,0.00633,0.00137,0.00215,0.02961,0.0070
56.9333,JELLY_C,0.0270,1.2693,1.00,J_SOFT_TURN,14.22,0.0342,0.808,0.5527,3.9121,-3.7087,0.00516,-0.00782,0.00872,0.02594,0.0117
56.9667,JELLY_A,0.3073,-0.6228,1.00,J_PULSE_CRUISE,27.05,0.1092,0.455,1.1582,2.4806,-3.4178,0.00650,0.00130,0.00074,0.03401,0.9577
56.9667,JELLY_B,0.6684,-0.0116,0.05,J_PAUSE_OPEN,11.58,0.0154,0.000,1.5146,3.3008,-3.6865,0.00631,0.00129,0.00215,0.02969,0.0057
56.9667,JELLY_C,0.0401,1.8189,1.00,J_SOFT_TURN,14.15,0.0505,0.808,0.5529,3.9119,-3.7085,0.00517,-0.00777,0.00871,0.02599,0.0250
57.0000,JELLY_A,0.3179,-0.6733,1.00,J_PULSE_CRUISE,27.26,0.1049,0.455,1.1584,2.4806,-3.4178,0.00646,0.00121,0.00074,0.03358,0.9578
57.0000,JELLY_B,0.6809,-0.0070,0.05,J_PAUSE_OPEN,11.55,0.0154,0.000,1.5148,3.3009,-3.6864,0.00630,0.00122,0.00214,0.02976,0.0046
57.0000,JELLY_C,0.0532,2.2917,1.00,J_SOFT_TURN,14.07,0.0724,0.808,0.5531,3.9116,-3.7082,0.00520,-0.00766,0.00871,0.02608,0.0442
57.0333,JELLY_A,0.3285,-0.7208,1.00,J_PULSE_CRUISE,27.46,0.1007,0.455,1.1586,2.4806,-3.4178,0.00643,0.00113,0.00074,0.03311,0.9538
57.0333,JELLY_B,0.6933,-0.0025,0.05,J_PAUSE_OPEN,11.52,0.0154,0.000,1.5150,3.3009,-3.6863,0.00628,0.00115,0.00213,0.02983,0.0036
57.0333,JELLY_C,0.0663,2.6679,1.00,J_SOFT_TURN,13.95,0.0986,0.808,0.5532,3.9114,-3.7079,0.00524,-0.00749,0.00872,0.02621,0.0701
57.0667,JELLY_A,0.3391,-0.7651,1.00,J_PULSE_CRUISE,27.65,0.0966,0.455,1.1588,2.4807,-3.4177,0.00640,0.00104,0.00074,0.03262,0.9461
57.0667,JELLY_B,0.7057,0.0000,0.05,J_PAUSE_OPEN,11.49,0.0154,0.000,1.5152,3.3010,-3.6863,0.00627,0.00108,0.00212,0.02990,0.0028
57.0667,JELLY_C,0.0794,2.9312,1.00,J_SOFT_TURN,13.81,0.1276,0.808,0.5534,3.9111,-3.7076,0.00529,-0.00726,0.00873,0.02640,0.1030
57.1000,JELLY_A,0.3497,-0.8061,1.00,J_PULSE_CRUISE,27.83,0.0927,0.455,1.1590,2.4807,-3.4177,0.00637,0.00095,0.00075,0.03211,0.9351
57.1000,JELLY_B,0.7182,0.0000,0.05,J_PAUSE_OPEN,11.46,0.0154,0.000,1.5154,3.3010,-3.6862,0.00625,0.00101,0.00211,0.02997,0.0020
57.1000,JELLY_C,0.0925,3.0706,1.00,J_SOFT_TURN,13.63,0.1580,0.808,0.5536,3.9109,-3.7073,0.00535,-0.00699,0.00875,0.02663,0.1434
57.1333,JELLY_A,0.3603,-0.8436,1.00,J_PULSE_CRUISE,28.00,0.0889,0.455,1.1592,2.4807,-3.4177,0.00633,0.00087,0.00075,0.03158,0.9211
57.1333,JELLY_B,0.7306,0.0000,0.05,J_PAUSE_OPEN,11.43,0.0154,0.000,1.5156,3.3010,-3.6861,0.00624,0.00094,0.00210,0.03004,0.0014
57.1333,JELLY_C,0.1057,3.0801,1.00,J_SOFT_TURN,13.43,0.1880,0.808,0.5538,3.9106,-3.7070,0.00541,-0.00672,0.00877,0.02689,0.1912
57.1667,JELLY_A,0.3709,-0.8773,1.00,J_PULSE_CRUISE,28.17,0.0852,0.455,1.1595,2.4808,-3.4177,0.00630,0.00079,0.00075,0.03103,0.9044
57.1667,JELLY_B,0.7431,0.0000,0.05,J_PAUSE_OPEN,11.40,0.0154,0.000,1.5158,3.3010,-3.6861,0.00622,0.00087,0.00209,0.03010,0.0010
57.1667,JELLY_C,0.1188,2.9591,1.00,J_SOFT_TURN,13.20,0.2164,0.808,0.5539,3.9104,-3.7067,0.00546,-0.00645,0.00879,0.02717,0.2460
57.2000,JELLY_A,0.3814,-0.9072,1.00,J_PULSE_CRUISE,28.33,0.0815,0.455,1.1597,2.4808,-3.4176,0.00627,0.00070,0.00075,0.03049,0.8853
57.2000,JELLY_B,0.7555,0.0000,0.05,J_PAUSE_OPEN,11.37,0.0154,0.000,1.5160,3.3011,-3.6860,0.00620,0.00081,0.00209,0.03017,0.0006
57.2000,JELLY_C,0.1319,2.7126,1.00,J_SOFT_TURN,12.95,0.2418,0.808,0.5541,3.9102,-3.7064,0.00551,-0.00623,0.00879,0.02743,0.3068
57.2333,JELLY_A,0.3920,-0.9330,1.00,J_PULSE_CRUISE,28.48,0.0780,0.455,1.1599,2.4808,-3.4176,0.00624,0.00062,0.00075,0.02994,0.8641
57.2333,JELLY_B,0.7680,0.0000,0.05,J_PAUSE_OPEN,11.34,0.0154,0.000,1.5162,3.3011,-3.6859,0.00619,0.00074,0.00208,0.03023,0.0003
57.2333,JELLY_C,0.1450,2.3511,1.00,J_SOFT_TURN,12.69,0.2627,0.808,0.5543,3.9100,-3.7061,0.00555,-0.00607,0.00879,0.02762,0.3722
57.2667,JELLY_A,0.4026,-0.9548,1.00,J_PULSE_CRUISE,28.63,0.0746,0.455,1.1601,2.4808,-3.4176,0.00621,0.00054,0.00076,0.02940,0.8409
57.2667,JELLY_B,0.7804,0.0000,0.05,J_PAUSE_OPEN,11.31,0.0154,0.000,1.5164,3.3011,-3.6859,0.00617,0.00067,0.00207,0.03029,0.0001
57.2667,JELLY_C,0.1582,1.8897,1.00,J_SOFT_TURN,12.43,0.2783,0.808,0.5545,3.9098,-3.7058,0.00557,-0.00598,0.00878,0.02769,0.4405
57.3000,JELLY_A,0.4132,-0.9723,1.00,J_PULSE_CRUISE,28.77,0.0713,0.455,1.1603,2.4808,-3.4176,0.00618,0.00046,0.00076,0.02888,0.8161
57.3000,JELLY_B,0.7928,0.0000,0.05,J_PAUSE_OPEN,11.28,0.0154,0.000,1.5166,3.3011,-3.6858,0.00616,0.00060,0.00206,0.03035,-0.0000
57.3000,JELLY_C,0.1713,1.3480,1.00,J_SOFT_TURN,12.17,0.2877,0.808,0.5547,3.9096,-3.7055,0.00558,-0.00595,0.00876,0.02763,0.5098
57.3333,JELLY_A,0.4238,-0.9855,1.00,J_PULSE_CRUISE,28.90,0.0681,0.455,1.1605,2.4809,-3.4175,0.00615,0.00039,0.00077,0.02838,0.7898
57.3333,JELLY_B,0.8053,0.0000,0.05,J_PAUSE_OPEN,11.25,0.0154,0.000,1.5168,3.3012,-3.6857,0.00614,0.00053,0.00205,0.03041,-0.0001
57.3333,JELLY_C,0.1844,0.7488,1.00,J_SOFT_TURN,11.92,0.2903,0.808,0.5549,3.9094,-3.7052,0.00558,-0.00597,0.00873,0.02745,0.5781
57.3667,JELLY_A,0.4344,-0.9943,1.00,J_PULSE_CRUISE,29.03,0.0649,0.455,1.1607,2.4809,-3.4175,0.00613,0.00032,0.00077,0.02792,0.7621
57.3667,JELLY_B,0.8177,0.0000,0.05,J_PAUSE_OPEN,11.22,0.0154,0.000,1.5170,3.3012,-3.6857,0.00613,0.00046,0.00204,0.03047,-0.0002
57.3667,JELLY_C,0.1976,0.1175,1.00,J_SOFT_TURN,11.70,0.2858,0.808,0.5551,3.9092,-3.7050,0.00558,-0.00602,0.00871,0.02716,0.6437
57.4000,JELLY_A,0.4450,-0.9988,1.00,J_PULSE_CRUISE,29.15,0.0619,0.455,1.1609,2.4809,-3.4175,0.00610,0.00027,0.00079,0.02750,0.7333
57.4000,JELLY_B,0.8301,0.0000,0.05,J_PAUSE_OPEN,11.20,0.0154,0.000,1.5172,3.3012,-3.6856,0.00611,0.00039,0.00204,0.03053,-0.0002
57.4000,JELLY_C,0.2107,-0.0834,1.00,J_SOFT_TURN,11.50,0.2775,0.808,0.5552,3.9090,-3.7047,0.00557,-0.00607,0.00868,0.02682,0.7049
57.4333,JELLY_A,0.4556,-0.9988,1.00,J_PULSE_CRUISE,29.27,0.0589,0.455,1.1611,2.4809,-3.4175,0.00609,0.00022,0.00080,0.02711,0.7035
57.4333,JELLY_B,0.8426,0.0000,0.05,J_PAUSE_OPEN,11.17,0.0154,0.000,1.5174,3.3012,-3.6855,0.00609,0.00032,0.00203,0.03059,-0.0002
57.4333,JELLY_C,0.2239,-0.1851,1.00,J_SOFT_TURN,11.32,0.2694,0.808,0.5554,3.9088,-3.7044,0.00556,-0.00612,0.00865,0.02644,0.7605
57.4667,JELLY_A,0.4662,-0.9944,1.00,J_PULSE_CRUISE,29.38,0.0560,0.455,1.1613,2.4809,-3.4174,0.00608,0.00019,0.00082,0.02676,0.6729
57.4667,JELLY_B,0.8550,0.0000,0.05,J_PAUSE_OPEN,11.14,0.0154,0.000,1.5176,3.3012,-3.6855,0.00608,0.00026,0.00202,0.03065,-0.0002
57.4667,JELLY_C,0.2370,-0.2855,1.00,J_SOFT_TURN,11.17,0.2616,0.808,0.5556,3.9086,-3.7041,0.00556,-0.00618,0.00863,0.02605,0.8092
57.5000,JELLY_A,0.4769,-0.9856,1.00,J_PULSE_CRUISE,29.48,0.0532,0.455,1.1615,2.4809,-3.4174,0.00607,0.00017,0.00085,0.02646,0.6416
57.5000,JELLY_B,0.8675,0.0000,0.05,J_PAUSE_OPEN,11.11,0.0153,0.000,1.5179,3.3012,-3.6854,0.00606,0.00019,0.00201,0.03070,-0.0002
57.5000,JELLY_C,0.2502,-0.3841,1.00,J_SOFT_TURN,11.05,0.2539,0.808,0.5558,3.9084,-3.7038,0.00555,-0.00623,0.00860,0.02564,0.8504
57.5333,JELLY_A,0.4875,-0.9723,1.00,J_PULSE_CRUISE,29.58,0.0505,0.455,1.1617,2.4809,-3.4174,0.00607,0.00016,0.00088,0.02619,0.6098
57.5333,JELLY_B,0.8799,0.0000,0.05,J_PAUSE_OPEN,11.08,0.0153,0.000,1.5181,3.3012,-3.6853,0.00605,0.00012,0.00200,0.03076,-0.0002
57.5333,JELLY_C,0.2633,-0.4801,1.00,J_SOFT_TURN,10.95,0.2465,0.808,0.5560,3.9082,-3.7035,0.00555,-0.00628,0.00857,0.02522,0.8834
57.5667,JELLY_A,0.4981,-0.9548,1.00,J_PULSE_CRUISE,29.68,0.0479,0.455,1.1619,2.4809,-3.4173,0.00607,0.00016,0.00091,0.02596,0.5776
57.5667,JELLY_B,0.8923,0.0000,0.05,J_PAUSE_OPEN,11.05,0.0153,0.000,1.5183,3.3012,-3.6853,0.00603,0.00005,0.00200,0.03081,-0.0002
57.5667,JELLY_C,0.2765,-0.5729,1.00,J_SOFT_TURN,10.87,0.2392,0.808,0.5562,3.9080,-3.7032,0.00554,-0.00634,0.00855,0.02477,0.9083
57.6000,JELLY_A,0.5087,-0.9330,1.00,J_PULSE_CRUISE,29.77,0.0453,0.455,1.1621,2.4809,-3.4173,0.00608,0.00018,0.00096,0.02577,0.5451
57.6000,JELLY_B,0.9048,0.0000,0.05,J_PAUSE_OPEN,11.02,0.0153,0.000,1.5185,3.3012,-3.6852,0.00602,-0.00002,0.00199,0.03086,-0.0001
57.6000,JELLY_C,0.2896,-0.6618,1.00,J_SOFT_TURN,10.80,0.2322,0.808,0.5563,3.9078,-3.7029,0.00553,-0.00639,0.00852,0.02431,0.9251
57.6333,JELLY_A,0.5193,-0.9071,1.00,J_PULSE_CRUISE,29.85,0.0428,0.455,1.1623,2.4809,-3.4173,0.00609,0.00021,0.00100,0.02561,0.5125
57.6333,JELLY_B,0.9172,0.0000,0.05,J_PAUSE_OPEN,10.99,0.0153,0.000,1.5187,3.3012,-3.6851,0.00600,-0.00008,0.00198,0.03091,-0.0001
57.6333,JELLY_C,0.3028,-0.7462,1.00,J_SOFT_TURN,10.76,0.2253,0.808,0.5565,3.9075,-3.7027,0.00553,-0.00644,0.00849,0.02382,0.9345
57.6667,JELLY_A,0.5299,-0.8771,1.00,J_PULSE_CRUISE,29.93,0.0404,0.455,1.1625,2.4809,-3.4172,0.00611,0.00025,0.00105,0.02549,0.4799
57.6667,JELLY_B,0.9296,0.0000,0.05,J_PAUSE_OPEN,10.96,0.0153,0.000,1.5189,3.3012,-3.6851,0.00599,-0.00015,0.00197,0.03096,-0.0001
57.6667,JELLY_C,0.3159,-0.8256,1.00,J_SOFT_TURN,10.74,0.2187,0.808,0.5567,3.9073,-3.7024,0.00552,-0.00649,0.00847,0.02333,0.9369
57.7000,JELLY_A,0.5405,-0.8432,1.00,J_PULSE_CRUISE,30.01,0.0381,0.455,1.1627,2.4809,-3.4172,0.00613,0.00030,0.00111,0.02539,0.4475
57.7000,JELLY_B,0.9420,0.0000,0.05,J_PAUSE_OPEN,10.93,0.0153,0.000,1.5191,3.3012,-3.6850,0.00597,-0.00022,0.00196,0.03101,-0.0001
57.7000,JELLY_C,0.3291,-0.8994,1.00,J_SOFT_TURN,10.73,0.2122,0.808,0.5569,3.9071,-3.7021,0.00552,-0.00654,0.00844,0.02283,0.9331
57.7333,JELLY_A,0.5511,-0.8055,1.00,J_PULSE_CRUISE,30.08,0.0358,0.455,1.1629,2.4810,-3.4172,0.00615,0.00036,0.00117,0.02533,0.4153
57.7333,JELLY_B,0.9545,0.0000,0.05,J_PAUSE_OPEN,10.90,0.0152,0.000,1.5193,3.3012,-3.6849,0.00595,-0.00028,0.00196,0.03106,-0.0000
57.7333,JELLY_C,0.3423,-0.9671,1.00,J_SOFT_TURN,10.73,0.2059,0.808,0.5571,3.9069,-3.7018,0.00551,-0.00659,0.00842,0.02232,0.9236
57.7667,JELLY_A,0.5618,-0.7642,1.00,J_PULSE_CRUISE,30.14,0.0336,0.455,1.1631,2.4810,-3.4171,0.00618,0.00043,0.00123,0.02529,0.3836
57.7667,JELLY_B,0.9669,0.0000,0.05,J_PAUSE_OPEN,10.87,0.0152,0.000,1.5195,3.3012,-3.6849,0.00594,-0.00035,0.00195,0.03111,-0.0000
57.7667,JELLY_C,0.3554,-1.0283,1.00,J_SOFT_TURN,10.75,0.1998,0.808,0.5573,3.9067,-3.7015,0.00550,-0.00665,0.00839,0.02182,0.9091
57.8000,JELLY_A,0.5724,-0.7195,1.00,J_PULSE_CRUISE,30.21,0.0314,0.455,1.1633,2.4810,-3.4171,0.00621,0.00051,0.00130,0.02527,0.3524
57.8000,JELLY_B,0.9793,0.0000,0.05,J_PAUSE_OPEN,10.84,0.0152,0.000,1.5196,3.3012,-3.6848,0.00592,-0.00042,0.00194,0.03116,-0.0000
57.8000,JELLY_C,0.3686,-1.0824,1.00,J_SOFT_TURN,10.78,0.1938,0.808,0.5575,3.9065,-3.7013,0.00550,-0.00670,0.00837,0.02132,0.8902
57.8333,JELLY_A,0.5830,-0.6716,1.00,J_PULSE_CRUISE,30.26,0.0293,0.455,1.1636,2.4810,-3.4170,0.00625,0.00059,0.00136,0.02528,0.3219
57.8333,JELLY_B,0.9918,0.0000,0.05,J_PAUSE_OPEN,10.82,0.0152,0.000,1.5198,3.3012,-3.6847,0.00591,-0.00049,0.00193,0.03120,-0.0000
57.8333,JELLY_C,0.3818,-1.1291,1.00,J_SOFT_TURN,10.82,0.1880,0.808,0.5576,3.9062,-3.7010,0.00549,-0.00675,0.00834,0.02084,0.8675
57.8667,JELLY_A,0.5936,-0.6206,1.00,J_PULSE_CRUISE,30.32,0.0272,0.455,1.1638,2.4810,-3.4170,0.00628,0.00068,0.00143,0.02531,0.2922
57.8667,JELLY_B,0.0042,0.1928,1.00,J_PULSE_CRUISE,10.79,0.0149,0.264,1.5200,3.3012,-3.6847,0.00589,-0.00056,0.00192,0.03125,0.0001
57.8667,JELLY_C,0.3949,-1.1682,1.00,J_SOFT_TURN,10.87,0.1824,0.808,0.5578,3.9060,-3.7007,0.00549,-0.00680,0.00831,0.02038,0.8414
57.9000,JELLY_A,0.6043,-0.5669,1.00,J_PULSE_CRUISE,30.37,0.0252,0.455,1.1640,2.4810,-3.4169,0.00632,0.00076,0.00150,0.02536,0.2635
57.9000,JELLY_B,0.0166,0.7559,1.00,J_PULSE_CRUISE,10.76,0.0129,0.264,1.5202,3.3011,-3.6846,0.00588,-0.00062,0.00192,0.03130,0.0009
57.9000,JELLY_C,0.4081,-1.1992,1.00,J_SOFT_TURN,10.93,0.1769,0.808,0.5580,3.9058,-3.7004,0.00548,-0.00684,0.00829,0.01996,0.8125
57.9333,JELLY_A,0.6149,-0.5106,1.00,J_PULSE_CRUISE,30.42,0.0233,0.455,1.1642,2.4811,-3.4169,0.00635,0.00084,0.00157,0.02543,0.2358
57.9333,JELLY_B,0.0291,1.2902,1.00,J_PULSE_CRUISE,10.74,0.0088,0.264,1.5204,3.3011,-3.6845,0.00586,-0.00065,0.00192,0.03135,0.0034
57.9333,JELLY_C,0.4213,-1.2221,1.00,J_SOFT_TURN,10.99,0.1715,0.808,0.5582,3.9055,-3.7002,0.00548,-0.00688,0.00826,0.01958,0.7810
57.9667,JELLY_A,0.6255,-0.4520,1.00,J_PULSE_CRUISE,30.46,0.0214,0.455,1.1644,2.4811,-3.4168,0.00638,0.00093,0.00164,0.02551,0.2094
57.9667,JELLY_B,0.0415,1.7755,1.00,J_PULSE_CRUISE,10.72,0.0037,0.264,1.5206,3.3011,-3.6845,0.00586,-0.00063,0.00192,0.03143,0.0089
57.9667,JELLY_C,0.4345,-1.2366,1.00,J_SOFT_TURN,11.07,0.1664,0.808,0.5584,3.9053,-3.6999,0.00548,-0.00690,0.00824,0.01926,0.7475
58.0000,JELLY_A,0.6362,-0.3913,1.00,J_PULSE_CRUISE,30.50,0.0195,0.455,1.1646,2.4811,-3.4168,0.00642,0.00101,0.00171,0.02561,0.1842
58.0000,JELLY_B,0.0539,2.1933,1.00,J_PULSE_CRUISE,10.72,0.0060,0.264,1.5208,3.3011,-3.6844,0.00585,-0.00056,0.00194,0.03155,0.0192
58.0000,JELLY_C,0.4477,-1.2426,1.00,J_SOFT_TURN,11.14,0.1613,0.808,0.5585,3.9051,-3.6996,0.00548,-0.00691,0.00821,0.01898,0.7122
58.0333,JELLY_A,0.6468,-0.3289,1.00,J_PULSE_CRUISE,30.53,0.0177,0.455,1.1648,2.4812,-3.4167,0.00645,0.00109,0.00178,0.02572,0.1604
58.0333,JELLY_B,0.0663,2.5277,1.00,J_PULSE_CRUISE,10.74,0.0143,0.264,1.5210,3.3011,-3.6843,0.00586,-0.00043,0.00196,0.03171,0.0358
58.0333,JELLY_C,0.4608,-1.2401,1.00,J_SOFT_TURN,11.22,0.1564,0.808,0.5587,3.9049,-3.6993,0.00548,-0.00689,0.00818,0.01874,0.6754
58.0667,JELLY_A,0.6574,-0.2649,1.00,J_PULSE_CRUISE,30.57,0.0159,0.455,1.1650,2.4812,-3.4167,0.00648,0.00117,0.00185,0.02584,0.1382
58.0667,JELLY_B,0.0788,2.7661,1.00,J_PULSE_CRUISE,10.77,0.0237,0.264,1.5212,3.3010,-3.6843,0.00586,-0.00025,0.00199,0.03191,0.0601
58.0667,JELLY_C,0.4740,-1.2291,1.00,J_SOFT_TURN,11.31,0.1516,0.808,0.5589,3.9046,-3.6991,0.00550,-0.00684,0.00815,0.01854,0.6375
58.1000,JELLY_A,0.6681,-0.1998,1.00,J_PULSE_CRUISE,30.60,0.0142,0.455,1.1653,2.4813,-3.4166,0.00651,0.00125,0.00192,0.02597,0.1175
58.1000,JELLY_B,0.0912,2.8995,1.00,J_PULSE_CRUISE,10.82,0.0336,0.264,1.5214,3.3010,-3.6842,0.00587,-0.00005,0.00203,0.03216,0.0930
58.1000,JELLY_C,0.4872,-1.2097,1.00,J_SOFT_TURN,11.40,0.1470,0.808,0.5591,3.9044,-3.6988,0.00551,-0.00677,0.00811,0.01837,0.5987
58.1333,JELLY_A,0.6787,-0.1337,1.00,J_PULSE_CRUISE,30.62,0.0125,0.455,1.1655,2.4813,-3.4165,0.00654,0.00133,0.00199,0.02610,0.0986
58.1333,JELLY_B,0.1036,2.9227,1.00,J_PULSE_CRUISE,10.89,0.0434,0.264,1.5216,3.3010,-3.6841,0.00588,0.00017,0.00207,0.03246,0.1349
58.1333,JELLY_C,0.5004,-1.1819,1.00,J_SOFT_TURN,11.49,0.1425,0.808,0.5593,3.9042,-3.6985,0.00553,-0.00667,0.00807,0.01823,0.5594
58.1667,JELLY_A,0.6894,-0.0670,1.00,J_PULSE_CRUISE,30.64,0.0108,0.455,1.1657,2.4813,-3.4165,0.00657,0.00141,0.00206,0.02625,0.0815
58.1667,JELLY_B,0.1160,2.8350,1.00,J_PULSE_CRUISE,10.98,0.0528,0.264,1.5218,3.3011,-3.6841,0.00589,0.00038,0.00211,0.03279,0.1858
58.1667,JELLY_C,0.5136,-1.1460,1.00,J_SOFT_TURN,11.59,0.1381,0.808,0.5595,3.9040,-3.6983,0.00556,-0.00654,0.00803,0.01811,0.5198
58.2000,JELLY_A,0.7000,0.0000,1.00,J_GLIDE,30.66,0.0092,0.455,1.1659,2.4814,-3.4164,0.00660,0.00149,0.00213,0.02640,0.0661
58.2000,JELLY_B,0.1285,2.6397,1.00,J_PULSE_CRUISE,11.08,0.0613,0.264,1.5220,3.3011,-3.6840,0.00589,0.00056,0.00214,0.03312,0.2449
58.2000,JELLY_C,0.5268,-1.1022,1.00,J_SOFT_TURN,11.68,0.1338,0.808,0.5597,3.9037,-3.6980,0.00559,-0.00639,0.00799,0.01802,0.4801
58.2333,JELLY_A,0.7107,0.0000,1.00,J_GLIDE,30.68,0.0077,0.455,1.1661,2.4814,-3.4163,0.00663,0.00156,0.00219,0.02655,0.0526
58.2333,JELLY_B,0.1409,2.3442,1.00,J_PULSE_CRUISE,11.20,0.0686,0.264,1.5222,3.3011,-3.6839,0.00590,0.00069,0.00217,0.03343,0.3110
58.2333,JELLY_C,0.5400,-1.0507,1.00,J_SOFT_TURN,11.78,0.1297,0.808,0.5598,3.9035,-3.6977,0.00562,-0.00621,0.00794,0.01794,0.4407
58.2667,JELLY_A,0.7213,0.0000,1.00,J_GLIDE,30.69,0.0061,0.455,1.1664,2.4815,-3.4163,0.00665,0.00163,0.00226,0.02671,0.0409
58.2667,JELLY_B,0.1533,1.9598,1.00,J_PULSE_CRUISE,11.33,0.0743,0.264,1.5224,3.3011,-3.6839,0.00589,0.00077,0.00218,0.03367,0.3826
58.2667,JELLY_C,0.5532,-0.9920,1.00,J_SOFT_TURN,11.87,0.1256,0.808,0.5600,3.9033,-3.6975,0.00566,-0.00602,0.00789,0.01788,0.4017
58.3000,JELLY_A,0.7320,0.0000,1.00,J_GLIDE,30.70,0.0047,0.455,1.1666,2.4816,-3.4162,0.00667,0.00170,0.00232,0.02687,0.0309
58.3000,JELLY_B,0.1657,1.5010,1.00,J_PULSE_CRUISE,11.48,0.0781,0.264,1.5226,3.3011,-3.6838,0.00588,0.00079,0.00219,0.03381,0.4574
58.3000,JELLY_C,0.5664,-0.9265,1.00,J_SOFT_TURN,11.97,0.1217,0.808,0.5602,3.9031,-3.6972,0.00570,-0.00580,0.00783,0.01783,0.3635
58.3333,JELLY_A,0.7426,0.0000,1.00,J_GLIDE,30.71,0.0033,0.455,1.1668,2.4816,-3.4161,0.00670,0.00176,0.00238,0.02704,0.0225
58.3333,JELLY_B,0.1781,0.9853,1.00,J_PULSE_CRUISE,11.62,0.0799,0.264,1.5228,3.3012,-3.6837,0.00586,0.00076,0.00219,0.03384,0.5332
58.3333,JELLY_C,0.5797,-0.8545,1.00,J_SOFT_TURN,12.07,0.1179,0.808,0.5604,3.9029,-3.6969,0.00575,-0.00557,0.00777,0.01781,0.3263
58.3667,JELLY_A,0.7533,0.0000,1.00,J_GLIDE,30.72,0.0020,0.455,1.1670,2.4817,-3.4160,0.00671,0.00182,0.00244,0.02720,0.0156
58.3667,JELLY_B,0.1906,0.4322,1.00,J_PULSE_CRUISE,11.77,0.0796,0.264,1.5230,3.3012,-3.6836,0.00584,0.00069,0.00218,0.03374,0.6075
58.3667,JELLY_C,0.5929,-0.7766,1.00,J_SOFT_TURN,12.16,0.1142,0.808,0.5606,3.9028,-3.6967,0.00579,-0.00533,0.00771,0.01780,0.2903
58.4000,JELLY_A,0.7639,0.0000,1.00,J_GLIDE,30.72,0.0010,0.455,1.1672,2.4817,-3.4159,0.00673,0.00187,0.00250,0.02737,0.0101
58.4000,JELLY_B,0.2030,-0.0220,1.00,J_PULSE_CRUISE,11.92,0.0772,0.264,1.5232,3.3012,-3.6836,0.00582,0.00061,0.00217,0.03354,0.6779
58.4000,JELLY_C,0.6061,-0.6933,1.00,J_SOFT_TURN,12.26,0.1106,0.808,0.5608,3.9026,-3.6964,0.00583,-0.00509,0.00765,0.01782,0.2558
58.4333,JELLY_A,0.7746,0.0000,1.00,J_GLIDE,30.72,0.0014,0.455,1.1675,2.4818,-3.4159,0.00675,0.00192,0.00256,0.02753,0.0058
58.4333,JELLY_B,0.2154,-0.1131,1.00,J_PULSE_CRUISE,12.06,0.0744,0.264,1.5234,3.3012,-3.6835,0.00580,0.00053,0.00216,0.03326,0.7422
58.4333,JELLY_C,0.6193,-0.6051,1.00,J_SOFT_TURN,12.35,0.1071,0.808,0.5610,3.9024,-3.6962,0.00588,-0.00485,0.00759,0.01785,0.2229
58.4667,JELLY_A,0.7853,0.0000,1.00,J_GLIDE,30.72,0.0025,0.455,1.1677,2.4819,-3.4158,0.00676,0.00196,0.00261,0.02770,0.0025
58.4667,JELLY_B,0.2278,-0.2036,1.00,J_PULSE_CRUISE,12.20,0.0717,0.264,1.5236,3.3012,-3.6834,0.00578,0.00046,0.00215,0.03293,0.7989
58.4667,JELLY_C,0.6325,-0.5127,1.00,J_SOFT_TURN,12.45,0.1037,0.808,0.5612,3.9023,-3.6959,0.00592,-0.00462,0.00752,0.01790,0.1921
58.5000,JELLY_A,0.7959,0.0000,1.00,J_GLIDE,30.71,0.0036,0.455,1.1679,2.4819,-3.4157,0.00677,0.00200,0.00266,0.02787,-0.0000
58.5000,JELLY_B,0.2402,-0.2929,1.00,J_PULSE_CRUISE,12.33,0.0691,0.264,1.5238,3.3013,-3.6833,0.00576,0.00038,0.00214,0.03256,0.8471
58.5000,JELLY_C,0.6458,-0.4167,1.00,J_SOFT_TURN,12.54,0.1004,0.808,0.5614,3.9021,-3.6957,0.00596,-0.00438,0.00746,0.01796,0.1633
58.5333,JELLY_A,0.8066,0.0000,1.00,J_GLIDE,30.70,0.0048,0.455,1.1681,2.4820,-3.4156,0.00678,0.00204,0.00271,0.02803,-0.0018
58.5333,JELLY_B,0.2527,-0.3803,1.00,J_PULSE_CRUISE,12.46,0.0666,0.264,1.5239,3.3013,-3.6833,0.00574,0.00030,0.00213,0.03215,0.8866
58.5333,JELLY_C,0.6590,-0.3178,1.00,J_SOFT_TURN,12.63,0.0971,0.808,0.5616,3.9020,-3.6954,0.00600,-0.00415,0.00739,0.01804,0.1369
58.5667,JELLY_A,0.8173,0.0000,1.00,J_GLIDE,30.69,0.0060,0.455,1.1684,2.4821,-3.4155,0.00678,0.00207,0.00276,0.02820,-0.0029
58.5667,JELLY_B,0.2651,-0.4655,1.00,J_PULSE_CRUISE,12.58,0.0641,0.264,1.5241,3.3013,-3.6832,0.00572,0.00022,0.00212,0.03169,0.9174
58.5667,JELLY_C,0.6722,-0.2166,1.00,J_SOFT_TURN,12.72,0.0940,0.808,0.5618,3.9018,-3.6952,0.00604,-0.00392,0.00732,0.01813,0.1129
58.6000,JELLY_A,0.8279,0.0000,1.00,J_GLIDE,30.68,0.0071,0.455,1.1686,2.4821,-3.4154,0.00679,0.00210,0.00281,0.02837,-0.0037
58.6000,JELLY_B,0.2775,-0.5477,1.00,J_PULSE_CRUISE,12.70,0.0617,0.264,1.5243,3.3013,-3.6831,0.00570,0.00015,0.00211,0.03120,0.9399
58.6000,JELLY_C,0.6855,-0.1138,1.00,J_SOFT_TURN,12.81,0.0910,0.808,0.5620,3.9017,-3.6949,0.00608,-0.00369,0.00725,0.01822,0.0915
58.6333,JELLY_A,0.8386,0.0000,1.00,J_GLIDE,30.67,0.0082,0.455,1.1688,2.4822,-3.4153,0.00679,0.00213,0.00286,0.02853,-0.0040
58.6333,JELLY_B,0.2899,-0.6267,1.00,J_PULSE_CRUISE,12.82,0.0594,0.264,1.5245,3.3013,-3.6831,0.00568,0.00007,0.00210,0.03066,0.9548
58.6333,JELLY_C,0.6987,-0.0102,1.00,J_SOFT_TURN,12.89,0.0880,0.808,0.5622,3.9016,-3.6947,0.00612,-0.00346,0.00718,0.01833,0.0727
58.6667,JELLY_A,0.8493,0.0000,1.00,J_GLIDE,30.65,0.0092,0.455,1.1691,2.4823,-3.4152,0.00680,0.00215,0.00290,0.02869,-0.0041
58.6667,JELLY_B,0.3023,-0.7018,1.00,J_PULSE_CRUISE,12.93,0.0571,0.264,1.5247,3.3013,-3.6830,0.00566,-0.00000,0.00209,0.03008,0.9625
58.6667,JELLY_C,0.7119,0.0000,1.00,J_GLIDE,12.98,0.0852,0.808,0.5624,3.9015,-3.6945,0.00616,-0.00329,0.00711,0.01845,0.0563
58.7000,JELLY_A,0.8600,0.0000,1.00,J_GLIDE,30.63,0.0102,0.455,1.1693,2.4823,-3.4151,0.00680,0.00217,0.00295,0.02885,-0.0040
58.7000,JELLY_B,0.3148,-0.7727,1.00,J_PULSE_CRUISE,13.03,0.0549,0.264,1.5249,3.3013,-3.6829,0.00564,-0.00008,0.00208,0.02947,0.9639
58.7000,JELLY_C,0.7252,0.0000,1.00,J_GLIDE,13.06,0.0824,0.808,0.5626,3.9014,-3.6942,0.00619,-0.00313,0.00704,0.01856,0.0425
58.7333,JELLY_A,0.8706,0.0000,1.00,J_GLIDE,30.61,0.0112,0.455,1.1695,2.4824,-3.4150,0.00680,0.00219,0.00299,0.02901,-0.0038
58.7333,JELLY_B,0.3272,-0.8389,1.00,J_PULSE_CRUISE,13.13,0.0528,0.264,1.5251,3.3013,-3.6829,0.00562,-0.00015,0.00207,0.02882,0.9596
58.7333,JELLY_C,0.7384,0.0000,1.00,J_GLIDE,13.14,0.0796,0.808,0.5628,3.9013,-3.6940,0.00623,-0.00297,0.00697,0.01869,0.0309
58.7667,JELLY_A,0.8813,0.0000,1.00,J_GLIDE,30.59,0.0121,0.455,1.1697,2.4825,-3.4149,0.00679,0.00221,0.00303,0.02917,-0.0035
58.7667,JELLY_B,0.3396,-0.8999,1.00,J_PULSE_CRUISE,13.23,0.0507,0.264,1.5253,3.3013,-3.6828,0.00560,-0.00023,0.00206,0.02814,0.9501
58.7667,JELLY_C,0.7517,0.0000,1.00,J_GLIDE,13.22,0.0770,0.808,0.5630,3.9012,-3.6938,0.00626,-0.00283,0.00690,0.01881,0.0216
58.8000,JELLY_A,0.8920,0.0000,1.00,J_GLIDE,30.57,0.0130,0.455,1.1700,2.4826,-3.4148,0.00679,0.00222,0.00307,0.02933,-0.0031
58.8000,JELLY_B,0.3520,-0.9555,1.00,J_PULSE_CRUISE,13.32,0.0487,0.264,1.5255,3.3013,-3.6827,0.00558,-0.00030,0.00205,0.02744,0.9362
58.8000,JELLY_C,0.7649,0.0000,1.00,J_GLIDE,13.29,0.0745,0.808,0.5632,3.9011,-3.6935,0.00629,-0.00270,0.00683,0.01894,0.0141
58.8333,JELLY_A,0.9027,0.0000,1.00,J_GLIDE,30.54,0.0139,0.455,1.1702,2.4826,-3.4147,0.00678,0.00223,0.00311,0.02949,-0.0027
58.8333,JELLY_B,0.3644,-1.0052,1.00,J_PULSE_CRUISE,13.41,0.0467,0.264,1.5256,3.3013,-3.6827,0.00556,-0.00038,0.00205,0.02672,0.9184
58.8333,JELLY_C,0.7782,0.0000,1.00,J_GLIDE,13.36,0.0720,0.808,0.5634,3.9010,-3.6933,0.00632,-0.00257,0.00676,0.01906,0.0084
58.8667,JELLY_A,0.9134,0.0000,1.00,J_GLIDE,30.51,0.0147,0.455,1.1704,2.4827,-3.4146,0.00678,0.00223,0.00315,0.02964,-0.0023
58.8667,JELLY_B,0.3769,-1.0488,1.00,J_PULSE_CRUISE,13.50,0.0448,0.264,1.5258,3.3012,-3.6826,0.00554,-0.00045,0.00204,0.02597,0.8971
58.8667,JELLY_C,0.7915,0.0000,1.00,J_GLIDE,13.43,0.0696,0.808,0.5636,3.9009,-3.6931,0.00634,-0.00245,0.00669,0.01919,0.0042
58.9000,JELLY_A,0.9241,0.0000,1.00,J_GLIDE,30.48,0.0155,0.455,1.1706,2.4828,-3.4145,0.00677,0.00224,0.00318,0.02979,-0.0020
58.9000,JELLY_B,0.3893,-1.0861,1.00,J_PULSE_CRUISE,13.58,0.0429,0.264,1.5260,3.3012,-3.6825,0.00552,-0.00052,0.00203,0.02521,0.8727
58.9000,JELLY_C,0.8047,0.0000,1.00,J_GLIDE,13.50,0.0672,0.808,0.5639,3.9008,-3.6929,0.00636,-0.00234,0.00662,0.01933,0.0012
58.9333,JELLY_A,0.9348,0.0000,1.00,J_GLIDE,30.45,0.0163,0.455,1.1709,2.4829,-3.4144,0.00676,0.00224,0.00322,0.02994,-0.0016
58.9333,JELLY_B,0.4017,-1.1167,1.00,J_PULSE_CRUISE,13.66,0.0411,0.264,1.5262,3.3012,-3.6824,0.00550,-0.00059,0.00202,0.02446,0.8457
58.9333,JELLY_C,0.8180,0.0000,1.00,J_GLIDE,13.57,0.0649,0.808,0.5641,3.9008,-3.6926,0.00639,-0.00224,0.00656,0.01946,-0.0009
58.9667,JELLY_A,0.9455,0.0000,1.00,J_GLIDE,30.42,0.0170,0.455,1.1711,2.4829,-3.4143,0.00675,0.00224,0.00325,0.03009,-0.0013
58.9667,JELLY_B,0.4141,-1.1406,1.00,J_PULSE_CRUISE,13.74,0.0394,0.264,1.5264,3.3012,-3.6824,0.00548,-0.00066,0.00201,0.02375,0.8163
58.9667,JELLY_C,0.8313,0.0000,1.00,J_GLIDE,13.63,0.0627,0.808,0.5643,3.9007,-3.6924,0.00641,-0.00215,0.00649,0.01959,-0.0021
59.0000,JELLY_A,0.9562,0.0000,1.00,J_GLIDE,30.39,0.0177,0.455,1.1713,2.4830,-3.4142,0.00674,0.00223,0.00328,0.03023,-0.0010
59.0000,JELLY_B,0.4265,-1.1575,1.00,J_PULSE_CRUISE,13.81,0.0377,0.264,1.5266,3.3012,-3.6823,0.00546,-0.00072,0.00201,0.02308,0.7850
59.0000,JELLY_C,0.8446,0.0000,1.00,J_GLIDE,13.70,0.0606,0.808,0.5645,3.9006,-3.6922,0.00642,-0.00206,0.00643,0.01973,-0.0028
59.0333,JELLY_A,0.9669,0.0000,1.00,J_GLIDE,30.36,0.0184,0.455,1.1715,2.4831,-3.4141,0.00673,0.00223,0.00331,0.03038,-0.0008
59.0333,JELLY_B,0.4389,-1.1674,1.00,J_PULSE_CRUISE,13.88,0.0360,0.264,1.5267,3.3011,-3.6822,0.00544,-0.00076,0.00200,0.02247,0.7519
59.0333,JELLY_C,0.8578,0.0000,1.00,J_GLIDE,13.76,0.0585,0.808,0.5647,3.9006,-3.6920,0.00644,-0.00199,0.00636,0.01986,-0.0031
59.0667,JELLY_A,0.9776,0.0000,1.00,J_GLIDE,30.32,0.0191,0.455,1.1718,2.4832,-3.4140,0.00671,0.00222,0.00334,0.03052,-0.0006
59.0667,JELLY_B,0.4514,-1.1701,1.00,J_PULSE_CRUISE,13.94,0.0344,0.264,1.5269,3.3011,-3.6822,0.00543,-0.00078,0.00201,0.02193,0.7174
59.0667,JELLY_C,0.8711,0.0000,1.00,J_GLIDE,13.81,0.0565,0.808,0.5649,3.9005,-3.6918,0.00646,-0.00192,0.00630,0.02000,-0.0031
59.1000,JELLY_A,0.9883,0.0000,1.00,J_GLIDE,30.28,0.0197,0.455,1.1720,2.4832,-3.4138,0.00670,0.00221,0.00337,0.03066,-0.0003
59.1000,JELLY_B,0.4638,-1.1658,1.00,J_PULSE_CRUISE,14.01,0.0328,0.264,1.5271,3.3011,-3.6821,0.00542,-0.00079,0.00201,0.02145,0.6817
59.1000,JELLY_C,0.8844,0.0000,1.00,J_GLIDE,13.87,0.0545,0.808,0.5651,3.9004,-3.6916,0.00647,-0.00185,0.00624,0.02013,-0.0029
59.1333,JELLY_A,0.9990,0.0000,1.00,J_GLIDE,30.24,0.0203,0.455,1.1722,2.4833,-3.4137,0.00668,0.00220,0.00340,0.03080,0.0002
59.1333,JELLY_B,0.4762,-1.1543,1.00,J_PULSE_CRUISE,14.07,0.0313,0.264,1.5273,3.3011,-3.6820,0.00541,-0.00077,0.00202,0.02105,0.6450
59.1333,JELLY_C,0.8977,0.0000,1.00,J_GLIDE,13.92,0.0526,0.808,0.5654,3.9004,-3.6914,0.00648,-0.00179,0.00618,0.02026,-0.0026
59.1667,JELLY_A,0.0097,0.0191,0.05,J_DRIFT_IDLE,30.21,0.0209,0.000,1.1724,2.4834,-3.4136,0.00663,0.00210,0.00339,0.03093,0.0007
59.1667,JELLY_B,0.4886,-1.1359,1.00,J_PULSE_CRUISE,14.13,0.0298,0.264,1.5275,3.3010,-3.6820,0.00540,-0.00073,0.00203,0.02071,0.6075
59.1667,JELLY_C,0.9110,0.0000,1.00,J_GLIDE,13.98,0.0507,0.808,0.5656,3.9003,-3.6912,0.00650,-0.00174,0.00611,0.02039,-0.0023
59.2000,JELLY_A,0.0204,0.0398,0.05,J_DRIFT_IDLE,30.17,0.0214,0.000,1.1726,2.4834,-3.4135,0.00658,0.00200,0.00338,0.03107,0.0011
59.2000,JELLY_B,0.5010,-1.1105,1.00,J_PULSE_CRUISE,14.18,0.0284,0.264,1.5276,3.3010,-3.6819,0.00540,-0.00067,0.00205,0.02044,0.5696
59.2000,JELLY_C,0.9243,0.0000,1.00,J_GLIDE,14.02,0.0490,0.808,0.5658,3.9003,-3.6910,0.00651,-0.00170,0.00606,0.02052,-0.0019
59.2333,JELLY_A,0.0311,0.0593,0.05,J_DRIFT_IDLE,30.12,0.0219,0.000,1.1729,2.4835,-3.4134,0.00653,0.00190,0.00338,0.03120,0.0014
59.2333,JELLY_B,0.5134,-1.0784,1.00,J_PULSE_CRUISE,14.23,0.0270,0.264,1.5278,3.3010,-3.6818,0.00540,-0.00059,0.00208,0.02023,0.5313
59.2333,JELLY_C,0.9376,0.0000,1.00,J_GLIDE,14.07,0.0472,0.808,0.5660,3.9002,-3.6908,0.00651,-0.00166,0.00600,0.02064,-0.0015
59.2667,JELLY_A,0.0418,0.0771,0.05,J_DRIFT_IDLE,30.08,0.0224,0.000,1.1731,2.4836,-3.4133,0.00648,0.00180,0.00337,0.03133,0.0017
59.2667,JELLY_B,0.5258,-1.0397,1.00,J_PULSE_CRUISE,14.28,0.0256,0.264,1.5280,3.3010,-3.6818,0.00541,-0.00048,0.00211,0.02008,0.4929
59.2667,JELLY_C,0.9509,0.0000,1.00,J_GLIDE,14.12,0.0455,0.808,0.5662,3.9001,-3.6906,0.00652,-0.00162,0.00594,0.02076,-0.0012
59.3000,JELLY_A,0.0526,0.0928,0.05,J_DRIFT_IDLE,30.04,0.0229,0.000,1.1733,2.4836,-3.4132,0.00643,0.00170,0.00336,0.03146,0.0021
59.3000,JELLY_B,0.5383,-0.9947,1.00,J_PULSE_CRUISE,14.33,0.0243,0.264,1.5282,3.3010,-3.6817,0.00541,-0.00036,0.00214,0.01998,0.4547
59.3000,JELLY_C,0.9642,0.0000,1.00,J_GLIDE,14.16,0.0439,0.808,0.5664,3.9001,-3.6904,0.00653,-0.00160,0.00588,0.02088,-0.0008
59.3333,JELLY_A,0.0633,0.1059,0.05,J_DRIFT_IDLE,29.99,0.0234,0.000,1.1735,2.4837,-3.4131,0.00638,0.00161,0.00335,0.03158,0.0026
59.3333,JELLY_B,0.5507,-0.9437,1.00,J_PULSE_CRUISE,14.37,0.0230,0.264,1.5284,3.3010,-3.6816,0.00542,-0.00021,0.00218,0.01992,0.4169
59.3333,JELLY_C,0.9775,0.0000,1.00,J_GLIDE,14.20,0.0423,0.808,0.5667,3.9000,-3.6902,0.00653,-0.00157,0.00583,0.02100,-0.0001
59.3667,JELLY_A,0.0740,0.1160,0.05,J_DRIFT_IDLE,29.95,0.0239,0.000,1.1737,2.4837,-3.4129,0.00633,0.00151,0.00334,0.03171,0.0034
59.3667,JELLY_B,0.5631,-0.8869,1.00,J_PULSE_CRUISE,14.41,0.0218,0.264,1.5285,3.3009,-3.6816,0.00543,-0.00005,0.00222,0.01990,0.3796
59.3667,JELLY_C,0.9908,0.0000,1.00,J_GLIDE,14.24,0.0408,0.808,0.5669,3.9000,-3.6900,0.00654,-0.00155,0.00577,0.02112,0.0016
59.4000,JELLY_A,0.0847,0.1228,0.05,J_DRIFT_IDLE,29.90,0.0243,0.000,1.1739,2.4838,-3.4128,0.00628,0.00142,0.00334,0.03183,0.0045
59.4000,JELLY_B,0.5755,-0.8247,1.00,J_PULSE_CRUISE,14.45,0.0206,0.264,1.5287,3.3009,-3.6815,0.00544,0.00012,0.00226,0.01992,0.3431
59.4000,JELLY_C,0.0041,0.2028,1.00,J_PULSE_CRUISE,14.28,0.0395,0.215,0.5671,3.8999,-3.6898,0.00653,-0.00162,0.00573,0.02124,0.0045
59.4333,JELLY_A,0.0955,0.1261,0.05,J_DRIFT_IDLE,29.86,0.0247,0.000,1.1741,2.4838,-3.4127,0.00623,0.00132,0.00333,0.03195,0.0059
59.4333,JELLY_B,0.5879,-0.7575,1.00,J_PULSE_CRUISE,14.49,0.0194,0.264,1.5289,3.3010,-3.6814,0.00546,0.00030,0.00230,0.01998,0.3076
59.4333,JELLY_C,0.0174,0.8490,1.00,J_PULSE_CRUISE,14.31,0.0398,0.215,0.5673,3.8999,-3.6896,0.00651,-0.00174,0.00571,0.02135,0.0070
59.4667,JELLY_A,0.1062,0.1258,0.05,J_DRIFT_IDLE,29.81,0.0251,0.000,1.1743,2.4839,-3.4126,0.00618,0.00123,0.00332,0.03206,0.0077
59.4667,JELLY_B,0.6003,-0.6857,1.00,J_PULSE_CRUISE,14.53,0.0183,0.264,1.5291,3.3010,-3.6813,0.00547,0.00048,0.00235,0.02006,0.2733
59.4667,JELLY_C,0.0308,1.4586,1.00,J_PULSE_CRUISE,14.35,0.0420,0.215,0.5675,3.8998,-3.6894,0.00650,-0.00183,0.00567,0.02147,0.0104
59.5000,JELLY_A,0.1169,0.1220,0.05,J_DRIFT_IDLE,29.76,0.0255,0.000,1.1746,2.4839,-3.4125,0.00614,0.00114,0.00332,0.03218,0.0098
59.5000,JELLY_B,0.6127,-0.6098,1.00,J_PULSE_CRUISE,14.56,0.0172,0.264,1.5293,3.3010,-3.6812,0.00548,0.00066,0.00240,0.02017,0.2404
59.5000,JELLY_C,0.0441,2.0050,1.00,J_PULSE_CRUISE,14.39,0.0458,0.215,0.5677,3.8998,-3.6892,0.00650,-0.00185,0.00563,0.02160,0.0169
59.5333,JELLY_A,0.1277,0.1147,0.05,J_DRIFT_IDLE,29.71,0.0259,0.000,1.1748,2.4839,-3.4124,0.00609,0.00105,0.00331,0.03229,0.0122
59.5333,JELLY_B,0.6252,-0.5301,1.00,J_PULSE_CRUISE,14.59,0.0161,0.264,1.5295,3.3010,-3.6812,0.00549,0.00084,0.00244,0.02030,0.2091
59.5333,JELLY_C,0.0574,2.4643,1.00,J_PULSE_CRUISE,14.43,0.0509,0.215,0.5680,3.8997,-3.6890,0.00650,-0.00181,0.00557,0.02176,0.0288
59.5667,JELLY_A,0.1384,0.1042,0.05,J_DRIFT_IDLE,29.66,0.0263,0.000,1.1750,2.4840,-3.4123,0.00604,0.00096,0.00330,0.03240,0.0150
59.5667,JELLY_B,0.6376,-0.4472,1.00,J_PULSE_CRUISE,14.62,0.0151,0.264,1.5296,3.3010,-3.6811,0.00550,0.00102,0.00249,0.02045,0.1796
59.5667,JELLY_C,0.0707,2.8162,1.00,J_PULSE_CRUISE,14.47,0.0570,0.215,0.5682,3.8996,-3.6888,0.00652,-0.00170,0.00549,0.02193,0.0482
59.6000,JELLY_A,0.1491,0.0907,0.05,J_DRIFT_IDLE,29.61,0.0267,0.000,1.1752,2.4840,-3.4122,0.00600,0.00087,0.00330,0.03251,0.0179
59.6000,JELLY_B,0.6500,-0.3616,1.00,J_PULSE_CRUISE,14.65,0.0141,0.264,1.5298,3.3011,-3.6810,0.00551,0.00120,0.00253,0.02062,0.1520
59.6000,JELLY_C,0.0841,3.0453,1.00,J_PULSE_CRUISE,14.53,0.0637,0.215,0.5684,3.8996,-3.6887,0.00655,-0.00153,0.00541,0.02213,0.0770
59.6333,JELLY_A,0.1599,0.0746,0.05,J_DRIFT_IDLE,29.56,0.0270,0.000,1.1754,2.4840,-3.4121,0.00595,0.00078,0.00329,0.03262,0.0211
59.6333,JELLY_B,0.6624,-0.2738,1.00,J_PULSE_CRUISE,14.67,0.0131,0.264,1.5300,3.3011,-3.6809,0.00552,0.00138,0.00257,0.02080,0.1265
59.6333,JELLY_C,0.0974,3.1412,1.00,J_PULSE_CRUISE,14.58,0.0707,0.215,0.5686,3.8995,-3.6885,0.00658,-0.00134,0.00532,0.02236,0.1160
59.6667,JELLY_A,0.1706,0.0564,0.05,J_DRIFT_IDLE,29.51,0.0273,0.000,1.1756,2.4841,-3.4119,0.00591,0.00069,0.00328,0.03273,0.0243
59.6667,JELLY_B,0.6748,-0.1844,1.00,J_PULSE_CRUISE,14.69,0.0122,0.264,1.5302,3.3012,-3.6808,0.00553,0.00156,0.00262,0.02099,0.1034
59.6667,JELLY_C,0.1108,3.0997,1.00,J_PULSE_CRUISE,14.65,0.0775,0.215,0.5688,3.8995,-3.6883,0.00661,-0.00115,0.00523,0.02262,0.1657
59.7000,JELLY_A,0.1814,0.0365,0.05,J_DRIFT_IDLE,29.46,0.0277,0.000,1.1758,2.4841,-3.4118,0.00587,0.00061,0.00328,0.03283,0.0276
59.7000,JELLY_B,0.6872,-0.0938,1.00,J_PULSE_CRUISE,14.71,0.0113,0.264,1.5304,3.3012,-3.6807,0.00554,0.00173,0.00266,0.02119,0.0826
59.7000,JELLY_C,0.1241,2.9224,1.00,J_PULSE_CRUISE,14.72,0.0837,0.215,0.5691,3.8995,-3.6881,0.00663,-0.00099,0.00514,0.02291,0.2254
59.7333,JELLY_A,0.1921,0.0156,0.05,J_DRIFT_IDLE,29.40,0.0280,0.000,1.1759,2.4841,-3.4117,0.00582,0.00052,0.00327,0.03294,0.0308
59.7333,JELLY_B,0.6996,-0.0026,1.00,J_PULSE_CRUISE,14.73,0.0104,0.264,1.5306,3.3013,-3.6807,0.00555,0.00191,0.00271,0.02140,0.0644
59.7333,JELLY_C,0.1375,2.6168,1.00,J_PULSE_CRUISE,14.79,0.0889,0.215,0.5693,3.8994,-3.6880,0.00665,-0.00089,0.00507,0.02323,0.2941
59.7667,JELLY_A,0.2029,-0.0009,0.05,J_DRIFT_IDLE,29.35,0.0283,0.000,1.1761,2.4841,-3.4116,0.00578,0.00043,0.00326,0.03304,0.0339
59.7667,JELLY_B,0.7121,0.0000,1.00,J_GLIDE,14.75,0.0095,0.264,1.5307,3.3014,-3.6806,0.00556,0.00207,0.00275,0.02161,0.0487
59.7667,JELLY_C,0.1508,2.1963,1.00,J_PULSE_CRUISE,14.88,0.0929,0.215,0.5695,3.8994,-3.6878,0.00665,-0.00084,0.00501,0.02348,0.3697
59.8000,JELLY_A,0.2136,-0.0043,0.05,J_DRIFT_IDLE,29.30,0.0286,0.000,1.1763,2.4841,-3.4115,0.00574,0.00035,0.00326,0.03314,0.0367
59.8000,JELLY_B,0.7245,0.0000,1.00,J_GLIDE,14.77,0.0087,0.264,1.5309,3.3014,-3.6805,0.00556,0.00224,0.00279,0.02182,0.0356
59.8000,JELLY_C,0.1642,1.6790,1.00,J_PULSE_CRUISE,14.96,0.0953,0.215,0.5697,3.8994,-3.6876,0.00664,-0.00087,0.00496,0.02358,0.4498
59.8333,JELLY_A,0.2244,-0.0077,0.05,J_DRIFT_IDLE,29.24,0.0289,0.000,1.1765,2.4841,-3.4114,0.00569,0.00026,0.00325,0.03324,0.0393
59.8333,JELLY_B,0.7369,0.0000,1.00,J_GLIDE,14.78,0.0079,0.264,1.5311,3.3015,-3.6804,0.00557,0.00239,0.00283,0.02204,0.0248
59.8333,JELLY_C,0.1775,1.0876,1.00,J_PULSE_CRUISE,15.05,0.0960,0.215,0.5699,3.8993,-3.6875,0.00663,-0.00096,0.00493,0.02368,0.5314
59.8667,JELLY_A,0.2351,-0.0111,0.05,J_DRIFT_IDLE,29.19,0.0291,0.000,1.1767,2.4841,-3.4113,0.00565,0.00018,0.00325,0.03334,0.0415
59.8667,JELLY_B,0.7493,0.0000,1.00,J_GLIDE,14.80,0.0071,0.264,1.5313,3.3016,-3.6803,0.00557,0.00253,0.00287,0.02226,0.0163
59.8667,JELLY_C,0.1909,0.4480,1.00,J_PULSE_CRUISE,15.14,0.0949,0.215,0.5702,3.8993,-3.6873,0.00661,-0.00109,0.00490,0.02377,0.6116
59.9000,JELLY_A,0.2459,-0.0144,0.05,J_DRIFT_IDLE,29.13,0.0294,0.000,1.1769,2.4842,-3.4112,0.00561,0.00010,0.00324,0.03344,0.0434
59.9000,JELLY_B,0.7617,0.0000,1.00,J_GLIDE,14.81,0.0064,0.264,1.5315,3.3017,-3.6802,0.00557,0.00267,0.00290,0.02248,0.0097
59.9000,JELLY_C,0.2043,-0.0339,1.00,J_PULSE_CRUISE,15.23,0.0921,0.215,0.5704,3.8993,-3.6871,0.00658,-0.00124,0.00488,0.02381,0.6870
59.9333,JELLY_A,0.2567,-0.0177,0.05,J_DRIFT_IDLE,29.07,0.0296,0.000,1.1771,2.4842,-3.4111,0.00557,0.00001,0.00324,0.03353,0.0450
59.9333,JELLY_B,0.7741,0.0000,1.00,J_GLIDE,14.82,0.0057,0.264,1.5317,3.3018,-3.6801,0.00557,0.00280,0.00293,0.02269,0.0047
59.9333,JELLY_C,0.2177,-0.1396,1.00,J_PULSE_CRUISE,15.32,0.0891,0.215,0.5706,3.8992,-3.6870,0.00656,-0.00138,0.00486,0.02375,0.7551
59.9667,JELLY_A,0.2674,-0.0209,0.05,J_DRIFT_IDLE,29.02,0.0299,0.000,1.1773,2.4842,-3.4110,0.00553,-0.00007,0.00323,0.03363,0.0462
59.9667,JELLY_B,0.7865,0.0000,1.00,J_GLIDE,14.83,0.0051,0.264,1.5319,3.3019,-3.6800,0.00557,0.00292,0.00297,0.02291,0.0012
59.9667,JELLY_C,0.2310,-0.2443,1.00,J_PULSE_CRUISE,15.40,0.0861,0.215,0.5708,3.8992,-3.6868,0.00653,-0.00152,0.00484,0.02362,0.8141
60.0000,JELLY_A,0.2782,-0.0240,0.05,J_DRIFT_IDLE,28.96,0.0301,0.000,1.1775,2.4841,-3.4109,0.00549,-0.00015,0.00323,0.03373,0.0472
60.0000,JELLY_B,0.7990,0.0000,1.00,J_GLIDE,14.83,0.0044,0.264,1.5320,3.3020,-3.6799,0.00556,0.00304,0.00300,0.02312,-0.0013
60.0000,JELLY_C,0.2444,-0.3474,1.00,J_PULSE_CRUISE,15.48,0.0832,0.215,0.5710,3.8991,-3.6867,0.00651,-0.00166,0.00482,0.02341,0.8630
