t,name,cycle,pulseRate,activity,behavior,tiltDeg,omega,turn,x,y,z,vx,vy,vz,armTipRadial,margin
0.0000,JELLY_A,0.1300,0.0000,1.00,J_PULSE_CRUISE,0.00,0.0000,0.000,1.0200,2.1200,-3.4500,0.00000,0.00000,0.00000,0.03750,0.0000
0.0000,JELLY_B,0.6100,0.0000,1.00,J_PULSE_CRUISE,0.00,0.0000,0.000,1.4800,2.8500,-3.7700,0.00000,0.00000,0.00000,0.03125,0.0000
0.0000,JELLY_C,0.3700,0.0000,1.00,J_PULSE_CRUISE,0.00,0.0000,0.000,0.5400,3.5600,-3.9400,0.00000,0.00000,0.00000,0.02500,0.0000
0.0333,JELLY_A,0.1404,0.0984,0.05,J_DRIFT_IDLE,0.00,0.0000,0.000,1.0200,2.1200,-3.4500,-0.00000,-0.00003,-0.00000,0.03750,0.0010
0.0333,JELLY_B,0.6222,-0.5397,1.00,J_PULSE_CRUISE,0.00,0.0000,0.301,1.4800,2.8500,-3.7700,-0.00000,0.00023,-0.00000,0.03132,0.0023
0.0333,JELLY_C,0.3836,-1.1710,1.00,J_ASCEND,0.00,0.0000,0.411,0.5400,3.5600,-3.9400,-0.00000,-0.00002,0.00011,0.02494,0.0299
0.0667,JELLY_A,0.1507,0.0854,0.05,J_DRIFT_IDLE,0.00,0.0000,0.000,1.0200,2.1200,-3.4500,-0.00000,-0.00007,-0.00000,0.03750,0.0032
0.0667,JELLY_B,0.6344,-0.4603,1.00,J_PULSE_CRUISE,0.00,0.0000,0.301,1.4800,2.8500,-3.7700,-0.00000,0.00045,-0.00001,0.03147,0.0067
0.0667,JELLY_C,0.3972,-1.2108,1.00,J_ASCEND,0.00,0.0000,0.411,0.5400,3.5600,-3.9400,-0.00000,-0.00004,0.00023,0.02474,0.0909
0.1000,JELLY_A,0.1611,0.0701,0.05,J_DRIFT_IDLE,0.00,0.0000,0.000,1.0200,2.1200,-3.4500,-0.00000,-0.00010,-0.00000,0.03750,0.0063
0.1000,JELLY_B,0.6466,-0.3784,1.00,J_PULSE_CRUISE,0.00,0.0000,0.301,1.4800,2.8500,-3.7700,-0.00001,0.00068,-0.00001,0.03167,0.0113
0.1000,JELLY_C,0.4108,-1.2418,1.00,J_ASCEND,0.00,0.0000,0.411,0.5400,3.5600,-3.9400,-0.00000,-0.00005,0.00034,0.02441,0.1656
0.1333,JELLY_A,0.1715,0.0529,0.05,J_DRIFT_IDLE,0.00,0.0000,0.000,1.0200,2.1200,-3.4500,-0.00000,-0.00014,-0.00001,0.03750,0.0101
0.1333,JELLY_B,0.6588,-0.2942,1.00,J_PULSE_CRUISE,0.00,0.0000,0.301,1.4800,2.8501,-3.7700,-0.00001,0.00090,-0.00002,0.03190,0.0152
0.1333,JELLY_C,0.4244,-1.2637,1.00,J_ASCEND,0.00,0.0000,0.411,0.5400,3.5600,-3.9400,-0.00000,-0.00006,0.00045,0.02395,0.2416
0.1667,JELLY_A,0.1818,0.0344,0.05,J_DRIFT_IDLE,0.00,0.0000,0.000,1.0200,2.1200,-3.4500,-0.00001,-0.00017,-0.00001,0.03750,0.0143
0.1667,JELLY_B,0.6709,-0.2084,1.00,J_PULSE_CRUISE,0.00,0.0000,0.301,1.4800,2.8501,-3.7700,-0.00001,0.00112,-0.00002,0.03217,0.0179
0.1667,JELLY_C,0.4379,-1.2765,1.00,J_ASCEND,0.00,0.0000,0.411,0.5400,3.5600,-3.9400,-0.00000,-0.00004,0.00057,0.02336,0.3112
0.2000,JELLY_A,0.1922,0.0149,0.05,J_DRIFT_IDLE,0.00,0.0000,0.000,1.0200,2.1200,-3.4500,-0.00001,-0.00020,-0.00001,0.03750,0.0186
0.2000,JELLY_B,0.6831,-0.1215,1.00,J_PULSE_CRUISE,0.00,0.0000,0.301,1.4800,2.8501,-3.7700,-0.00001,0.00135,-0.00003,0.03245,0.0192
0.2000,JELLY_C,0.4515,-1.2799,1.00,J_ASCEND,0.00,0.0000,0.411,0.5400,3.5600,-3.9399,-0.00000,-0.00000,0.00068,0.02268,0.3695
0.2333,JELLY_A,0.2026,-0.0008,0.05,J_DRIFT_IDLE,0.00,0.0000,0.000,1.0200,2.1200,-3.4500,-0.00001,-0.00024,-0.00001,0.03750,0.0229
0.2333,JELLY_B,0.6953,-0.0339,1.00,J_PULSE_CRUISE,0.00,0.0000,0.301,1.4800,2.8502,-3.7700,-0.00001,0.00157,-0.00003,0.03276,0.0193
0.2333,JELLY_C,0.4651,-1.2740,1.00,J_ASCEND,0.00,0.0000,0.411,0.5400,3.5600,-3.9399,-0.00000,0.00006,0.00079,0.02194,0.4141
0.2667,JELLY_A,0.2129,-0.0040,0.05,J_DRIFT_IDLE,0.00,0.0000,0.000,1.0200,2.1200,-3.4500,-0.00001,-0.00027,-0.00001,0.03750,0.0271
0.2667,JELLY_B,0.7075,0.0000,1.00,J_GLIDE,0.00,0.0000,0.301,1.4800,2.8502,-3.7700,-0.00002,0.00179,-0.00003,0.03308,0.0185
0.2667,JELLY_C,0.4787,-1.2588,1.00,J_ASCEND,0.00,0.0000,0.411,0.5400,3.5600,-3.9399,-0.00000,0.00015,0.00090,0.02118,0.4444
0.3000,JELLY_A,0.2233,-0.0071,0.05,J_DRIFT_IDLE,0.00,0.0000,0.000,1.0200,2.1200,-3.4500,-0.00001,-0.00031,-0.00002,0.03750,0.0309
0.3000,JELLY_B,0.7196,0.0000,1.00,J_GLIDE,0.00,0.0000,0.301,1.4800,2.8503,-3.7700,-0.00002,0.00200,-0.00004,0.03342,0.0169
0.3000,JELLY_C,0.4923,-1.2345,1.00,J_ASCEND,0.00,0.0000,0.411,0.5400,3.5600,-3.9398,-0.00000,0.00028,0.00101,0.02042,0.4609
0.3333,JELLY_A,0.2337,-0.0103,0.05,J_DRIFT_IDLE,0.00,0.0000,0.000,1.0200,2.1199,-3.4500,-0.00001,-0.00034,-0.00002,0.03750,0.0344
0.3333,JELLY_B,0.7318,0.0000,1.00,J_GLIDE,0.00,0.0000,0.301,1.4800,2.8504,-3.7700,-0.00002,0.00221,-0.00004,0.03376,0.0150
0.3333,JELLY_C,0.5058,-1.2013,1.00,J_ASCEND,0.00,0.0000,0.411,0.5400,3.5600,-3.9398,-0.00000,0.00043,0.00112,0.01971,0.4649
0.3667,JELLY_A,0.2440,-0.0133,0.05,J_DRIFT_IDLE,0.00,0.0000,0.000,1.0200,2.1199,-3.4500,-0.00001,-0.00037,-0.00002,0.03750,0.0375
0.3667,JELLY_B,0.7440,0.0000,1.00,J_GLIDE,0.00,0.0000,0.301,1.4800,2.8505,-3.7700,-0.00002,0.00240,-0.00005,0.03412,0.0130
0.3667,JELLY_C,0.5194,-1.1593,1.00,J_ASCEND,0.00,0.0000,0.411,0.5400,3.5600,-3.9398,-0.00001,0.00061,0.00123,0.01907,0.4581
0.4000,JELLY_A,0.2544,-0.0164,0.05,J_DRIFT_IDLE,0.00,0.0000,0.000,1.0200,2.1199,-3.4500,-0.00002,-0.00041,-0.00002,0.03750,0.0402
0.4000,JELLY_B,0.7561,0.0000,1.00,J_GLIDE,0.00,0.0000,0.301,1.4800,2.8505,-3.7700,-0.00003,0.00260,-0.00005,0.03449,0.0109
0.4000,JELLY_C,0.5330,-1.1089,1.00,J_ASCEND,0.00,0.0000,0.411,0.5400,3.5601,-3.9397,-0.00001,0.00083,0.00134,0.01854,0.4422
0.4333,JELLY_A,0.2647,-0.0193,0.05,J_DRIFT_IDLE,0.00,0.0000,0.000,1.0200,2.1199,-3.4500,-0.00002,-0.00044,-0.00002,0.03750,0.0424
0.4333,JELLY_B,0.7683,0.0000,1.00,J_GLIDE,0.00,0.0000,0.301,1.4800,2.8506,-3.7700,-0.00003,0.00278,-0.00006,0.03486,0.0089
0.4333,JELLY_C,0.5465,-1.0505,1.00,J_ASCEND,0.00,0.0000,0.411,0.5400,3.5601,-3.9397,-0.00001,0.00106,0.00144,0.01815,0.4192
0.4667,JELLY_A,0.2751,-0.0222,0.05,J_DRIFT_IDLE,0.00,0.0000,0.000,1.0200,2.1199,-3.4500,-0.00002,-0.00047,-0.00003,0.03750,0.0442
0.4667,JELLY_B,0.7805,0.0000,1.00,J_GLIDE,0.00,0.0000,0.301,1.4800,2.8507,-3.7700,-0.00003,0.00296,-0.00006,0.03524,0.0071
0.4667,JELLY_C,0.5601,-0.9845,1.00,J_ASCEND,0.00,0.0000,0.411,0.5400,3.5601,-3.9396,-0.00001,0.00132,0.00155,0.01790,0.3908
0.5000,JELLY_A,0.2855,-0.0250,0.05,J_DRIFT_IDLE,0.00,0.0000,0.000,1.0200,2.1199,-3.4500,-0.00002,-0.00051,-0.00003,0.03750,0.0456
0.5000,JELLY_B,0.7926,0.0000,1.00,J_GLIDE,0.00,0.0000,0.301,1.4800,2.8508,-3.7700,-0.00003,0.00313,-0.00007,0.03562,0.0056
0.5000,JELLY_C,0.5737,-0.9113,1.00,J_ASCEND,0.00,0.0000,0.411,0.5400,3.5602,-3.9396,-0.00001,0.00160,0.00165,0.01779,0.3587
0.5333,JELLY_A,0.2958,-0.0276,0.05,J_DRIFT_IDLE,0.00,0.0000,0.000,1.0200,2.1199,-3.4500,-0.00002,-0.00054,-0.00003,0.03749,0.0466
0.5333,JELLY_B,0.8048,0.0000,1.00,J_GLIDE,0.00,0.0000,0.301,1.4800,2.8509,-3.7700,-0.00004,0.00330,-0.00007,0.03600,0.0042
0.5333,JELLY_C,0.5872,-0.8316,1.00,J_ASCEND,0.00,0.0000,0.411,0.5400,3.5602,-3.9395,-0.00001,0.00189,0.00176,0.01777,0.3243
0.5667,JELLY_A,0.3062,-0.0302,0.05,J_DRIFT_IDLE,0.00,0.0000,0.000,1.0200,2.1198,-3.4500,-0.00002,-0.00057,-0.00003,0.03748,0.0473
0.5667,JELLY_B,0.8169,0.0000,1.00,J_GLIDE,0.00,0.0000,0.301,1.4800,2.8511,-3.7700,-0.00004,0.00346,-0.00008,0.03637,0.0031
0.5667,JELLY_C,0.6008,-0.7459,1.00,J_ASCEND,0.00,0.0000,0.411,0.5400,3.5603,-3.9395,-0.00001,0.00219,0.00186,0.01781,0.2888
0.6000,JELLY_A,0.3165,-0.0326,0.05,J_DRIFT_IDLE,0.00,0.0000,0.000,1.0200,2.1198,-3.4500,-0.00002,-0.00061,-0.00003,0.03746,0.0477
0.6000,JELLY_B,0.8291,0.0000,1.00,J_GLIDE,0.00,0.0000,0.301,1.4800,2.8512,-3.7700,-0.00004,0.00361,-0.00008,0.03674,0.0021
0.6000,JELLY_C,0.6143,-0.6549,1.00,J_ASCEND,0.00,0.0000,0.411,0.5400,3.5604,-3.9394,-0.00001,0.00248,0.00196,0.01788,0.2532
0.6333,JELLY_A,0.3269,-0.0349,0.05,J_DRIFT_IDLE,0.00,0.0000,0.000,1.0200,2.1198,-3.4500,-0.00003,-0.00064,-0.00004,0.03743,0.0478
0.6333,JELLY_B,0.8412,0.0000,1.00,J_GLIDE,0.00,0.0000,0.301,1.4800,2.8513,-3.7700,-0.00005,0.00376,-0.00009,0.03710,0.0014
0.6333,JELLY_C,0.6279,-0.5591,1.00,J_ASCEND,0.00,0.0000,0.411,0.5400,3.5605,-3.9393,-0.00002,0.00277,0.00206,0.01799,0.2185
0.6667,JELLY_A,0.3372,-0.0370,0.05,J_DRIFT_IDLE,0.00,0.0000,0.000,1.0200,2.1198,-3.4500,-0.00003,-0.00067,-0.00004,0.03739,0.0477
0.6667,JELLY_B,0.8533,0.0000,1.00,J_GLIDE,0.00,0.0000,0.301,1.4800,2.8514,-3.7700,-0.00005,0.00390,-0.00009,0.03745,0.0008
0.6667,JELLY_C,0.6414,-0.4594,1.00,J_ASCEND,0.00,0.0000,0.411,0.5400,3.5606,-3.9393,-0.00002,0.00306,0.00216,0.01813,0.1854
0.7000,JELLY_A,0.3476,-0.0390,0.05,J_DRIFT_IDLE,0.00,0.0000,0.000,1.0200,2.1197,-3.4500,-0.00003,-0.00070,-0.00004,0.03735,0.0473
0.7000,JELLY_B,0.8655,0.0000,1.00,J_GLIDE,0.00,0.0000,0.301,1.4800,2.8516,-3.7700,-0.00005,0.00404,-0.00010,0.03779,0.0004
0.7000,JELLY_C,0.6550,-0.3563,1.00,J_ASCEND,0.00,0.0000,0.411,0.5400,3.5607,-3.9392,-0.00002,0.00335,0.00226,0.01829,0.1543
0.7333,JELLY_A,0.3579,-0.0408,0.05,J_DRIFT_IDLE,0.00,0.0000,0.000,1.0200,2.1197,-3.4500,-0.00003,-0.00074,-0.00004,0.03731,0.0468
0.7333,JELLY_B,0.8776,0.0000,1.00,J_GLIDE,0.00,0.0000,0.301,1.4800,2.8517,-3.7700,-0.00006,0.00417,-0.00011,0.03811,0.0001
0.7333,JELLY_C,0.6685,-0.2508,1.00,J_ASCEND,0.00,0.0000,0.411,0.5400,3.5608,-3.9391,-0.00002,0.00363,0.00235,0.01847,0.1258
0.7667,JELLY_A,0.3683,-0.0425,0.05,J_DRIFT_IDLE,0.00,0.0000,0.000,1.0200,2.1197,-3.4500,-0.00003,-0.00077,-0.00005,0.03725,0.0461
0.7667,JELLY_B,0.8897,0.0000,1.00,J_GLIDE,0.00,0.0000,0.301,1.4800,2.8518,-3.7700,-0.00006,0.00429,-0.00011,0.03842,-0.0001
0.7667,JELLY_C,0.6821,-0.1435,1.00,J_ASCEND,0.00,0.0000,0.411,0.5400,3.5609,-3.9390,-0.00002,0.00392,0.00244,0.01868,0.1001
0.8000,JELLY_A,0.3786,-0.0440,0.05,J_DRIFT_IDLE,0.00,0.0000,0.000,1.0200,2.1197,-3.4500,-0.00004,-0.00080,-0.00005,0.03720,0.0452
0.8000,JELLY_B,0.9019,0.0000,1.00,J_GLIDE,0.00,0.0000,0.301,1.4800,2.8520,-3.7700,-0.00006,0.00441,-0.00012,0.03871,-0.0003
0.8000,JELLY_C,0.6956,-0.0352,1.00,J_ASCEND,0.00,0.0000,0.411,0.5400,3.5611,-3.9389,-0.00003,0.00420,0.00254,0.01890,0.0776
0.8333,JELLY_A,0.3890,-0.0452,0.05,J_DRIFT_IDLE,0.00,0.0000,0.000,1.0200,2.1196,-3.4500,-0.00004,-0.00083,-0.00005,0.03715,0.0442
0.8333,JELLY_B,0.9140,0.0000,1.00,J_GLIDE,0.00,0.0000,0.301,1.4800,2.8521,-3.7700,-0.00007,0.00453,-0.00013,0.03899,-0.0004
0.8333,JELLY_C,0.7091,0.0000,1.00,J_GLIDE,0.00,0.0000,0.411,0.5400,3.5612,-3.9389,-0.00003,0.00444,0.00263,0.01914,0.0583
0.8667,JELLY_A,0.3993,-0.0463,0.05,J_DRIFT_IDLE,0.00,0.0000,0.000,1.0200,2.1196,-3.4500,-0.00004,-0.00087,-0.00005,0.03709,0.0431
0.8667,JELLY_B,0.9261,0.0000,1.00,J_GLIDE,0.00,0.0000,0.301,1.4800,2.8523,-3.7701,-0.00007,0.00464,-0.00013,0.03924,-0.0004
0.8667,JELLY_C,0.7227,0.0000,1.00,J_GLIDE,0.00,0.0000,0.411,0.5400,3.5614,-3.9388,-0.00003,0.00466,0.00271,0.01939,0.0422
0.9000,JELLY_A,0.4097,-0.0472,0.05,J_DRIFT_IDLE,0.00,0.0000,0.000,1.0200,2.1196,-3.4500,-0.00004,-0.00090,-0.00006,0.03704,0.0419
0.9000,JELLY_B,0.9382,0.0000,1.00,J_GLIDE,0.00,0.0000,0.301,1.4800,2.8524,-3.7701,-0.00008,0.00474,-0.00014,0.03947,-0.0004
0.9000,JELLY_C,0.7362,0.0000,1.00,J_GLIDE,0.00,0.0000,0.411,0.5400,3.5615,-3.9387,-0.00004,0.00487,0.00280,0.01966,0.0291
0.9333,JELLY_A,0.4200,-0.0479,0.05,J_DRIFT_IDLE,0.00,0.0000,0.000,1.0200,2.1196,-3.4500,-0.00004,-0.00093,-0.00006,0.03699,0.0406
0.9333,JELLY_B,0.9503,0.0000,1.00,J_GLIDE,0.00,0.0000,0.301,1.4800,2.8526,-3.7701,-0.00008,0.00484,-0.00015,0.03968,-0.0004
0.9333,JELLY_C,0.7497,0.0000,1.00,J_GLIDE,0.00,0.0000,0.411,0.5400,3.5617,-3.9386,-0.00004,0.00506,0.00288,0.01995,0.0188
0.9667,JELLY_A,0.4304,-0.0484,0.05,J_DRIFT_IDLE,0.00,0.0000,0.000,1.0200,2.1195,-3.4500,-0.00005,-0.00096,-0.00006,0.03695,0.0392
0.9667,JELLY_B,0.9625,0.0000,1.00,J_GLIDE,0.00,0.0000,0.301,1.4800,2.8528,-3.7701,-0.00008,0.00494,-0.00015,0.03986,-0.0003
0.9667,JELLY_C,0.7633,0.0000,1.00,J_GLIDE,0.00,0.0000,0.411,0.5400,3.5619,-3.9385,-0.00004,0.00525,0.00297,0.02024,0.0110
1.0000,JELLY_A,0.4407,-0.0487,0.05,J_DRIFT_IDLE,0.00,0.0000,0.000,1.0200,2.1195,-3.4500,-0.00005,-0.00099,-0.00006,0.03691,0.0378
1.0000,JELLY_B,0.9746,0.0000,1.00,J_GLIDE,0.00,0.0000,0.301,1.4800,2.8529,-3.7701,-0.00009,0.00503,-0.00016,0.04001,-0.0003
1.0000,JELLY_C,0.7768,0.0000,1.00,J_GLIDE,0.00,0.0000,0.411,0.5400,3.5620,-3.9384,-0.00005,0.00543,0.00305,0.02054,0.0052
1.0333,JELLY_A,0.4511,-0.0487,0.05,J_DRIFT_IDLE,0.00,0.0000,0.000,1.0200,2.1195,-3.4500,-0.00005,-0.00102,-0.00007,0.03687,0.0363
1.0333,JELLY_B,0.9867,0.0000,1.00,J_GLIDE,0.00,0.0000,0.301,1.4800,2.8531,-3.7701,-0.00009,0.00512,-0.00017,0.04014,-0.0003
1.0333,JELLY_C,0.7903,0.0000,1.00,J_GLIDE,0.00,0.0000,0.411,0.5400,3.5622,-3.9383,-0.00005,0.00559,0.00313,0.02085,0.0012
1.0667,JELLY_A,0.4614,-0.0486,0.05,J_DRIFT_IDLE,0.00,0.0000,0.000,1.0200,2.1194,-3.4500,-0.00005,-0.00105,-0.00007,0.03685,0.0348
1.0667,JELLY_B,0.9988,0.0000,1.00,J_GLIDE,0.00,0.0000,0.301,1.4800,2.8533,-3.7701,-0.00010,0.00520,-0.00018,0.04025,-0.0001
1.0667,JELLY_C,0.8038,0.0000,1.00,J_GLIDE,0.00,0.0000,0.411,0.5400,3.5624,-3.9382,-0.00005,0.00575,0.00320,0.02116,-0.0015
1.1000,JELLY_A,0.4718,-0.0483,0.05,J_DRIFT_IDLE,0.00,0.0000,0.000,1.0200,2.1194,-3.4500,-0.00005,-0.00108,-0.00007,0.03683,0.0332
1.1000,JELLY_B,0.0109,0.4849,1.00,J_PULSE_CRUISE,0.00,0.0013,0.297,1.4800,2.8534,-3.7701,-0.00010,0.00516,-0.00018,0.04032,0.0005
1.1000,JELLY_C,0.8174,0.0000,1.00,J_GLIDE,0.00,0.0000,0.411,0.5400,3.5626,-3.9381,-0.00006,0.00589,0.00328,0.02147,-0.0031
1.1333,JELLY_A,0.4821,-0.0478,0.05,J_DRIFT_IDLE,0.00,0.0000,0.000,1.0200,2.1194,-3.4500,-0.00006,-0.00111,-0.00007,0.03682,0.0317
1.1333,JELLY_B,0.0230,1.0067,1.00,J_PULSE_CRUISE,0.01,0.0049,0.297,1.4799,2.8536,-3.7701,-0.00011,0.00513,-0.00019,0.04037,0.0022
1.1333,JELLY_C,0.8309,0.0000,1.00,J_GLIDE,0.00,0.0000,0.411,0.5400,3.5628,-3.9379,-0.00006,0.00603,0.00335,0.02178,-0.0040
1.1667,JELLY_A,0.4925,-0.0470,0.05,J_DRIFT_IDLE,0.00,0.0000,0.000,1.0200,2.1193,-3.4500,-0.00006,-0.00114,-0.00008,0.03682,0.0301
1.1667,JELLY_B,0.0351,1.4918,1.00,J_PULSE_CRUISE,0.02,0.0106,0.297,1.4799,2.8538,-3.7701,-0.00011,0.00514,-0.00020,0.04040,0.0062
1.1667,JELLY_C,0.8444,0.0000,1.00,J_GLIDE,0.00,0.0000,0.411,0.5400,3.5630,-3.9378,-0.00007,0.00616,0.00342,0.02209,-0.0043
1.2000,JELLY_A,0.5028,-0.0461,0.05,J_DRIFT_IDLE,0.00,0.0000,0.000,1.0200,2.1193,-3.4500,-0.00006,-0.00116,-0.00008,0.03682,0.0284
1.2000,JELLY_B,0.0472,1.9230,1.00,J_PULSE_CRUISE,0.04,0.0181,0.297,1.4799,2.8540,-3.7701,-0.00012,0.00520,-0.00021,0.04042,0.0139
1.2000,JELLY_C,0.8579,0.0000,1.00,J_GLIDE,0.00,0.0000,0.411,0.5400,3.5632,-3.9377,-0.00007,0.00628,0.00349,0.02239,-0.0042
1.2333,JELLY_A,0.5131,-0.0449,0.05,J_DRIFT_IDLE,0.00,0.0000,0.000,1.0200,2.1192,-3.4500,-0.00006,-0.00119,-0.00008,0.03682,0.0268
1.2333,JELLY_B,0.0593,2.2848,1.00,J_PULSE_CRUISE,0.08,0.0272,0.297,1.4799,2.8541,-3.7701,-0.00012,0.00532,-0.00021,0.04044,0.0267
1.2333,JELLY_C,0.8714,0.0000,1.00,J_GLIDE,0.00,0.0000,0.411,0.5400,3.5634,-3.9376,-0.00008,0.00639,0.00356,0.02268,-0.0039
1.2667,JELLY_A,0.5235,-0.0436,0.05,J_DRIFT_IDLE,0.00,0.0000,0.000,1.0200,2.1192,-3.4500,-0.00007,-0.00121,-0.00009,0.03682,0.0252
1.2667,JELLY_B,0.0713,2.5641,1.00,J_PULSE_CRUISE,0.14,0.0374,0.297,1.4799,2.8543,-3.7701,-0.00013,0.00548,-0.00022,0.04045,0.0460
1.2667,JELLY_C,0.8849,0.0000,1.00,J_GLIDE,0.00,0.0000,0.411,0.5400,3.5636,-3.9375,-0.00008,0.00649,0.00363,0.02297,-0.0035
1.3000,JELLY_A,0.5338,-0.0421,0.05,J_DRIFT_IDLE,0.00,0.0000,0.000,1.0200,2.1192,-3.4501,-0.00007,-0.00124,-0.00009,0.03683,0.0236
1.3000,JELLY_B,0.0834,2.7512,1.00,J_PULSE_CRUISE,0.22,0.0483,0.297,1.4799,2.8545,-3.7701,-0.00013,0.00569,-0.00023,0.04047,0.0729
1.3000,JELLY_C,0.8984,0.0000,1.00,J_GLIDE,0.00,0.0000,0.411,0.5400,3.5639,-3.9374,-0.00009,0.00659,0.00369,0.02325,-0.0030
1.3333,JELLY_A,0.5442,-0.0404,0.05,J_DRIFT_IDLE,0.00,0.0000,0.000,1.0200,2.1191,-3.4501,-0.00007,-0.00126,-0.00009,0.03684,0.0220
1.3333,JELLY_B,0.0955,2.8394,1.00,J_PULSE_CRUISE,0.32,0.0594,0.297,1.4799,2.8547,-3.7701,-0.00014,0.00591,-0.00024,0.04048,0.1081
1.3333,JELLY_C,0.9119,0.0000,1.00,J_GLIDE,0.00,0.0000,0.411,0.5400,3.5641,-3.9372,-0.00009,0.00668,0.00375,0.02351,-0.0025
1.3667,JELLY_A,0.5545,-0.0386,0.05,J_DRIFT_IDLE,0.00,0.0000,0.000,1.0200,2.1191,-3.4501,-0.00007,-0.00128,-0.00009,0.03685,0.0204
1.3667,JELLY_B,0.1076,2.8256,1.00,J_PULSE_CRUISE,0.44,0.0703,0.297,1.4799,2.8549,-3.7701,-0.00014,0.00614,-0.00024,0.04048,0.1517
1.3667,JELLY_C,0.9254,0.0000,1.00,J_GLIDE,0.00,0.0000,0.411,0.5400,3.5643,-3.9371,-0.00010,0.00676,0.00382,0.02376,-0.0020
1.4000,JELLY_A,0.5648,-0.0366,0.05,J_DRIFT_IDLE,0.00,0.0000,0.000,1.0200,2.1190,-3.4501,-0.00008,-0.00131,-0.00010,0.03686,0.0188
1.4000,JELLY_B,0.1197,2.7104,1.00,J_PULSE_CRUISE,0.59,0.0806,0.297,1.4799,2.8551,-3.7702,-0.00015,0.00635,-0.00025,0.04049,0.2036
1.4000,JELLY_C,0.9389,0.0000,1.00,J_GLIDE,0.00,0.0000,0.411,0.5400,3.5645,-3.9370,-0.00011,0.00683,0.00388,0.02399,-0.0015
1.4333,JELLY_A,0.5752,-0.0344,0.05,J_DRIFT_IDLE,0.00,0.0000,0.000,1.0200,2.1190,-3.4501,-0.00008,-0.00133,-0.00010,0.03687,0.0173
1.4333,JELLY_B,0.1317,2.4981,1.00,J_PULSE_CRUISE,0.75,0.0897,0.297,1.4799,2.8553,-3.7702,-0.00015,0.00653,-0.00026,0.04049,0.2629
1.4333,JELLY_C,0.9524,0.0000,1.00,J_GLIDE,0.00,0.0000,0.411,0.5400,3.5648,-3.9369,-0.00011,0.00690,0.00393,0.02421,-0.0012
1.4667,JELLY_A,0.5855,-0.0321,0.05,J_DRIFT_IDLE,0.00,0.0000,0.000,1.0199,2.1189,-3.4501,-0.00008,-0.00135,-0.00010,0.03688,0.0158
1.4667,JELLY_B,0.1438,2.1965,1.00,J_PULSE_CRUISE,0.92,0.0973,0.297,1.4799,2.8555,-3.7702,-0.00016,0.00666,-0.00026,0.04050,0.3284
1.4667,JELLY_C,0.9658,0.0000,1.00,J_GLIDE,0.00,0.0000,0.411,0.5399,3.5650,-3.9367,-0.00012,0.00696,0.00399,0.02441,-0.0008
1.5000,JELLY_A,0.5959,-0.0297,0.05,J_DRIFT_IDLE,0.00,0.0000,0.000,1.0199,2.1189,-3.4501,-0.00008,-0.00137,-0.00011,0.03689,0.0144
1.5000,JELLY_B,0.1559,1.8164,1.00,J_PULSE_CRUISE,1.11,0.1032,0.297,1.4799,2.8558,-3.7702,-0.00016,0.00674,-0.00027,0.04050,0.3985
1.5000,JELLY_C,0.9793,0.0000,1.00,J_GLIDE,0.00,0.0000,0.411,0.5399,3.5652,-3.9366,-0.00012,0.00701,0.00405,0.02459,-0.0006
1.5333,JELLY_A,0.6062,-0.0271,0.05,J_DRIFT_IDLE,0.00,0.0000,0.000,1.0199,2.1188,-3.4501,-0.00009,-0.00139,-0.00011,0.03691,0.0130
1.5333,JELLY_B,0.1679,1.3715,1.00,J_PULSE_CRUISE,1.31,0.1070,0.297,1.4799,2.8560,-3.7702,-0.00017,0.00676,-0.00028,0.04050,0.4712
1.5333,JELLY_C,0.9928,0.0000,1.00,J_GLIDE,0.00,0.0000,0.411,0.5399,3.5655,-3.9364,-0.00013,0.00706,0.00410,0.02475,-0.0002
1.5667,JELLY_A,0.6165,-0.0244,0.05,J_DRIFT_IDLE,0.00,0.0000,0.000,1.0199,2.1188,-3.4501,-0.00009,-0.00141,-0.00011,0.03692,0.0116
1.5667,JELLY_B,0.1800,0.8778,1.00,J_PULSE_CRUISE,1.52,0.1085,0.297,1.4799,2.8562,-3.7702,-0.00018,0.00674,-0.00028,0.04051,0.5444
1.5667,JELLY_C,0.0063,0.3124,1.00,J_PULSE_CRUISE,0.00,0.0006,0.412,0.5399,3.5657,-3.9363,-0.00014,0.00703,0.00415,0.02488,0.0006
1.6000,JELLY_A,0.6269,-0.0216,0.05,J_DRIFT_IDLE,0.00,0.0000,0.000,1.0199,2.1188,-3.4501,-0.00009,-0.00143,-0.00012,0.03694,0.0103
1.6000,JELLY_B,0.1921,0.3530,1.00,J_PULSE_CRUISE,1.73,0.1077,0.297,1.4799,2.8564,-3.7702,-0.00018,0.00669,-0.00029,0.04051,0.6158
1.6000,JELLY_C,0.0197,0.9688,1.00,J_PULSE_CRUISE,0.00,0.0047,0.412,0.5399,3.5659,-3.9362,-0.00014,0.00693,0.00420,0.02499,0.0030
1.6333,JELLY_A,0.6372,-0.0187,0.05,J_DRIFT_IDLE,0.00,0.0000,0.000,1.0199,2.1187,-3.4501,-0.00009,-0.00145,-0.00012,0.03696,0.0091
1.6333,JELLY_B,0.2041,-0.0295,1.00,J_PULSE_CRUISE,1.93,0.1047,0.297,1.4799,2.8567,-3.7702,-0.00019,0.00663,-0.00030,0.04051,0.6833
1.6333,JELLY_C,0.0332,1.5815,1.00,J_PULSE_CRUISE,0.02,0.0121,0.412,0.5399,3.5662,-3.9360,-0.00015,0.00687,0.00426,0.02506,0.0082
1.6667,JELLY_A,0.6475,-0.0158,0.05,J_DRIFT_IDLE,0.00,0.0000,0.000,1.0199,2.1187,-3.4501,-0.00010,-0.00147,-0.00012,0.03697,0.0079
1.6667,JELLY_B,0.2162,-0.1153,1.00,J_PULSE_CRUISE,2.13,0.1016,0.297,1.4799,2.8569,-3.7702,-0.00020,0.00657,-0.00031,0.04052,0.7450
1.6667,JELLY_C,0.0467,2.1233,1.00,J_PULSE_CRUISE,0.05,0.0225,0.412,0.5399,3.5664,-3.9359,-0.00016,0.00689,0.00430,0.02511,0.0178
1.7000,JELLY_A,0.6579,-0.0127,0.05,J_DRIFT_IDLE,0.00,0.0000,0.000,1.0199,2.1186,-3.4501,-0.00010,-0.00149,-0.00013,0.03699,0.0068
1.7000,JELLY_B,0.2282,-0.2004,1.00,J_PULSE_CRUISE,2.32,0.0984,0.297,1.4799,2.8571,-3.7702,-0.00020,0.00651,-0.00032,0.04052,0.7995
1.7000,JELLY_C,0.0601,2.5701,1.00,J_PULSE_CRUISE,0.10,0.0352,0.412,0.5399,3.5666,-3.9357,-0.00016,0.00698,0.00435,0.02512,0.0337
1.7333,JELLY_A,0.6682,-0.0097,0.05,J_DRIFT_IDLE,0.00,0.0000,0.000,1.0199,2.1186,-3.4501,-0.00010,-0.00152,-0.00013,0.03701,0.0058
1.7333,JELLY_B,0.2403,-0.2843,1.00,J_PULSE_CRUISE,2.51,0.0954,0.297,1.4799,2.8573,-3.7703,-0.00021,0.00645,-0.00033,0.04052,0.8462
1.7333,JELLY_C,0.0736,2.9022,1.00,J_PULSE_CRUISE,0.18,0.0497,0.412,0.5399,3.5669,-3.9356,-0.00017,0.00713,0.00440,0.02512,0.0577
1.7667,JELLY_A,0.6786,-0.0065,0.05,J_DRIFT_IDLE,0.00,0.0000,0.000,1.0199,2.1185,-3.4501,-0.00011,-0.00154,-0.00013,0.03703,0.0048
1.7667,JELLY_B,0.2523,-0.3666,1.00,J_PULSE_CRUISE,2.69,0.0925,0.297,1.4798,2.8575,-3.7703,-0.00022,0.00639,-0.00034,0.04051,0.8846
1.7667,JELLY_C,0.0871,3.1048,1.00,J_PULSE_CRUISE,0.28,0.0651,0.412,0.5399,3.5671,-3.9354,-0.00018,0.00733,0.00445,0.02511,0.0910
1.8000,JELLY_A,0.6889,-0.0034,0.05,J_DRIFT_IDLE,0.00,0.0000,0.000,1.0199,2.1185,-3.4501,-0.00011,-0.00156,-0.00014,0.03706,0.0040
1.8000,JELLY_B,0.2644,-0.4466,1.00,J_PULSE_CRUISE,2.86,0.0896,0.297,1.4798,2.8577,-3.7703,-0.00022,0.00634,-0.00035,0.04051,0.9149
1.8000,JELLY_C,0.1005,3.1692,1.00,J_PULSE_CRUISE,0.42,0.0808,0.412,0.5399,3.5674,-3.9353,-0.00019,0.00756,0.00449,0.02510,0.1342
1.8333,JELLY_A,0.6992,-0.0002,0.05,J_DRIFT_IDLE,0.00,0.0000,0.000,1.0199,2.1184,-3.4501,-0.00011,-0.00158,-0.00014,0.03708,0.0032
1.8333,JELLY_B,0.2764,-0.5241,1.00,J_PULSE_CRUISE,3.03,0.0869,0.297,1.4798,2.8580,-3.7703,-0.00023,0.00628,-0.00036,0.04051,0.9374
1.8333,JELLY_C,0.1140,3.0927,1.00,J_PULSE_CRUISE,0.58,0.0958,0.412,0.5399,3.5676,-3.9351,-0.00019,0.00778,0.00453,0.02509,0.1875
1.8667,JELLY_A,0.7096,0.0000,0.05,J_DRIFT_IDLE,0.00,0.0000,0.000,1.0199,2.1183,-3.4501,-0.00011,-0.00160,-0.00015,0.03710,0.0025
1.8667,JELLY_B,0.2885,-0.5985,1.00,J_PULSE_CRUISE,3.19,0.0842,0.297,1.4798,2.8582,-3.7703,-0.00023,0.00622,-0.00036,0.04050,0.9526
1.8667,JELLY_C,0.1274,2.8787,1.00,J_PULSE_CRUISE,0.78,0.1095,0.412,0.5399,3.5679,-3.9350,-0.00020,0.00796,0.00457,0.02508,0.2500
1.9000,JELLY_A,0.7199,0.0000,0.05,J_DRIFT_IDLE,0.00,0.0000,0.000,1.0199,2.1183,-3.4501,-0.00012,-0.00162,-0.00015,0.03712,0.0020
1.9000,JELLY_B,0.3005,-0.6695,1.00,J_PULSE_CRUISE,3.35,0.0815,0.297,1.4798,2.8584,-3.7703,-0.00024,0.00617,-0.00037,0.04050,0.9611
1.9000,JELLY_C,0.1409,2.5371,1.00,J_PULSE_CRUISE,0.99,0.1211,0.412,0.5399,3.5681,-3.9348,-0.00021,0.00807,0.00461,0.02508,0.3203
1.9333,JELLY_A,0.7302,0.0000,0.05,J_DRIFT_IDLE,0.00,0.0000,0.000,1.0199,2.1182,-3.4501,-0.00012,-0.00164,-0.00015,0.03714,0.0015
1.9333,JELLY_B,0.3125,-0.7366,1.00,J_PULSE_CRUISE,3.51,0.0790,0.297,1.4798,2.8586,-3.7703,-0.00025,0.00611,-0.00038,0.04049,0.9635
1.9333,JELLY_C,0.1543,2.0830,1.00,J_PULSE_CRUISE,1.23,0.1301,0.412,0.5399,3.5684,-3.9347,-0.00022,0.00812,0.00465,0.02507,0.3964
1.9667,JELLY_A,0.7406,0.0000,0.05,J_DRIFT_IDLE,0.00,0.0000,0.000,1.0199,2.1182,-3.4501,-0.00012,-0.00166,-0.00016,0.03716,0.0011
1.9667,JELLY_B,0.3246,-0.7994,1.00,J_PULSE_CRUISE,3.66,0.0765,0.297,1.4798,2.8588,-3.7703,-0.00025,0.00605,-0.00039,0.04048,0.9604
1.9667,JELLY_C,0.1677,1.5369,1.00,J_PULSE_CRUISE,1.49,0.1359,0.412,0.5399,3.5687,-3.9345,-0.00023,0.00809,0.00469,0.02506,0.4757
2.0000,JELLY_A,0.7509,0.0000,0.05,J_DRIFT_IDLE,0.00,0.0000,0.000,1.0199,2.1181,-3.4501,-0.00013,-0.00168,-0.00016,0.03719,0.0007
2.0000,JELLY_B,0.3366,-0.8577,1.00,J_PULSE_CRUISE,3.80,0.0741,0.297,1.4798,2.8590,-3.7703,-0.00026,0.00600,-0.00040,0.04041,0.9524
2.0000,JELLY_C,0.1812,0.9230,1.00,J_PULSE_CRUISE,1.75,0.1383,0.412,0.5399,3.5689,-3.9344,-0.00024,0.00800,0.00472,0.02505,0.5553
2.0333,JELLY_A,0.7612,0.0000,0.05,J_DRIFT_IDLE,0.00,0.0000,0.000,1.0199,2.1181,-3.4501,-0.00013,-0.00170,-0.00016,0.03721,0.0005
2.0333,JELLY_B,0.3486,-0.9110,1.00,J_PULSE_CRUISE,3.94,0.0717,0.297,1.4798,2.8592,-3.7704,-0.00026,0.00594,-0.00040,0.04022,0.9401
2.0333,JELLY_C,0.1946,0.2686,1.00,J_PULSE_CRUISE,2.01,0.1370,0.412,0.5398,3.5692,-3.9342,-0.00024,0.00788,0.00475,0.02504,0.6323
2.0667,JELLY_A,0.7716,0.0000,0.05,J_DRIFT_IDLE,0.00,0.0000,0.000,1.0199,2.1180,-3.4501,-0.00013,-0.00172,-0.00017,0.03723,0.0002
2.0667,JELLY_B,0.3606,-0.9590,1.00,J_PULSE_CRUISE,4.08,0.0694,0.297,1.4798,2.8594,-3.7704,-0.00027,0.00589,-0.00041,0.03990,0.9239
2.0667,JELLY_C,0.2080,-0.0637,1.00,J_PULSE_CRUISE,2.27,0.1330,0.412,0.5398,3.5695,-3.9341,-0.00025,0.00775,0.00478,0.02503,0.7040
2.1000,JELLY_A,0.7819,0.0000,0.05,J_DRIFT_IDLE,0.00,0.0000,0.000,1.0199,2.1180,-3.4502,-0.00014,-0.00174,-0.00017,0.03725,0.0001
2.1000,JELLY_B,0.3726,-1.0016,1.00,J_PULSE_CRUISE,4.21,0.0672,0.297,1.4798,2.8596,-3.7704,-0.00028,0.00583,-0.00042,0.03944,0.9044
2.1000,JELLY_C,0.2214,-0.1699,1.00,J_PULSE_CRUISE,2.52,0.1289,0.412,0.5398,3.5697,-3.9339,-0.00026,0.00762,0.00482,0.02502,0.7683
2.1333,JELLY_A,0.7922,0.0000,0.05,J_DRIFT_IDLE,0.00,0.0000,0.000,1.0199,2.1179,-3.4502,-0.00014,-0.00176,-0.00017,0.03727,-0.0000
2.1333,JELLY_B,0.3847,-1.0385,1.00,J_PULSE_CRUISE,4.33,0.0650,0.297,1.4798,2.8598,-3.7704,-0.00028,0.00578,-0.00043,0.03884,0.8818
2.1333,JELLY_C,0.2349,-0.2748,1.00,J_PULSE_CRUISE,2.76,0.1250,0.412,0.5398,3.5700,-3.9337,-0.00027,0.00749,0.00485,0.02500,0.8237
2.1667,JELLY_A,0.8026,0.0000,0.05,J_DRIFT_IDLE,0.00,0.0000,0.000,1.0199,2.1178,-3.4502,-0.00014,-0.00179,-0.00018,0.03729,-0.0001
2.1667,JELLY_B,0.3967,-1.0694,1.00,J_PULSE_CRUISE,4.46,0.0629,0.297,1.4797,2.8600,-3.7704,-0.00029,0.00573,-0.00043,0.03814,0.8566
2.1667,JELLY_C,0.2483,-0.3776,1.00,J_PULSE_CRUISE,3.00,0.1212,0.412,0.5398,3.5702,-3.9336,-0.00028,0.00736,0.00487,0.02499,0.8693
2.2000,JELLY_A,0.8129,0.0000,0.05,J_DRIFT_IDLE,0.00,0.0000,0.000,1.0199,2.1178,-3.4502,-0.00015,-0.00181,-0.00018,0.03731,-0.0002
2.2000,JELLY_B,0.4087,-1.0942,1.00,J_PULSE_CRUISE,4.57,0.0609,0.297,1.4797,2.8601,-3.7704,-0.00029,0.00568,-0.00044,0.03735,0.8292
2.2000,JELLY_C,0.2617,-0.4777,1.00,J_PULSE_CRUISE,3.23,0.1174,0.412,0.5398,3.5705,-3.9334,-0.00029,0.00723,0.00490,0.02498,0.9051
2.2333,JELLY_A,0.8232,0.0000,0.05,J_DRIFT_IDLE,0.00,0.0000,0.000,1.0199,2.1177,-3.4502,-0.00015,-0.00183,-0.00019,0.03733,-0.0002
2.2333,JELLY_B,0.4207,-1.1127,1.00,J_PULSE_CRUISE,4.69,0.0589,0.297,1.4797,2.8603,-3.7704,-0.00030,0.00563,-0.00045,0.03650,0.7997
2.2333,JELLY_C,0.2751,-0.5743,1.00,J_PULSE_CRUISE,3.45,0.1138,0.412,0.5398,3.5707,-3.9332,-0.00030,0.00710,0.00493,0.02498,0.9312
2.2667,JELLY_A,0.8336,0.0000,0.05,J_DRIFT_IDLE,0.00,0.0000,0.000,1.0199,2.1177,-3.4502,-0.00015,-0.00185,-0.00019,0.03735,-0.0002
2.2667,JELLY_B,0.4327,-1.1250,1.00,J_PULSE_CRUISE,4.80,0.0569,0.297,1.4797,2.8605,-3.7705,-0.00030,0.00560,-0.00045,0.03562,0.7685
2.2667,JELLY_C,0.2885,-0.6668,1.00,J_PULSE_CRUISE,3.67,0.1103,0.412,0.5398,3.5709,-3.9331,-0.00031,0.00698,0.00496,0.02497,0.9484
2.3000,JELLY_A,0.8439,0.0000,0.05,J_DRIFT_IDLE,0.00,0.0000,0.000,1.0199,2.1176,-3.4502,-0.00016,-0.00187,-0.00019,0.03737,-0.0002
2.3000,JELLY_B,0.4447,-1.1308,1.00,J_PULSE_CRUISE,4.91,0.0551,0.297,1.4797,2.8607,-3.7705,-0.00031,0.00559,-0.00046,0.03473,0.7359
2.3000,JELLY_C,0.3019,-0.7545,1.00,J_PULSE_CRUISE,3.87,0.1069,0.412,0.5398,3.5712,-3.9329,-0.00031,0.00686,0.00499,0.02496,0.9574
2.3333,JELLY_A,0.8542,0.0000,0.05,J_DRIFT_IDLE,0.00,0.0000,0.000,1.0198,2.1175,-3.4502,-0.00016,-0.00189,-0.00020,0.03739,-0.0002
2.3333,JELLY_B,0.4567,-1.1302,1.00,J_PULSE_CRUISE,5.01,0.0532,0.297,1.4797,2.8609,-3.7705,-0.00031,0.00559,-0.00046,0.03388,0.7020
2.3333,JELLY_C,0.3153,-0.8368,1.00,J_PULSE_CRUISE,4.08,0.1036,0.412,0.5398,3.5714,-3.9328,-0.00032,0.00674,0.00501,0.02496,0.9590
2.3667,JELLY_A,0.8646,0.0000,0.05,J_DRIFT_IDLE,0.00,0.0000,0.000,1.0198,2.1175,-3.4502,-0.00016,-0.00191,-0.00020,0.03740,-0.0002
2.3667,JELLY_B,0.4687,-1.1231,1.00,J_PULSE_CRUISE,5.11,0.0514,0.297,1.4797,2.8611,-3.7705,-0.00032,0.00561,-0.00046,0.03308,0.6670
2.3667,JELLY_C,0.3287,-0.9130,1.00,J_PULSE_CRUISE,4.27,0.1003,0.412,0.5398,3.5716,-3.9326,-0.00033,0.00662,0.00504,0.02495,0.9539
2.4000,JELLY_A,0.8749,0.0000,0.05,J_DRIFT_IDLE,0.00,0.0000,0.000,1.0198,2.1174,-3.4502,-0.00016,-0.00194,-0.00021,0.03742,-0.0002
2.4000,JELLY_B,0.4807,-1.1097,1.00,J_PULSE_CRUISE,5.21,0.0497,0.297,1.4797,2.8613,-3.7705,-0.00032,0.00564,-0.00046,0.03236,0.6313
2.4000,JELLY_C,0.3421,-0.9828,1.00,J_PULSE_CRUISE,4.46,0.0972,0.412,0.5397,3.5718,-3.9324,-0.00034,0.00650,0.00507,0.02494,0.9431
2.4333,JELLY_A,0.8852,0.0000,0.05,J_DRIFT_IDLE,0.00,0.0000,0.000,1.0198,2.1173,-3.4502,-0.00017,-0.00196,-0.00021,0.03743,-0.0002
2.4333,JELLY_B,0.4927,-1.0900,1.00,J_PULSE_CRUISE,5.30,0.0480,0.297,1.4797,2.8615,-3.7705,-0.00032,0.00570,-0.00046,0.03175,0.5949
2.4333,JELLY_C,0.3555,-1.0456,1.00,J_PULSE_CRUISE,4.64,0.0941,0.412,0.5397,3.5721,-3.9322,-0.00035,0.00638,0.00509,0.02493,0.9272
2.4667,JELLY_A,0.8956,0.0000,0.05,J_DRIFT_IDLE,0.00,0.0000,0.000,1.0198,2.1173,-3.4502,-0.00017,-0.00198,-0.00021,0.03744,-0.0002
2.4667,JELLY_B,0.5047,-1.0641,1.00,J_PULSE_CRUISE,5.39,0.0464,0.297,1.4797,2.8616,-3.7706,-0.00032,0.00578,-0.00045,0.03128,0.5581
2.4667,JELLY_C,0.3689,-1.1009,1.00,J_PULSE_CRUISE,4.82,0.0911,0.412,0.5397,3.5723,-3.9321,-0.00036,0.00626,0.00512,0.02490,0.9068
2.5000,JELLY_A,0.9059,0.0000,0.05,J_DRIFT_IDLE,0.00,0.0000,0.000,1.0198,2.1172,-3.4502,-0.00017,-0.00200,-0.00022,0.03745,-0.0001
2.5000,JELLY_B,0.5167,-1.0323,1.00,J_PULSE_CRUISE,5.48,0.0448,0.297,1.4796,2.8618,-3.7706,-0.00033,0.00588,-0.00045,0.03096,0.5211
2.5000,JELLY_C,0.3822,-1.1484,1.00,J_PULSE_CRUISE,4.99,0.0882,0.412,0.5397,3.5725,-3.9319,-0.00037,0.00615,0.00514,0.02478,0.8827
2.5333,JELLY_A,0.9163,0.0000,0.05,J_DRIFT_IDLE,0.00,0.0000,0.000,1.0198,2.1171,-3.4502,-0.00018,-0.00202,-0.00022,0.03746,-0.0001
2.5333,JELLY_B,0.5287,-0.9945,1.00,J_PULSE_CRUISE,5.56,0.0432,0.297,1.4796,2.8620,-3.7706,-0.00033,0.00600,-0.00044,0.03079,0.4841
2.5333,JELLY_C,0.3956,-1.1877,1.00,J_PULSE_CRUISE,5.16,0.0854,0.412,0.5397,3.5727,-3.9317,-0.00038,0.00604,0.00517,0.02455,0.8551
2.5667,JELLY_A,0.9266,0.0000,0.05,J_DRIFT_IDLE,0.00,0.0000,0.000,1.0198,2.1171,-3.4502,-0.00018,-0.00204,-0.00023,0.03747,-0.0001
2.5667,JELLY_B,0.5407,-0.9512,1.00,J_PULSE_CRUISE,5.65,0.0417,0.297,1.4796,2.8622,-3.7706,-0.00033,0.00614,-0.00043,0.03071,0.4473
2.5667,JELLY_C,0.4090,-1.2186,1.00,J_PULSE_CRUISE,5.32,0.0826,0.412,0.5397,3.5729,-3.9316,-0.00038,0.00593,0.00519,0.02419,0.8247
2.6000,JELLY_A,0.9369,0.0000,0.05,J_DRIFT_IDLE,0.00,0.0000,0.000,1.0198,2.1170,-3.4503,-0.00018,-0.00207,-0.00023,0.03748,-0.0001
2.6000,JELLY_B,0.5527,-0.9025,1.00,J_PULSE_CRUISE,5.72,0.0403,0.297,1.4796,2.8624,-3.7706,-0.00033,0.00630,-0.00041,0.03070,0.4109
2.6000,JELLY_C,0.4224,-1.2410,1.00,J_PULSE_CRUISE,5.48,0.0800,0.412,0.5397,3.5731,-3.9314,-0.00039,0.00583,0.00521,0.02371,0.7919
2.6333,JELLY_A,0.9473,0.0000,0.05,J_DRIFT_IDLE,0.00,0.0000,0.000,1.0198,2.1169,-3.4503,-0.00019,-0.00209,-0.00024,0.03749,-0.0001
2.6333,JELLY_B,0.5646,-0.8487,1.00,J_PULSE_CRUISE,5.80,0.0388,0.297,1.4796,2.8627,-3.7706,-0.00033,0.00646,-0.00040,0.03074,0.3750
2.6333,JELLY_C,0.4357,-1.2545,1.00,J_PULSE_CRUISE,5.63,0.0774,0.412,0.5397,3.5733,-3.9312,-0.00040,0.00575,0.00524,0.02313,0.7570
2.6667,JELLY_A,0.9576,0.0000,0.05,J_DRIFT_IDLE,0.00,0.0000,0.000,1.0198,2.1169,-3.4503,-0.00019,-0.00211,-0.00024,0.03749,-0.0000
2.6667,JELLY_B,0.5766,-0.7901,1.00,J_PULSE_CRUISE,5.87,0.0374,0.297,1.4796,2.8629,-3.7706,-0.00033,0.00664,-0.00038,0.03081,0.3399
2.6667,JELLY_C,0.4491,-1.2592,1.00,J_PULSE_CRUISE,5.77,0.0749,0.412,0.5396,3.5734,-3.9310,-0.00041,0.00569,0.00526,0.02246,0.7203
2.7000,JELLY_A,0.9679,0.0000,0.05,J_DRIFT_IDLE,0.00,0.0000,0.000,1.0198,2.1168,-3.4503,-0.00020,-0.00213,-0.00024,0.03749,-0.0000
2.7000,JELLY_B,0.5886,-0.7271,1.00,J_PULSE_CRUISE,5.94,0.0361,0.297,1.4796,2.8631,-3.7707,-0.00033,0.00682,-0.00037,0.03092,0.3057
2.7000,JELLY_C,0.4624,-1.2550,1.00,J_PULSE_CRUISE,5.91,0.0724,0.412,0.5396,3.5736,-3.9309,-0.00042,0.00566,0.00529,0.02175,0.6821
2.7333,JELLY_A,0.9783,0.0000,0.05,J_DRIFT_IDLE,0.00,0.0000,0.000,1.0198,2.1167,-3.4503,-0.00020,-0.00215,-0.00025,0.03750,-0.0000
2.7333,JELLY_B,0.6006,-0.6600,1.00,J_PULSE_CRUISE,6.01,0.0348,0.297,1.4796,2.8633,-3.7707,-0.00033,0.00701,-0.00035,0.03105,0.2727
2.7333,JELLY_C,0.4758,-1.2420,1.00,J_PULSE_CRUISE,6.05,0.0700,0.412,0.5396,3.5738,-3.9307,-0.00043,0.00565,0.00532,0.02101,0.6429
2.7667,JELLY_A,0.9886,0.0000,0.05,J_DRIFT_IDLE,0.00,0.0000,0.000,1.0198,2.1167,-3.4503,-0.00020,-0.00218,-0.00025,0.03750,-0.0000
2.7667,JELLY_B,0.6126,-0.5892,1.00,J_PULSE_CRUISE,6.08,0.0335,0.297,1.4796,2.8636,-3.7707,-0.00033,0.00719,-0.00034,0.03121,0.2410
2.7667,JELLY_C,0.4892,-1.2203,1.00,J_PULSE_CRUISE,6.18,0.0677,0.412,0.5396,3.5740,-3.9305,-0.00043,0.00567,0.00536,0.02028,0.6028
2.8000,JELLY_A,0.9989,0.0000,0.05,J_DRIFT_IDLE,0.00,0.0000,0.000,1.0198,2.1166,-3.4503,-0.00021,-0.00220,-0.00026,0.03750,-0.0000
2.8000,JELLY_B,0.6245,-0.5152,1.00,J_PULSE_CRUISE,6.14,0.0323,0.297,1.4795,2.8638,-3.7707,-0.00034,0.00737,-0.00032,0.03140,0.2108
2.8000,JELLY_C,0.5025,-1.1900,1.00,J_PULSE_CRUISE,6.31,0.0654,0.412,0.5396,3.5742,-3.9303,-0.00044,0.00572,0.00539,0.01960,0.5621
2.8333,JELLY_A,0.0093,0.3541,1.00,J_SOFT_TURN,0.00,0.0021,0.574,1.0198,2.1165,-3.4503,-0.00021,-0.00227,-0.00026,0.03750,0.0008
2.8333,JELLY_B,0.6365,-0.4382,1.00,J_PULSE_CRUISE,6.20,0.0311,0.297,1.4795,2.8641,-3.7707,-0.00034,0.00755,-0.00031,0.03161,0.1822
2.8333,JELLY_C,0.5158,-1.1514,1.00,J_PULSE_CRUISE,6.43,0.0632,0.412,0.5396,3.5744,-3.9301,-0.00045,0.00579,0.00543,0.01900,0.5211
2.8667,JELLY_A,0.0196,0.7392,1.00,J_SOFT_TURN,0.01,0.0081,0.574,1.0197,2.1164,-3.4503,-0.00021,-0.00233,-0.00027,0.03750,0.0033
2.8667,JELLY_B,0.6485,-0.3588,1.00,J_PULSE_CRUISE,6.26,0.0299,0.297,1.4795,2.8643,-3.7707,-0.00034,0.00773,-0.00029,0.03185,0.1555
2.8667,JELLY_C,0.5292,-1.1047,1.00,J_PULSE_CRUISE,6.55,0.0611,0.412,0.5396,3.5746,-3.9300,-0.00046,0.00590,0.00547,0.01851,0.4801
2.9000,JELLY_A,0.0300,1.1049,1.00,J_SOFT_TURN,0.03,0.0176,0.574,1.0197,2.1163,-3.4503,-0.00022,-0.00237,-0.00027,0.03750,0.0080
2.9000,JELLY_B,0.6604,-0.2775,1.00,J_PULSE_CRUISE,6.32,0.0288,0.297,1.4795,2.8646,-3.7707,-0.00034,0.00791,-0.00027,0.03211,0.1307
2.9000,JELLY_C,0.5425,-1.0503,1.00,J_PULSE_CRUISE,6.67,0.0590,0.412,0.5395,3.5748,-3.9298,-0.00046,0.00603,0.00551,0.01815,0.4394
2.9333,JELLY_A,0.0403,1.4415,1.00,J_SOFT_TURN,0.07,0.0304,0.574,1.0197,2.1163,-3.4503,-0.00022,-0.00239,-0.00028,0.03750,0.0155
2.9333,JELLY_B,0.6724,-0.1946,1.00,J_PULSE_CRUISE,6.37,0.0276,0.297,1.4795,2.8649,-3.7707,-0.00034,0.00808,-0.00026,0.03238,0.1079
2.9333,JELLY_C,0.5559,-0.9886,1.00,J_PULSE_CRUISE,6.78,0.0570,0.412,0.5395,3.5750,-3.9296,-0.00047,0.00617,0.00555,0.01793,0.3992
2.9667,JELLY_A,0.0506,1.7403,1.00,J_SOFT_TURN,0.14,0.0460,0.574,1.0197,2.1162,-3.4503,-0.00022,-0.00237,-0.00028,0.03750,0.0263
2.9667,JELLY_B,0.6844,-0.1106,1.00,J_PULSE_CRUISE,6.42,0.0266,0.297,1.4795,2.8651,-3.7707,-0.00034,0.00825,-0.00024,0.03268,0.0874
2.9667,JELLY_C,0.5692,-0.9200,1.00,J_PULSE_CRUISE,6.89,0.0550,0.412,0.5395,3.5752,-3.9294,-0.00048,0.00634,0.00559,0.01785,0.3598
3.0000,JELLY_A,0.0610,1.9933,1.00,J_SOFT_TURN,0.24,0.0638,0.574,1.0197,2.1161,-3.4504,-0.00023,-0.00231,-0.00028,0.03750,0.0411
3.0000,JELLY_B,0.6963,-0.0261,1.00,J_PULSE_CRUISE,6.47,0.0255,0.297,1.4795,2.8654,-3.7707,-0.00034,0.00842,-0.00023,0.03299,0.0693
3.0000,JELLY_C,0.5825,-0.8451,1.00,J_PULSE_CRUISE,6.99,0.0531,0.412,0.5395,3.5754,-3.9292,-0.00049,0.00652,0.00563,0.01784,0.3214
3.0333,JELLY_A,0.0713,2.1938,1.00,J_SOFT_TURN,0.38,0.0833,0.574,1.0197,2.1160,-3.4504,-0.00023,-0.00223,-0.00029,0.03750,0.0604
3.0333,JELLY_B,0.7083,0.0000,1.00,J_GLIDE,6.52,0.0245,0.297,1.4795,2.8657,-3.7707,-0.00035,0.00859,-0.00021,0.03331,0.0535
3.0333,JELLY_C,0.5958,-0.7642,1.00,J_PULSE_CRUISE,7.09,0.0513,0.412,0.5395,3.5756,-3.9290,-0.00049,0.00670,0.00568,0.01789,0.2843
3.0667,JELLY_A,0.0817,2.3366,1.00,J_SOFT_TURN,0.55,0.1039,0.574,1.0197,2.1160,-3.4504,-0.00023,-0.00212,-0.00029,0.03750,0.0848
3.0667,JELLY_B,0.7202,0.0000,1.00,J_GLIDE,6.57,0.0235,0.297,1.4795,2.8660,-3.7708,-0.00035,0.00875,-0.00020,0.03365,0.0400
3.0667,JELLY_C,0.6092,-0.6781,1.00,J_PULSE_CRUISE,7.19,0.0494,0.412,0.5395,3.5759,-3.9288,-0.00050,0.00688,0.00572,0.01797,0.2488
3.1000,JELLY_A,0.0920,2.4179,1.00,J_SOFT_TURN,0.76,0.1249,0.574,1.0197,2.1159,-3.4504,-0.00023,-0.00199,-0.00030,0.03750,0.1146
3.1000,JELLY_B,0.7322,0.0000,1.00,J_GLIDE,6.61,0.0225,0.297,1.4794,2.8663,-3.7708,-0.00035,0.00890,-0.00019,0.03400,0.0288
3.1000,JELLY_C,0.6225,-0.5873,1.00,J_PULSE_CRUISE,7.28,0.0477,0.412,0.5394,3.5761,-3.9287,-0.00051,0.00706,0.00576,0.01809,0.2151
3.1333,JELLY_A,0.1024,2.4355,1.00,J_SOFT_TURN,1.02,0.1457,0.574,1.0197,2.1158,-3.4504,-0.00023,-0.00186,-0.00030,0.03750,0.1500
3.1333,JELLY_B,0.7441,0.0000,1.00,J_GLIDE,6.65,0.0216,0.297,1.4794,2.8666,-3.7708,-0.00035,0.00904,-0.00017,0.03436,0.0198
3.1333,JELLY_C,0.6358,-0.4925,1.00,J_PULSE_CRUISE,7.37,0.0460,0.412,0.5394,3.5763,-3.9285,-0.00052,0.00724,0.00580,0.01823,0.1833
3.1667,JELLY_A,0.1127,2.3890,1.00,J_SOFT_TURN,1.31,0.1657,0.574,1.0197,2.1158,-3.4504,-0.00023,-0.00173,-0.00031,0.03750,0.1907
3.1667,JELLY_B,0.7561,0.0000,1.00,J_GLIDE,6.69,0.0207,0.297,1.4794,2.8669,-3.7708,-0.00036,0.00917,-0.00016,0.03472,0.0126
3.1667,JELLY_C,0.6491,-0.3944,1.00,J_PULSE_CRUISE,7.46,0.0443,0.412,0.5394,3.5766,-3.9283,-0.00052,0.00741,0.00583,0.01839,0.1538
3.2000,JELLY_A,0.1230,2.2795,1.00,J_SOFT_TURN,1.64,0.1842,0.574,1.0197,2.1157,-3.4504,-0.00023,-0.00162,-0.00031,0.03750,0.2365
3.2000,JELLY_B,0.7680,0.0000,1.00,J_GLIDE,6.73,0.0198,0.297,1.4794,2.8672,-3.7708,-0.00036,0.00930,-0.00015,0.03509,0.0071
3.2000,JELLY_C,0.6624,-0.2935,1.00,J_PULSE_CRUISE,7.54,0.0427,0.412,0.5394,3.5768,-3.9281,-0.00053,0.00758,0.00587,0.01858,0.1268
3.2333,JELLY_A,0.1334,2.1099,1.00,J_SOFT_TURN,2.00,0.2006,0.574,1.0197,2.1157,-3.4504,-0.00023,-0.00153,-0.00032,0.03750,0.2869
3.2333,JELLY_B,0.7800,0.0000,1.00,J_GLIDE,6.77,0.0190,0.297,1.4794,2.8675,-3.7708,-0.00036,0.00942,-0.00014,0.03546,0.0030
3.2333,JELLY_C,0.6757,-0.1907,1.00,J_PULSE_CRUISE,7.62,0.0411,0.412,0.5394,3.5771,-3.9279,-0.00054,0.00775,0.00590,0.01879,0.1023
3.2667,JELLY_A,0.1437,1.8847,1.00,J_SOFT_TURN,2.40,0.2145,0.574,1.0197,2.1156,-3.4504,-0.00022,-0.00147,-0.00032,0.03750,0.3410
3.2667,JELLY_B,0.7919,0.0000,1.00,J_GLIDE,6.81,0.0181,0.297,1.4794,2.8678,-3.7708,-0.00037,0.00953,-0.00013,0.03583,0.0000
3.2667,JELLY_C,0.6890,-0.0867,1.00,J_PULSE_CRUISE,7.70,0.0396,0.412,0.5394,3.5774,-3.9277,-0.00055,0.00791,0.00593,0.01901,0.0806
3.3000,JELLY_A,0.1541,1.6098,1.00,J_SOFT_TURN,2.82,0.2253,0.574,1.0196,2.1156,-3.4505,-0.00022,-0.00144,-0.00033,0.03750,0.3979
3.3000,JELLY_B,0.8039,0.0000,1.00,J_GLIDE,6.84,0.0173,0.297,1.4794,2.8681,-3.7708,-0.00037,0.00964,-0.00012,0.03620,-0.0020
3.3000,JELLY_C,0.7023,0.0000,1.00,J_GLIDE,7.77,0.0381,0.412,0.5393,3.5776,-3.9275,-0.00056,0.00807,0.00596,0.01925,0.0618
3.3333,JELLY_A,0.1644,1.2924,1.00,J_SOFT_TURN,3.25,0.2327,0.574,1.0196,2.1155,-3.4505,-0.00022,-0.00145,-0.00033,0.03750,0.4566
3.3333,JELLY_B,0.8158,0.0000,1.00,J_GLIDE,6.87,0.0165,0.297,1.4794,2.8685,-3.7708,-0.00038,0.00973,-0.00012,0.03656,-0.0033
3.3333,JELLY_C,0.7156,0.0000,1.00,J_GLIDE,7.84,0.0367,0.412,0.5393,3.5779,-3.9273,-0.00056,0.00822,0.00599,0.01951,0.0459
3.3667,JELLY_A,0.1748,0.9409,1.00,J_SOFT_TURN,3.70,0.2365,0.574,1.0196,2.1155,-3.4505,-0.00022,-0.00149,-0.00033,0.03750,0.5157
3.3667,JELLY_B,0.8277,0.0000,1.00,J_GLIDE,6.90,0.0158,0.297,1.4793,2.8688,-3.7708,-0.00038,0.00983,-0.00011,0.03692,-0.0040
3.3667,JELLY_C,0.7288,0.0000,1.00,J_GLIDE,7.91,0.0353,0.412,0.5393,3.5782,-3.9271,-0.00057,0.00836,0.00601,0.01978,0.0327
3.4000,JELLY_A,0.1851,0.5644,1.00,J_SOFT_TURN,4.15,0.2365,0.574,1.0196,2.1154,-3.4505,-0.00022,-0.00155,-0.00034,0.03750,0.5741
3.4000,JELLY_B,0.8397,0.0000,1.00,J_GLIDE,6.93,0.0150,0.297,1.4793,2.8691,-3.7708,-0.00039,0.00991,-0.00010,0.03727,-0.0043
3.4000,JELLY_C,0.7421,0.0000,1.00,J_GLIDE,7.98,0.0339,0.412,0.5393,3.5785,-3.9269,-0.00058,0.00849,0.00604,0.02006,0.0221
3.4333,JELLY_A,0.1955,0.1730,1.00,J_SOFT_TURN,4.60,0.2325,0.574,1.0196,2.1154,-3.4505,-0.00023,-0.00162,-0.00034,0.03750,0.6307
3.4333,JELLY_B,0.8516,0.0000,1.00,J_GLIDE,6.96,0.0143,0.297,1.4793,2.8694,-3.7708,-0.00039,0.00999,-0.00010,0.03761,-0.0042
3.4333,JELLY_C,0.7554,0.0000,1.00,J_GLIDE,8.04,0.0326,0.412,0.5393,3.5787,-3.9267,-0.00059,0.00861,0.00606,0.02035,0.0139
3.4667,JELLY_A,0.2058,-0.0357,1.00,J_SOFT_TURN,5.04,0.2256,0.574,1.0196,2.1153,-3.4505,-0.00023,-0.00170,-0.00035,0.03750,0.6845
3.4667,JELLY_B,0.8635,0.0000,1.00,J_GLIDE,6.99,0.0136,0.297,1.4793,2.8698,-3.7708,-0.00040,0.01007,-0.00009,0.03794,-0.0040
3.4667,JELLY_C,0.7687,0.0000,1.00,J_GLIDE,8.11,0.0313,0.412,0.5392,3.5790,-3.9265,-0.00060,0.00872,0.00607,0.02065,0.0077
3.5000,JELLY_A,0.2162,-0.0990,1.00,J_SOFT_TURN,5.47,0.2187,0.574,1.0196,2.1153,-3.4505,-0.00023,-0.00178,-0.00035,0.03750,0.7345
3.5000,JELLY_B,0.8755,0.0000,1.00,J_GLIDE,7.01,0.0129,0.297,1.4793,2.8701,-3.7708,-0.00040,0.01014,-0.00009,0.03825,-0.0037
3.5000,JELLY_C,0.7819,0.0000,1.00,J_GLIDE,8.16,0.0300,0.412,0.5392,3.5793,-3.9263,-0.00061,0.00882,0.00609,0.02095,0.0031
3.5333,JELLY_A,0.2265,-0.1619,1.00,J_SOFT_TURN,5.88,0.2120,0.574,1.0196,2.1152,-3.4505,-0.00023,-0.00185,-0.00035,0.03750,0.7800
3.5333,JELLY_B,0.8874,0.0000,1.00,J_GLIDE,7.04,0.0122,0.297,1.4793,2.8705,-3.7708,-0.00041,0.01020,-0.00008,0.03855,-0.0032
3.5333,JELLY_C,0.7952,0.0000,1.00,J_GLIDE,8.22,0.0288,0.412,0.5392,3.5796,-3.9261,-0.00062,0.00891,0.00610,0.02126,0.0000
3.5667,JELLY_A,0.2369,-0.2241,1.00,J_SOFT_TURN,6.28,0.2054,0.574,1.0196,2.1151,-3.4505,-0.00024,-0.00193,-0.00036,0.03750,0.8204
3.5667,JELLY_B,0.8993,0.0000,1.00,J_GLIDE,7.06,0.0116,0.297,1.4793,2.8708,-3.7708,-0.00041,0.01026,-0.00008,0.03883,-0.0028
3.5667,JELLY_C,0.8085,0.0000,1.00,J_GLIDE,8.27,0.0276,0.412,0.5392,3.5799,-3.9259,-0.00063,0.00899,0.00611,0.02157,-0.0020
3.6000,JELLY_A,0.2472,-0.2854,1.00,J_SOFT_TURN,6.67,0.1991,0.574,1.0196,2.1151,-3.4506,-0.00024,-0.00201,-0.00036,0.03750,0.8554
3.6000,JELLY_B,0.9113,0.0000,1.00,J_GLIDE,7.08,0.0110,0.297,1.4793,2.8711,-3.7708,-0.00042,0.01031,-0.00008,0.03910,-0.0023
3.6000,JELLY_C,0.8217,0.0000,1.00,J_GLIDE,8.33,0.0265,0.412,0.5392,3.5802,-3.9257,-0.00064,0.00907,0.00612,0.02188,-0.0033
3.6333,JELLY_A,0.2576,-0.3455,1.00,J_SOFT_TURN,7.04,0.1929,0.574,1.0196,2.1150,-3.4506,-0.00024,-0.00208,-0.00037,0.03750,0.8849
3.6333,JELLY_B,0.9232,0.0000,1.00,J_GLIDE,7.10,0.0103,0.297,1.4792,2.8715,-3.7708,-0.00042,0.01036,-0.00007,0.03934,-0.0019
3.6333,JELLY_C,0.8350,0.0000,1.00,J_GLIDE,8.38,0.0253,0.412,0.5391,3.5805,-3.9255,-0.00065,0.00913,0.00613,0.02218,-0.0038
3.6667,JELLY_A,0.2680,-0.4042,1.00,J_SOFT_TURN,7.41,0.1869,0.574,1.0196,2.1149,-3.4506,-0.00025,-0.00216,-0.00037,0.03750,0.9087
3.6667,JELLY_B,0.9351,0.0000,1.00,J_GLIDE,7.12,0.0098,0.297,1.4792,2.8718,-3.7708,-0.00043,0.01040,-0.00007,0.03956,-0.0015
3.6667,JELLY_C,0.8482,0.0000,1.00,J_GLIDE,8.42,0.0243,0.412,0.5391,3.5808,-3.9253,-0.00066,0.00919,0.00613,0.02248,-0.0040
3.7000,JELLY_A,0.2783,-0.4612,1.00,J_SOFT_TURN,7.76,0.1810,0.574,1.0196,2.1148,-3.4506,-0.00025,-0.00223,-0.00038,0.03749,0.9271
3.7000,JELLY_B,0.9470,0.0000,1.00,J_GLIDE,7.14,0.0092,0.297,1.4792,2.8722,-3.7708,-0.00044,0.01044,-0.00007,0.03976,-0.0012
3.7000,JELLY_C,0.8615,0.0000,1.00,J_GLIDE,8.47,0.0232,0.412,0.5391,3.5811,-3.9250,-0.00067,0.00924,0.00614,0.02278,-0.0039
3.7333,JELLY_A,0.2887,-0.5162,1.00,J_SOFT_TURN,8.10,0.1753,0.574,1.0195,2.1148,-3.4506,-0.00025,-0.00231,-0.00038,0.03742,0.9403
3.7333,JELLY_B,0.9590,0.0000,1.00,J_GLIDE,7.16,0.0086,0.297,1.4792,2.8725,-3.7708,-0.00044,0.01048,-0.00007,0.03993,-0.0009
3.7333,JELLY_C,0.8747,0.0000,1.00,J_GLIDE,8.51,0.0222,0.412,0.5391,3.5814,-3.9248,-0.00068,0.00928,0.00614,0.02306,-0.0035
3.7667,JELLY_A,0.2990,-0.5691,1.00,J_SOFT_TURN,8.43,0.1698,0.574,1.0195,2.1147,-3.4506,-0.00026,-0.00238,-0.00039,0.03723,0.9486
3.7667,JELLY_B,0.9709,0.0000,1.00,J_GLIDE,7.17,0.0081,0.297,1.4792,2.8729,-3.7708,-0.00045,0.01051,-0.00007,0.04008,-0.0007
3.7667,JELLY_C,0.8880,0.0000,1.00,J_GLIDE,8.55,0.0212,0.412,0.5390,3.5817,-3.9246,-0.00069,0.00931,0.00614,0.02334,-0.0031
3.8000,JELLY_A,0.3094,-0.6195,1.00,J_SOFT_TURN,8.75,0.1644,0.574,1.0195,2.1146,-3.4506,-0.00026,-0.00246,-0.00039,0.03689,0.9524
3.8000,JELLY_B,0.9828,0.0000,1.00,J_GLIDE,7.19,0.0075,0.297,1.4792,2.8732,-3.7708,-0.00046,0.01053,-0.00007,0.04020,-0.0005
3.8000,JELLY_C,0.9012,0.0000,1.00,J_GLIDE,8.59,0.0202,0.412,0.5390,3.5821,-3.9244,-0.00070,0.00934,0.00614,0.02360,-0.0026
3.8333,JELLY_A,0.3197,-0.6674,1.00,J_SOFT_TURN,9.06,0.1592,0.574,1.0195,2.1145,-3.4506,-0.00026,-0.00253,-0.00040,0.03640,0.9520
3.8333,JELLY_B,0.9947,0.0000,1.00,J_GLIDE,7.20,0.0070,0.297,1.4791,2.8736,-3.7708,-0.00046,0.01056,-0.00007,0.04030,-0.0003
3.8333,JELLY_C,0.9144,0.0000,1.00,J_GLIDE,8.63,0.0193,0.412,0.5390,3.5824,-3.9242,-0.00071,0.00936,0.00613,0.02385,-0.0022
3.8667,JELLY_A,0.3301,-0.7124,1.00,J_SOFT_TURN,9.36,0.1541,0.574,1.0195,2.1144,-3.4507,-0.00027,-0.00260,-0.00040,0.03577,0.9477
3.8667,JELLY_B,0.0066,0.0146,0.05,J_PAUSE_OPEN,7.22,0.0065,0.000,1.4791,2.8739,-3.7708,-0.00047,0.01048,-0.00008,0.04036,-0.0000
3.8667,JELLY_C,0.9276,0.0000,1.00,J_GLIDE,8.67,0.0183,0.412,0.5390,3.5827,-3.9240,-0.00073,0.00938,0.00613,0.02409,-0.0017
3.9000,JELLY_A,0.3405,-0.7545,1.00,J_SOFT_TURN,9.65,0.1491,0.574,1.0195,2.1144,-3.4507,-0.00027,-0.00268,-0.00041,0.03500,0.9400
3.9000,JELLY_B,0.0185,0.0403,0.05,J_PAUSE_OPEN,7.23,0.0061,0.000,1.4791,2.8743,-3.7708,-0.00048,0.01038,-0.00010,0.04039,0.0002
3.9000,JELLY_C,0.9409,0.0000,1.00,J_GLIDE,8.70,0.0174,0.412,0.5389,3.5830,-3.9238,-0.00074,0.00939,0.00612,0.02431,-0.0014
3.9333,JELLY_A,0.3508,-0.7933,1.00,J_SOFT_TURN,9.94,0.1443,0.574,1.0195,2.1143,-3.4507,-0.00028,-0.00275,-0.00041,0.03412,0.9291
3.9333,JELLY_B,0.0304,0.0646,0.05,J_PAUSE_OPEN,7.24,0.0056,0.000,1.4791,2.8746,-3.7708,-0.00049,0.01027,-0.00011,0.04041,0.0004
3.9333,JELLY_C,0.9541,0.0000,1.00,J_GLIDE,8.74,0.0166,0.412,0.5389,3.5833,-3.9236,-0.00075,0.00939,0.00612,0.02451,-0.0010
3.9667,JELLY_A,0.3612,-0.8288,1.00,J_SOFT_TURN,10.21,0.1396,0.574,1.0195,2.1142,-3.4507,-0.00028,-0.00282,-0.00042,0.03315,0.9153
3.9667,JELLY_B,0.0424,0.0866,0.05,J_PAUSE_OPEN,7.25,0.0051,0.000,1.4791,2.8750,-3.7708,-0.00050,0.01017,-0.00013,0.04041,0.0007
3.9667,JELLY_C,0.9673,0.0000,1.00,J_GLIDE,8.77,0.0157,0.412,0.5389,3.5836,-3.9234,-0.00076,0.00939,0.00611,0.02469,-0.0007
4.0000,JELLY_A,0.3716,-0.8609,1.00,J_SOFT_TURN,10.47,0.1351,0.574,1.0195,2.1141,-3.4507,-0.00028,-0.00289,-0.00042,0.03211,0.8990
4.0000,JELLY_B,0.0543,0.1056,0.05,J_PAUSE_OPEN,7.26,0.0047,0.000,1.4791,2.8753,-3.7709,-0.00051,0.01007,-0.00014,0.04042,0.0011
4.0000,JELLY_C,0.9805,0.0000,1.00,J_GLIDE,8.80,0.0149,0.412,0.5389,3.5839,-3.9232,-0.00077,0.00939,0.00610,0.02485,-0.0005
4.0333,JELLY_A,0.3819,-0.8892,1.00,J_SOFT_TURN,10.73,0.1306,0.574,1.0195,2.1140,-3.4507,-0.00029,-0.00297,-0.00043,0.03104,0.8804
4.0333,JELLY_B,0.0662,0.1210,0.05,J_PAUSE_OPEN,7.27,0.0043,0.000,1.4790,2.8756,-3.7709,-0.00052,0.00997,-0.00016,0.04042,0.0019
4.0333,JELLY_C,0.9937,0.0000,1.00,J_GLIDE,8.82,0.0141,0.412,0.5388,3.5842,-3.9230,-0.00078,0.00938,0.00609,0.02500,-0.0002
4.0667,JELLY_A,0.3923,-0.9138,1.00,J_SOFT_TURN,10.97,0.1263,0.574,1.0195,2.1139,-3.4507,-0.00029,-0.00304,-0.00043,0.02995,0.8597
4.0667,JELLY_B,0.0781,0.1321,0.05,J_PAUSE_OPEN,7.28,0.0038,0.000,1.4790,2.8760,-3.7709,-0.00053,0.00987,-0.00017,0.04042,0.0030
4.0667,JELLY_C,0.0069,0.3378,1.00,J_PULSE_CRUISE,8.85,0.0136,0.119,0.5388,3.5846,-3.9228,-0.00079,0.00925,0.00606,0.02512,0.0004
4.1000,JELLY_A,0.4027,-0.9346,1.00,J_SOFT_TURN,11.21,0.1221,0.574,1.0194,2.1138,-3.4508,-0.00029,-0.00311,-0.00044,0.02888,0.8372
4.1000,JELLY_B,0.0900,0.1385,0.05,J_PAUSE_OPEN,7.28,0.0034,0.000,1.4790,2.8763,-3.7709,-0.00054,0.00978,-0.00018,0.04042,0.0045
4.1000,JELLY_C,0.0201,0.9669,1.00,J_PULSE_CRUISE,8.88,0.0140,0.119,0.5388,3.5849,-3.9226,-0.00080,0.00911,0.00603,0.02521,0.0014
4.1333,JELLY_A,0.4131,-0.9514,1.00,J_SOFT_TURN,11.44,0.1181,0.574,1.0194,2.1137,-3.4508,-0.00030,-0.00317,-0.00044,0.02785,0.8131
4.1333,JELLY_B,0.1019,0.1402,0.05,J_PAUSE_OPEN,7.29,0.0030,0.000,1.4790,2.8766,-3.7709,-0.00055,0.00968,-0.00020,0.04042,0.0064
4.1333,JELLY_C,0.0333,1.5540,1.00,J_PULSE_CRUISE,8.90,0.0154,0.119,0.5388,3.5852,-3.9224,-0.00082,0.00901,0.00601,0.02527,0.0043
4.1667,JELLY_A,0.4234,-0.9641,1.00,J_SOFT_TURN,11.66,0.1141,0.574,1.0194,2.1136,-3.4508,-0.00030,-0.00323,-0.00045,0.02689,0.7875
4.1667,JELLY_B,0.1138,0.1370,0.05,J_PAUSE_OPEN,7.29,0.0027,0.000,1.4790,2.8769,-3.7709,-0.00055,0.00959,-0.00021,0.04042,0.0087
4.1667,JELLY_C,0.0465,2.0742,1.00,J_PULSE_CRUISE,8.94,0.0177,0.119,0.5387,3.5855,-3.9222,-0.00083,0.00897,0.00600,0.02530,0.0110
4.2000,JELLY_A,0.4338,-0.9728,1.00,J_SOFT_TURN,11.88,0.1102,0.574,1.0194,2.1135,-3.4508,-0.00030,-0.00329,-0.00045,0.02602,0.7606
4.2000,JELLY_B,0.1257,0.1290,0.05,J_PAUSE_OPEN,7.30,0.0023,0.000,1.4790,2.8773,-3.7709,-0.00056,0.00950,-0.00022,0.04042,0.0114
4.2000,JELLY_C,0.0597,2.5052,1.00,J_PULSE_CRUISE,8.97,0.0207,0.119,0.5387,3.5858,-3.9220,-0.00084,0.00900,0.00599,0.02530,0.0239
4.2333,JELLY_A,0.4442,-0.9773,1.00,J_SOFT_TURN,12.09,0.1065,0.574,1.0194,2.1133,-3.4508,-0.00030,-0.00333,-0.00046,0.02527,0.7327
4.2333,JELLY_B,0.1376,0.1165,0.05,J_PAUSE_OPEN,7.30,0.0019,0.000,1.4789,2.8776,-3.7709,-0.00057,0.00941,-0.00024,0.04042,0.0145
4.2333,JELLY_C,0.0729,2.8288,1.00,J_PULSE_CRUISE,9.01,0.0242,0.119,0.5387,3.5861,-3.9218,-0.00085,0.00910,0.00600,0.02529,0.0447
4.2667,JELLY_A,0.4546,-0.9777,1.00,J_SOFT_TURN,12.29,0.1028,0.574,1.0194,2.1132,-3.4508,-0.00029,-0.00336,-0.00047,0.02466,0.7038
4.2667,JELLY_B,0.1495,0.0999,0.05,J_PAUSE_OPEN,7.31,0.0016,0.000,1.4789,2.8779,-3.7709,-0.00058,0.00932,-0.00025,0.04042,0.0179
4.2667,JELLY_C,0.0861,3.0313,1.00,J_PULSE_CRUISE,9.06,0.0280,0.119,0.5387,3.5864,-3.9216,-0.00085,0.00924,0.00601,0.02527,0.0750
4.3000,JELLY_A,0.4649,-0.9739,1.00,J_SOFT_TURN,12.48,0.0993,0.574,1.0194,2.1131,-3.4508,-0.00028,-0.00338,-0.00047,0.02420,0.6740
4.3000,JELLY_B,0.1614,0.0799,0.05,J_PAUSE_OPEN,7.31,0.0012,0.000,1.4789,2.8782,-3.7709,-0.00059,0.00923,-0.00026,0.04042,0.0214
4.3000,JELLY_C,0.0992,3.1042,1.00,J_PULSE_CRUISE,9.12,0.0319,0.119,0.5386,3.5867,-3.9214,-0.00086,0.00941,0.00603,0.02525,0.1156
4.3333,JELLY_A,0.4753,-0.9660,1.00,J_SOFT_TURN,12.67,0.0958,0.574,1.0194,2.1130,-3.4509,-0.00027,-0.00339,-0.00048,0.02390,0.6436
4.3333,JELLY_B,0.1733,0.0571,0.05,J_PAUSE_OPEN,7.31,0.0009,0.000,1.4789,2.8785,-3.7709,-0.00059,0.00914,-0.00027,0.04042,0.0251
4.3333,JELLY_C,0.1124,3.0447,1.00,J_PULSE_CRUISE,9.18,0.0356,0.119,0.5386,3.5870,-3.9212,-0.00087,0.00957,0.00604,0.02524,0.1666
4.3667,JELLY_A,0.4857,-0.9540,1.00,J_SOFT_TURN,12.85,0.0925,0.574,1.0194,2.1129,-3.4509,-0.00026,-0.00338,-0.00049,0.02376,0.6127
4.3667,JELLY_B,0.1852,0.0323,0.05,J_PAUSE_OPEN,7.31,0.0006,0.000,1.4789,2.8788,-3.7709,-0.00060,0.00905,-0.00029,0.04042,0.0288
4.3667,JELLY_C,0.1256,2.8553,1.00,J_PULSE_CRUISE,9.25,0.0390,0.119,0.5386,3.5873,-3.9210,-0.00088,0.00969,0.00605,0.02523,0.2274
4.4000,JELLY_A,0.4961,-0.9379,1.00,J_SOFT_TURN,13.02,0.0892,0.574,1.0194,2.1128,-3.4509,-0.00025,-0.00336,-0.00050,0.02370,0.5814
4.4000,JELLY_B,0.1971,0.0064,0.05,J_PAUSE_OPEN,7.31,0.0003,0.000,1.4788,2.8791,-3.7709,-0.00061,0.00896,-0.00030,0.04042,0.0323
4.4000,JELLY_C,0.1388,2.5445,1.00,J_PULSE_CRUISE,9.33,0.0419,0.119,0.5385,3.5876,-3.9208,-0.00089,0.00977,0.00605,0.02522,0.2968
4.4333,JELLY_A,0.5065,-0.9178,1.00,J_SOFT_TURN,13.19,0.0861,0.574,1.0194,2.1127,-3.4509,-0.00023,-0.00333,-0.00051,0.02371,0.5498
4.4333,JELLY_B,0.2090,-0.0032,0.05,J_PAUSE_OPEN,7.31,0.0000,0.000,1.4788,2.8794,-3.7710,-0.00062,0.00888,-0.00031,0.04042,0.0356
4.4333,JELLY_C,0.1519,2.1255,1.00,J_PULSE_CRUISE,9.41,0.0440,0.119,0.5385,3.5880,-3.9206,-0.00090,0.00978,0.00604,0.02521,0.3727
4.4667,JELLY_A,0.5168,-0.8938,1.00,J_SOFT_TURN,13.35,0.0830,0.574,1.0193,2.1126,-3.4509,-0.00020,-0.00329,-0.00051,0.02376,0.5181
4.4667,JELLY_B,0.2209,-0.0073,0.05,J_PAUSE_OPEN,7.31,0.0003,0.000,1.4788,2.8797,-3.7710,-0.00062,0.00879,-0.00032,0.04042,0.0385
4.4667,JELLY_C,0.1651,1.6164,1.00,J_PULSE_CRUISE,9.50,0.0453,0.119,0.5385,3.5883,-3.9204,-0.00091,0.00972,0.00602,0.02520,0.4528
4.5000,JELLY_A,0.5272,-0.8660,1.00,J_SOFT_TURN,13.51,0.0800,0.574,1.0193,2.1125,-3.4509,-0.00018,-0.00323,-0.00052,0.02385,0.4863
4.5000,JELLY_B,0.2328,-0.0115,0.05,J_PAUSE_OPEN,7.31,0.0006,0.000,1.4788,2.8800,-3.7710,-0.00063,0.00871,-0.00033,0.04042,0.0411
4.5000,JELLY_C,0.1782,1.0390,1.00,J_PULSE_CRUISE,9.58,0.0457,0.119,0.5384,3.5886,-3.9202,-0.00092,0.00960,0.00598,0.02519,0.5343
4.5333,JELLY_A,0.5376,-0.8345,1.00,J_SOFT_TURN,13.66,0.0771,0.574,1.0193,2.1123,-3.4510,-0.00015,-0.00316,-0.00053,0.02397,0.4547
4.5333,JELLY_B,0.2447,-0.0155,0.05,J_PAUSE_OPEN,7.31,0.0009,0.000,1.4788,2.8803,-3.7710,-0.00064,0.00863,-0.00034,0.04042,0.0433
4.5333,JELLY_C,0.1914,0.4178,1.00,J_PULSE_CRUISE,9.67,0.0450,0.119,0.5384,3.5889,-3.9200,-0.00093,0.00944,0.00595,0.02518,0.6140
4.5667,JELLY_A,0.5480,-0.7994,1.00,J_SOFT_TURN,13.81,0.0742,0.574,1.0193,2.1122,-3.4510,-0.00011,-0.00308,-0.00054,0.02412,0.4234
4.5667,JELLY_B,0.2566,-0.0195,0.05,J_PAUSE_OPEN,7.31,0.0012,0.000,1.4787,2.8806,-3.7710,-0.00064,0.00854,-0.00035,0.04041,0.0450
4.5667,JELLY_C,0.2045,-0.0353,1.00,J_PULSE_CRUISE,9.75,0.0434,0.119,0.5384,3.5892,-3.9198,-0.00094,0.00928,0.00591,0.02516,0.6890
4.6000,JELLY_A,0.5584,-0.7609,1.00,J_SOFT_TURN,13.95,0.0715,0.574,1.0193,2.1121,-3.4510,-0.00008,-0.00299,-0.00055,0.02430,0.3924
4.6000,JELLY_B,0.2685,-0.0234,0.05,J_PAUSE_OPEN,7.31,0.0014,0.000,1.4787,2.8808,-3.7710,-0.00065,0.00846,-0.00036,0.04041,0.0464
4.6000,JELLY_C,0.2177,-0.1373,1.00,J_PULSE_CRUISE,9.84,0.0418,0.119,0.5384,3.5896,-3.9196,-0.00096,0.00911,0.00587,0.02514,0.7565
4.6333,JELLY_A,0.5688,-0.7192,1.00,J_SOFT_TURN,14.08,0.0688,0.574,1.0193,2.1120,-3.4510,-0.00004,-0.00289,-0.00057,0.02451,0.3619
4.6333,JELLY_B,0.2804,-0.0271,0.05,J_PAUSE_OPEN,7.30,0.0017,0.000,1.4787,2.8811,-3.7710,-0.00066,0.00838,-0.00037,0.04041,0.0474
4.6333,JELLY_C,0.2308,-0.2383,1.00,J_PULSE_CRUISE,9.91,0.0401,0.119,0.5383,3.5899,-3.9194,-0.00097,0.00895,0.00583,0.02513,0.8150
4.6667,JELLY_A,0.5792,-0.6743,1.00,J_SOFT_TURN,14.21,0.0662,0.574,1.0193,2.1119,-3.4510,-0.00000,-0.00279,-0.00058,0.02474,0.3320
4.6667,JELLY_B,0.2923,-0.0307,0.05,J_PAUSE_OPEN,7.30,0.0019,0.000,1.4787,2.8814,-3.7710,-0.00066,0.00831,-0.00038,0.04041,0.0480
4.6667,JELLY_C,0.2440,-0.3376,1.00,J_PULSE_CRUISE,9.99,0.0385,0.119,0.5383,3.5901,-3.9192,-0.00098,0.00879,0.00579,0.02511,0.8636
4.7000,JELLY_A,0.5896,-0.6266,1.00,J_SOFT_TURN,14.33,0.0637,0.574,1.0193,2.1119,-3.4511,0.00004,-0.00268,-0.00059,0.02500,0.3029
4.7000,JELLY_B,0.3042,-0.0341,0.05,J_PAUSE_OPEN,7.30,0.0021,0.000,1.4786,2.8817,-3.7710,-0.00067,0.00823,-0.00039,0.04041,0.0483
4.7000,JELLY_C,0.2571,-0.4345,1.00,J_PULSE_CRUISE,10.06,0.0370,0.119,0.5383,3.5904,-3.9190,-0.00099,0.00863,0.00576,0.02510,0.9022
4.7333,JELLY_A,0.6000,-0.5762,1.00,J_SOFT_TURN,14.45,0.0612,0.574,1.0193,2.1118,-3.4511,0.00008,-0.00257,-0.00060,0.02528,0.2746
4.7333,JELLY_B,0.3161,-0.0373,0.05,J_PAUSE_OPEN,7.29,0.0024,0.000,1.4786,2.8819,-3.7711,-0.00067,0.00815,-0.00040,0.04041,0.0484
4.7333,JELLY_C,0.2702,-0.5284,1.00,J_PULSE_CRUISE,10.13,0.0355,0.119,0.5382,3.5907,-3.9188,-0.00100,0.00848,0.00572,0.02509,0.9311
4.7667,JELLY_A,0.6104,-0.5232,1.00,J_SOFT_TURN,14.57,0.0588,0.574,1.0193,2.1117,-3.4511,0.00013,-0.00246,-0.00061,0.02559,0.2473
4.7667,JELLY_B,0.3279,-0.0403,0.05,J_PAUSE_OPEN,7.29,0.0026,0.000,1.4786,2.8822,-3.7711,-0.00068,0.00807,-0.00041,0.04041,0.0481
4.7667,JELLY_C,0.2833,-0.6186,1.00,J_PULSE_CRUISE,10.20,0.0340,0.119,0.5382,3.5910,-3.9186,-0.00101,0.00833,0.00569,0.02508,0.9510
4.8000,JELLY_A,0.6208,-0.4681,1.00,J_SOFT_TURN,14.68,0.0565,0.574,1.0193,2.1116,-3.4511,0.00017,-0.00235,-0.00062,0.02591,0.2211
4.8000,JELLY_B,0.3398,-0.0431,0.05,J_PAUSE_OPEN,7.28,0.0028,0.000,1.4786,2.8825,-3.7711,-0.00069,0.00800,-0.00042,0.04040,0.0477
4.8000,JELLY_C,0.2965,-0.7045,1.00,J_PULSE_CRUISE,10.26,0.0326,0.119,0.5382,3.5913,-3.9185,-0.00102,0.00818,0.00565,0.02507,0.9625
4.8333,JELLY_A,0.6312,-0.4109,1.00,J_SOFT_TURN,14.79,0.0542,0.574,1.0193,2.1115,-3.4511,0.00021,-0.00225,-0.00063,0.02626,0.1961
4.8333,JELLY_B,0.3517,-0.0457,0.05,J_PAUSE_OPEN,7.28,0.0030,0.000,1.4786,2.8827,-3.7711,-0.00069,0.00792,-0.00043,0.04039,0.0470
4.8333,JELLY_C,0.3096,-0.7856,1.00,J_PULSE_CRUISE,10.32,0.0312,0.119,0.5381,3.5915,-3.9183,-0.00103,0.00803,0.00562,0.02506,0.9666
4.8667,JELLY_A,0.6416,-0.3519,1.00,J_SOFT_TURN,14.89,0.0520,0.574,1.0194,2.1115,-3.4512,0.00026,-0.00214,-0.00064,0.02662,0.1724
4.8667,JELLY_B,0.3636,-0.0480,0.05,J_PAUSE_OPEN,7.27,0.0032,0.000,1.4785,2.8830,-3.7711,-0.00070,0.00785,-0.00044,0.04037,0.0461
4.8667,JELLY_C,0.3227,-0.8612,1.00,J_PULSE_CRUISE,10.38,0.0299,0.119,0.5381,3.5918,-3.9181,-0.00104,0.00789,0.00559,0.02505,0.9640
4.9000,JELLY_A,0.6520,-0.2914,1.00,J_SOFT_TURN,14.99,0.0499,0.574,1.0194,2.1114,-3.4512,0.00030,-0.00203,-0.00065,0.02699,0.1501
4.9000,JELLY_B,0.3755,-0.0500,0.05,J_PAUSE_OPEN,7.27,0.0034,0.000,1.4785,2.8833,-3.7711,-0.00070,0.00777,-0.00045,0.04034,0.0451
4.9000,JELLY_C,0.3358,-0.9310,1.00,J_PULSE_CRUISE,10.44,0.0286,0.119,0.5381,3.5921,-3.9179,-0.00105,0.00774,0.00556,0.02504,0.9555
4.9333,JELLY_A,0.6624,-0.2296,1.00,J_SOFT_TURN,15.08,0.0478,0.574,1.0194,2.1113,-3.4512,0.00034,-0.00193,-0.00066,0.02739,0.1293
4.9333,JELLY_B,0.3874,-0.0517,0.05,J_PAUSE_OPEN,7.26,0.0036,0.000,1.4785,2.8835,-3.7711,-0.00071,0.00770,-0.00046,0.04030,0.0440
4.9333,JELLY_C,0.3489,-0.9944,1.00,J_PULSE_CRUISE,10.49,0.0273,0.119,0.5380,3.5923,-3.9177,-0.00106,0.00760,0.00553,0.02503,0.9418
4.9667,JELLY_A,0.6728,-0.1668,1.00,J_SOFT_TURN,15.17,0.0458,0.574,1.0194,2.1113,-3.4512,0.00039,-0.00182,-0.00067,0.02779,0.1101
4.9667,JELLY_B,0.3993,-0.0532,0.05,J_PAUSE_OPEN,7.25,0.0038,0.000,1.4785,2.8838,-3.7712,-0.00071,0.00763,-0.00047,0.04026,0.0427
4.9667,JELLY_C,0.3620,-1.0510,1.00,J_PULSE_CRUISE,10.54,0.0261,0.119,0.5380,3.5926,-3.9175,-0.00107,0.00747,0.00550,0.02499,0.9237
5.0000,JELLY_A,0.6832,-0.1032,1.00,J_SOFT_TURN,15.26,0.0438,0.574,1.0194,2.1112,-3.4512,0.00043,-0.00171,-0.00068,0.02821,0.0925
5.0000,JELLY_B,0.4112,-0.0544,0.05,J_PAUSE_OPEN,7.24,0.0040,0.000,1.4784,2.8840,-3.7712,-0.00072,0.00756,-0.00048,0.04022,0.0413
5.0000,JELLY_C,0.3751,-1.1005,1.00,J_PULSE_CRUISE,10.59,0.0249,0.119,0.5379,3.5928,-3.9173,-0.00108,0.00733,0.00547,0.02487,0.9016
5.0333,JELLY_A,0.6936,-0.0392,1.00,J_SOFT_TURN,15.34,0.0419,0.574,1.0194,2.1111,-3.4513,0.00048,-0.00161,-0.00069,0.02863,0.0766
5.0333,JELLY_B,0.4231,-0.0552,0.05,J_PAUSE_OPEN,7.24,0.0041,0.000,1.4784,2.8843,-3.7712,-0.00072,0.00749,-0.00048,0.04018,0.0398
5.0333,JELLY_C,0.3882,-1.1425,1.00,J_PULSE_CRUISE,10.64,0.0237,0.119,0.5379,3.5931,-3.9172,-0.00109,0.00719,0.00544,0.02464,0.8761
5.0667,JELLY_A,0.7041,0.0000,1.00,J_GLIDE,15.42,0.0400,0.574,1.0194,2.1111,-3.4513,0.00052,-0.00148,-0.00070,0.02906,0.0624
5.0667,JELLY_B,0.4350,-0.0558,0.05,J_PAUSE_OPEN,7.23,0.0043,0.000,1.4784,2.8845,-3.7712,-0.00073,0.00742,-0.00049,0.04013,0.0383
5.0667,JELLY_C,0.4013,-1.1767,1.00,J_PULSE_CRUISE,10.68,0.0226,0.119,0.5379,3.5933,-3.9170,-0.00110,0.00706,0.00542,0.02429,0.8476
5.1000,JELLY_A,0.7145,0.0000,1.00,J_GLIDE,15.49,0.0382,0.574,1.0194,2.1111,-3.4513,0.00057,-0.00133,-0.00071,0.02950,0.0499
5.1000,JELLY_B,0.4468,-0.0560,0.05,J_PAUSE_OPEN,7.22,0.0045,0.000,1.4784,2.8848,-3.7712,-0.00073,0.00735,-0.00050,0.04009,0.0366
5.1000,JELLY_C,0.4144,-1.2029,1.00,J_PULSE_CRUISE,10.72,0.0215,0.119,0.5378,3.5935,-3.9168,-0.00111,0.00694,0.00539,0.02382,0.8166
5.1333,JELLY_A,0.7249,0.0000,1.00,J_GLIDE,15.56,0.0365,0.574,1.0195,2.1110,-3.4513,0.00061,-0.00119,-0.00072,0.02994,0.0390
5.1333,JELLY_B,0.4587,-0.0559,0.05,J_PAUSE_OPEN,7.21,0.0046,0.000,1.4783,2.8850,-3.7712,-0.00074,0.00728,-0.00051,0.04004,0.0349
5.1333,JELLY_C,0.4275,-1.2210,1.00,J_PULSE_CRUISE,10.77,0.0204,0.119,0.5378,3.5938,-3.9166,-0.00111,0.00683,0.00537,0.02325,0.7833
5.1667,JELLY_A,0.7353,0.0000,1.00,J_GLIDE,15.63,0.0348,0.574,1.0195,2.1110,-3.4514,0.00066,-0.00105,-0.00073,0.03039,0.0297
5.1667,JELLY_B,0.4706,-0.0556,0.05,J_PAUSE_OPEN,7.20,0.0048,0.000,1.4783,2.8853,-3.7713,-0.00074,0.00722,-0.00051,0.04000,0.0332
5.1667,JELLY_C,0.4406,-1.2308,1.00,J_PULSE_CRUISE,10.80,0.0194,0.119,0.5378,3.5940,-3.9164,-0.00112,0.00674,0.00535,0.02261,0.7482
5.2000,JELLY_A,0.7457,0.0000,1.00,J_GLIDE,15.70,0.0331,0.574,1.0195,2.1109,-3.4514,0.00070,-0.00091,-0.00074,0.03083,0.0218
5.2000,JELLY_B,0.4825,-0.0549,0.05,J_PAUSE_OPEN,7.19,0.0049,0.000,1.4783,2.8855,-3.7713,-0.00074,0.00716,-0.00052,0.03997,0.0314
5.2000,JELLY_C,0.4537,-1.2323,1.00,J_PULSE_CRUISE,10.84,0.0184,0.119,0.5377,3.5942,-3.9163,-0.00113,0.00667,0.00533,0.02191,0.7115
5.2333,JELLY_A,0.7562,0.0000,1.00,J_GLIDE,15.76,0.0315,0.574,1.0195,2.1109,-3.4514,0.00074,-0.00078,-0.00075,0.03128,0.0154
5.2333,JELLY_B,0.4944,-0.0539,0.05,J_PAUSE_OPEN,7.18,0.0051,0.000,1.4783,2.8857,-3.7713,-0.00075,0.00710,-0.00053,0.03994,0.0296
5.2333,JELLY_C,0.4667,-1.2255,1.00,J_PULSE_CRUISE,10.87,0.0174,0.119,0.5377,3.5944,-3.9161,-0.00114,0.00662,0.00532,0.02119,0.6736
5.2667,JELLY_A,0.7666,0.0000,1.00,J_GLIDE,15.82,0.0300,0.574,1.0196,2.1109,-3.4514,0.00078,-0.00065,-0.00076,0.03172,0.0101
5.2667,JELLY_B,0.5063,-0.0526,0.05,J_PAUSE_OPEN,7.17,0.0052,0.000,1.4782,2.8860,-3.7713,-0.00075,0.00704,-0.00053,0.03992,0.0278
5.2667,JELLY_C,0.4798,-1.2105,1.00,J_PULSE_CRUISE,10.91,0.0165,0.119,0.5376,3.5947,-3.9159,-0.00114,0.00660,0.00532,0.02048,0.6346
5.3000,JELLY_A,0.7770,0.0000,1.00,J_GLIDE,15.87,0.0284,0.574,1.0196,2.1109,-3.4515,0.00082,-0.00053,-0.00077,0.03215,0.0060
5.3000,JELLY_B,0.5182,-0.0510,0.05,J_PAUSE_OPEN,7.16,0.0053,0.000,1.4782,2.8862,-3.7713,-0.00076,0.00698,-0.00054,0.03991,0.0259
5.3000,JELLY_C,0.4929,-1.1873,1.00,J_PULSE_CRUISE,10.94,0.0155,0.119,0.5376,3.5949,-3.9157,-0.00115,0.00661,0.00532,0.01982,0.5949
5.3333,JELLY_A,0.7874,0.0000,1.00,J_GLIDE,15.93,0.0270,0.574,1.0196,2.1109,-3.4515,0.00086,-0.00041,-0.00078,0.03258,0.0028
5.3333,JELLY_B,0.5301,-0.0491,0.05,J_PAUSE_OPEN,7.15,0.0055,0.000,1.4782,2.8864,-3.7713,-0.00076,0.00692,-0.00054,0.03990,0.0241
5.3333,JELLY_C,0.5060,-1.1561,1.00,J_PULSE_CRUISE,10.97,0.0146,0.119,0.5376,3.5951,-3.9156,-0.00115,0.00664,0.00532,0.01922,0.5547
5.3667,JELLY_A,0.7979,0.0000,1.00,J_GLIDE,15.98,0.0255,0.574,1.0196,2.1108,-3.4515,0.00090,-0.00029,-0.00079,0.03299,0.0004
5.3667,JELLY_B,0.5419,-0.0469,0.05,J_PAUSE_OPEN,7.14,0.0056,0.000,1.4782,2.8867,-3.7714,-0.00076,0.00687,-0.00055,0.03990,0.0222
5.3667,JELLY_C,0.5190,-1.1171,1.00,J_PULSE_CRUISE,10.99,0.0138,0.119,0.5375,3.5953,-3.9154,-0.00116,0.00670,0.00533,0.01873,0.5143
5.4000,JELLY_A,0.8083,0.0000,1.00,J_GLIDE,16.03,0.0241,0.574,1.0197,2.1108,-3.4515,0.00093,-0.00018,-0.00079,0.03340,-0.0014
5.4000,JELLY_B,0.5538,-0.0445,0.05,J_PAUSE_OPEN,7.13,0.0057,0.000,1.4781,2.8869,-3.7714,-0.00077,0.00681,-0.00056,0.03990,0.0204
5.4000,JELLY_C,0.5321,-1.0707,1.00,J_PULSE_CRUISE,11.02,0.0129,0.119,0.5375,3.5955,-3.9152,-0.00116,0.00678,0.00535,0.01836,0.4739
5.4333,JELLY_A,0.8187,0.0000,1.00,J_GLIDE,16.07,0.0228,0.574,1.0197,2.1108,-3.4516,0.00097,-0.00007,-0.00080,0.03380,-0.0026
5.4333,JELLY_B,0.5657,-0.0419,0.05,J_PAUSE_OPEN,7.12,0.0058,0.000,1.4781,2.8871,-3.7714,-0.00077,0.00676,-0.00056,0.03990,0.0186
5.4333,JELLY_C,0.5451,-1.0171,1.00,J_PULSE_CRUISE,11.04,0.0121,0.119,0.5375,3.5958,-3.9150,-0.00117,0.00689,0.00536,0.01813,0.4338
5.4667,JELLY_A,0.8292,0.0000,1.00,J_GLIDE,16.11,0.0215,0.574,1.0197,2.1108,-3.4516,0.00100,0.00003,-0.00081,0.03418,-0.0033
5.4667,JELLY_B,0.5776,-0.0390,0.05,J_PAUSE_OPEN,7.11,0.0059,0.000,1.4781,2.8873,-3.7714,-0.00077,0.00671,-0.00057,0.03990,0.0169
5.4667,JELLY_C,0.5582,-0.9567,1.00,J_PULSE_CRUISE,11.07,0.0113,0.119,0.5374,3.5960,-3.9148,-0.00117,0.00701,0.00538,0.01802,0.3942
5.5000,JELLY_A,0.8396,0.0000,1.00,J_GLIDE,16.15,0.0202,0.574,1.0198,2.1108,-3.4516,0.00104,0.00014,-0.00082,0.03454,-0.0037
5.5000,JELLY_B,0.5895,-0.0358,0.05,J_PAUSE_OPEN,7.10,0.0061,0.000,1.4781,2.8876,-3.7714,-0.00077,0.00665,-0.00057,0.03990,0.0152
5.5000,JELLY_C,0.5712,-0.8899,1.00,J_PULSE_CRUISE,11.09,0.0105,0.119,0.5374,3.5962,-3.9147,-0.00117,0.00715,0.00540,0.01801,0.3554
5.5333,JELLY_A,0.8501,0.0000,1.00,J_GLIDE,16.19,0.0189,0.574,1.0198,2.1108,-3.4517,0.00107,0.00023,-0.00083,0.03489,-0.0039
5.5333,JELLY_B,0.6014,-0.0325,0.05,J_PAUSE_OPEN,7.09,0.0062,0.000,1.4780,2.8878,-3.7715,-0.00078,0.00660,-0.00058,0.03991,0.0136
5.5333,JELLY_C,0.5843,-0.8172,1.00,J_PULSE_CRUISE,11.11,0.0098,0.119,0.5373,3.5965,-3.9145,-0.00118,0.00730,0.00543,0.01805,0.3176
5.5667,JELLY_A,0.8605,0.0000,1.00,J_GLIDE,16.23,0.0177,0.574,1.0198,2.1109,-3.4517,0.00111,0.00033,-0.00083,0.03522,-0.0039
5.5667,JELLY_B,0.6133,-0.0290,0.05,J_PAUSE_OPEN,7.08,0.0063,0.000,1.4780,2.8880,-3.7715,-0.00078,0.00655,-0.00058,0.03992,0.0120
5.5667,JELLY_C,0.5973,-0.7391,1.00,J_PULSE_CRUISE,11.12,0.0090,0.119,0.5373,3.5967,-3.9143,-0.00118,0.00746,0.00545,0.01813,0.2811
5.6000,JELLY_A,0.8710,0.0000,1.00,J_GLIDE,16.26,0.0166,0.574,1.0199,2.1109,-3.4517,0.00114,0.00042,-0.00084,0.03553,-0.0037
5.6000,JELLY_B,0.6252,-0.0254,0.05,J_PAUSE_OPEN,7.06,0.0064,0.000,1.4780,2.8882,-3.7715,-0.00078,0.00650,-0.00058,0.03993,0.0105
5.6000,JELLY_C,0.6104,-0.6561,1.00,J_PULSE_CRUISE,11.14,0.0083,0.119,0.5373,3.5970,-3.9141,-0.00118,0.00761,0.00547,0.01824,0.2462
5.6333,JELLY_A,0.8814,0.0000,1.00,J_GLIDE,16.29,0.0154,0.574,1.0199,2.1109,-3.4517,0.00117,0.00051,-0.00085,0.03582,-0.0034
5.6333,JELLY_B,0.6371,-0.0216,0.05,J_PAUSE_OPEN,7.05,0.0065,0.000,1.4780,2.8884,-3.7715,-0.00079,0.00645,-0.00059,0.03994,0.0090
5.6333,JELLY_C,0.6234,-0.5687,1.00,J_PULSE_CRUISE,11.16,0.0076,0.119,0.5372,3.5972,-3.9139,-0.00119,0.00776,0.00549,0.01838,0.2129
5.6667,JELLY_A,0.8919,0.0000,1.00,J_GLIDE,16.32,0.0143,0.574,1.0200,2.1109,-3.4518,0.00120,0.00060,-0.00086,0.03609,-0.0031
5.6667,JELLY_B,0.6489,-0.0177,0.05,J_PAUSE_OPEN,7.04,0.0065,0.000,1.4779,2.8887,-3.7715,-0.00079,0.00641,-0.00059,0.03995,0.0077
5.6667,JELLY_C,0.6364,-0.4776,1.00,J_PULSE_CRUISE,11.17,0.0070,0.119,0.5372,3.5975,-3.9137,-0.00119,0.00790,0.00551,0.01854,0.1816
5.7000,JELLY_A,0.9023,0.0000,1.00,J_GLIDE,16.35,0.0133,0.574,1.0200,2.1109,-3.4518,0.00123,0.00068,-0.00086,0.03633,-0.0027
5.7000,JELLY_B,0.6608,-0.0137,0.05,J_PAUSE_OPEN,7.03,0.0066,0.000,1.4779,2.8889,-3.7716,-0.00079,0.00636,-0.00060,0.03996,0.0065
5.7000,JELLY_C,0.6495,-0.3833,1.00,J_PULSE_CRUISE,11.18,0.0063,0.119,0.5371,3.5978,-3.9136,-0.00119,0.00805,0.00553,0.01872,0.1524
5.7333,JELLY_A,0.9128,0.0000,1.00,J_GLIDE,16.37,0.0122,0.574,1.0200,2.1109,-3.4518,0.00126,0.00076,-0.00087,0.03655,-0.0024
5.7333,JELLY_B,0.6727,-0.0096,0.05,J_PAUSE_OPEN,7.01,0.0067,0.000,1.4779,2.8891,-3.7716,-0.00079,0.00631,-0.00060,0.03997,0.0053
5.7333,JELLY_C,0.6625,-0.2866,1.00,J_PULSE_CRUISE,11.19,0.0057,0.119,0.5371,3.5980,-3.9134,-0.00120,0.00819,0.00555,0.01892,0.1256
5.7667,JELLY_A,0.9232,0.0000,1.00,J_GLIDE,16.39,0.0112,0.574,1.0201,2.1110,-3.4519,0.00129,0.00084,-0.00088,0.03674,-0.0020
5.7667,JELLY_B,0.6846,-0.0054,0.05,J_PAUSE_OPEN,7.00,0.0068,0.000,1.4779,2.8893,-3.7716,-0.00080,0.00626,-0.00061,0.03998,0.0043
5.7667,JELLY_C,0.6755,-0.1879,1.00,J_PULSE_CRUISE,11.20,0.0051,0.119,0.5371,3.5983,-3.9132,-0.00120,0.00833,0.00557,0.01914,0.1012
5.8000,JELLY_A,0.9337,0.0000,1.00,J_GLIDE,16.41,0.0102,0.574,1.0201,2.1110,-3.4519,0.00132,0.00092,-0.00088,0.03691,-0.0017
5.8000,JELLY_B,0.6965,-0.0012,0.05,J_PAUSE_OPEN,6.99,0.0069,0.000,1.4778,2.8895,-3.7716,-0.00080,0.00621,-0.00061,0.04000,0.0034
5.8000,JELLY_C,0.6886,-0.0882,1.00,J_PULSE_CRUISE,11.21,0.0045,0.119,0.5370,3.5986,-3.9130,-0.00121,0.00847,0.00558,0.01937,0.0796
5.8333,JELLY_A,0.9441,0.0000,1.00,J_GLIDE,16.43,0.0093,0.574,1.0202,2.1110,-3.4519,0.00134,0.00099,-0.00089,0.03704,-0.0014
5.8333,JELLY_B,0.7084,0.0000,0.05,J_PAUSE_OPEN,6.97,0.0070,0.000,1.4778,2.8897,-3.7716,-0.00080,0.00616,-0.00061,0.04001,0.0026
5.8333,JELLY_C,0.7016,0.0000,1.00,J_GLIDE,11.22,0.0039,0.119,0.5370,3.5989,-3.9128,-0.00121,0.00860,0.00559,0.01962,0.0608
5.8667,JELLY_A,0.9546,0.0000,1.00,J_GLIDE,16.45,0.0083,0.574,1.0202,2.1111,-3.4519,0.00137,0.00106,-0.00090,0.03715,-0.0011
5.8667,JELLY_B,0.7203,0.0000,0.05,J_PAUSE_OPEN,6.96,0.0070,0.000,1.4778,2.8899,-3.7717,-0.00080,0.00612,-0.00062,0.04003,0.0019
5.8667,JELLY_C,0.7146,0.0000,1.00,J_GLIDE,11.23,0.0033,0.119,0.5369,3.5992,-3.9126,-0.00121,0.00873,0.00561,0.01988,0.0448
5.9000,JELLY_A,0.9651,0.0000,1.00,J_GLIDE,16.46,0.0074,0.574,1.0203,2.1111,-3.4520,0.00139,0.00113,-0.00090,0.03724,-0.0009
5.9000,JELLY_B,0.7322,0.0000,0.05,J_PAUSE_OPEN,6.95,0.0071,0.000,1.4778,2.8901,-3.7717,-0.00080,0.00607,-0.00062,0.04005,0.0014
5.9000,JELLY_C,0.7276,0.0000,1.00,J_GLIDE,11.23,0.0028,0.119,0.5369,3.5995,-3.9124,-0.00122,0.00885,0.00561,0.02015,0.0317
5.9333,JELLY_A,0.9755,0.0000,1.00,J_GLIDE,16.48,0.0066,0.574,1.0203,2.1111,-3.4520,0.00142,0.00119,-0.00091,0.03729,-0.0006
5.9333,JELLY_B,0.7441,0.0000,0.05,J_PAUSE_OPEN,6.93,0.0072,0.000,1.4777,2.8903,-3.7717,-0.00081,0.00602,-0.00063,0.04006,0.0009
5.9333,JELLY_C,0.7406,0.0000,1.00,J_GLIDE,11.24,0.0023,0.119,0.5369,3.5998,-3.9123,-0.00122,0.00895,0.00562,0.02043,0.0212
5.9667,JELLY_A,0.9860,0.0000,1.00,J_GLIDE,16.49,0.0057,0.574,1.0204,2.1112,-3.4520,0.00144,0.00125,-0.00092,0.03732,-0.0003
5.9667,JELLY_B,0.7560,0.0000,0.05,J_PAUSE_OPEN,6.92,0.0072,0.000,1.4777,2.8905,-3.7717,-0.00081,0.00598,-0.00063,0.04008,0.0006
5.9667,JELLY_C,0.7536,0.0000,1.00,J_GLIDE,11.24,0.0018,0.119,0.5368,3.6001,-3.9121,-0.00122,0.00905,0.00562,0.02072,0.0131
6.0000,JELLY_A,0.9965,0.0000,1.00,J_GLIDE,16.50,0.0049,0.574,1.0204,2.1112,-3.4521,0.00147,0.00131,-0.00092,0.03733,0.0005
6.0000,JELLY_B,0.7679,0.0000,0.05,J_PAUSE_OPEN,6.91,0.0073,0.000,1.4777,2.8907,-3.7717,-0.00081,0.00593,-0.00063,0.04010,0.0003
6.0000,JELLY_C,0.7666,0.0000,1.00,J_GLIDE,11.25,0.0013,0.119,0.5368,3.6004,-3.9119,-0.00123,0.00914,0.00563,0.02102,0.0070
6.0333,JELLY_A,0.0070,0.2695,1.00,J_PULSE_CRUISE,16.51,0.0042,0.061,1.0205,2.1113,-3.4521,0.00147,0.00130,-0.00093,0.03734,0.0015
6.0333,JELLY_B,0.7798,0.0000,0.05,J_PAUSE_OPEN,6.89,0.0074,0.000,1.4776,2.8909,-3.7718,-0.00081,0.00588,-0.00064,0.04011,0.0001
6.0333,JELLY_C,0.7796,0.0000,1.00,J_GLIDE,11.25,0.0009,0.119,0.5367,3.6007,-3.9117,-0.00123,0.00922,0.00563,0.02132,0.0025
6.0667,JELLY_A,0.0174,0.6680,1.00,J_PULSE_CRUISE,16.52,0.0037,0.061,1.0205,2.1113,-3.4521,0.00147,0.00128,-0.00093,0.03734,0.0025
6.0667,JELLY_B,0.7917,0.0000,0.05,J_PAUSE_OPEN,6.88,0.0074,0.000,1.4776,2.8911,-3.7718,-0.00081,0.00583,-0.00064,0.04013,-0.0000
6.0667,JELLY_C,0.7926,0.0000,1.00,J_GLIDE,11.25,0.0005,0.119,0.5367,3.6010,-3.9115,-0.00124,0.00929,0.00562,0.02162,-0.0005
6.1000,JELLY_A,0.0279,1.0487,1.00,J_PULSE_CRUISE,16.52,0.0037,0.061,1.0206,2.1114,-3.4522,0.00147,0.00127,-0.00093,0.03735,0.0041
6.1000,JELLY_B,0.8036,0.0000,0.05,J_PAUSE_OPEN,6.86,0.0075,0.000,1.4776,2.8913,-3.7718,-0.00081,0.00579,-0.00064,0.04015,-0.0001
6.1000,JELLY_C,0.8056,0.0000,1.00,J_GLIDE,11.25,0.0005,0.119,0.5367,3.6013,-3.9113,-0.00124,0.00935,0.00562,0.02193,-0.0025
6.1333,JELLY_A,0.0384,1.4013,1.00,J_PULSE_CRUISE,16.53,0.0042,0.061,1.0206,2.1114,-3.4522,0.00148,0.00129,-0.00094,0.03735,0.0075
6.1333,JELLY_B,0.8155,0.0000,0.05,J_PAUSE_OPEN,6.85,0.0075,0.000,1.4776,2.8915,-3.7718,-0.00082,0.00574,-0.00065,0.04017,-0.0002
6.1333,JELLY_C,0.8186,0.0000,1.00,J_GLIDE,11.25,0.0008,0.119,0.5366,3.6016,-3.9111,-0.00125,0.00940,0.00561,0.02223,-0.0037
6.1667,JELLY_A,0.0489,1.7162,1.00,J_PULSE_CRUISE,16.54,0.0052,0.061,1.0207,2.1114,-3.4522,0.00150,0.00134,-0.00094,0.03735,0.0136
6.1667,JELLY_B,0.8274,0.0000,0.05,J_PAUSE_OPEN,6.83,0.0076,0.000,1.4775,2.8917,-3.7719,-0.00082,0.00569,-0.00065,0.04018,-0.0002
6.1667,JELLY_C,0.8316,0.0000,1.00,J_GLIDE,11.25,0.0012,0.119,0.5366,3.6019,-3.9109,-0.00125,0.00945,0.00560,0.02253,-0.0042
6.2000,JELLY_A,0.0594,1.9848,1.00,J_PULSE_CRUISE,16.54,0.0066,0.061,1.0207,2.1115,-3.4522,0.00153,0.00143,-0.00095,0.03735,0.0237
6.2000,JELLY_B,0.8393,0.0000,0.05,J_PAUSE_OPEN,6.82,0.0076,0.000,1.4775,2.8919,-3.7719,-0.00082,0.00565,-0.00065,0.04020,-0.0002
6.2000,JELLY_C,0.8446,0.0000,1.00,J_GLIDE,11.24,0.0016,0.119,0.5365,3.6022,-3.9108,-0.00125,0.00949,0.00559,0.02282,-0.0043
6.2333,JELLY_A,0.0699,2.1999,1.00,J_PULSE_CRUISE,16.55,0.0083,0.061,1.0208,2.1115,-3.4523,0.00157,0.00154,-0.00096,0.03735,0.0386
6.2333,JELLY_B,0.8512,0.0000,0.05,J_PAUSE_OPEN,6.81,0.0077,0.000,1.4775,2.8921,-3.7719,-0.00082,0.00560,-0.00066,0.04022,-0.0002
6.2333,JELLY_C,0.8576,0.0000,1.00,J_GLIDE,11.24,0.0020,0.119,0.5365,3.6025,-3.9106,-0.00126,0.00952,0.00558,0.02311,-0.0042
6.2667,JELLY_A,0.0804,2.3555,1.00,J_PULSE_CRUISE,16.56,0.0101,0.061,1.0208,2.1116,-3.4523,0.00162,0.00169,-0.00097,0.03735,0.0594
6.2667,JELLY_B,0.8631,0.0000,0.05,J_PAUSE_OPEN,6.79,0.0077,0.000,1.4775,2.8922,-3.7719,-0.00082,0.00555,-0.00066,0.04023,-0.0002
6.2667,JELLY_C,0.8706,0.0000,1.00,J_GLIDE,11.24,0.0023,0.119,0.5364,3.6029,-3.9104,-0.00126,0.00955,0.00557,0.02339,-0.0038
6.3000,JELLY_A,0.0908,2.4473,1.00,J_PULSE_CRUISE,16.57,0.0121,0.061,1.0209,2.1117,-3.4523,0.00168,0.00185,-0.00098,0.03735,0.0864
6.3000,JELLY_B,0.8750,0.0000,0.05,J_PAUSE_OPEN,6.78,0.0078,0.000,1.4774,2.8924,-3.7719,-0.00082,0.00551,-0.00066,0.04025,-0.0002
6.3000,JELLY_C,0.8836,0.0000,1.00,J_GLIDE,11.23,0.0027,0.119,0.5364,3.6032,-3.9102,-0.00127,0.00957,0.00556,0.02365,-0.0033
6.3333,JELLY_A,0.1013,2.4728,1.00,J_PULSE_CRUISE,16.58,0.0140,0.061,1.0209,2.1117,-3.4524,0.00173,0.00202,-0.00099,0.03735,0.1201
6.3333,JELLY_B,0.8869,0.0000,0.05,J_PAUSE_OPEN,6.76,0.0078,0.000,1.4774,2.8926,-3.7720,-0.00082,0.00546,-0.00067,0.04026,-0.0002
6.3333,JELLY_C,0.8965,0.0000,1.00,J_GLIDE,11.23,0.0031,0.119,0.5364,3.6035,-3.9100,-0.00127,0.00958,0.00554,0.02391,-0.0029
6.3667,JELLY_A,0.1118,2.4313,1.00,J_PULSE_CRUISE,16.59,0.0159,0.061,1.0210,2.1118,-3.4524,0.00179,0.00219,-0.00100,0.03735,0.1605
6.3667,JELLY_B,0.8988,0.0000,0.05,J_PAUSE_OPEN,6.75,0.0078,0.000,1.4774,2.8928,-3.7720,-0.00083,0.00541,-0.00067,0.04027,-0.0001
6.3667,JELLY_C,0.9095,0.0000,1.00,J_GLIDE,11.22,0.0034,0.119,0.5363,3.6038,-3.9098,-0.00128,0.00959,0.00552,0.02415,-0.0024
6.4000,JELLY_A,0.1223,2.3237,1.00,J_PULSE_CRUISE,16.61,0.0176,0.061,1.0210,2.1119,-3.4524,0.00184,0.00234,-0.00101,0.03735,0.2073
6.4000,JELLY_B,0.9107,0.0000,0.05,J_PAUSE_OPEN,6.73,0.0079,0.000,1.4773,2.8930,-3.7720,-0.00083,0.00537,-0.00067,0.04029,-0.0001
6.4000,JELLY_C,0.9225,0.0000,1.00,J_GLIDE,11.21,0.0038,0.119,0.5363,3.6041,-3.9097,-0.00128,0.00960,0.00551,0.02438,-0.0019
6.4333,JELLY_A,0.1328,2.1529,1.00,J_PULSE_CRUISE,16.62,0.0191,0.061,1.0211,2.1119,-3.4525,0.00188,0.00247,-0.00102,0.03735,0.2599
6.4333,JELLY_B,0.9226,0.0000,0.05,J_PAUSE_OPEN,6.72,0.0079,0.000,1.4773,2.8931,-3.7720,-0.00083,0.00532,-0.00068,0.04030,-0.0001
6.4333,JELLY_C,0.9354,0.0000,1.00,J_GLIDE,11.21,0.0041,0.119,0.5362,3.6045,-3.9095,-0.00129,0.00960,0.00549,0.02459,-0.0015
6.4667,JELLY_A,0.1434,1.9235,1.00,J_PULSE_CRUISE,16.64,0.0203,0.061,1.0212,2.1120,-3.4525,0.00192,0.00257,-0.00103,0.03735,0.3174
6.4667,JELLY_B,0.9345,0.0000,0.05,J_PAUSE_OPEN,6.70,0.0080,0.000,1.4773,2.8933,-3.7721,-0.00083,0.00528,-0.00068,0.04031,-0.0001
6.4667,JELLY_C,0.9484,0.0000,1.00,J_GLIDE,11.20,0.0044,0.119,0.5362,3.6048,-3.9093,-0.00129,0.00959,0.00547,0.02479,-0.0011
6.5000,JELLY_A,0.1539,1.6416,1.00,J_PULSE_CRUISE,16.65,0.0213,0.061,1.0212,2.1121,-3.4525,0.00194,0.00263,-0.00103,0.03735,0.3788
6.5000,JELLY_B,0.9464,0.0000,0.05,J_PAUSE_OPEN,6.69,0.0080,0.000,1.4773,2.8935,-3.7721,-0.00083,0.00523,-0.00068,0.04032,-0.0001
6.5000,JELLY_C,0.9614,0.0000,1.00,J_GLIDE,11.19,0.0048,0.119,0.5361,3.6051,-3.9091,-0.00130,0.00958,0.00545,0.02497,-0.0008
6.5333,JELLY_A,0.1644,1.3149,1.00,J_PULSE_CRUISE,16.67,0.0219,0.061,1.0213,2.1122,-3.4526,0.00196,0.00266,-0.00104,0.03735,0.4428
6.5333,JELLY_B,0.9584,0.0000,0.05,J_PAUSE_OPEN,6.67,0.0080,0.000,1.4772,2.8937,-3.7721,-0.00083,0.00518,-0.00068,0.04032,-0.0000
6.5333,JELLY_C,0.9743,0.0000,1.00,J_GLIDE,11.18,0.0051,0.119,0.5361,3.6054,-3.9089,-0.00130,0.00956,0.00543,0.02512,-0.0006
6.5667,JELLY_A,0.1749,0.9522,1.00,J_PULSE_CRUISE,16.69,0.0221,0.061,1.0214,2.1123,-3.4526,0.00196,0.00267,-0.00104,0.03735,0.5080
6.5667,JELLY_B,0.9703,0.0000,0.05,J_PAUSE_OPEN,6.66,0.0080,0.000,1.4772,2.8938,-3.7721,-0.00083,0.00514,-0.00069,0.04033,-0.0000
6.5667,JELLY_C,0.9873,0.0000,1.00,J_GLIDE,11.17,0.0054,0.119,0.5361,3.6057,-3.9087,-0.00130,0.00954,0.00541,0.02526,-0.0004
6.6000,JELLY_A,0.1854,0.5633,1.00,J_PULSE_CRUISE,16.70,0.0219,0.061,1.0214,2.1124,-3.4526,0.00196,0.00265,-0.00104,0.03735,0.5727
6.6000,JELLY_B,0.9822,0.0000,0.05,J_PAUSE_OPEN,6.64,0.0081,0.000,1.4772,2.8940,-3.7721,-0.00083,0.00509,-0.00069,0.04033,-0.0000
6.6000,JELLY_C,0.0003,0.0006,0.05,J_DRIFT_IDLE,11.16,0.0057,0.000,0.5360,3.6061,-3.9086,-0.00131,0.00948,0.00538,0.02538,-0.0002
6.6333,JELLY_A,0.1959,0.1588,1.00,J_PULSE_CRUISE,16.72,0.0214,0.061,1.0215,2.1125,-3.4527,0.00196,0.00261,-0.00105,0.03735,0.6355
6.6333,JELLY_B,0.9941,0.0000,0.05,J_PAUSE_OPEN,6.62,0.0081,0.000,1.4771,2.8942,-3.7722,-0.00083,0.00505,-0.00069,0.04034,-0.0000
6.6333,JELLY_C,0.0132,0.0315,0.05,J_DRIFT_IDLE,11.15,0.0059,0.000,0.5360,3.6064,-3.9084,-0.00132,0.00931,0.00533,0.02544,-0.0001
6.6667,JELLY_A,0.2064,-0.0401,1.00,J_PULSE_CRUISE,16.73,0.0205,0.061,1.0216,2.1126,-3.4527,0.00195,0.00257,-0.00105,0.03735,0.6948
6.6667,JELLY_B,0.0060,0.2651,1.00,J_PULSE_CRUISE,6.61,0.0080,0.083,1.4771,2.8943,-3.7722,-0.00083,0.00500,-0.00069,0.04035,0.0000
6.6667,JELLY_C,0.0262,0.0610,0.05,J_DRIFT_IDLE,11.14,0.0062,0.000,0.5359,3.6067,-3.9082,-0.00132,0.00915,0.00528,0.02548,0.0000
6.7000,JELLY_A,0.2170,-0.1055,1.00,J_PULSE_CRUISE,16.74,0.0197,0.061,1.0216,2.1126,-3.4528,0.00194,0.00253,-0.00105,0.03735,0.7492
6.7000,JELLY_B,0.0179,0.7811,1.00,J_PULSE_CRUISE,6.59,0.0073,0.083,1.4771,2.8945,-3.7722,-0.00083,0.00496,-0.00070,0.04036,0.0004
6.7000,JELLY_C,0.0391,0.0880,0.05,J_DRIFT_IDLE,11.13,0.0065,0.000,0.5359,3.6070,-3.9080,-0.00133,0.00898,0.00523,0.02550,0.0003
6.7333,JELLY_A,0.2275,-0.1705,1.00,J_PULSE_CRUISE,16.75,0.0190,0.061,1.0217,2.1127,-3.4528,0.00194,0.00250,-0.00106,0.03735,0.7978
6.7333,JELLY_B,0.0299,1.2699,1.00,J_PULSE_CRUISE,6.58,0.0060,0.083,1.4771,2.8947,-3.7722,-0.00083,0.00495,-0.00069,0.04038,0.0022
6.7333,JELLY_C,0.0521,0.1113,0.05,J_DRIFT_IDLE,11.11,0.0067,0.000,0.5358,3.6073,-3.9079,-0.00134,0.00882,0.00518,0.02551,0.0008
6.7667,JELLY_A,0.2380,-0.2348,1.00,J_PULSE_CRUISE,16.76,0.0182,0.061,1.0218,2.1128,-3.4528,0.00193,0.00246,-0.00106,0.03735,0.8402
6.7667,JELLY_B,0.0418,1.7144,1.00,J_PULSE_CRUISE,6.57,0.0041,0.083,1.4770,2.8948,-3.7723,-0.00083,0.00498,-0.00069,0.04039,0.0067
6.7667,JELLY_C,0.0650,0.1300,0.05,J_DRIFT_IDLE,11.10,0.0070,0.000,0.5358,3.6076,-3.9077,-0.00134,0.00866,0.00514,0.02552,0.0016
6.8000,JELLY_A,0.2485,-0.2981,1.00,J_PULSE_CRUISE,16.77,0.0176,0.061,1.0218,2.1129,-3.4529,0.00193,0.00242,-0.00106,0.03735,0.8762
6.8000,JELLY_B,0.0537,2.0992,1.00,J_PULSE_CRUISE,6.56,0.0019,0.083,1.4770,2.8950,-3.7723,-0.00083,0.00506,-0.00068,0.04040,0.0155
6.8000,JELLY_C,0.0780,0.1434,0.05,J_DRIFT_IDLE,11.09,0.0072,0.000,0.5357,3.6078,-3.9075,-0.00135,0.00851,0.00509,0.02552,0.0027
6.8333,JELLY_A,0.2591,-0.3602,1.00,J_PULSE_CRUISE,16.77,0.0169,0.061,1.0219,2.1130,-3.4529,0.00192,0.00238,-0.00106,0.03735,0.9058
6.8333,JELLY_B,0.0656,2.4107,1.00,J_PULSE_CRUISE,6.56,0.0013,0.083,1.4770,2.8952,-3.7723,-0.00082,0.00520,-0.00066,0.04042,0.0303
6.8333,JELLY_C,0.0909,0.1509,0.05,J_DRIFT_IDLE,11.07,0.0074,0.000,0.5357,3.6081,-3.9073,-0.00135,0.00836,0.00505,0.02552,0.0044
6.8667,JELLY_A,0.2696,-0.4207,1.00,J_PULSE_CRUISE,16.78,0.0163,0.061,1.0219,2.1131,-3.4529,0.00192,0.00235,-0.00107,0.03735,0.9292
6.8667,JELLY_B,0.0776,2.6379,1.00,J_PULSE_CRUISE,6.57,0.0041,0.083,1.4770,2.8954,-3.7723,-0.00082,0.00537,-0.00064,0.04043,0.0521
6.8667,JELLY_C,0.1038,0.1522,0.05,J_DRIFT_IDLE,11.06,0.0076,0.000,0.5357,3.6084,-3.9072,-0.00136,0.00821,0.00501,0.02552,0.0066
6.9000,JELLY_A,0.2802,-0.4794,1.00,J_PULSE_CRUISE,16.78,0.0158,0.061,1.0220,2.1131,-3.4530,0.00191,0.00231,-0.00107,0.03735,0.9467
6.9000,JELLY_B,0.0895,2.7729,1.00,J_PULSE_CRUISE,6.58,0.0071,0.083,1.4769,2.8955,-3.7723,-0.00081,0.00558,-0.00061,0.04045,0.0821
6.9000,JELLY_C,0.1168,0.1471,0.05,J_DRIFT_IDLE,11.04,0.0079,0.000,0.5356,3.6087,-3.9070,-0.00136,0.00806,0.00497,0.02553,0.0093
6.9333,JELLY_A,0.2907,-0.5361,1.00,J_PULSE_CRUISE,16.78,0.0153,0.061,1.0221,2.1132,-3.4530,0.00190,0.00227,-0.00107,0.03730,0.9586
6.9333,JELLY_B,0.1014,2.8108,1.00,J_PULSE_CRUISE,6.59,0.0102,0.083,1.4769,2.8957,-3.7724,-0.00080,0.00580,-0.00058,0.04046,0.1206
6.9333,JELLY_C,0.1297,0.1361,0.05,J_DRIFT_IDLE,11.03,0.0081,0.000,0.5356,3.6089,-3.9069,-0.00137,0.00792,0.00493,0.02553,0.0124
6.9667,JELLY_A,0.3012,-0.5904,1.00,J_PULSE_CRUISE,16.78,0.0148,0.061,1.0221,2.1133,-3.4530,0.00190,0.00223,-0.00107,0.03714,0.9655
6.9667,JELLY_B,0.1134,2.7502,1.00,J_PULSE_CRUISE,6.61,0.0131,0.083,1.4769,2.8959,-3.7724,-0.00080,0.00601,-0.00056,0.04047,0.1677
6.9667,JELLY_C,0.1426,0.1194,0.05,J_DRIFT_IDLE,11.01,0.0083,0.000,0.5355,3.6092,-3.9067,-0.00137,0.00777,0.00489,0.02553,0.0159
7.0000,JELLY_A,0.3118,-0.6422,1.00,J_PULSE_CRUISE,16.78,0.0144,0.061,1.0222,2.1134,-3.4531,0.00189,0.00220,-0.00108,0.03684,0.9676
7.0000,JELLY_B,0.1253,2.5932,1.00,J_PULSE_CRUISE,6.64,0.0158,0.083,1.4768,2.8961,-3.7724,-0.00079,0.00620,-0.00053,0.04048,0.2228
7.0000,JELLY_C,0.1556,0.0979,0.05,J_DRIFT_IDLE,11.00,0.0085,0.000,0.5355,3.6095,-3.9065,-0.00138,0.00763,0.00485,0.02553,0.0197
7.0333,JELLY_A,0.3223,-0.6912,1.00,J_PULSE_CRUISE,16.78,0.0140,0.061,1.0223,2.1134,-3.4531,0.00189,0.00216,-0.00108,0.03638,0.9655
7.0333,JELLY_B,0.1372,2.3453,1.00,J_PULSE_CRUISE,6.67,0.0182,0.083,1.4768,2.8963,-3.7724,-0.00078,0.00635,-0.00052,0.04048,0.2851
7.0333,JELLY_C,0.1685,0.0723,0.05,J_DRIFT_IDLE,10.98,0.0087,0.000,0.5354,3.6097,-3.9064,-0.00138,0.00749,0.00481,0.02553,0.0237
7.0667,JELLY_A,0.3329,-0.7372,1.00,J_PULSE_CRUISE,16.78,0.0137,0.061,1.0223,2.1135,-3.4531,0.00188,0.00212,-0.00108,0.03577,0.9595
7.0667,JELLY_B,0.1492,2.0150,1.00,J_PULSE_CRUISE,6.71,0.0201,0.083,1.4768,2.8966,-3.7724,-0.00078,0.00645,-0.00050,0.04049,0.3532
7.0667,JELLY_C,0.1814,0.0438,0.05,J_DRIFT_IDLE,10.96,0.0088,0.000,0.5354,3.6100,-3.9062,-0.00138,0.00736,0.00478,0.02553,0.0277
7.1000,JELLY_A,0.3434,-0.7800,1.00,J_PULSE_CRUISE,16.77,0.0134,0.061,1.0224,2.1136,-3.4532,0.00188,0.00208,-0.00108,0.03503,0.9501
7.1000,JELLY_B,0.1611,1.6139,1.00,J_PULSE_CRUISE,6.75,0.0215,0.083,1.4768,2.8968,-3.7725,-0.00078,0.00650,-0.00049,0.04050,0.4252
7.1000,JELLY_C,0.1944,0.0135,0.05,J_DRIFT_IDLE,10.95,0.0090,0.000,0.5353,3.6102,-3.9060,-0.00139,0.00722,0.00474,0.02554,0.0316
7.1333,JELLY_A,0.3540,-0.8194,1.00,J_PULSE_CRUISE,16.77,0.0132,0.061,1.0225,2.1136,-3.4532,0.00187,0.00205,-0.00108,0.03416,0.9374
7.1333,JELLY_B,0.1730,1.1560,1.00,J_PULSE_CRUISE,6.79,0.0222,0.083,1.4767,2.8970,-3.7725,-0.00078,0.00649,-0.00049,0.04050,0.4992
7.1333,JELLY_C,0.2073,-0.0028,0.05,J_DRIFT_IDLE,10.93,0.0092,0.000,0.5353,3.6104,-3.9059,-0.00139,0.00709,0.00471,0.02554,0.0352
7.1667,JELLY_A,0.3646,-0.8553,1.00,J_PULSE_CRUISE,16.76,0.0130,0.061,1.0225,2.1137,-3.4533,0.00187,0.00201,-0.00109,0.03319,0.9220
7.1667,JELLY_B,0.1850,0.6573,1.00,J_PULSE_CRUISE,6.83,0.0224,0.083,1.4767,2.8972,-3.7725,-0.00077,0.00646,-0.00049,0.04051,0.5728
7.1667,JELLY_C,0.2202,-0.0077,0.05,J_DRIFT_IDLE,10.91,0.0093,0.000,0.5352,3.6107,-3.9057,-0.00140,0.00696,0.00467,0.02554,0.0384
7.2000,JELLY_A,0.3751,-0.8874,1.00,J_PULSE_CRUISE,16.75,0.0128,0.061,1.0226,2.1138,-3.4533,0.00186,0.00197,-0.00109,0.03216,0.9040
7.2000,JELLY_B,0.1969,0.1353,1.00,J_PULSE_CRUISE,6.87,0.0219,0.083,1.4767,2.8974,-3.7725,-0.00077,0.00640,-0.00050,0.04052,0.6439
7.2000,JELLY_C,0.2331,-0.0126,0.05,J_DRIFT_IDLE,10.89,0.0095,0.000,0.5352,3.6109,-3.9056,-0.00140,0.00683,0.00464,0.02554,0.0412
7.2333,JELLY_A,0.3857,-0.9156,1.00,J_PULSE_CRUISE,16.74,0.0126,0.061,1.0226,2.1138,-3.4533,0.00186,0.00194,-0.00109,0.03108,0.8838
7.2333,JELLY_B,0.2089,-0.0629,1.00,J_PULSE_CRUISE,6.91,0.0209,0.083,1.4767,2.8976,-3.7725,-0.00077,0.00634,-0.00050,0.04052,0.7101
7.2333,JELLY_C,0.2460,-0.0174,0.05,J_DRIFT_IDLE,10.88,0.0097,0.000,0.5352,3.6111,-3.9054,-0.00140,0.00670,0.00461,0.02554,0.0435
7.2667,JELLY_A,0.3962,-0.9398,1.00,J_PULSE_CRUISE,16.73,0.0125,0.061,1.0227,2.1139,-3.4534,0.00186,0.00190,-0.00109,0.02999,0.8616
7.2667,JELLY_B,0.2208,-0.1470,1.00,J_PULSE_CRUISE,6.95,0.0200,0.083,1.4766,2.8978,-3.7725,-0.00077,0.00627,-0.00051,0.04052,0.7697
7.2667,JELLY_C,0.2590,-0.0220,0.05,J_DRIFT_IDLE,10.86,0.0098,0.000,0.5351,3.6113,-3.9053,-0.00140,0.00658,0.00458,0.02555,0.0454
7.3000,JELLY_A,0.4068,-0.9598,1.00,J_PULSE_CRUISE,16.72,0.0125,0.061,1.0228,2.1140,-3.4534,0.00185,0.00187,-0.00110,0.02890,0.8375
7.3000,JELLY_B,0.2328,-0.2305,1.00,J_PULSE_CRUISE,6.99,0.0192,0.083,1.4766,2.8980,-3.7726,-0.00077,0.00621,-0.00051,0.04052,0.8215
7.3000,JELLY_C,0.2719,-0.0266,0.05,J_DRIFT_IDLE,10.84,0.0100,0.000,0.5351,3.6116,-3.9051,-0.00141,0.00645,0.00455,0.02555,0.0467
7.3333,JELLY_A,0.4174,-0.9757,1.00,J_PULSE_CRUISE,16.71,0.0124,0.061,1.0228,2.1140,-3.4534,0.00185,0.00184,-0.00110,0.02786,0.8119
7.3333,JELLY_B,0.2447,-0.3126,1.00,J_PULSE_CRUISE,7.03,0.0183,0.083,1.4766,2.8983,-3.7726,-0.00077,0.00615,-0.00051,0.04053,0.8651
7.3333,JELLY_C,0.2848,-0.0309,0.05,J_DRIFT_IDLE,10.82,0.0101,0.000,0.5350,3.6118,-3.9050,-0.00141,0.00633,0.00452,0.02555,0.0477
7.3667,JELLY_A,0.4280,-0.9873,1.00,J_PULSE_CRUISE,16.70,0.0124,0.061,1.0229,2.1141,-3.4535,0.00185,0.00181,-0.00110,0.02689,0.7849
7.3667,JELLY_B,0.2567,-0.3930,1.00,J_PULSE_CRUISE,7.06,0.0175,0.083,1.4766,2.8985,-3.7726,-0.00077,0.00609,-0.00052,0.04053,0.9005
7.3667,JELLY_C,0.2977,-0.0350,0.05,J_DRIFT_IDLE,10.80,0.0102,0.000,0.5350,3.6120,-3.9048,-0.00141,0.00621,0.00449,0.02555,0.0482
7.4000,JELLY_A,0.4385,-0.9945,1.00,J_PULSE_CRUISE,16.69,0.0124,0.061,1.0229,2.1141,-3.4535,0.00185,0.00180,-0.00110,0.02601,0.7566
7.4000,JELLY_B,0.2687,-0.4713,1.00,J_PULSE_CRUISE,7.09,0.0167,0.083,1.4765,2.8987,-3.7726,-0.00077,0.00603,-0.00052,0.04052,0.9278
7.4000,JELLY_C,0.3106,-0.0390,0.05,J_DRIFT_IDLE,10.78,0.0104,0.000,0.5349,3.6122,-3.9047,-0.00142,0.00609,0.00446,0.02555,0.0484
7.4333,JELLY_A,0.4491,-0.9973,1.00,J_PULSE_CRUISE,16.67,0.0124,0.061,1.0230,2.1142,-3.4535,0.00186,0.00179,-0.00110,0.02525,0.7272
7.4333,JELLY_B,0.2806,-0.5469,1.00,J_PULSE_CRUISE,7.12,0.0159,0.083,1.4765,2.8989,-3.7726,-0.00077,0.00597,-0.00053,0.04052,0.9474
7.4333,JELLY_C,0.3235,-0.0426,0.05,J_DRIFT_IDLE,10.76,0.0105,0.000,0.5349,3.6124,-3.9045,-0.00142,0.00597,0.00443,0.02555,0.0482
7.4667,JELLY_A,0.4597,-0.9957,1.00,J_PULSE_CRUISE,16.66,0.0125,0.061,1.0231,2.1143,-3.4536,0.00187,0.00180,-0.00111,0.02463,0.6969
7.4667,JELLY_B,0.2926,-0.6195,1.00,J_PULSE_CRUISE,7.15,0.0152,0.083,1.4765,2.8991,-3.7726,-0.00077,0.00591,-0.00053,0.04052,0.9601
7.4667,JELLY_C,0.3364,-0.0460,0.05,J_DRIFT_IDLE,10.74,0.0106,0.000,0.5348,3.6126,-3.9044,-0.00142,0.00585,0.00441,0.02555,0.0478
7.5000,JELLY_A,0.4703,-0.9897,1.00,J_PULSE_CRUISE,16.64,0.0126,0.061,1.0231,2.1143,-3.4536,0.00188,0.00182,-0.00111,0.02417,0.6659
7.5000,JELLY_B,0.3045,-0.6887,1.00,J_PULSE_CRUISE,7.18,0.0144,0.083,1.4765,2.8993,-3.7727,-0.00077,0.00585,-0.00053,0.04051,0.9662
7.5000,JELLY_C,0.3493,-0.0490,0.05,J_DRIFT_IDLE,10.72,0.0107,0.000,0.5348,3.6128,-3.9042,-0.00142,0.00574,0.00438,0.02555,0.0471
7.5333,JELLY_A,0.4809,-0.9793,1.00,J_PULSE_CRUISE,16.62,0.0126,0.061,1.0232,2.1144,-3.4537,0.00189,0.00185,-0.00111,0.02388,0.6342
7.5333,JELLY_B,0.3165,-0.7539,1.00,J_PULSE_CRUISE,7.21,0.0137,0.083,1.4764,2.8994,-3.7727,-0.00077,0.00579,-0.00054,0.04050,0.9666
7.5333,JELLY_C,0.3622,-0.0518,0.05,J_DRIFT_IDLE,10.70,0.0108,0.000,0.5347,3.6130,-3.9041,-0.00142,0.00563,0.00436,0.02555,0.0462
7.5667,JELLY_A,0.4915,-0.9646,1.00,J_PULSE_CRUISE,16.61,0.0127,0.061,1.0233,2.1144,-3.4537,0.00191,0.00190,-0.00112,0.02373,0.6020
7.5667,JELLY_B,0.3285,-0.8150,1.00,J_PULSE_CRUISE,7.23,0.0130,0.083,1.4764,2.8996,-3.7727,-0.00077,0.00574,-0.00054,0.04046,0.9617
7.5667,JELLY_C,0.3751,-0.0542,0.05,J_DRIFT_IDLE,10.68,0.0109,0.000,0.5347,3.6132,-3.9039,-0.00143,0.00551,0.00433,0.02555,0.0451
7.6000,JELLY_A,0.5021,-0.9456,1.00,J_PULSE_CRUISE,16.59,0.0128,0.061,1.0233,2.1145,-3.4537,0.00194,0.00196,-0.00112,0.02368,0.5694
7.6000,JELLY_B,0.3405,-0.8715,1.00,J_PULSE_CRUISE,7.26,0.0123,0.083,1.4764,2.8998,-3.7727,-0.00077,0.00568,-0.00054,0.04033,0.9521
7.6000,JELLY_C,0.3880,-0.0562,0.05,J_DRIFT_IDLE,10.66,0.0110,0.000,0.5346,3.6133,-3.9038,-0.00143,0.00540,0.00431,0.02554,0.0439
7.6333,JELLY_A,0.5127,-0.9224,1.00,J_PULSE_CRUISE,16.57,0.0130,0.061,1.0234,2.1146,-3.4538,0.00197,0.00204,-0.00113,0.02369,0.5366
7.6333,JELLY_B,0.3524,-0.9231,1.00,J_PULSE_CRUISE,7.28,0.0117,0.083,1.4764,2.9000,-3.7727,-0.00077,0.00562,-0.00055,0.04006,0.9384
7.6333,JELLY_C,0.4009,-0.0579,0.05,J_DRIFT_IDLE,10.64,0.0111,0.000,0.5346,3.6135,-3.9037,-0.00143,0.00529,0.00428,0.02552,0.0425
7.6667,JELLY_A,0.5233,-0.8951,1.00,J_PULSE_CRUISE,16.55,0.0131,0.061,1.0235,2.1146,-3.4538,0.00200,0.00212,-0.00113,0.02375,0.5038
7.6667,JELLY_B,0.3644,-0.9695,1.00,J_PULSE_CRUISE,7.30,0.0111,0.083,1.4763,2.9002,-3.7727,-0.00077,0.00556,-0.00055,0.03966,0.9210
7.6667,JELLY_C,0.4138,-0.0592,0.05,J_DRIFT_IDLE,10.62,0.0112,0.000,0.5345,3.6137,-3.9035,-0.00143,0.00518,0.00426,0.02550,0.0409
7.7000,JELLY_A,0.5339,-0.8638,1.00,J_PULSE_CRUISE,16.53,0.0132,0.061,1.0235,2.1147,-3.4538,0.00204,0.00223,-0.00113,0.02384,0.4709
7.7000,JELLY_B,0.3764,-1.0104,1.00,J_PULSE_CRUISE,7.32,0.0104,0.083,1.4763,2.9004,-3.7728,-0.00077,0.00551,-0.00055,0.03912,0.9004
7.7000,JELLY_C,0.4267,-0.0601,0.05,J_DRIFT_IDLE,10.59,0.0113,0.000,0.5345,3.6139,-3.9034,-0.00143,0.00508,0.00424,0.02547,0.0393
7.7333,JELLY_A,0.5445,-0.8286,1.00,J_PULSE_CRUISE,16.51,0.0134,0.061,1.0236,2.1148,-3.4539,0.00208,0.00234,-0.00114,0.02397,0.4383
7.7333,JELLY_B,0.3884,-1.0456,1.00,J_PULSE_CRUISE,7.34,0.0098,0.083,1.4763,2.9006,-3.7728,-0.00077,0.00545,-0.00056,0.03847,0.8770
7.7333,JELLY_C,0.4396,-0.0606,0.05,J_DRIFT_IDLE,10.57,0.0114,0.000,0.5344,3.6140,-3.9032,-0.00143,0.00497,0.00421,0.02545,0.0376
7.7667,JELLY_A,0.5551,-0.7897,1.00,J_PULSE_CRUISE,16.49,0.0135,0.061,1.0237,2.1149,-3.4539,0.00212,0.00246,-0.00114,0.02413,0.4060
7.7667,JELLY_B,0.4003,-1.0750,1.00,J_PULSE_CRUISE,7.36,0.0093,0.083,1.4763,2.9008,-3.7728,-0.00077,0.00540,-0.00056,0.03772,0.8511
7.7667,JELLY_C,0.4525,-0.0608,0.05,J_DRIFT_IDLE,10.55,0.0115,0.000,0.5344,3.6142,-3.9031,-0.00143,0.00487,0.00419,0.02542,0.0358
7.8000,JELLY_A,0.5657,-0.7473,1.00,J_PULSE_CRUISE,16.47,0.0137,0.061,1.0237,2.1150,-3.4540,0.00217,0.00260,-0.00115,0.02432,0.3741
7.8000,JELLY_B,0.4123,-1.0982,1.00,J_PULSE_CRUISE,7.38,0.0087,0.083,1.4762,2.9009,-3.7728,-0.00077,0.00535,-0.00056,0.03689,0.8230
7.8000,JELLY_C,0.4654,-0.0605,0.05,J_DRIFT_IDLE,10.53,0.0116,0.000,0.5343,3.6143,-3.9029,-0.00144,0.00477,0.00417,0.02539,0.0339
7.8333,JELLY_A,0.5763,-0.7016,1.00,J_PULSE_CRUISE,16.44,0.0138,0.061,1.0238,2.1151,-3.4540,0.00221,0.00274,-0.00115,0.02454,0.3429
7.8333,JELLY_B,0.4243,-1.1153,1.00,J_PULSE_CRUISE,7.39,0.0081,0.083,1.4762,2.9011,-3.7728,-0.00077,0.00530,-0.00056,0.03602,0.7929
7.8333,JELLY_C,0.4783,-0.0598,0.05,J_DRIFT_IDLE,10.51,0.0116,0.000,0.5343,3.6145,-3.9028,-0.00144,0.00467,0.00415,0.02536,0.0320
7.8667,JELLY_A,0.5869,-0.6526,1.00,J_PULSE_CRUISE,16.42,0.0140,0.061,1.0239,2.1151,-3.4540,0.00226,0.00288,-0.00116,0.02478,0.3123
7.8667,JELLY_B,0.4363,-1.1260,1.00,J_PULSE_CRUISE,7.41,0.0076,0.083,1.4762,2.9013,-3.7729,-0.00076,0.00528,-0.00056,0.03514,0.7612
7.8667,JELLY_C,0.4912,-0.0587,0.05,J_DRIFT_IDLE,10.48,0.0117,0.000,0.5343,3.6147,-3.9027,-0.00144,0.00457,0.00413,0.02533,0.0300
7.9000,JELLY_A,0.5975,-0.6008,1.00,J_PULSE_CRUISE,16.40,0.0142,0.061,1.0240,2.1152,-3.4541,0.00231,0.00303,-0.00116,0.02505,0.2826
7.9000,JELLY_B,0.4483,-1.1304,1.00,J_PULSE_CRUISE,7.42,0.0071,0.083,1.4762,2.9015,-3.7729,-0.00076,0.00526,-0.00056,0.03426,0.7281
7.9000,JELLY_C,0.5041,-0.0573,0.05,J_DRIFT_IDLE,10.46,0.0118,0.000,0.5342,3.6148,-3.9025,-0.00144,0.00448,0.00411,0.02531,0.0280
7.9333,JELLY_A,0.6081,-0.5462,1.00,J_PULSE_CRUISE,16.37,0.0143,0.061,1.0240,2.1154,-3.4541,0.00236,0.00318,-0.00117,0.02534,0.2539
7.9333,JELLY_B,0.4603,-1.1283,1.00,J_PULSE_CRUISE,7.43,0.0066,0.083,1.4761,2.9016,-3.7729,-0.00076,0.00526,-0.00056,0.03342,0.6938
7.9333,JELLY_C,0.5170,-0.0554,0.05,J_DRIFT_IDLE,10.44,0.0119,0.000,0.5342,3.6150,-3.9024,-0.00144,0.00439,0.00409,0.02529,0.0261
7.9667,JELLY_A,0.6188,-0.4892,1.00,J_PULSE_CRUISE,16.35,0.0145,0.061,1.0241,2.1155,-3.4542,0.00241,0.00333,-0.00117,0.02566,0.2263
7.9667,JELLY_B,0.4723,-1.1199,1.00,J_PULSE_CRUISE,7.45,0.0061,0.083,1.4761,2.9018,-3.7729,-0.00076,0.00529,-0.00055,0.03266,0.6585
7.9667,JELLY_C,0.5299,-0.0532,0.05,J_DRIFT_IDLE,10.42,0.0119,0.000,0.5341,3.6151,-3.9023,-0.00144,0.00430,0.00408,0.02528,0.0241
8.0000,JELLY_A,0.6294,-0.4299,1.00,J_PULSE_CRUISE,16.32,0.0146,0.061,1.0242,2.1156,-3.4542,0.00246,0.00348,-0.00118,0.02599,0.1999
8.0000,JELLY_B,0.4843,-1.1050,1.00,J_PULSE_CRUISE,7.46,0.0056,0.083,1.4761,2.9020,-3.7729,-0.00075,0.00533,-0.00054,0.03198,0.6224
8.0000,JELLY_C,0.5427,-0.0507,0.05,J_DRIFT_IDLE,10.39,0.0120,0.000,0.5341,3.6152,-3.9021,-0.00144,0.00421,0.00406,0.02527,0.0221
8.0333,JELLY_A,0.6400,-0.3687,1.00,J_PULSE_CRUISE,16.30,0.0148,0.061,1.0243,2.1157,-3.4542,0.00251,0.00362,-0.00118,0.02635,0.1749
8.0333,JELLY_B,0.4963,-1.0839,1.00,J_PULSE_CRUISE,7.47,0.0052,0.083,1.4761,2.9022,-3.7730,-0.00075,0.00539,-0.00053,0.03143,0.5858
8.0333,JELLY_C,0.5556,-0.0478,0.05,J_DRIFT_IDLE,10.37,0.0121,0.000,0.5340,3.6154,-3.9020,-0.00144,0.00413,0.00404,0.02527,0.0201
8.0667,JELLY_A,0.6507,-0.3057,1.00,J_PULSE_CRUISE,16.27,0.0150,0.061,1.0244,2.1158,-3.4543,0.00255,0.00377,-0.00119,0.02673,0.1513
8.0667,JELLY_B,0.5083,-1.0566,1.00,J_PULSE_CRUISE,7.48,0.0047,0.083,1.4760,2.9023,-3.7730,-0.00074,0.00548,-0.00051,0.03102,0.5488
8.0667,JELLY_C,0.5685,-0.0446,0.05,J_DRIFT_IDLE,10.35,0.0121,0.000,0.5340,3.6155,-3.9019,-0.00144,0.00404,0.00403,0.02528,0.0182
8.1000,JELLY_A,0.6613,-0.2414,1.00,J_PULSE_CRUISE,16.25,0.0151,0.061,1.0245,2.1159,-3.4543,0.00260,0.00392,-0.00120,0.02712,0.1292
8.1000,JELLY_B,0.5203,-1.0232,1.00,J_PULSE_CRUISE,7.49,0.0043,0.083,1.4760,2.9025,-3.7730,-0.00073,0.00558,-0.00049,0.03076,0.5116
8.1000,JELLY_C,0.5814,-0.0412,0.05,J_DRIFT_IDLE,10.32,0.0122,0.000,0.5339,3.6156,-3.9017,-0.00144,0.00396,0.00401,0.02528,0.0163
8.1333,JELLY_A,0.6719,-0.1759,1.00,J_PULSE_CRUISE,16.22,0.0153,0.061,1.0245,2.1161,-3.4544,0.00265,0.00406,-0.00120,0.02752,0.1088
8.1333,JELLY_B,0.5323,-0.9841,1.00,J_PULSE_CRUISE,7.49,0.0039,0.083,1.4760,2.9027,-3.7730,-0.00073,0.00570,-0.00047,0.03063,0.4744
8.1333,JELLY_C,0.5943,-0.0374,0.05,J_DRIFT_IDLE,10.30,0.0122,0.000,0.5339,3.6158,-3.9016,-0.00144,0.00388,0.00400,0.02529,0.0145
8.1667,JELLY_A,0.6826,-0.1096,1.00,J_PULSE_CRUISE,16.19,0.0154,0.061,1.0246,2.1162,-3.4544,0.00270,0.00421,-0.00121,0.02794,0.0901
8.1667,JELLY_B,0.5443,-0.9392,1.00,J_PULSE_CRUISE,7.50,0.0035,0.083,1.4760,2.9029,-3.7730,-0.00072,0.00584,-0.00045,0.03058,0.4374
8.1667,JELLY_C,0.6072,-0.0334,0.05,J_DRIFT_IDLE,10.28,0.0123,0.000,0.5338,3.6159,-3.9015,-0.00144,0.00379,0.00398,0.02530,0.0127
8.2000,JELLY_A,0.6932,-0.0428,1.00,J_PULSE_CRUISE,16.16,0.0156,0.061,1.0247,2.1164,-3.4544,0.00274,0.00435,-0.00121,0.02837,0.0733
8.2000,JELLY_B,0.5564,-0.8890,1.00,J_PULSE_CRUISE,7.51,0.0031,0.083,1.4759,2.9031,-3.7730,-0.00071,0.00600,-0.00043,0.03059,0.4009
8.2000,JELLY_C,0.6200,-0.0292,0.05,J_DRIFT_IDLE,10.25,0.0123,0.000,0.5338,3.6160,-3.9013,-0.00144,0.00371,0.00397,0.02531,0.0111
8.2333,JELLY_A,0.7039,0.0000,1.00,J_GLIDE,16.13,0.0157,0.061,1.0248,2.1165,-3.4545,0.00279,0.00450,-0.00122,0.02880,0.0584
8.2333,JELLY_B,0.5684,-0.8338,1.00,J_PULSE_CRUISE,7.51,0.0027,0.083,1.4759,2.9033,-3.7730,-0.00070,0.00617,-0.00040,0.03064,0.3650
8.2333,JELLY_C,0.6329,-0.0248,0.05,J_DRIFT_IDLE,10.23,0.0124,0.000,0.5337,3.6162,-3.9012,-0.00144,0.00363,0.00395,0.02532,0.0095
8.2667,JELLY_A,0.7145,0.0000,1.00,J_GLIDE,16.11,0.0159,0.061,1.0249,2.1167,-3.4545,0.00283,0.00464,-0.00122,0.02925,0.0454
8.2667,JELLY_B,0.5804,-0.7737,1.00,J_PULSE_CRUISE,7.52,0.0023,0.083,1.4759,2.9035,-3.7731,-0.00069,0.00635,-0.00037,0.03072,0.3299
8.2667,JELLY_C,0.6458,-0.0203,0.05,J_DRIFT_IDLE,10.21,0.0124,0.000,0.5337,3.6163,-3.9011,-0.00144,0.00356,0.00394,0.02533,0.0080
8.3000,JELLY_A,0.7252,0.0000,1.00,J_GLIDE,16.08,0.0160,0.061,1.0250,2.1168,-3.4546,0.00287,0.00477,-0.00123,0.02970,0.0343
8.3000,JELLY_B,0.5924,-0.7091,1.00,J_PULSE_CRUISE,7.52,0.0020,0.083,1.4759,2.9037,-3.7731,-0.00069,0.00653,-0.00035,0.03084,0.2957
8.3000,JELLY_C,0.6587,-0.0156,0.05,J_DRIFT_IDLE,10.18,0.0124,0.000,0.5336,3.6164,-3.9009,-0.00144,0.00348,0.00392,0.02534,0.0067
8.3333,JELLY_A,0.7358,0.0000,1.00,J_GLIDE,16.05,0.0161,0.061,1.0251,2.1170,-3.4546,0.00292,0.00490,-0.00123,0.03015,0.0250
8.3333,JELLY_B,0.6045,-0.6405,1.00,J_PULSE_CRUISE,7.52,0.0017,0.083,1.4758,2.9040,-3.7731,-0.00068,0.00671,-0.00032,0.03098,0.2628
8.3333,JELLY_C,0.6716,-0.0108,0.05,J_DRIFT_IDLE,10.16,0.0125,0.000,0.5336,3.6165,-3.9008,-0.00144,0.00340,0.00391,0.02535,0.0054
8.3667,JELLY_A,0.7465,0.0000,1.00,J_GLIDE,16.02,0.0163,0.061,1.0252,2.1171,-3.4546,0.00295,0.00503,-0.00124,0.03061,0.0174
8.3667,JELLY_B,0.6165,-0.5681,1.00,J_PULSE_CRUISE,7.52,0.0014,0.083,1.4758,2.9042,-3.7731,-0.00067,0.00689,-0.00029,0.03115,0.2312
8.3667,JELLY_C,0.6844,-0.0059,0.05,J_DRIFT_IDLE,10.14,0.0125,0.000,0.5335,3.6166,-3.9007,-0.00144,0.00332,0.00390,0.02537,0.0043
8.4000,JELLY_A,0.7571,0.0000,1.00,J_GLIDE,15.99,0.0164,0.061,1.0253,2.1173,-3.4547,0.00299,0.00515,-0.00124,0.03106,0.0113
8.4000,JELLY_B,0.6285,-0.4925,1.00,J_PULSE_CRUISE,7.53,0.0011,0.083,1.4758,2.9044,-3.7731,-0.00066,0.00707,-0.00026,0.03135,0.2012
8.4000,JELLY_C,0.6973,-0.0010,0.05,J_DRIFT_IDLE,10.11,0.0125,0.000,0.5335,3.6167,-3.9005,-0.00144,0.00324,0.00388,0.02538,0.0033
8.4333,JELLY_A,0.7678,0.0000,1.00,J_GLIDE,15.96,0.0165,0.061,1.0254,2.1175,-3.4547,0.00303,0.00526,-0.00125,0.03151,0.0064
8.4333,JELLY_B,0.6406,-0.4140,1.00,J_PULSE_CRUISE,7.53,0.0009,0.083,1.4758,2.9047,-3.7731,-0.00065,0.00725,-0.00023,0.03156,0.1729
8.4333,JELLY_C,0.7102,0.0000,0.05,J_DRIFT_IDLE,10.09,0.0126,0.000,0.5334,3.6168,-3.9004,-0.00143,0.00317,0.00387,0.02540,0.0025
8.4667,JELLY_A,0.7784,0.0000,1.00,J_GLIDE,15.93,0.0167,0.061,1.0255,2.1177,-3.4548,0.00306,0.00537,-0.00125,0.03195,0.0028
8.4667,JELLY_B,0.6526,-0.3330,1.00,J_PULSE_CRUISE,7.53,0.0008,0.083,1.4758,2.9049,-3.7731,-0.00064,0.00743,-0.00021,0.03181,0.1464
8.4667,JELLY_C,0.7231,0.0000,0.05,J_DRIFT_IDLE,10.06,0.0126,0.000,0.5334,3.6169,-3.9003,-0.00143,0.00309,0.00386,0.02541,0.0018
8.5000,JELLY_A,0.7891,0.0000,1.00,J_GLIDE,15.90,0.0168,0.061,1.0256,2.1178,-3.4548,0.00310,0.00548,-0.00126,0.03239,0.0000
8.5000,JELLY_B,0.6646,-0.2501,1.00,J_PULSE_CRUISE,7.53,0.0008,0.083,1.4757,2.9052,-3.7731,-0.00063,0.00761,-0.00018,0.03207,0.1220
8.5000,JELLY_C,0.7360,0.0000,0.05,J_DRIFT_IDLE,10.04,0.0126,0.000,0.5333,3.6170,-3.9002,-0.00143,0.00302,0.00385,0.02543,0.0012
8.5333,JELLY_A,0.7998,0.0000,1.00,J_GLIDE,15.86,0.0169,0.061,1.0257,2.1180,-3.4548,0.00313,0.00558,-0.00126,0.03282,-0.0019
8.5333,JELLY_B,0.6767,-0.1657,1.00,J_PULSE_CRUISE,7.53,0.0009,0.083,1.4757,2.9054,-3.7731,-0.00062,0.00778,-0.00015,0.03235,0.0997
8.5333,JELLY_C,0.7488,0.0000,0.05,J_DRIFT_IDLE,10.02,0.0127,0.000,0.5333,3.6171,-3.9000,-0.00143,0.00294,0.00383,0.02545,0.0008
8.5667,JELLY_A,0.8104,0.0000,1.00,J_GLIDE,15.83,0.0170,0.061,1.0258,2.1182,-3.4549,0.00316,0.00568,-0.00127,0.03324,-0.0032
8.5667,JELLY_B,0.6887,-0.0803,1.00,J_PULSE_CRUISE,7.53,0.0011,0.083,1.4757,2.9057,-3.7731,-0.00061,0.00795,-0.00013,0.03265,0.0797
8.5667,JELLY_C,0.7617,0.0000,0.05,J_DRIFT_IDLE,9.99,0.0127,0.000,0.5332,3.6172,-3.8999,-0.00143,0.00286,0.00382,0.02546,0.0004
8.6000,JELLY_A,0.8211,0.0000,1.00,J_GLIDE,15.80,0.0171,0.061,1.0259,2.1184,-3.4549,0.00319,0.00577,-0.00127,0.03365,-0.0040
8.6000,JELLY_B,0.7008,0.0000,1.00,J_GLIDE,7.53,0.0013,0.083,1.4757,2.9059,-3.7731,-0.00060,0.00812,-0.00010,0.03296,0.0622
8.6000,JELLY_C,0.7746,0.0000,0.05,J_DRIFT_IDLE,9.97,0.0127,0.000,0.5332,3.6173,-3.8998,-0.00143,0.00279,0.00381,0.02548,0.0002
8.6333,JELLY_A,0.8318,0.0000,1.00,J_GLIDE,15.77,0.0172,0.061,1.0260,2.1186,-3.4550,0.00322,0.00586,-0.00128,0.03404,-0.0044
8.6333,JELLY_B,0.7128,0.0000,1.00,J_GLIDE,7.52,0.0015,0.083,1.4756,2.9062,-3.7731,-0.00059,0.00828,-0.00007,0.03329,0.0471
8.6333,JELLY_C,0.7875,0.0000,0.05,J_DRIFT_IDLE,9.94,0.0127,0.000,0.5332,3.6174,-3.8996,-0.00143,0.00271,0.00380,0.02550,0.0000
8.6667,JELLY_A,0.8425,0.0000,1.00,J_GLIDE,15.74,0.0173,0.061,1.0261,2.1188,-3.4550,0.00324,0.00595,-0.00128,0.03442,-0.0046
8.6667,JELLY_B,0.7249,0.0000,1.00,J_GLIDE,7.52,0.0017,0.083,1.4756,2.9065,-3.7731,-0.00058,0.00844,-0.00005,0.03363,0.0344
8.6667,JELLY_C,0.8003,0.0000,0.05,J_DRIFT_IDLE,9.92,0.0128,0.000,0.5331,3.6175,-3.8995,-0.00143,0.00264,0.00379,0.02552,-0.0001
8.7000,JELLY_A,0.8532,0.0000,1.00,J_GLIDE,15.70,0.0174,0.061,1.0262,2.1190,-3.4551,0.00327,0.00603,-0.00129,0.03478,-0.0044
8.7000,JELLY_B,0.7370,0.0000,1.00,J_GLIDE,7.52,0.0020,0.083,1.4756,2.9068,-3.7731,-0.00057,0.00858,-0.00003,0.03398,0.0240
8.7000,JELLY_C,0.8132,0.0000,0.05,J_DRIFT_IDLE,9.89,0.0128,0.000,0.5331,3.6176,-3.8994,-0.00143,0.00256,0.00377,0.02553,-0.0002
8.7333,JELLY_A,0.8638,0.0000,1.00,J_GLIDE,15.67,0.0175,0.061,1.0263,2.1192,-3.4551,0.00330,0.00611,-0.00129,0.03513,-0.0042
8.7333,JELLY_B,0.7490,0.0000,1.00,J_GLIDE,7.51,0.0022,0.083,1.4756,2.9071,-3.7731,-0.00056,0.00872,-0.00000,0.03434,0.0158
8.7333,JELLY_C,0.8261,0.0000,0.05,J_DRIFT_IDLE,9.87,0.0128,0.000,0.5330,3.6177,-3.8993,-0.00142,0.00249,0.00376,0.02555,-0.0002
8.7667,JELLY_A,0.8745,0.0000,1.00,J_GLIDE,15.64,0.0176,0.061,1.0265,2.1194,-3.4551,0.00332,0.00619,-0.00130,0.03545,-0.0038
8.7667,JELLY_B,0.7611,0.0000,1.00,J_GLIDE,7.51,0.0024,0.083,1.4756,2.9074,-3.7731,-0.00055,0.00885,0.00002,0.03471,0.0094
8.7667,JELLY_C,0.8389,0.0000,0.05,J_DRIFT_IDLE,9.85,0.0128,0.000,0.5330,3.6178,-3.8991,-0.00142,0.00241,0.00375,0.02557,-0.0002
8.8000,JELLY_A,0.8852,0.0000,1.00,J_GLIDE,15.61,0.0177,0.061,1.0266,2.1196,-3.4552,0.00334,0.00626,-0.00130,0.03575,-0.0034
8.8000,JELLY_B,0.7732,0.0000,1.00,J_GLIDE,7.50,0.0026,0.083,1.4756,2.9077,-3.7731,-0.00054,0.00898,0.00004,0.03508,0.0045
8.8000,JELLY_C,0.8518,0.0000,0.05,J_DRIFT_IDLE,9.82,0.0128,0.000,0.5329,3.6178,-3.8990,-0.00142,0.00234,0.00374,0.02558,-0.0002
8.8333,JELLY_A,0.8959,0.0000,1.00,J_GLIDE,15.57,0.0178,0.061,1.0267,2.1198,-3.4552,0.00336,0.00633,-0.00130,0.03603,-0.0030
8.8333,JELLY_B,0.7852,0.0000,1.00,J_GLIDE,7.50,0.0029,0.083,1.4755,2.9080,-3.7731,-0.00053,0.00909,0.00006,0.03545,0.0010
8.8333,JELLY_C,0.8647,0.0000,0.05,J_DRIFT_IDLE,9.80,0.0128,0.000,0.5329,3.6179,-3.8989,-0.00142,0.00226,0.00373,0.02560,-0.0002
8.8667,JELLY_A,0.9066,0.0000,1.00,J_GLIDE,15.54,0.0179,0.061,1.0268,2.1200,-3.4553,0.00338,0.00639,-0.00131,0.03628,-0.0026
8.8667,JELLY_B,0.7973,0.0000,1.00,J_GLIDE,7.49,0.0031,0.083,1.4755,2.9083,-3.7731,-0.00052,0.00920,0.00008,0.03582,-0.0014
8.8667,JELLY_C,0.8776,0.0000,0.05,J_DRIFT_IDLE,9.77,0.0128,0.000,0.5328,3.6180,-3.8988,-0.00142,0.00219,0.00372,0.02562,-0.0002
8.9000,JELLY_A,0.9173,0.0000,1.00,J_GLIDE,15.51,0.0179,0.061,1.0269,2.1203,-3.4553,0.00340,0.00645,-0.00131,0.03651,-0.0022
8.9000,JELLY_B,0.8094,0.0000,1.00,J_GLIDE,7.49,0.0033,0.083,1.4755,2.9086,-3.7731,-0.00051,0.00931,0.00010,0.03619,-0.0030
8.9000,JELLY_C,0.8904,0.0000,0.05,J_DRIFT_IDLE,9.75,0.0129,0.000,0.5328,3.6181,-3.8986,-0.00142,0.00211,0.00371,0.02563,-0.0002
8.9333,JELLY_A,0.9280,0.0000,1.00,J_GLIDE,15.47,0.0180,0.061,1.0270,2.1205,-3.4554,0.00342,0.00651,-0.00132,0.03671,-0.0018
8.9333,JELLY_B,0.8215,0.0000,1.00,J_GLIDE,7.48,0.0035,0.083,1.4755,2.9089,-3.7731,-0.00050,0.00940,0.00011,0.03655,-0.0039
8.9333,JELLY_C,0.9033,0.0000,0.05,J_DRIFT_IDLE,9.72,0.0129,0.000,0.5327,3.6181,-3.8985,-0.00142,0.00204,0.00370,0.02565,-0.0001
8.9667,JELLY_A,0.9387,0.0000,1.00,J_GLIDE,15.44,0.0181,0.061,1.0271,2.1207,-3.4554,0.00344,0.00657,-0.00132,0.03688,-0.0014
8.9667,JELLY_B,0.8336,0.0000,1.00,J_GLIDE,7.47,0.0037,0.083,1.4755,2.9092,-3.7731,-0.00049,0.00949,0.00013,0.03690,-0.0043
8.9667,JELLY_C,0.9162,0.0000,0.05,J_DRIFT_IDLE,9.70,0.0129,0.000,0.5327,3.6182,-3.8984,-0.00141,0.00197,0.00369,0.02566,-0.0001
9.0000,JELLY_A,0.9494,0.0000,1.00,J_GLIDE,15.40,0.0182,0.061,1.0272,2.1209,-3.4554,0.00345,0.00662,-0.00133,0.03703,-0.0011
9.0000,JELLY_B,0.8456,0.0000,1.00,J_GLIDE,7.47,0.0038,0.083,1.4755,2.9095,-3.7731,-0.00048,0.00958,0.00015,0.03725,-0.0044
9.0000,JELLY_C,0.9291,0.0000,0.05,J_DRIFT_IDLE,9.67,0.0129,0.000,0.5326,3.6183,-3.8983,-0.00141,0.00189,0.00368,0.02567,-0.0001
9.0333,JELLY_A,0.9601,0.0000,1.00,J_GLIDE,15.37,0.0182,0.061,1.0274,2.1211,-3.4555,0.00347,0.00667,-0.00133,0.03714,-0.0009
9.0333,JELLY_B,0.8577,0.0000,1.00,J_GLIDE,7.46,0.0040,0.083,1.4754,2.9098,-3.7731,-0.00047,0.00965,0.00016,0.03759,-0.0042
9.0333,JELLY_C,0.9419,0.0000,0.05,J_DRIFT_IDLE,9.65,0.0129,0.000,0.5326,3.6183,-3.8981,-0.00141,0.00182,0.00367,0.02569,-0.0001
9.0667,JELLY_A,0.9708,0.0000,1.00,J_GLIDE,15.33,0.0183,0.061,1.0275,2.1214,-3.4555,0.00348,0.00672,-0.00133,0.03723,-0.0007
9.0667,JELLY_B,0.8698,0.0000,1.00,J_GLIDE,7.45,0.0042,0.083,1.4754,2.9102,-3.7731,-0.00046,0.00973,0.00018,0.03792,-0.0039
9.0667,JELLY_C,0.9548,0.0000,0.05,J_DRIFT_IDLE,9.62,0.0129,0.000,0.5325,3.6184,-3.8980,-0.00141,0.00175,0.00366,0.02570,-0.0000
9.1000,JELLY_A,0.9816,0.0000,1.00,J_GLIDE,15.30,0.0184,0.061,1.0276,2.1216,-3.4556,0.00350,0.00676,-0.00134,0.03729,-0.0005
9.1000,JELLY_B,0.8819,0.0000,1.00,J_GLIDE,7.44,0.0044,0.083,1.4754,2.9105,-3.7731,-0.00045,0.00979,0.00019,0.03823,-0.0035
9.1000,JELLY_C,0.9677,0.0000,0.05,J_DRIFT_IDLE,9.60,0.0129,0.000,0.5325,3.6184,-3.8979,-0.00141,0.00167,0.00365,0.02571,-0.0000
9.1333,JELLY_A,0.9923,0.0000,1.00,J_GLIDE,15.26,0.0184,0.061,1.0277,2.1218,-3.4556,0.00351,0.00680,-0.00134,0.03732,-0.0003
9.1333,JELLY_B,0.8940,0.0000,1.00,J_GLIDE,7.44,0.0046,0.083,1.4754,2.9108,-3.7731,-0.00045,0.00985,0.00020,0.03852,-0.0030
9.1333,JELLY_C,0.9806,0.0000,0.05,J_DRIFT_IDLE,9.57,0.0129,0.000,0.5324,3.6185,-3.8978,-0.00140,0.00160,0.00364,0.02572,-0.0000
9.1667,JELLY_A,0.0030,0.1186,1.00,J_PULSE_CRUISE,15.23,0.0184,0.096,1.0278,2.1220,-3.4557,0.00351,0.00679,-0.00134,0.03733,-0.0002
9.1667,JELLY_B,0.9061,0.0000,1.00,J_GLIDE,7.43,0.0047,0.083,1.4754,2.9112,-3.7731,-0.00044,0.00991,0.00021,0.03880,-0.0025
9.1667,JELLY_C,0.9934,0.0000,0.05,J_DRIFT_IDLE,9.55,0.0129,0.000,0.5324,3.6185,-3.8977,-0.00140,0.00153,0.00363,0.02572,-0.0000
9.2000,JELLY_A,0.0137,0.5400,1.00,J_PULSE_CRUISE,15.19,0.0180,0.096,1.0279,2.1223,-3.4557,0.00350,0.00673,-0.00135,0.03734,0.0001
9.2000,JELLY_B,0.9182,0.0000,1.00,J_GLIDE,7.42,0.0049,0.083,1.4754,2.9115,-3.7731,-0.00043,0.00996,0.00023,0.03905,-0.0021
9.2000,JELLY_C,0.0063,0.2999,1.00,J_DESCEND,9.53,0.0128,0.089,0.5323,3.6186,-3.8975,-0.00140,0.00140,0.00362,0.02574,0.0000
9.2333,JELLY_A,0.0244,0.9463,1.00,J_PULSE_CRUISE,15.16,0.0171,0.096,1.0281,2.1225,-3.4558,0.00349,0.00669,-0.00135,0.03734,0.0011
9.2333,JELLY_B,0.9304,0.0000,1.00,J_GLIDE,7.41,0.0050,0.083,1.4753,2.9118,-3.7731,-0.00042,0.01000,0.00024,0.03929,-0.0017
9.2333,JELLY_C,0.0192,0.9001,1.00,J_DESCEND,9.50,0.0119,0.089,0.5323,3.6186,-3.8974,-0.00140,0.00125,0.00361,0.02576,0.0005
9.2667,JELLY_A,0.0352,1.3262,1.00,J_PULSE_CRUISE,15.13,0.0159,0.096,1.0282,2.1227,-3.4558,0.00349,0.00668,-0.00135,0.03735,0.0037
9.2667,JELLY_B,0.9425,0.0000,1.00,J_GLIDE,7.40,0.0052,0.083,1.4753,2.9122,-3.7731,-0.00041,0.01004,0.00025,0.03951,-0.0013
9.2667,JELLY_C,0.0321,1.4637,1.00,J_DESCEND,9.48,0.0104,0.089,0.5323,3.6187,-3.8973,-0.00139,0.00113,0.00361,0.02578,0.0028
9.3000,JELLY_A,0.0459,1.6687,1.00,J_PULSE_CRUISE,15.10,0.0144,0.096,1.0283,2.1229,-3.4559,0.00349,0.00670,-0.00136,0.03735,0.0091
9.3000,JELLY_B,0.9546,0.0000,1.00,J_GLIDE,7.39,0.0053,0.083,1.4753,2.9125,-3.7731,-0.00040,0.01008,0.00026,0.03970,-0.0010
9.3000,JELLY_C,0.0449,1.9677,1.00,J_DESCEND,9.46,0.0083,0.089,0.5322,3.6187,-3.8972,-0.00139,0.00107,0.00362,0.02577,0.0087
9.3333,JELLY_A,0.0566,1.9642,1.00,J_PULSE_CRUISE,15.08,0.0130,0.096,1.0284,2.1232,-3.4559,0.00351,0.00676,-0.00136,0.03735,0.0184
9.3333,JELLY_B,0.9667,0.0000,1.00,J_GLIDE,7.38,0.0054,0.083,1.4753,2.9128,-3.7730,-0.00039,0.01011,0.00027,0.03986,-0.0007
9.3333,JELLY_C,0.0578,2.3915,1.00,J_DESCEND,9.45,0.0059,0.089,0.5322,3.6187,-3.8971,-0.00139,0.00107,0.00363,0.02575,0.0202
9.3667,JELLY_A,0.0674,2.2042,1.00,J_PULSE_CRUISE,15.06,0.0120,0.096,1.0285,2.1234,-3.4559,0.00354,0.00685,-0.00136,0.03734,0.0326
9.3667,JELLY_B,0.9788,0.0000,1.00,J_GLIDE,7.37,0.0056,0.083,1.4753,2.9132,-3.7730,-0.00038,0.01014,0.00028,0.04000,-0.0005
9.3667,JELLY_C,0.0707,2.7178,1.00,J_DESCEND,9.44,0.0035,0.089,0.5321,3.6188,-3.8969,-0.00138,0.00113,0.00366,0.02571,0.0391
9.4000,JELLY_A,0.0781,2.3817,1.00,J_PULSE_CRUISE,15.05,0.0117,0.096,1.0286,2.1236,-3.4560,0.00357,0.00697,-0.00137,0.03734,0.0528
9.4000,JELLY_B,0.9910,0.0000,1.00,J_GLIDE,7.36,0.0057,0.083,1.4753,2.9135,-3.7730,-0.00037,0.01016,0.00029,0.04012,-0.0003
9.4000,JELLY_C,0.0836,2.9334,1.00,J_DESCEND,9.44,0.0029,0.089,0.5321,3.6188,-3.8968,-0.00137,0.00124,0.00370,0.02568,0.0669
9.4333,JELLY_A,0.0888,2.4918,1.00,J_PULSE_CRUISE,15.04,0.0125,0.096,1.0288,2.1238,-3.4560,0.00361,0.00712,-0.00137,0.03734,0.0794
9.4333,JELLY_B,0.0031,0.1394,1.00,J_PULSE_CRUISE,7.35,0.0058,0.073,1.4753,2.9138,-3.7730,-0.00037,0.01012,0.00029,0.04021,-0.0002
9.4333,JELLY_C,0.0964,3.0294,1.00,J_DESCEND,9.44,0.0052,0.089,0.5320,3.6189,-3.8967,-0.00137,0.00138,0.00374,0.02564,0.1045
9.4667,JELLY_A,0.0996,2.5312,1.00,J_PULSE_CRUISE,15.03,0.0140,0.096,1.0289,2.1241,-3.4561,0.00365,0.00727,-0.00138,0.03734,0.1130
9.4667,JELLY_B,0.0152,0.6781,1.00,J_PULSE_CRUISE,7.34,0.0054,0.073,1.4753,2.9142,-3.7730,-0.00036,0.01002,0.00028,0.04027,0.0002
9.4667,JELLY_C,0.1093,3.0019,1.00,J_DESCEND,9.45,0.0082,0.089,0.5320,3.6189,-3.8966,-0.00136,0.00153,0.00378,0.02561,0.1521
9.5000,JELLY_A,0.1103,2.4986,1.00,J_PULSE_CRUISE,15.04,0.0161,0.096,1.0290,2.1243,-3.4561,0.00369,0.00742,-0.00138,0.03734,0.1536
9.5000,JELLY_B,0.0274,1.1927,1.00,J_PULSE_CRUISE,7.33,0.0045,0.073,1.4752,2.9145,-3.7730,-0.00035,0.00994,0.00027,0.04030,0.0016
9.5000,JELLY_C,0.1222,2.8520,1.00,J_DESCEND,9.46,0.0111,0.089,0.5319,3.6190,-3.8964,-0.00135,0.00165,0.00382,0.02559,0.2093
9.5333,JELLY_A,0.1211,2.3950,1.00,J_PULSE_CRUISE,15.04,0.0184,0.096,1.0291,2.1246,-3.4562,0.00373,0.00755,-0.00138,0.03734,0.2009
9.5333,JELLY_B,0.0395,1.6645,1.00,J_PULSE_CRUISE,7.32,0.0030,0.073,1.4752,2.9148,-3.7730,-0.00035,0.00991,0.00028,0.04033,0.0056
9.5333,JELLY_C,0.1351,2.5857,1.00,J_DESCEND,9.49,0.0138,0.089,0.5319,3.6190,-3.8963,-0.00135,0.00172,0.00385,0.02557,0.2751
9.5667,JELLY_A,0.1318,2.2232,1.00,J_PULSE_CRUISE,15.06,0.0206,0.096,1.0293,2.1248,-3.4562,0.00376,0.00766,-0.00139,0.03734,0.2543
9.5667,JELLY_B,0.0517,2.0763,1.00,J_PULSE_CRUISE,7.31,0.0012,0.073,1.4752,2.9152,-3.7730,-0.00034,0.00994,0.00029,0.04034,0.0137
9.5667,JELLY_C,0.1479,2.2139,1.00,J_DESCEND,9.51,0.0159,0.089,0.5318,3.6191,-3.8962,-0.00134,0.00174,0.00386,0.02556,0.3479
9.6000,JELLY_A,0.1426,1.9880,1.00,J_PULSE_CRUISE,15.07,0.0226,0.096,1.0294,2.1251,-3.4563,0.00379,0.00774,-0.00139,0.03734,0.3130
9.6000,JELLY_B,0.0638,2.4130,1.00,J_PULSE_CRUISE,7.31,0.0013,0.073,1.4752,2.9155,-3.7730,-0.00033,0.01001,0.00030,0.04036,0.0276
9.6000,JELLY_C,0.1608,1.7517,1.00,J_DESCEND,9.54,0.0175,0.089,0.5318,3.6191,-3.8961,-0.00133,0.00170,0.00387,0.02554,0.4254
9.6333,JELLY_A,0.1533,1.6961,1.00,J_PULSE_CRUISE,15.10,0.0241,0.096,1.0295,2.1254,-3.4563,0.00380,0.00779,-0.00139,0.03734,0.3757
9.6333,JELLY_B,0.0760,2.6623,1.00,J_PULSE_CRUISE,7.32,0.0037,0.073,1.4752,2.9158,-3.7730,-0.00032,0.01013,0.00032,0.04037,0.0488
9.6333,JELLY_C,0.1737,1.2180,1.00,J_DESCEND,9.57,0.0184,0.089,0.5318,3.6192,-3.8959,-0.00133,0.00159,0.00387,0.02553,0.5052
9.6667,JELLY_A,0.1641,1.3556,1.00,J_PULSE_CRUISE,15.12,0.0252,0.096,1.0296,2.1256,-3.4564,0.00380,0.00779,-0.00140,0.03734,0.4412
9.6667,JELLY_B,0.0881,2.8151,1.00,J_PULSE_CRUISE,7.33,0.0063,0.073,1.4752,2.9162,-3.7730,-0.00030,0.01029,0.00035,0.04038,0.0783
9.6667,JELLY_C,0.1866,0.6345,1.00,J_DESCEND,9.61,0.0185,0.089,0.5317,3.6192,-3.8958,-0.00133,0.00144,0.00386,0.02551,0.5844
9.7000,JELLY_A,0.1748,0.9763,1.00,J_PULSE_CRUISE,15.14,0.0258,0.096,1.0298,2.1259,-3.4564,0.00380,0.00776,-0.00140,0.03734,0.5079
9.7000,JELLY_B,0.1003,2.8655,1.00,J_PULSE_CRUISE,7.34,0.0089,0.073,1.4752,2.9165,-3.7729,-0.00029,0.01046,0.00038,0.04038,0.1167
9.7000,JELLY_C,0.1995,0.0251,1.00,J_DESCEND,9.64,0.0179,0.089,0.5317,3.6193,-3.8957,-0.00132,0.00127,0.00385,0.02549,0.6602
9.7333,JELLY_A,0.1856,0.5689,1.00,J_PULSE_CRUISE,15.17,0.0258,0.096,1.0299,2.1261,-3.4564,0.00378,0.00771,-0.00140,0.03734,0.5742
9.7333,JELLY_B,0.1125,2.8117,1.00,J_PULSE_CRUISE,7.36,0.0114,0.073,1.4752,2.9169,-3.7729,-0.00028,0.01062,0.00040,0.04039,0.1640
9.7333,JELLY_C,0.2124,-0.0942,1.00,J_DESCEND,9.67,0.0170,0.089,0.5316,3.6193,-3.8955,-0.00132,0.00110,0.00384,0.02548,0.7297
9.7667,JELLY_A,0.1964,0.1450,1.00,J_PULSE_CRUISE,15.20,0.0251,0.096,1.0300,2.1264,-3.4565,0.00377,0.00765,-0.00140,0.03734,0.6383
9.7667,JELLY_B,0.1246,2.6555,1.00,J_PULSE_CRUISE,7.38,0.0137,0.073,1.4752,2.9172,-3.7729,-0.00026,0.01076,0.00043,0.04039,0.2198
9.7667,JELLY_C,0.2252,-0.1918,1.00,J_DESCEND,9.70,0.0161,0.089,0.5316,3.6194,-3.8954,-0.00132,0.00092,0.00382,0.02546,0.7910
9.8000,JELLY_A,0.2071,-0.0454,1.00,J_PULSE_CRUISE,15.22,0.0241,0.096,1.0301,2.1266,-3.4565,0.00375,0.00758,-0.00140,0.03734,0.6987
9.8000,JELLY_B,0.1368,2.4023,1.00,J_PULSE_CRUISE,7.41,0.0158,0.073,1.4752,2.9176,-3.7729,-0.00025,0.01086,0.00044,0.04040,0.2830
9.8000,JELLY_C,0.2381,-0.2881,1.00,J_DESCEND,9.73,0.0153,0.089,0.5315,3.6194,-3.8953,-0.00132,0.00075,0.00381,0.02545,0.8430
9.8333,JELLY_A,0.2179,-0.1139,1.00,J_PULSE_CRUISE,15.24,0.0231,0.096,1.0303,2.1269,-3.4566,0.00373,0.00751,-0.00141,0.03734,0.7538
9.8333,JELLY_B,0.1490,2.0614,1.00,J_PULSE_CRUISE,7.44,0.0174,0.073,1.4751,2.9180,-3.7729,-0.00024,0.01090,0.00046,0.04040,0.3523
9.8333,JELLY_C,0.2510,-0.3826,1.00,J_DESCEND,9.76,0.0145,0.089,0.5315,3.6194,-3.8952,-0.00131,0.00058,0.00380,0.02544,0.8854
9.8667,JELLY_A,0.2287,-0.1819,1.00,J_PULSE_CRUISE,15.26,0.0221,0.096,1.0304,2.1271,-3.4566,0.00372,0.00744,-0.00141,0.03734,0.8029
9.8667,JELLY_B,0.1611,1.6449,1.00,J_PULSE_CRUISE,7.48,0.0185,0.073,1.4751,2.9183,-3.7729,-0.00023,0.01090,0.00046,0.04041,0.4257
9.8667,JELLY_C,0.2639,-0.4746,1.00,J_DESCEND,9.78,0.0137,0.089,0.5314,3.6194,-3.8950,-0.00131,0.00041,0.00379,0.02543,0.9183
9.9000,JELLY_A,0.2394,-0.2491,1.00,J_PULSE_CRUISE,15.28,0.0211,0.096,1.0305,2.1274,-3.4567,0.00370,0.00737,-0.00141,0.03734,0.8455
9.9000,JELLY_B,0.1733,1.1680,1.00,J_PULSE_CRUISE,7.51,0.0191,0.073,1.4751,2.9187,-3.7729,-0.00022,0.01084,0.00046,0.04041,0.5012
9.9000,JELLY_C,0.2768,-0.5636,1.00,J_DESCEND,9.80,0.0129,0.089,0.5314,3.6194,-3.8949,-0.00131,0.00024,0.00378,0.02542,0.9421
9.9333,JELLY_A,0.2502,-0.3152,1.00,J_PULSE_CRUISE,15.30,0.0202,0.096,1.0306,2.1276,-3.4567,0.00368,0.00731,-0.00141,0.03734,0.8813
9.9333,JELLY_B,0.1855,0.6481,1.00,J_PULSE_CRUISE,7.55,0.0192,0.073,1.4751,2.9190,-3.7728,-0.00021,0.01074,0.00046,0.04042,0.5763
9.9333,JELLY_C,0.2897,-0.6488,1.00,J_DESCEND,9.83,0.0122,0.089,0.5314,3.6194,-3.8948,-0.00130,0.00007,0.00376,0.02541,0.9576
9.9667,JELLY_A,0.2610,-0.3798,1.00,J_PULSE_CRUISE,15.32,0.0194,0.096,1.0308,2.1279,-3.4568,0.00367,0.00724,-0.00141,0.03734,0.9104
9.9667,JELLY_B,0.1977,0.1040,1.00,J_PULSE_CRUISE,7.58,0.0186,0.073,1.4751,2.9194,-3.7728,-0.00021,0.01062,0.00045,0.04042,0.6486
9.9667,JELLY_C,0.3026,-0.7298,1.00,J_DESCEND,9.85,0.0115,0.089,0.5313,3.6194,-3.8947,-0.00130,-0.00010,0.00375,0.02541,0.9654
10.0000,JELLY_A,0.2718,-0.4428,1.00,J_PULSE_CRUISE,15.33,0.0186,0.096,1.0309,2.1281,-3.4568,0.00365,0.00718,-0.00141,0.03734,0.9331
10.0000,JELLY_B,0.2099,-0.0713,1.00,J_PULSE_CRUISE,7.62,0.0178,0.073,1.4751,2.9197,-3.7728,-0.00020,0.01050,0.00044,0.04043,0.7157
10.0000,JELLY_C,0.3155,-0.8061,1.00,J_DESCEND,9.87,0.0108,0.089,0.5313,3.6194,-3.8945,-0.00130,-0.00027,0.00374,0.02540,0.9664
10.0333,JELLY_A,0.2826,-0.5038,1.00,J_PULSE_CRUISE,15.34,0.0178,0.096,1.0310,2.1284,-3.4569,0.00364,0.00711,-0.00142,0.03734,0.9497
10.0333,JELLY_B,0.2221,-0.1590,1.00,J_PULSE_CRUISE,7.65,0.0170,0.073,1.4751,2.9201,-3.7728,-0.00020,0.01038,0.00043,0.04043,0.7757
10.0333,JELLY_C,0.3283,-0.8771,1.00,J_DESCEND,9.89,0.0101,0.089,0.5312,3.6194,-3.8944,-0.00129,-0.00044,0.00373,0.02539,0.9612
10.0667,JELLY_A,0.2933,-0.5626,1.00,J_PULSE_CRUISE,15.36,0.0171,0.096,1.0311,2.1286,-3.4569,0.00362,0.00705,-0.00142,0.03732,0.9606
10.0667,JELLY_B,0.2343,-0.2458,1.00,J_PULSE_CRUISE,7.68,0.0161,0.073,1.4751,2.9204,-3.7728,-0.00019,0.01027,0.00042,0.04043,0.8276
10.0667,JELLY_C,0.3412,-0.9423,1.00,J_DESCEND,9.90,0.0094,0.089,0.5312,3.6194,-3.8943,-0.00129,-0.00060,0.00372,0.02537,0.9507
10.1000,JELLY_A,0.3041,-0.6187,1.00,J_PULSE_CRUISE,15.37,0.0164,0.096,1.0312,2.1288,-3.4570,0.00361,0.00698,-0.00142,0.03721,0.9663
10.1000,JELLY_B,0.2465,-0.3312,1.00,J_PULSE_CRUISE,7.71,0.0154,0.073,1.4751,2.9208,-3.7728,-0.00018,0.01015,0.00042,0.04043,0.8710
10.1000,JELLY_C,0.3541,-1.0014,1.00,J_DESCEND,9.92,0.0088,0.089,0.5311,3.6194,-3.8942,-0.00129,-0.00077,0.00371,0.02533,0.9354
10.1333,JELLY_A,0.3149,-0.6721,1.00,J_PULSE_CRUISE,15.37,0.0157,0.096,1.0314,2.1291,-3.4570,0.00359,0.00692,-0.00142,0.03695,0.9672
10.1333,JELLY_B,0.2587,-0.4147,1.00,J_PULSE_CRUISE,7.74,0.0146,0.073,1.4751,2.9211,-3.7728,-0.00018,0.01004,0.00041,0.04044,0.9057
10.1333,JELLY_C,0.3670,-1.0539,1.00,J_DESCEND,9.93,0.0082,0.089,0.5311,3.6193,-3.8940,-0.00129,-0.00094,0.00370,0.02522,0.9160
10.1667,JELLY_A,0.3257,-0.7224,1.00,J_PULSE_CRUISE,15.38,0.0151,0.096,1.0315,2.1293,-3.4571,0.00358,0.00686,-0.00142,0.03653,0.9637
10.1667,JELLY_B,0.2709,-0.4959,1.00,J_PULSE_CRUISE,7.77,0.0139,0.073,1.4751,2.9214,-3.7727,-0.00017,0.00993,0.00040,0.04043,0.9321
10.1667,JELLY_C,0.3799,-1.0996,1.00,J_DESCEND,9.95,0.0076,0.089,0.5311,3.6193,-3.8939,-0.00128,-0.00110,0.00368,0.02500,0.8930
10.2000,JELLY_A,0.3365,-0.7695,1.00,J_PULSE_CRUISE,15.39,0.0145,0.096,1.0316,2.1295,-3.4571,0.00357,0.00679,-0.00142,0.03596,0.9563
10.2000,JELLY_B,0.2831,-0.5742,1.00,J_PULSE_CRUISE,7.80,0.0131,0.073,1.4751,2.9218,-3.7727,-0.00016,0.00982,0.00039,0.04043,0.9506
10.2000,JELLY_C,0.3928,-1.1380,1.00,J_DESCEND,9.96,0.0070,0.089,0.5310,3.6193,-3.8938,-0.00128,-0.00126,0.00367,0.02466,0.8668
10.2333,JELLY_A,0.3473,-0.8130,1.00,J_PULSE_CRUISE,15.39,0.0140,0.096,1.0317,2.1297,-3.4572,0.00355,0.00673,-0.00142,0.03523,0.9454
10.2333,JELLY_B,0.2953,-0.6493,1.00,J_PULSE_CRUISE,7.82,0.0124,0.073,1.4751,2.9221,-3.7727,-0.00016,0.00971,0.00039,0.04043,0.9620
10.2333,JELLY_C,0.4057,-1.1690,1.00,J_DESCEND,9.97,0.0065,0.089,0.5310,3.6192,-3.8937,-0.00127,-0.00143,0.00366,0.02422,0.8378
10.2667,JELLY_A,0.3581,-0.8528,1.00,J_PULSE_CRUISE,15.40,0.0135,0.096,1.0318,2.1300,-3.4572,0.00354,0.00667,-0.00142,0.03437,0.9314
10.2667,JELLY_B,0.3076,-0.7205,1.00,J_PULSE_CRUISE,7.84,0.0117,0.073,1.4751,2.9224,-3.7727,-0.00015,0.00961,0.00038,0.04042,0.9667
10.2667,JELLY_C,0.4186,-1.1923,1.00,J_DESCEND,9.98,0.0060,0.089,0.5309,3.6192,-3.8935,-0.00127,-0.00158,0.00365,0.02368,0.8065
10.3000,JELLY_A,0.3689,-0.8887,1.00,J_PULSE_CRUISE,15.40,0.0131,0.096,1.0320,2.1302,-3.4572,0.00353,0.00661,-0.00142,0.03340,0.9145
10.3000,JELLY_B,0.3198,-0.7876,1.00,J_PULSE_CRUISE,7.87,0.0111,0.073,1.4751,2.9227,-3.7727,-0.00015,0.00950,0.00038,0.04042,0.9656
10.3000,JELLY_C,0.4315,-1.2078,1.00,J_DESCEND,9.99,0.0055,0.089,0.5309,3.6191,-3.8934,-0.00127,-0.00172,0.00364,0.02306,0.7731
10.3333,JELLY_A,0.3797,-0.9205,1.00,J_PULSE_CRUISE,15.40,0.0127,0.096,1.0321,2.1304,-3.4573,0.00351,0.00655,-0.00142,0.03235,0.8952
10.3333,JELLY_B,0.3320,-0.8501,1.00,J_PULSE_CRUISE,7.89,0.0104,0.073,1.4751,2.9231,-3.7727,-0.00014,0.00940,0.00037,0.04039,0.9591
10.3333,JELLY_C,0.4444,-1.2153,1.00,J_DESCEND,10.00,0.0050,0.089,0.5308,3.6191,-3.8933,-0.00126,-0.00184,0.00364,0.02239,0.7380
10.3667,JELLY_A,0.3905,-0.9481,1.00,J_PULSE_CRUISE,15.40,0.0123,0.096,1.0322,2.1306,-3.4573,0.00350,0.00649,-0.00143,0.03124,0.8735
10.3667,JELLY_B,0.3442,-0.9076,1.00,J_PULSE_CRUISE,7.91,0.0098,0.073,1.4750,2.9234,-3.7727,-0.00013,0.00929,0.00036,0.04029,0.9480
10.3667,JELLY_C,0.4573,-1.2149,1.00,J_DESCEND,10.00,0.0046,0.089,0.5308,3.6190,-3.8932,-0.00126,-0.00194,0.00364,0.02169,0.7015
10.4000,JELLY_A,0.4013,-0.9713,1.00,J_PULSE_CRUISE,15.40,0.0120,0.096,1.0323,2.1308,-3.4574,0.00349,0.00643,-0.00143,0.03012,0.8499
10.4000,JELLY_B,0.3565,-0.9598,1.00,J_PULSE_CRUISE,7.92,0.0092,0.073,1.4750,2.9237,-3.7726,-0.00013,0.00919,0.00036,0.04005,0.9327
10.4000,JELLY_C,0.4702,-1.2065,1.00,J_DESCEND,10.01,0.0041,0.089,0.5308,3.6189,-3.8931,-0.00125,-0.00202,0.00364,0.02100,0.6637
10.4333,JELLY_A,0.4121,-0.9901,1.00,J_PULSE_CRUISE,15.39,0.0117,0.096,1.0324,2.1310,-3.4574,0.00347,0.00637,-0.00143,0.02901,0.8245
10.4333,JELLY_B,0.3687,-1.0064,1.00,J_PULSE_CRUISE,7.94,0.0086,0.073,1.4750,2.9240,-3.7726,-0.00012,0.00909,0.00035,0.03967,0.9138
10.4333,JELLY_C,0.4831,-1.1902,1.00,J_DESCEND,10.01,0.0038,0.089,0.5307,3.6189,-3.8929,-0.00125,-0.00207,0.00365,0.02034,0.6250
10.4667,JELLY_A,0.4229,-1.0043,1.00,J_PULSE_CRUISE,15.39,0.0115,0.096,1.0325,2.1313,-3.4575,0.00347,0.00633,-0.00143,0.02793,0.7975
10.4667,JELLY_B,0.3810,-1.0471,1.00,J_PULSE_CRUISE,7.96,0.0080,0.073,1.4750,2.9243,-3.7726,-0.00011,0.00899,0.00035,0.03915,0.8916
10.4667,JELLY_C,0.4960,-1.1661,1.00,J_DESCEND,10.02,0.0034,0.089,0.5307,3.6188,-3.8928,-0.00124,-0.00209,0.00366,0.01974,0.5857
10.5000,JELLY_A,0.4337,-1.0139,1.00,J_PULSE_CRUISE,15.39,0.0112,0.096,1.0327,2.1315,-3.4575,0.00346,0.00629,-0.00143,0.02692,0.7692
10.5000,JELLY_B,0.3932,-1.0816,1.00,J_PULSE_CRUISE,7.97,0.0075,0.073,1.4750,2.9246,-3.7726,-0.00011,0.00889,0.00034,0.03851,0.8666
10.5000,JELLY_C,0.5090,-1.1342,1.00,J_DESCEND,10.02,0.0031,0.089,0.5306,3.6187,-3.8927,-0.00123,-0.00209,0.00368,0.01923,0.5459
10.5333,JELLY_A,0.4446,-1.0188,1.00,J_PULSE_CRUISE,15.38,0.0111,0.096,1.0328,2.1317,-3.4576,0.00345,0.00626,-0.00143,0.02601,0.7396
10.5333,JELLY_B,0.4054,-1.1097,1.00,J_PULSE_CRUISE,7.99,0.0069,0.073,1.4750,2.9249,-3.7726,-0.00010,0.00880,0.00034,0.03776,0.8392
10.5333,JELLY_C,0.5219,-1.0949,1.00,J_DESCEND,10.02,0.0029,0.089,0.5306,3.6187,-3.8926,-0.00122,-0.00207,0.00370,0.01883,0.5059
10.5667,JELLY_A,0.4554,-1.0190,1.00,J_PULSE_CRUISE,15.37,0.0109,0.096,1.0329,2.1319,-3.4576,0.00345,0.00624,-0.00143,0.02522,0.7091
10.5667,JELLY_B,0.4177,-1.1313,1.00,J_PULSE_CRUISE,8.00,0.0064,0.073,1.4750,2.9252,-3.7726,-0.00009,0.00871,0.00033,0.03693,0.8095
10.5667,JELLY_C,0.5348,-1.0484,1.00,J_DESCEND,10.02,0.0027,0.089,0.5306,3.6186,-3.8924,-0.00121,-0.00201,0.00372,0.01856,0.4660
10.6000,JELLY_A,0.4662,-1.0145,1.00,J_PULSE_CRUISE,15.37,0.0108,0.096,1.0330,2.1321,-3.4577,0.00346,0.00623,-0.00143,0.02458,0.6776
10.6000,JELLY_B,0.4300,-1.1462,1.00,J_PULSE_CRUISE,8.01,0.0059,0.073,1.4750,2.9255,-3.7726,-0.00009,0.00864,0.00033,0.03605,0.7780
10.6000,JELLY_C,0.5477,-0.9950,1.00,J_DESCEND,10.02,0.0026,0.089,0.5305,3.6185,-3.8923,-0.00120,-0.00194,0.00375,0.01843,0.4264
10.6333,JELLY_A,0.4770,-1.0053,1.00,J_PULSE_CRUISE,15.36,0.0108,0.096,1.0331,2.1323,-3.4577,0.00346,0.00624,-0.00143,0.02410,0.6455
10.6333,JELLY_B,0.4422,-1.1543,1.00,J_PULSE_CRUISE,8.02,0.0054,0.073,1.4750,2.9257,-3.7726,-0.00008,0.00858,0.00033,0.03515,0.7449
10.6333,JELLY_C,0.5606,-0.9350,1.00,J_DESCEND,10.02,0.0025,0.089,0.5305,3.6185,-3.8922,-0.00119,-0.00185,0.00378,0.01839,0.3873
10.6667,JELLY_A,0.4878,-0.9915,1.00,J_PULSE_CRUISE,15.35,0.0107,0.096,1.0332,2.1325,-3.4578,0.00347,0.00627,-0.00143,0.02381,0.6127
10.6667,JELLY_B,0.4545,-1.1556,1.00,J_PULSE_CRUISE,8.03,0.0049,0.073,1.4750,2.9260,-3.7726,-0.00007,0.00854,0.00033,0.03426,0.7104
10.6667,JELLY_C,0.5735,-0.8688,1.00,J_DESCEND,10.02,0.0025,0.089,0.5304,3.6184,-3.8921,-0.00118,-0.00174,0.00381,0.01841,0.3491
10.7000,JELLY_A,0.4987,-0.9730,1.00,J_PULSE_CRUISE,15.34,0.0107,0.096,1.0334,2.1327,-3.4578,0.00349,0.00631,-0.00142,0.02366,0.5795
10.7000,JELLY_B,0.4667,-1.1500,1.00,J_PULSE_CRUISE,8.04,0.0045,0.073,1.4750,2.9263,-3.7725,-0.00006,0.00851,0.00034,0.03341,0.6748
10.7000,JELLY_C,0.5864,-0.7969,1.00,J_DESCEND,10.02,0.0026,0.089,0.5304,3.6183,-3.8919,-0.00117,-0.00163,0.00385,0.01848,0.3119
10.7333,JELLY_A,0.5095,-0.9501,1.00,J_PULSE_CRUISE,15.33,0.0107,0.096,1.0335,2.1329,-3.4579,0.00351,0.00636,-0.00142,0.02361,0.5461
10.7333,JELLY_B,0.4790,-1.1375,1.00,J_PULSE_CRUISE,8.05,0.0040,0.073,1.4750,2.9266,-3.7725,-0.00005,0.00851,0.00035,0.03263,0.6382
10.7333,JELLY_C,0.5994,-0.7197,1.00,J_DESCEND,10.02,0.0027,0.089,0.5304,3.6183,-3.8918,-0.00116,-0.00150,0.00389,0.01857,0.2759
10.7667,JELLY_A,0.5203,-0.9227,1.00,J_PULSE_CRUISE,15.31,0.0108,0.096,1.0336,2.1331,-3.4579,0.00353,0.00643,-0.00142,0.02363,0.5125
10.7667,JELLY_B,0.4913,-1.1183,1.00,J_PULSE_CRUISE,8.06,0.0036,0.073,1.4750,2.9269,-3.7725,-0.00005,0.00854,0.00036,0.03195,0.6010
10.7667,JELLY_C,0.6123,-0.6378,1.00,J_DESCEND,10.02,0.0029,0.089,0.5303,3.6182,-3.8917,-0.00115,-0.00138,0.00392,0.01870,0.2414
10.8000,JELLY_A,0.5311,-0.8911,1.00,J_PULSE_CRUISE,15.30,0.0108,0.096,1.0337,2.1334,-3.4580,0.00355,0.00651,-0.00142,0.02369,0.4790
10.8000,JELLY_B,0.5036,-1.0924,1.00,J_PULSE_CRUISE,8.06,0.0032,0.073,1.4750,2.9272,-3.7725,-0.00003,0.00858,0.00038,0.03139,0.5632
10.8000,JELLY_C,0.6252,-0.5516,1.00,J_DESCEND,10.01,0.0031,0.089,0.5303,3.6182,-3.8916,-0.00114,-0.00126,0.00396,0.01884,0.2087
10.8333,JELLY_A,0.5420,-0.8553,1.00,J_PULSE_CRUISE,15.29,0.0109,0.096,1.0338,2.1336,-3.4580,0.00358,0.00660,-0.00142,0.02379,0.4456
10.8333,JELLY_B,0.5159,-1.0600,1.00,J_PULSE_CRUISE,8.07,0.0027,0.073,1.4750,2.9275,-3.7725,-0.00002,0.00865,0.00039,0.03098,0.5252
10.8333,JELLY_C,0.6381,-0.4617,1.00,J_DESCEND,10.01,0.0033,0.089,0.5302,3.6182,-3.8914,-0.00113,-0.00113,0.00400,0.01901,0.1779
10.8667,JELLY_A,0.5528,-0.8155,1.00,J_PULSE_CRUISE,15.27,0.0110,0.096,1.0339,2.1338,-3.4581,0.00362,0.00671,-0.00142,0.02393,0.4125
10.8667,JELLY_B,0.5281,-1.0213,1.00,J_PULSE_CRUISE,8.07,0.0023,0.073,1.4750,2.9277,-3.7725,-0.00001,0.00873,0.00041,0.03072,0.4872
10.8667,JELLY_C,0.6511,-0.3688,1.00,J_DESCEND,10.00,0.0035,0.089,0.5302,3.6181,-3.8913,-0.00112,-0.00101,0.00403,0.01920,0.1492
10.9000,JELLY_A,0.5637,-0.7719,1.00,J_PULSE_CRUISE,15.26,0.0111,0.096,1.0341,2.1340,-3.4581,0.00365,0.00682,-0.00141,0.02410,0.3799
10.9000,JELLY_B,0.5404,-0.9764,1.00,J_PULSE_CRUISE,8.08,0.0020,0.073,1.4750,2.9280,-3.7725,0.00000,0.00884,0.00044,0.03060,0.4493
10.9000,JELLY_C,0.6640,-0.2733,1.00,J_DESCEND,10.00,0.0037,0.089,0.5302,3.6181,-3.8912,-0.00111,-0.00089,0.00407,0.01940,0.1228
10.9333,JELLY_A,0.5745,-0.7247,1.00,J_PULSE_CRUISE,15.24,0.0112,0.096,1.0342,2.1343,-3.4582,0.00369,0.00695,-0.00141,0.02431,0.3479
10.9333,JELLY_B,0.5527,-0.9257,1.00,J_PULSE_CRUISE,8.08,0.0016,0.073,1.4750,2.9283,-3.7725,0.00001,0.00896,0.00046,0.03056,0.4117
10.9333,JELLY_C,0.6769,-0.1761,1.00,J_DESCEND,9.99,0.0040,0.089,0.5301,3.6181,-3.8910,-0.00110,-0.00077,0.00411,0.01962,0.0990
10.9667,JELLY_A,0.5853,-0.6741,1.00,J_PULSE_CRUISE,15.23,0.0114,0.096,1.0343,2.1345,-3.4582,0.00373,0.00708,-0.00141,0.02454,0.3166
10.9667,JELLY_B,0.5650,-0.8694,1.00,J_PULSE_CRUISE,8.08,0.0012,0.073,1.4750,2.9286,-3.7724,0.00003,0.00910,0.00049,0.03057,0.3748
10.9667,JELLY_C,0.6899,-0.0776,1.00,J_DESCEND,9.98,0.0042,0.089,0.5301,3.6180,-3.8909,-0.00109,-0.00065,0.00414,0.01986,0.0777
11.0000,JELLY_A,0.5962,-0.6204,1.00,J_PULSE_CRUISE,15.21,0.0115,0.096,1.0344,2.1347,-3.4582,0.00377,0.00721,-0.00140,0.02479,0.2861
11.0000,JELLY_B,0.5773,-0.8078,1.00,J_PULSE_CRUISE,8.08,0.0009,0.073,1.4750,2.9289,-3.7724,0.00004,0.00924,0.00052,0.03062,0.3386
11.0000,JELLY_C,0.7028,0.0000,1.00,J_GLIDE,9.98,0.0044,0.089,0.5301,3.6180,-3.8907,-0.00108,-0.00051,0.00418,0.02010,0.0592
11.0333,JELLY_A,0.6070,-0.5638,1.00,J_PULSE_CRUISE,15.19,0.0116,0.096,1.0346,2.1350,-3.4583,0.00380,0.00734,-0.00140,0.02508,0.2567
11.0333,JELLY_B,0.5896,-0.7414,1.00,J_PULSE_CRUISE,8.09,0.0006,0.073,1.4750,2.9292,-3.7724,0.00006,0.00940,0.00055,0.03071,0.3034
11.0333,JELLY_C,0.7157,0.0000,1.00,J_GLIDE,9.97,0.0047,0.089,0.5300,3.6180,-3.8906,-0.00107,-0.00030,0.00421,0.02036,0.0436
11.0667,JELLY_A,0.6179,-0.5045,1.00,J_PULSE_CRUISE,15.17,0.0118,0.096,1.0347,2.1352,-3.4583,0.00384,0.00747,-0.00140,0.02539,0.2284
11.0667,JELLY_B,0.6019,-0.6705,1.00,J_PULSE_CRUISE,8.09,0.0004,0.073,1.4750,2.9296,-3.7724,0.00007,0.00955,0.00058,0.03084,0.2695
11.0667,JELLY_C,0.7287,0.0000,1.00,J_GLIDE,9.96,0.0049,0.089,0.5300,3.6180,-3.8905,-0.00106,-0.00010,0.00424,0.02063,0.0308
11.1000,JELLY_A,0.6287,-0.4428,1.00,J_PULSE_CRUISE,15.16,0.0119,0.096,1.0348,2.1355,-3.4584,0.00388,0.00759,-0.00139,0.02572,0.2014
11.1000,JELLY_B,0.6142,-0.5955,1.00,J_PULSE_CRUISE,8.09,0.0005,0.073,1.4750,2.9299,-3.7724,0.00009,0.00970,0.00061,0.03099,0.2369
11.1000,JELLY_C,0.7416,0.0000,1.00,J_GLIDE,9.95,0.0051,0.089,0.5300,3.6180,-3.8903,-0.00104,0.00009,0.00427,0.02091,0.0206
11.1333,JELLY_A,0.6396,-0.3791,1.00,J_PULSE_CRUISE,15.14,0.0121,0.096,1.0349,2.1357,-3.4584,0.00392,0.00772,-0.00139,0.02608,0.1758
11.1333,JELLY_B,0.6266,-0.5169,1.00,J_PULSE_CRUISE,8.09,0.0007,0.073,1.4750,2.9302,-3.7723,0.00010,0.00985,0.00064,0.03117,0.2059
11.1333,JELLY_C,0.7545,0.0000,1.00,J_GLIDE,9.94,0.0054,0.089,0.5299,3.6180,-3.8902,-0.00103,0.00027,0.00430,0.02120,0.0126
11.1667,JELLY_A,0.6504,-0.3135,1.00,J_PULSE_CRUISE,15.12,0.0123,0.096,1.0351,2.1360,-3.4585,0.00395,0.00785,-0.00139,0.02645,0.1516
11.1667,JELLY_B,0.6389,-0.4351,1.00,J_PULSE_CRUISE,8.08,0.0009,0.073,1.4750,2.9305,-3.7723,0.00012,0.01000,0.00067,0.03137,0.1766
11.1667,JELLY_C,0.7675,0.0000,1.00,J_GLIDE,9.93,0.0056,0.089,0.5299,3.6180,-3.8900,-0.00102,0.00044,0.00433,0.02149,0.0067
11.2000,JELLY_A,0.6613,-0.2465,1.00,J_PULSE_CRUISE,15.10,0.0124,0.096,1.0352,2.1362,-3.4585,0.00399,0.00797,-0.00138,0.02684,0.1291
11.2000,JELLY_B,0.6512,-0.3506,1.00,J_PULSE_CRUISE,8.08,0.0012,0.073,1.4750,2.9309,-3.7723,0.00013,0.01015,0.00070,0.03160,0.1493
11.2000,JELLY_C,0.7804,0.0000,1.00,J_GLIDE,9.92,0.0058,0.089,0.5299,3.6180,-3.8899,-0.00101,0.00061,0.00435,0.02179,0.0023
11.2333,JELLY_A,0.6721,-0.1783,1.00,J_PULSE_CRUISE,15.08,0.0126,0.096,1.0353,2.1365,-3.4586,0.00402,0.00809,-0.00138,0.02725,0.1083
11.2333,JELLY_B,0.6635,-0.2640,1.00,J_PULSE_CRUISE,8.08,0.0015,0.073,1.4750,2.9312,-3.7723,0.00015,0.01029,0.00073,0.03186,0.1241
11.2333,JELLY_C,0.7934,0.0000,1.00,J_GLIDE,9.91,0.0060,0.089,0.5298,3.6181,-3.8897,-0.00100,0.00077,0.00438,0.02209,-0.0007
11.2667,JELLY_A,0.6830,-0.1092,1.00,J_PULSE_CRUISE,15.05,0.0127,0.096,1.0355,2.1368,-3.4586,0.00406,0.00822,-0.00138,0.02767,0.0894
11.2667,JELLY_B,0.6758,-0.1757,1.00,J_PULSE_CRUISE,8.08,0.0018,0.073,1.4750,2.9316,-3.7723,0.00016,0.01043,0.00076,0.03213,0.1011
11.2667,JELLY_C,0.8063,0.0000,1.00,J_GLIDE,9.90,0.0062,0.089,0.5298,3.6181,-3.8896,-0.00099,0.00092,0.00440,0.02238,-0.0026
11.3000,JELLY_A,0.6938,-0.0396,1.00,J_PULSE_CRUISE,15.03,0.0129,0.096,1.0356,2.1371,-3.4587,0.00409,0.00834,-0.00137,0.02810,0.0723
11.3000,JELLY_B,0.6882,-0.0862,1.00,J_PULSE_CRUISE,8.07,0.0020,0.073,1.4750,2.9319,-3.7722,0.00018,0.01057,0.00079,0.03243,0.0805
11.3000,JELLY_C,0.8193,0.0000,1.00,J_GLIDE,9.89,0.0064,0.089,0.5298,3.6181,-3.8894,-0.00098,0.00106,0.00442,0.02268,-0.0037
11.3333,JELLY_A,0.7047,0.0000,1.00,J_GLIDE,15.01,0.0131,0.096,1.0358,2.1373,-3.4587,0.00413,0.00845,-0.00137,0.02855,0.0572
11.3333,JELLY_B,0.7005,0.0000,1.00,J_GLIDE,8.07,0.0023,0.073,1.4751,2.9323,-3.7722,0.00019,0.01071,0.00082,0.03274,0.0625
11.3333,JELLY_C,0.8322,0.0000,1.00,J_GLIDE,9.88,0.0066,0.089,0.5297,3.6182,-3.8893,-0.00097,0.00120,0.00444,0.02297,-0.0042
11.3667,JELLY_A,0.7156,0.0000,1.00,J_GLIDE,14.99,0.0132,0.096,1.0359,2.1376,-3.4588,0.00416,0.00857,-0.00136,0.02900,0.0442
11.3667,JELLY_B,0.7129,0.0000,1.00,J_GLIDE,8.07,0.0025,0.073,1.4751,2.9326,-3.7722,0.00021,0.01084,0.00085,0.03307,0.0470
11.3667,JELLY_C,0.8452,0.0000,1.00,J_GLIDE,9.86,0.0068,0.089,0.5297,3.6182,-3.8891,-0.00096,0.00133,0.00446,0.02326,-0.0043
11.4000,JELLY_A,0.7264,0.0000,1.00,J_GLIDE,14.96,0.0134,0.096,1.0360,2.1379,-3.4588,0.00419,0.00868,-0.00136,0.02946,0.0331
11.4000,JELLY_B,0.7252,0.0000,1.00,J_GLIDE,8.06,0.0028,0.073,1.4751,2.9330,-3.7721,0.00023,0.01096,0.00088,0.03341,0.0341
11.4000,JELLY_C,0.8581,0.0000,1.00,J_GLIDE,9.85,0.0070,0.089,0.5297,3.6183,-3.8890,-0.00095,0.00145,0.00448,0.02354,-0.0041
11.4333,JELLY_A,0.7373,0.0000,1.00,J_GLIDE,14.94,0.0135,0.096,1.0362,2.1382,-3.4588,0.00422,0.00878,-0.00136,0.02992,0.0239
11.4333,JELLY_B,0.7375,0.0000,1.00,J_GLIDE,8.05,0.0030,0.073,1.4751,2.9334,-3.7721,0.00024,0.01108,0.00090,0.03376,0.0236
11.4333,JELLY_C,0.8711,0.0000,1.00,J_GLIDE,9.84,0.0072,0.089,0.5296,3.6183,-3.8888,-0.00094,0.00157,0.00449,0.02381,-0.0038
11.4667,JELLY_A,0.7482,0.0000,1.00,J_GLIDE,14.91,0.0137,0.096,1.0363,2.1385,-3.4589,0.00425,0.00887,-0.00135,0.03039,0.0163
11.4667,JELLY_B,0.7499,0.0000,1.00,J_GLIDE,8.05,0.0033,0.073,1.4751,2.9337,-3.7721,0.00026,0.01118,0.00093,0.03412,0.0153
11.4667,JELLY_C,0.8841,0.0000,1.00,J_GLIDE,9.82,0.0073,0.089,0.5296,3.6184,-3.8887,-0.00093,0.00168,0.00450,0.02407,-0.0033
11.5000,JELLY_A,0.7590,0.0000,1.00,J_GLIDE,14.89,0.0139,0.096,1.0365,2.1388,-3.4589,0.00427,0.00896,-0.00135,0.03085,0.0103
11.5000,JELLY_B,0.7622,0.0000,1.00,J_GLIDE,8.04,0.0035,0.073,1.4751,2.9341,-3.7720,0.00027,0.01128,0.00095,0.03449,0.0089
11.5000,JELLY_C,0.8970,0.0000,1.00,J_GLIDE,9.81,0.0075,0.089,0.5296,3.6184,-3.8885,-0.00092,0.00178,0.00452,0.02432,-0.0028
11.5333,JELLY_A,0.7699,0.0000,1.00,J_GLIDE,14.86,0.0140,0.096,1.0366,2.1391,-3.4590,0.00430,0.00905,-0.00134,0.03131,0.0057
11.5333,JELLY_B,0.7746,0.0000,1.00,J_GLIDE,8.04,0.0037,0.073,1.4751,2.9345,-3.7720,0.00029,0.01137,0.00098,0.03487,0.0041
11.5333,JELLY_C,0.9100,0.0000,1.00,J_GLIDE,9.79,0.0077,0.089,0.5295,3.6185,-3.8884,-0.00091,0.00188,0.00453,0.02455,-0.0023
11.5667,JELLY_A,0.7808,0.0000,1.00,J_GLIDE,14.84,0.0141,0.096,1.0367,2.1394,-3.4590,0.00432,0.00913,-0.00134,0.03177,0.0021
11.5667,JELLY_B,0.7870,0.0000,1.00,J_GLIDE,8.03,0.0039,0.073,1.4751,2.9349,-3.7720,0.00030,0.01145,0.00100,0.03525,0.0006
11.5667,JELLY_C,0.9230,0.0000,1.00,J_GLIDE,9.78,0.0078,0.089,0.5295,3.6185,-3.8882,-0.00090,0.00198,0.00454,0.02477,-0.0019
11.6000,JELLY_A,0.7916,0.0000,1.00,J_GLIDE,14.81,0.0143,0.096,1.0369,2.1397,-3.4591,0.00434,0.00921,-0.00134,0.03222,-0.0005
11.6000,JELLY_B,0.7993,0.0000,1.00,J_GLIDE,8.02,0.0041,0.073,1.4751,2.9353,-3.7720,0.00032,0.01152,0.00102,0.03563,-0.0017
11.6000,JELLY_C,0.9359,0.0000,1.00,J_GLIDE,9.77,0.0080,0.089,0.5295,3.6186,-3.8881,-0.00089,0.00206,0.00455,0.02498,-0.0015
11.6333,JELLY_A,0.8025,0.0000,1.00,J_GLIDE,14.79,0.0144,0.096,1.0370,2.1400,-3.4591,0.00436,0.00928,-0.00133,0.03266,-0.0023
11.6333,JELLY_B,0.8117,0.0000,1.00,J_GLIDE,8.01,0.0043,0.073,1.4751,2.9356,-3.7719,0.00033,0.01159,0.00104,0.03601,-0.0032
11.6333,JELLY_C,0.9489,0.0000,1.00,J_GLIDE,9.75,0.0081,0.089,0.5294,3.6187,-3.8879,-0.00088,0.00215,0.00456,0.02517,-0.0011
11.6667,JELLY_A,0.8134,0.0000,1.00,J_GLIDE,14.76,0.0146,0.096,1.0372,2.1403,-3.4592,0.00438,0.00934,-0.00133,0.03310,-0.0035
11.6667,JELLY_B,0.8241,0.0000,1.00,J_GLIDE,8.00,0.0045,0.073,1.4751,2.9360,-3.7719,0.00034,0.01165,0.00106,0.03638,-0.0040
11.6667,JELLY_C,0.9619,0.0000,1.00,J_GLIDE,9.73,0.0083,0.089,0.5294,3.6188,-3.8878,-0.00087,0.00222,0.00456,0.02534,-0.0008
11.7000,JELLY_A,0.8243,0.0000,1.00,J_GLIDE,14.73,0.0147,0.096,1.0373,2.1406,-3.4592,0.00440,0.00941,-0.00132,0.03352,-0.0042
11.7000,JELLY_B,0.8364,0.0000,1.00,J_GLIDE,8.00,0.0047,0.073,1.4752,2.9364,-3.7718,0.00036,0.01170,0.00108,0.03675,-0.0044
11.7000,JELLY_C,0.9749,0.0000,1.00,J_GLIDE,9.72,0.0084,0.089,0.5294,3.6188,-3.8876,-0.00086,0.00229,0.00457,0.02549,-0.0006
11.7333,JELLY_A,0.8352,0.0000,1.00,J_GLIDE,14.71,0.0148,0.096,1.0375,2.1410,-3.4592,0.00441,0.00946,-0.00132,0.03392,-0.0045
11.7333,JELLY_B,0.8488,0.0000,1.00,J_GLIDE,7.99,0.0049,0.073,1.4752,2.9368,-3.7718,0.00037,0.01175,0.00109,0.03711,-0.0044
11.7333,JELLY_C,0.9878,0.0000,1.00,J_GLIDE,9.70,0.0086,0.089,0.5294,3.6189,-3.8875,-0.00085,0.00236,0.00457,0.02562,-0.0004
11.7667,JELLY_A,0.8460,0.0000,1.00,J_GLIDE,14.68,0.0150,0.096,1.0376,2.1413,-3.4593,0.00443,0.00952,-0.00131,0.03431,-0.0045
11.7667,JELLY_B,0.8612,0.0000,1.00,J_GLIDE,7.98,0.0051,0.073,1.4752,2.9372,-3.7718,0.00039,0.01179,0.00111,0.03746,-0.0041
11.7667,JELLY_C,0.0008,0.0392,1.00,J_PULSE_CRUISE,9.69,0.0087,0.072,0.5293,3.6190,-3.8873,-0.00084,0.00239,0.00457,0.02574,-0.0002
11.8000,JELLY_A,0.8569,0.0000,1.00,J_GLIDE,14.65,0.0151,0.096,1.0378,2.1416,-3.4593,0.00444,0.00957,-0.00131,0.03468,-0.0044
11.8000,JELLY_B,0.8736,0.0000,1.00,J_GLIDE,7.97,0.0052,0.073,1.4752,2.9376,-3.7717,0.00040,0.01182,0.00113,0.03779,-0.0037
11.8000,JELLY_C,0.0138,0.6579,1.00,J_PULSE_CRUISE,9.67,0.0084,0.072,0.5293,3.6191,-3.8872,-0.00084,0.00230,0.00455,0.02582,0.0001
11.8333,JELLY_A,0.8678,0.0000,1.00,J_GLIDE,14.62,0.0152,0.096,1.0379,2.1419,-3.4594,0.00445,0.00961,-0.00131,0.03503,-0.0041
11.8333,JELLY_B,0.8860,0.0000,1.00,J_GLIDE,7.96,0.0054,0.073,1.4752,2.9380,-3.7717,0.00041,0.01185,0.00114,0.03812,-0.0033
11.8333,JELLY_C,0.0268,1.2497,1.00,J_PULSE_CRUISE,9.65,0.0075,0.072,0.5293,3.6191,-3.8870,-0.00083,0.00226,0.00454,0.02588,0.0015
11.8667,JELLY_A,0.8787,0.0000,1.00,J_GLIDE,14.59,0.0153,0.096,1.0381,2.1422,-3.4594,0.00447,0.00965,-0.00130,0.03537,-0.0037
11.8667,JELLY_B,0.8984,0.0000,1.00,J_GLIDE,7.95,0.0055,0.073,1.4752,2.9384,-3.7717,0.00043,0.01188,0.00115,0.03842,-0.0028
11.8667,JELLY_C,0.0398,1.7900,1.00,J_PULSE_CRUISE,9.64,0.0062,0.072,0.5292,3.6192,-3.8869,-0.00082,0.00226,0.00453,0.02590,0.0058
11.9000,JELLY_A,0.8896,0.0000,1.00,J_GLIDE,14.57,0.0154,0.096,1.0382,2.1426,-3.4595,0.00448,0.00969,-0.00130,0.03568,-0.0032
11.9000,JELLY_B,0.9108,0.0000,1.00,J_GLIDE,7.94,0.0057,0.073,1.4752,2.9388,-3.7716,0.00044,0.01190,0.00117,0.03871,-0.0023
11.9000,JELLY_C,0.0528,2.2562,1.00,J_PULSE_CRUISE,9.63,0.0044,0.072,0.5292,3.6193,-3.8867,-0.00081,0.00232,0.00454,0.02590,0.0149
11.9333,JELLY_A,0.9005,0.0000,1.00,J_GLIDE,14.54,0.0155,0.096,1.0384,2.1429,-3.4595,0.00449,0.00972,-0.00129,0.03596,-0.0028
11.9333,JELLY_B,0.9232,0.0000,1.00,J_GLIDE,7.93,0.0058,0.073,1.4753,2.9392,-3.7716,0.00045,0.01191,0.00118,0.03898,-0.0019
11.9333,JELLY_C,0.0658,2.6291,1.00,J_PULSE_CRUISE,9.62,0.0027,0.072,0.5292,3.6194,-3.8866,-0.00080,0.00245,0.00455,0.02589,0.0309
11.9667,JELLY_A,0.9113,0.0000,1.00,J_GLIDE,14.51,0.0156,0.096,1.0385,2.1432,-3.4595,0.00449,0.00975,-0.00129,0.03622,-0.0024
11.9667,JELLY_B,0.9356,0.0000,1.00,J_GLIDE,7.91,0.0060,0.073,1.4753,2.9396,-3.7715,0.00047,0.01192,0.00119,0.03923,-0.0015
11.9667,JELLY_C,0.0787,2.8929,1.00,J_PULSE_CRUISE,9.62,0.0023,0.072,0.5292,3.6195,-3.8864,-0.00079,0.00264,0.00458,0.02587,0.0554
12.0000,JELLY_A,0.9222,0.0000,1.00,J_GLIDE,14.48,0.0157,0.096,1.0387,2.1435,-3.4596,0.00450,0.00978,-0.00128,0.03646,-0.0020
12.0000,JELLY_B,0.9480,0.0000,1.00,J_GLIDE,7.90,0.0061,0.073,1.4753,2.9400,-3.7715,0.00048,0.01192,0.00121,0.03945,-0.0011
12.0000,JELLY_C,0.0917,3.0368,1.00,J_PULSE_CRUISE,9.63,0.0041,0.072,0.5291,3.6196,-3.8863,-0.00077,0.00286,0.00461,0.02585,0.0896
12.0333,JELLY_A,0.9331,0.0000,1.00,J_GLIDE,14.45,0.0158,0.096,1.0388,2.1439,-3.4596,0.00451,0.00980,-0.00128,0.03667,-0.0016
12.0333,JELLY_B,0.9604,0.0000,1.00,J_GLIDE,7.89,0.0063,0.073,1.4753,2.9404,-3.7715,0.00049,0.01192,0.00122,0.03965,-0.0008
12.0333,JELLY_C,0.1047,3.0546,1.00,J_PULSE_CRUISE,9.63,0.0064,0.072,0.5291,3.6197,-3.8861,-0.00076,0.00309,0.00464,0.02583,0.1340
12.0667,JELLY_A,0.9440,0.0000,1.00,J_GLIDE,14.42,0.0159,0.096,1.0390,2.1442,-3.4597,0.00451,0.00982,-0.00127,0.03684,-0.0013
12.0667,JELLY_B,0.9728,0.0000,1.00,J_GLIDE,7.88,0.0064,0.073,1.4753,2.9408,-3.7714,0.00050,0.01192,0.00123,0.03983,-0.0006
12.0667,JELLY_C,0.1177,2.9454,1.00,J_PULSE_CRUISE,9.65,0.0088,0.072,0.5291,3.6198,-3.8860,-0.00075,0.00331,0.00467,0.02582,0.1885
12.1000,JELLY_A,0.9549,0.0000,1.00,J_GLIDE,14.39,0.0160,0.096,1.0391,2.1445,-3.4597,0.00452,0.00984,-0.00127,0.03699,-0.0010
12.1000,JELLY_B,0.9852,0.0000,1.00,J_GLIDE,7.87,0.0065,0.073,1.4753,2.9412,-3.7714,0.00052,0.01191,0.00124,0.03998,-0.0004
12.1000,JELLY_C,0.1307,2.7137,1.00,J_PULSE_CRUISE,9.66,0.0109,0.072,0.5291,3.6199,-3.8858,-0.00073,0.00349,0.00469,0.02581,0.2522
12.1333,JELLY_A,0.9658,0.0000,1.00,J_GLIDE,14.36,0.0161,0.096,1.0393,2.1448,-3.4598,0.00452,0.00985,-0.00126,0.03711,-0.0008
12.1333,JELLY_B,0.9976,0.0000,1.00,J_GLIDE,7.85,0.0066,0.073,1.4753,2.9416,-3.7713,0.00053,0.01190,0.00125,0.04010,-0.0003
12.1333,JELLY_C,0.1438,2.3689,1.00,J_PULSE_CRUISE,9.68,0.0127,0.072,0.5290,3.6200,-3.8856,-0.00072,0.00361,0.00470,0.02580,0.3236
12.1667,JELLY_A,0.9767,0.0000,1.00,J_GLIDE,14.33,0.0162,0.096,1.0394,2.1452,-3.4598,0.00453,0.00987,-0.00126,0.03720,-0.0006
12.1667,JELLY_B,0.0100,0.4595,1.00,J_PULSE_CRUISE,7.84,0.0065,0.077,1.4754,2.9420,-3.7713,0.00054,0.01176,0.00124,0.04019,-0.0001
12.1667,JELLY_C,0.1568,1.9255,1.00,J_PULSE_CRUISE,9.71,0.0141,0.072,0.5290,3.6201,-3.8855,-0.00071,0.00367,0.00470,0.02579,0.4006
12.2000,JELLY_A,0.9876,0.0000,1.00,J_GLIDE,14.30,0.0163,0.096,1.0396,2.1455,-3.4598,0.00453,0.00987,-0.00126,0.03726,-0.0004
12.2000,JELLY_B,0.0225,1.0117,1.00,J_PULSE_CRUISE,7.83,0.0057,0.077,1.4754,2.9423,-3.7713,0.00054,0.01163,0.00123,0.04025,0.0008
12.2000,JELLY_C,0.1698,1.4016,1.00,J_PULSE_CRUISE,9.73,0.0149,0.072,0.5290,3.6202,-3.8853,-0.00070,0.00366,0.00469,0.02578,0.4809
12.2333,JELLY_A,0.9985,0.0000,1.00,J_GLIDE,14.27,0.0164,0.096,1.0397,2.1458,-3.4599,0.00453,0.00988,-0.00125,0.03729,-0.0002
12.2333,JELLY_B,0.0349,1.5258,1.00,J_PULSE_CRUISE,7.82,0.0043,0.077,1.4754,2.9427,-3.7712,0.00055,0.01155,0.00123,0.04029,0.0037
12.2333,JELLY_C,0.1828,0.8191,1.00,J_PULSE_CRUISE,9.76,0.0151,0.072,0.5290,3.6204,-3.8852,-0.00069,0.00360,0.00467,0.02576,0.5614
12.2667,JELLY_A,0.0094,0.0189,0.05,J_DRIFT_IDLE,14.24,0.0164,0.000,1.0399,2.1462,-3.4599,0.00451,0.00978,-0.00125,0.03730,-0.0001
12.2667,JELLY_B,0.0473,1.9823,1.00,J_PULSE_CRUISE,7.81,0.0025,0.077,1.4754,2.9431,-3.7712,0.00057,0.01152,0.00124,0.04032,0.0103
12.2667,JELLY_C,0.1958,0.2021,1.00,J_PULSE_CRUISE,9.79,0.0147,0.072,0.5289,3.6205,-3.8850,-0.00068,0.00351,0.00465,0.02575,0.6393
12.3000,JELLY_A,0.0203,0.0403,0.05,J_DRIFT_IDLE,14.20,0.0165,0.000,1.0400,2.1465,-3.4600,0.00448,0.00968,-0.00124,0.03731,-0.0000
12.3000,JELLY_B,0.0598,2.3638,1.00,J_PULSE_CRUISE,7.81,0.0003,0.077,1.4754,2.9435,-3.7711,0.00058,0.01155,0.00126,0.04033,0.0224
12.3000,JELLY_C,0.2088,-0.0680,1.00,J_PULSE_CRUISE,9.82,0.0139,0.072,0.5289,3.6206,-3.8849,-0.00068,0.00341,0.00462,0.02573,0.7115
12.3333,JELLY_A,0.0312,0.0605,0.05,J_DRIFT_IDLE,14.17,0.0166,0.000,1.0402,2.1468,-3.4600,0.00446,0.00959,-0.00124,0.03732,0.0001
12.3333,JELLY_B,0.0722,2.6556,1.00,J_PULSE_CRUISE,7.81,0.0024,0.077,1.4755,2.9439,-3.7711,0.00059,0.01164,0.00128,0.04035,0.0416
12.3333,JELLY_C,0.2218,-0.1679,1.00,J_PULSE_CRUISE,9.84,0.0131,0.072,0.5289,3.6207,-3.8847,-0.00067,0.00332,0.00460,0.02572,0.7759
12.3667,JELLY_A,0.0421,0.0789,0.05,J_DRIFT_IDLE,14.14,0.0167,0.000,1.0403,2.1471,-3.4601,0.00443,0.00949,-0.00124,0.03732,0.0004
12.3667,JELLY_B,0.0846,2.8465,1.00,J_PULSE_CRUISE,7.82,0.0052,0.077,1.4755,2.9443,-3.7710,0.00061,0.01176,0.00131,0.04036,0.0692
12.3667,JELLY_C,0.2349,-0.2667,1.00,J_PULSE_CRUISE,9.86,0.0123,0.072,0.5289,3.6208,-3.8846,-0.00066,0.00322,0.00458,0.02570,0.8309
12.4000,JELLY_A,0.0530,0.0950,0.05,J_DRIFT_IDLE,14.11,0.0167,0.000,1.0405,2.1474,-3.4601,0.00441,0.00940,-0.00124,0.03732,0.0008
12.4000,JELLY_B,0.0971,2.9292,1.00,J_PULSE_CRUISE,7.83,0.0080,0.077,1.4755,2.9447,-3.7710,0.00062,0.01191,0.00134,0.04036,0.1060
12.4000,JELLY_C,0.2479,-0.3638,1.00,J_PULSE_CRUISE,9.89,0.0116,0.072,0.5289,3.6209,-3.8844,-0.00065,0.00313,0.00455,0.02569,0.8761
12.4333,JELLY_A,0.0639,0.1084,0.05,J_DRIFT_IDLE,14.08,0.0168,0.000,1.0406,2.1477,-3.4601,0.00439,0.00931,-0.00123,0.03732,0.0014
12.4333,JELLY_B,0.1095,2.9003,1.00,J_PULSE_CRUISE,7.85,0.0108,0.077,1.4755,2.9451,-3.7710,0.00064,0.01205,0.00137,0.04037,0.1522
12.4333,JELLY_C,0.2609,-0.4586,1.00,J_PULSE_CRUISE,9.91,0.0109,0.072,0.5288,3.6210,-3.8843,-0.00065,0.00304,0.00453,0.02568,0.9116
12.4667,JELLY_A,0.0748,0.1186,0.05,J_DRIFT_IDLE,14.05,0.0168,0.000,1.0408,2.1480,-3.4602,0.00437,0.00922,-0.00123,0.03732,0.0024
12.4667,JELLY_B,0.1220,2.7608,1.00,J_PULSE_CRUISE,7.87,0.0133,0.077,1.4755,2.9455,-3.7709,0.00066,0.01218,0.00140,0.04037,0.2074
12.4667,JELLY_C,0.2739,-0.5503,1.00,J_PULSE_CRUISE,9.93,0.0102,0.072,0.5288,3.6211,-3.8841,-0.00064,0.00294,0.00451,0.02568,0.9377
12.5000,JELLY_A,0.0857,0.1253,0.05,J_DRIFT_IDLE,14.01,0.0169,0.000,1.0409,2.1484,-3.4602,0.00434,0.00913,-0.00123,0.03732,0.0036
12.5000,JELLY_B,0.1344,2.5159,1.00,J_PULSE_CRUISE,7.90,0.0155,0.077,1.4756,2.9459,-3.7709,0.00067,0.01226,0.00142,0.04038,0.2707
12.5000,JELLY_C,0.2870,-0.6384,1.00,J_PULSE_CRUISE,9.94,0.0095,0.072,0.5288,3.6212,-3.8840,-0.00063,0.00285,0.00449,0.02567,0.9551
12.5333,JELLY_A,0.0966,0.1283,0.05,J_DRIFT_IDLE,13.98,0.0169,0.000,1.0410,2.1487,-3.4603,0.00432,0.00904,-0.00122,0.03732,0.0052
12.5333,JELLY_B,0.1469,2.1747,1.00,J_PULSE_CRUISE,7.93,0.0174,0.077,1.4756,2.9463,-3.7708,0.00068,0.01229,0.00144,0.04038,0.3407
12.5333,JELLY_C,0.3000,-0.7222,1.00,J_PULSE_CRUISE,9.96,0.0088,0.072,0.5288,3.6213,-3.8838,-0.00063,0.00276,0.00447,0.02567,0.9645
12.5667,JELLY_A,0.1075,0.1276,0.05,J_DRIFT_IDLE,13.95,0.0170,0.000,1.0412,2.1490,-3.4603,0.00430,0.00895,-0.00122,0.03732,0.0072
12.5667,JELLY_B,0.1593,1.7503,1.00,J_PULSE_CRUISE,7.96,0.0187,0.077,1.4756,2.9467,-3.7708,0.00070,0.01226,0.00144,0.04038,0.4153
12.5667,JELLY_C,0.3130,-0.8013,1.00,J_PULSE_CRUISE,9.98,0.0082,0.072,0.5288,3.6214,-3.8837,-0.00062,0.00267,0.00445,0.02566,0.9667
12.6000,JELLY_A,0.1185,0.1232,0.05,J_DRIFT_IDLE,13.92,0.0170,0.000,1.0413,2.1493,-3.4603,0.00428,0.00886,-0.00122,0.03732,0.0095
12.6000,JELLY_B,0.1718,1.2587,1.00,J_PULSE_CRUISE,8.00,0.0195,0.077,1.4756,2.9471,-3.7707,0.00071,0.01217,0.00145,0.04039,0.4923
12.6000,JELLY_C,0.3261,-0.8750,1.00,J_PULSE_CRUISE,9.99,0.0076,0.072,0.5287,3.6215,-3.8835,-0.00061,0.00258,0.00443,0.02565,0.9625
12.6333,JELLY_A,0.1294,0.1151,0.05,J_DRIFT_IDLE,13.89,0.0171,0.000,1.0415,2.1495,-3.4604,0.00426,0.00877,-0.00121,0.03732,0.0121
12.6333,JELLY_B,0.1843,0.7187,1.00,J_PULSE_CRUISE,8.03,0.0196,0.077,1.4757,2.9475,-3.7707,0.00072,0.01205,0.00144,0.04039,0.5693
12.6333,JELLY_C,0.3391,-0.9429,1.00,J_PULSE_CRUISE,10.00,0.0070,0.072,0.5287,3.6216,-3.8834,-0.00060,0.00249,0.00441,0.02564,0.9527
12.6667,JELLY_A,0.1403,0.1037,0.05,J_DRIFT_IDLE,13.85,0.0171,0.000,1.0416,2.1498,-3.4604,0.00424,0.00869,-0.00121,0.03732,0.0150
12.6667,JELLY_B,0.1967,0.1507,1.00,J_PULSE_CRUISE,8.07,0.0191,0.077,1.4757,2.9479,-3.7706,0.00072,0.01190,0.00143,0.04040,0.6436
12.6667,JELLY_C,0.3522,-1.0045,1.00,J_PULSE_CRUISE,10.01,0.0064,0.072,0.5287,3.6217,-3.8832,-0.00060,0.00240,0.00439,0.02562,0.9380
12.7000,JELLY_A,0.1512,0.0892,0.05,J_DRIFT_IDLE,13.82,0.0172,0.000,1.0418,2.1501,-3.4605,0.00422,0.00860,-0.00120,0.03732,0.0182
12.7000,JELLY_B,0.2092,-0.0679,1.00,J_PULSE_CRUISE,8.11,0.0182,0.077,1.4757,2.9483,-3.7706,0.00073,0.01175,0.00142,0.04040,0.7126
12.7000,JELLY_C,0.3652,-1.0594,1.00,J_PULSE_CRUISE,10.03,0.0059,0.072,0.5287,3.6217,-3.8831,-0.00059,0.00232,0.00437,0.02554,0.9189
12.7333,JELLY_A,0.1621,0.0721,0.05,J_DRIFT_IDLE,13.79,0.0172,0.000,1.0419,2.1504,-3.4605,0.00420,0.00852,-0.00120,0.03732,0.0215
12.7333,JELLY_B,0.2217,-0.1597,1.00,J_PULSE_CRUISE,8.14,0.0174,0.077,1.4757,2.9487,-3.7705,0.00074,0.01160,0.00142,0.04040,0.7743
12.7333,JELLY_C,0.3783,-1.1072,1.00,J_PULSE_CRUISE,10.03,0.0053,0.072,0.5287,3.6218,-3.8829,-0.00058,0.00223,0.00435,0.02536,0.8961
12.7667,JELLY_A,0.1730,0.0529,0.05,J_DRIFT_IDLE,13.75,0.0173,0.000,1.0420,2.1507,-3.4605,0.00418,0.00843,-0.00120,0.03732,0.0249
12.7667,JELLY_B,0.2342,-0.2504,1.00,J_PULSE_CRUISE,8.17,0.0165,0.077,1.4758,2.9491,-3.7705,0.00075,0.01145,0.00141,0.04041,0.8275
12.7667,JELLY_C,0.3913,-1.1476,1.00,J_PULSE_CRUISE,10.04,0.0048,0.072,0.5286,3.6219,-3.8828,-0.00058,0.00214,0.00433,0.02507,0.8699
12.8000,JELLY_A,0.1839,0.0321,0.05,J_DRIFT_IDLE,13.72,0.0173,0.000,1.0422,2.1510,-3.4606,0.00416,0.00835,-0.00119,0.03732,0.0282
12.8000,JELLY_B,0.2466,-0.3398,1.00,J_PULSE_CRUISE,8.21,0.0157,0.077,1.4758,2.9495,-3.7704,0.00075,0.01131,0.00140,0.04041,0.8717
12.8000,JELLY_C,0.4044,-1.1803,1.00,J_PULSE_CRUISE,10.05,0.0044,0.072,0.5286,3.6219,-3.8826,-0.00057,0.00206,0.00431,0.02466,0.8409
12.8333,JELLY_A,0.1948,0.0104,0.05,J_DRIFT_IDLE,13.69,0.0173,0.000,1.0423,2.1512,-3.4606,0.00414,0.00827,-0.00119,0.03732,0.0315
12.8333,JELLY_B,0.2591,-0.4271,1.00,J_PULSE_CRUISE,8.23,0.0149,0.077,1.4758,2.9498,-3.7704,0.00076,0.01117,0.00139,0.04041,0.9069
12.8333,JELLY_C,0.4174,-1.2050,1.00,J_PULSE_CRUISE,10.06,0.0039,0.072,0.5286,3.6220,-3.8825,-0.00056,0.00198,0.00430,0.02415,0.8094
12.8667,JELLY_A,0.2058,-0.0019,0.05,J_DRIFT_IDLE,13.66,0.0173,0.000,1.0424,2.1515,-3.4607,0.00412,0.00819,-0.00119,0.03732,0.0346
12.8667,JELLY_B,0.2716,-0.5118,1.00,J_PULSE_CRUISE,8.26,0.0141,0.077,1.4758,2.9502,-3.7703,0.00077,0.01103,0.00139,0.04041,0.9334
12.8667,JELLY_C,0.4305,-1.2217,1.00,J_PULSE_CRUISE,10.06,0.0035,0.072,0.5286,3.6221,-3.8824,-0.00056,0.00192,0.00428,0.02355,0.7758
12.9000,JELLY_A,0.2167,-0.0054,0.05,J_DRIFT_IDLE,13.62,0.0174,0.000,1.0426,2.1518,-3.4607,0.00410,0.00811,-0.00118,0.03732,0.0374
12.9000,JELLY_B,0.2841,-0.5934,1.00,J_PULSE_CRUISE,8.29,0.0134,0.077,1.4759,2.9506,-3.7703,0.00077,0.01089,0.00138,0.04041,0.9518
12.9000,JELLY_C,0.4436,-1.2302,1.00,J_PULSE_CRUISE,10.07,0.0031,0.072,0.5286,3.6221,-3.8822,-0.00055,0.00187,0.00427,0.02289,0.7404
12.9333,JELLY_A,0.2276,-0.0089,0.05,J_DRIFT_IDLE,13.59,0.0174,0.000,1.0427,2.1521,-3.4607,0.00408,0.00803,-0.00118,0.03732,0.0400
12.9333,JELLY_B,0.2966,-0.6715,1.00,J_PULSE_CRUISE,8.31,0.0126,0.077,1.4759,2.9509,-3.7702,0.00078,0.01076,0.00137,0.04041,0.9627
12.9333,JELLY_C,0.4566,-1.2303,1.00,J_PULSE_CRUISE,10.07,0.0027,0.072,0.5285,3.6222,-3.8821,-0.00054,0.00185,0.00427,0.02220,0.7035
12.9667,JELLY_A,0.2385,-0.0123,0.05,J_DRIFT_IDLE,13.56,0.0174,0.000,1.0429,2.1523,-3.4608,0.00406,0.00795,-0.00117,0.03732,0.0421
12.9667,JELLY_B,0.3091,-0.7454,1.00,J_PULSE_CRUISE,8.34,0.0119,0.077,1.4759,2.9513,-3.7702,0.00079,0.01062,0.00137,0.04041,0.9668
12.9667,JELLY_C,0.4697,-1.2222,1.00,J_PULSE_CRUISE,10.07,0.0024,0.072,0.5285,3.6223,-3.8819,-0.00053,0.00185,0.00426,0.02149,0.6653
13.0000,JELLY_A,0.2494,-0.0157,0.05,J_DRIFT_IDLE,13.52,0.0174,0.000,1.0430,2.1526,-3.4608,0.00405,0.00787,-0.00117,0.03732,0.0440
13.0000,JELLY_B,0.3216,-0.8148,1.00,J_PULSE_CRUISE,8.36,0.0112,0.077,1.4759,2.9516,-3.7702,0.00079,0.01049,0.00136,0.04040,0.9648
13.0000,JELLY_C,0.4828,-1.2059,1.00,J_PULSE_CRUISE,10.08,0.0022,0.072,0.5285,3.6223,-3.8818,-0.00052,0.00188,0.00427,0.02081,0.6261
13.0333,JELLY_A,0.2604,-0.0191,0.05,J_DRIFT_IDLE,13.49,0.0175,0.000,1.0431,2.1529,-3.4609,0.00403,0.00779,-0.00116,0.03732,0.0455
13.0333,JELLY_B,0.3341,-0.8792,1.00,J_PULSE_CRUISE,8.38,0.0106,0.077,1.4760,2.9520,-3.7701,0.00080,0.01037,0.00135,0.04039,0.9574
13.0333,JELLY_C,0.4958,-1.1814,1.00,J_PULSE_CRUISE,10.08,0.0020,0.072,0.5285,3.6224,-3.8816,-0.00051,0.00193,0.00427,0.02018,0.5863
13.0667,JELLY_A,0.2713,-0.0223,0.05,J_DRIFT_IDLE,13.46,0.0175,0.000,1.0433,2.1531,-3.4609,0.00401,0.00771,-0.00116,0.03732,0.0466
13.0667,JELLY_B,0.3466,-0.9383,1.00,J_PULSE_CRUISE,8.40,0.0099,0.077,1.4760,2.9523,-3.7701,0.00081,0.01024,0.00135,0.04033,0.9452
13.0667,JELLY_C,0.5089,-1.1489,1.00,J_PULSE_CRUISE,10.08,0.0019,0.072,0.5285,3.6225,-3.8815,-0.00050,0.00201,0.00429,0.01963,0.5460
13.1000,JELLY_A,0.2822,-0.0254,0.05,J_DRIFT_IDLE,13.42,0.0175,0.000,1.0434,2.1534,-3.4609,0.00399,0.00764,-0.00116,0.03732,0.0475
13.1000,JELLY_B,0.3591,-0.9916,1.00,J_PULSE_CRUISE,8.42,0.0093,0.077,1.4760,2.9527,-3.7700,0.00081,0.01011,0.00134,0.04015,0.9288
13.1000,JELLY_C,0.5220,-1.1087,1.00,J_PULSE_CRUISE,10.08,0.0019,0.072,0.5285,3.6225,-3.8814,-0.00049,0.00212,0.00430,0.01919,0.5055
13.1333,JELLY_A,0.2931,-0.0284,0.05,J_DRIFT_IDLE,13.39,0.0175,0.000,1.0435,2.1536,-3.4610,0.00398,0.00756,-0.00115,0.03732,0.0480
13.1333,JELLY_B,0.3716,-1.0388,1.00,J_PULSE_CRUISE,8.44,0.0087,0.077,1.4760,2.9530,-3.7700,0.00082,0.00999,0.00134,0.03982,0.9086
13.1333,JELLY_C,0.5351,-1.0609,1.00,J_PULSE_CRUISE,10.08,0.0020,0.072,0.5284,3.6226,-3.8812,-0.00048,0.00225,0.00432,0.01888,0.4651
13.1667,JELLY_A,0.3040,-0.0313,0.05,J_DRIFT_IDLE,13.36,0.0175,0.000,1.0437,2.1539,-3.4610,0.00396,0.00749,-0.00115,0.03732,0.0483
13.1667,JELLY_B,0.3841,-1.0796,1.00,J_PULSE_CRUISE,8.45,0.0081,0.077,1.4761,2.9533,-3.7699,0.00083,0.00987,0.00133,0.03934,0.8852
13.1667,JELLY_C,0.5481,-1.0060,1.00,J_PULSE_CRUISE,10.07,0.0021,0.072,0.5284,3.6227,-3.8811,-0.00046,0.00240,0.00435,0.01870,0.4250
13.2000,JELLY_A,0.3150,-0.0340,0.05,J_DRIFT_IDLE,13.32,0.0175,0.000,1.0438,2.1541,-3.4610,0.00394,0.00741,-0.00114,0.03731,0.0484
13.2000,JELLY_B,0.3966,-1.1137,1.00,J_PULSE_CRUISE,8.47,0.0075,0.077,1.4761,2.9536,-3.7699,0.00083,0.00975,0.00133,0.03872,0.8589
13.2000,JELLY_C,0.5612,-0.9442,1.00,J_PULSE_CRUISE,10.07,0.0023,0.072,0.5284,3.6228,-3.8809,-0.00045,0.00257,0.00437,0.01863,0.3854
13.2333,JELLY_A,0.3259,-0.0366,0.05,J_DRIFT_IDLE,13.29,0.0175,0.000,1.0439,2.1544,-3.4611,0.00393,0.00734,-0.00114,0.03729,0.0482
13.2333,JELLY_B,0.4091,-1.1410,1.00,J_PULSE_CRUISE,8.48,0.0069,0.077,1.4761,2.9540,-3.7698,0.00084,0.00964,0.00132,0.03799,0.8302
13.2333,JELLY_C,0.5743,-0.8760,1.00,J_PULSE_CRUISE,10.07,0.0026,0.072,0.5284,3.6229,-3.8808,-0.00044,0.00276,0.00440,0.01864,0.3467
13.2667,JELLY_A,0.3368,-0.0390,0.05,J_DRIFT_IDLE,13.26,0.0176,0.000,1.0440,2.1546,-3.4611,0.00391,0.00726,-0.00113,0.03727,0.0478
13.2667,JELLY_B,0.4216,-1.1613,1.00,J_PULSE_CRUISE,8.49,0.0064,0.077,1.4762,2.9543,-3.7698,0.00084,0.00953,0.00132,0.03716,0.7993
13.2667,JELLY_C,0.5874,-0.8018,1.00,J_PULSE_CRUISE,10.06,0.0028,0.072,0.5284,3.6229,-3.8806,-0.00042,0.00296,0.00443,0.01869,0.3091
13.3000,JELLY_A,0.3477,-0.0412,0.05,J_DRIFT_IDLE,13.22,0.0176,0.000,1.0442,2.1548,-3.4612,0.00389,0.00719,-0.00113,0.03723,0.0473
13.3000,JELLY_B,0.4342,-1.1744,1.00,J_PULSE_CRUISE,8.51,0.0059,0.077,1.4762,2.9546,-3.7698,0.00085,0.00944,0.00132,0.03627,0.7665
13.3000,JELLY_C,0.6005,-0.7222,1.00,J_PULSE_CRUISE,10.06,0.0031,0.072,0.5284,3.6231,-3.8805,-0.00040,0.00316,0.00446,0.01878,0.2728
13.3333,JELLY_A,0.3587,-0.0432,0.05,J_DRIFT_IDLE,13.19,0.0176,0.000,1.0443,2.1551,-3.4612,0.00388,0.00712,-0.00112,0.03719,0.0465
13.3333,JELLY_B,0.4467,-1.1802,1.00,J_PULSE_CRUISE,8.52,0.0054,0.077,1.4762,2.9549,-3.7697,0.00086,0.00937,0.00132,0.03535,0.7322
13.3333,JELLY_C,0.6136,-0.6377,1.00,J_PULSE_CRUISE,10.05,0.0033,0.072,0.5283,3.6232,-3.8803,-0.00039,0.00336,0.00449,0.01890,0.2380
13.3667,JELLY_A,0.3696,-0.0451,0.05,J_DRIFT_IDLE,13.16,0.0176,0.000,1.0444,2.1553,-3.4612,0.00386,0.00705,-0.00112,0.03715,0.0457
13.3667,JELLY_B,0.4592,-1.1787,1.00,J_PULSE_CRUISE,8.53,0.0049,0.077,1.4762,2.9552,-3.7697,0.00087,0.00932,0.00133,0.03443,0.6965
13.3667,JELLY_C,0.6267,-0.5488,1.00,J_PULSE_CRUISE,10.05,0.0036,0.072,0.5283,3.6233,-3.8802,-0.00037,0.00355,0.00452,0.01904,0.2050
13.4000,JELLY_A,0.3805,-0.0467,0.05,J_DRIFT_IDLE,13.12,0.0176,0.000,1.0446,2.1556,-3.4613,0.00385,0.00698,-0.00111,0.03709,0.0447
13.4000,JELLY_B,0.4717,-1.1699,1.00,J_PULSE_CRUISE,8.54,0.0044,0.077,1.4763,2.9555,-3.7696,0.00087,0.00929,0.00133,0.03355,0.6597
13.4000,JELLY_C,0.6398,-0.4561,1.00,J_PULSE_CRUISE,10.04,0.0039,0.072,0.5283,3.6234,-3.8800,-0.00036,0.00375,0.00455,0.01921,0.1741
13.4333,JELLY_A,0.3914,-0.0480,0.05,J_DRIFT_IDLE,13.09,0.0176,0.000,1.0447,2.1558,-3.4613,0.00383,0.00691,-0.00111,0.03704,0.0436
13.4333,JELLY_B,0.4843,-1.1539,1.00,J_PULSE_CRUISE,8.54,0.0039,0.077,1.4763,2.9559,-3.7696,0.00088,0.00928,0.00135,0.03273,0.6220
13.4333,JELLY_C,0.6529,-0.3603,1.00,J_PULSE_CRUISE,10.03,0.0041,0.072,0.5283,3.6235,-3.8799,-0.00034,0.00395,0.00458,0.01939,0.1453
13.4667,JELLY_A,0.4024,-0.0492,0.05,J_DRIFT_IDLE,13.06,0.0176,0.000,1.0448,2.1560,-3.4613,0.00382,0.00684,-0.00110,0.03698,0.0424
13.4667,JELLY_B,0.4968,-1.1307,1.00,J_PULSE_CRUISE,8.55,0.0034,0.077,1.4763,2.9562,-3.7695,0.00089,0.00930,0.00136,0.03202,0.5837
13.4667,JELLY_C,0.6660,-0.2619,1.00,J_PULSE_CRUISE,10.03,0.0044,0.072,0.5283,3.6237,-3.8797,-0.00032,0.00414,0.00461,0.01959,0.1189
13.5000,JELLY_A,0.4133,-0.0501,0.05,J_DRIFT_IDLE,13.02,0.0176,0.000,1.0449,2.1562,-3.4614,0.00380,0.00677,-0.00110,0.03693,0.0411
13.5000,JELLY_B,0.5093,-1.1004,1.00,J_PULSE_CRUISE,8.56,0.0030,0.077,1.4764,2.9565,-3.7695,0.00090,0.00934,0.00138,0.03142,0.5451
13.5000,JELLY_C,0.6791,-0.1618,1.00,J_PULSE_CRUISE,10.02,0.0046,0.072,0.5283,3.6238,-3.8796,-0.00031,0.00433,0.00464,0.01981,0.0951
13.5333,JELLY_A,0.4242,-0.0508,0.05,J_DRIFT_IDLE,12.99,0.0176,0.000,1.0451,2.1565,-3.4614,0.00379,0.00670,-0.00109,0.03687,0.0397
13.5333,JELLY_B,0.5219,-1.0633,1.00,J_PULSE_CRUISE,8.56,0.0026,0.077,1.4764,2.9568,-3.7694,0.00091,0.00941,0.00140,0.03098,0.5062
13.5333,JELLY_C,0.6922,-0.0605,1.00,J_PULSE_CRUISE,10.01,0.0049,0.072,0.5283,3.6240,-3.8794,-0.00029,0.00452,0.00466,0.02005,0.0741
13.5667,JELLY_A,0.4352,-0.0513,0.05,J_DRIFT_IDLE,12.96,0.0176,0.000,1.0452,2.1567,-3.4615,0.00377,0.00663,-0.00109,0.03682,0.0383
13.5667,JELLY_B,0.5344,-1.0196,1.00,J_PULSE_CRUISE,8.57,0.0021,0.077,1.4764,2.9571,-3.7694,0.00093,0.00949,0.00143,0.03070,0.4675
13.5667,JELLY_C,0.7053,0.0000,1.00,J_GLIDE,10.00,0.0051,0.072,0.5283,3.6241,-3.8793,-0.00027,0.00470,0.00469,0.02030,0.0559
13.6000,JELLY_A,0.4461,-0.0515,0.05,J_DRIFT_IDLE,12.92,0.0176,0.000,1.0453,2.1569,-3.4615,0.00376,0.00657,-0.00108,0.03678,0.0368
13.6000,JELLY_B,0.5470,-0.9696,1.00,J_PULSE_CRUISE,8.57,0.0017,0.077,1.4765,2.9574,-3.7693,0.00094,0.00960,0.00146,0.03056,0.4290
13.6000,JELLY_C,0.7184,0.0000,1.00,J_GLIDE,9.99,0.0054,0.072,0.5283,3.6243,-3.8791,-0.00026,0.00488,0.00471,0.02056,0.0407
13.6333,JELLY_A,0.4570,-0.0515,0.05,J_DRIFT_IDLE,12.89,0.0176,0.000,1.0455,2.1571,-3.4615,0.00374,0.00650,-0.00108,0.03674,0.0352
13.6333,JELLY_B,0.5595,-0.9134,1.00,J_PULSE_CRUISE,8.57,0.0014,0.077,1.4765,2.9577,-3.7693,0.00095,0.00972,0.00149,0.03051,0.3910
13.6333,JELLY_C,0.7315,0.0000,1.00,J_GLIDE,9.98,0.0056,0.072,0.5283,3.6244,-3.8789,-0.00024,0.00505,0.00473,0.02083,0.0283
13.6667,JELLY_A,0.4679,-0.0512,0.05,J_DRIFT_IDLE,12.85,0.0175,0.000,1.0456,2.1573,-3.4616,0.00373,0.00644,-0.00107,0.03670,0.0336
13.6667,JELLY_B,0.5721,-0.8516,1.00,J_PULSE_CRUISE,8.58,0.0010,0.077,1.4765,2.9581,-3.7692,0.00096,0.00985,0.00152,0.03052,0.3537
13.6667,JELLY_C,0.7447,0.0000,1.00,J_GLIDE,9.97,0.0058,0.072,0.5282,3.6246,-3.8788,-0.00022,0.00520,0.00475,0.02112,0.0185
13.7000,JELLY_A,0.4789,-0.0507,0.05,J_DRIFT_IDLE,12.82,0.0175,0.000,1.0457,2.1576,-3.4616,0.00372,0.00637,-0.00107,0.03668,0.0320
13.7000,JELLY_B,0.5846,-0.7844,1.00,J_PULSE_CRUISE,8.58,0.0006,0.077,1.4765,2.9584,-3.7692,0.00098,0.00999,0.00155,0.03058,0.3174
13.7000,JELLY_C,0.7578,0.0000,1.00,J_GLIDE,9.96,0.0060,0.072,0.5282,3.6248,-3.8786,-0.00020,0.00535,0.00477,0.02141,0.0109
13.7333,JELLY_A,0.4898,-0.0499,0.05,J_DRIFT_IDLE,12.79,0.0175,0.000,1.0458,2.1578,-3.4616,0.00370,0.00631,-0.00106,0.03666,0.0303
13.7333,JELLY_B,0.5972,-0.7124,1.00,J_PULSE_CRUISE,8.58,0.0003,0.077,1.4766,2.9587,-3.7691,0.00099,0.01014,0.00159,0.03067,0.2822
13.7333,JELLY_C,0.7709,0.0000,1.00,J_GLIDE,9.95,0.0063,0.072,0.5282,3.6250,-3.8785,-0.00019,0.00549,0.00478,0.02170,0.0054
13.7667,JELLY_A,0.5007,-0.0489,0.05,J_DRIFT_IDLE,12.75,0.0175,0.000,1.0459,2.1580,-3.4617,0.00369,0.00625,-0.00106,0.03665,0.0287
13.7667,JELLY_B,0.6097,-0.6358,1.00,J_PULSE_CRUISE,8.58,0.0003,0.077,1.4766,2.9591,-3.7691,0.00100,0.01028,0.00162,0.03080,0.2484
13.7667,JELLY_C,0.7840,0.0000,1.00,J_GLIDE,9.94,0.0065,0.072,0.5282,3.6252,-3.8783,-0.00017,0.00562,0.00479,0.02201,0.0014
13.8000,JELLY_A,0.5117,-0.0477,0.05,J_DRIFT_IDLE,12.72,0.0175,0.000,1.0461,2.1582,-3.4617,0.00368,0.00619,-0.00105,0.03665,0.0270
13.8000,JELLY_B,0.6223,-0.5553,1.00,J_PULSE_CRUISE,8.58,0.0005,0.077,1.4766,2.9594,-3.7690,0.00102,0.01042,0.00166,0.03096,0.2162
13.8000,JELLY_C,0.7972,0.0000,1.00,J_GLIDE,9.92,0.0067,0.072,0.5282,3.6253,-3.8781,-0.00016,0.00574,0.00481,0.02231,-0.0013
13.8333,JELLY_A,0.5226,-0.0462,0.05,J_DRIFT_IDLE,12.69,0.0175,0.000,1.0462,2.1584,-3.4617,0.00367,0.00614,-0.00105,0.03665,0.0253
13.8333,JELLY_B,0.6348,-0.4712,1.00,J_PULSE_CRUISE,8.58,0.0008,0.077,1.4767,2.9598,-3.7690,0.00103,0.01056,0.00169,0.03115,0.1858
13.8333,JELLY_C,0.8103,0.0000,1.00,J_GLIDE,9.91,0.0069,0.072,0.5282,3.6255,-3.8780,-0.00014,0.00585,0.00482,0.02261,-0.0030
13.8667,JELLY_A,0.5335,-0.0446,0.05,J_DRIFT_IDLE,12.65,0.0175,0.000,1.0463,2.1586,-3.4618,0.00365,0.00608,-0.00104,0.03666,0.0236
13.8667,JELLY_B,0.6474,-0.3842,1.00,J_PULSE_CRUISE,8.57,0.0011,0.077,1.4767,2.9601,-3.7689,0.00105,0.01070,0.00173,0.03136,0.1573
13.8667,JELLY_C,0.8234,0.0000,1.00,J_GLIDE,9.90,0.0070,0.072,0.5282,3.6257,-3.8778,-0.00012,0.00596,0.00482,0.02291,-0.0039
13.9000,JELLY_A,0.5445,-0.0427,0.05,J_DRIFT_IDLE,12.62,0.0175,0.000,1.0464,2.1588,-3.4618,0.00364,0.00602,-0.00104,0.03666,0.0219
13.9000,JELLY_B,0.6600,-0.2947,1.00,J_PULSE_CRUISE,8.57,0.0015,0.077,1.4768,2.9605,-3.7689,0.00106,0.01083,0.00176,0.03160,0.1310
13.9000,JELLY_C,0.8366,0.0000,1.00,J_GLIDE,9.88,0.0072,0.072,0.5282,3.6259,-3.8777,-0.00011,0.00605,0.00483,0.02321,-0.0043
13.9333,JELLY_A,0.5554,-0.0406,0.05,J_DRIFT_IDLE,12.59,0.0175,0.000,1.0466,2.1590,-3.4618,0.00363,0.00597,-0.00103,0.03667,0.0202
13.9333,JELLY_B,0.6725,-0.2034,1.00,J_PULSE_CRUISE,8.57,0.0018,0.077,1.4768,2.9608,-3.7688,0.00107,0.01097,0.00179,0.03187,0.1069
13.9333,JELLY_C,0.8497,0.0000,1.00,J_GLIDE,9.87,0.0074,0.072,0.5282,3.6261,-3.8775,-0.00009,0.00614,0.00484,0.02350,-0.0043
13.9667,JELLY_A,0.5663,-0.0384,0.05,J_DRIFT_IDLE,12.55,0.0174,0.000,1.0467,2.1592,-3.4619,0.00362,0.00591,-0.00102,0.03668,0.0186
13.9667,JELLY_B,0.6851,-0.1107,1.00,J_PULSE_CRUISE,8.57,0.0020,0.077,1.4768,2.9612,-3.7687,0.00109,0.01110,0.00183,0.03215,0.0853
13.9667,JELLY_C,0.8628,0.0000,1.00,J_GLIDE,9.86,0.0076,0.072,0.5282,3.6263,-3.8773,-0.00008,0.00622,0.00484,0.02378,-0.0040
14.0000,JELLY_A,0.5773,-0.0359,0.05,J_DRIFT_IDLE,12.52,0.0174,0.000,1.0468,2.1594,-3.4619,0.00361,0.00586,-0.00102,0.03669,0.0170
14.0000,JELLY_B,0.6977,-0.0173,1.00,J_PULSE_CRUISE,8.56,0.0023,0.077,1.4769,2.9616,-3.7687,0.00110,0.01123,0.00186,0.03246,0.0663
14.0000,JELLY_C,0.8760,0.0000,1.00,J_GLIDE,9.84,0.0077,0.072,0.5282,3.6266,-3.8772,-0.00006,0.00630,0.00484,0.02406,-0.0036
14.0333,JELLY_A,0.5882,-0.0333,0.05,J_DRIFT_IDLE,12.49,0.0174,0.000,1.0469,2.1596,-3.4619,0.00360,0.00581,-0.00101,0.03670,0.0154
14.0333,JELLY_B,0.7102,0.0000,1.00,J_GLIDE,8.56,0.0026,0.077,1.4769,2.9620,-3.7686,0.00111,0.01135,0.00189,0.03278,0.0500
14.0333,JELLY_C,0.8891,0.0000,1.00,J_GLIDE,9.83,0.0079,0.072,0.5282,3.6268,-3.8770,-0.00004,0.00636,0.00485,0.02432,-0.0031
14.0667,JELLY_A,0.5991,-0.0305,0.05,J_DRIFT_IDLE,12.45,0.0174,0.000,1.0470,2.1598,-3.4620,0.00359,0.00576,-0.00101,0.03672,0.0139
14.0667,JELLY_B,0.7228,0.0000,1.00,J_GLIDE,8.55,0.0029,0.077,1.4769,2.9623,-3.7686,0.00113,0.01146,0.00192,0.03312,0.0363
14.0667,JELLY_C,0.9023,0.0000,1.00,J_GLIDE,9.81,0.0081,0.072,0.5282,3.6270,-3.8769,-0.00003,0.00643,0.00485,0.02457,-0.0026
14.1000,JELLY_A,0.6100,-0.0276,0.05,J_DRIFT_IDLE,12.42,0.0174,0.000,1.0472,2.1600,-3.4620,0.00358,0.00570,-0.00100,0.03673,0.0124
14.1000,JELLY_B,0.7354,0.0000,1.00,J_GLIDE,8.55,0.0031,0.077,1.4770,2.9627,-3.7685,0.00114,0.01156,0.00195,0.03347,0.0252
14.1000,JELLY_C,0.9154,0.0000,1.00,J_GLIDE,9.80,0.0082,0.072,0.5282,3.6272,-3.8767,-0.00001,0.00648,0.00485,0.02481,-0.0021
14.1333,JELLY_A,0.6210,-0.0245,0.05,J_DRIFT_IDLE,12.39,0.0173,0.000,1.0473,2.1601,-3.4620,0.00357,0.00565,-0.00100,0.03675,0.0110
14.1333,JELLY_B,0.7480,0.0000,1.00,J_GLIDE,8.54,0.0034,0.077,1.4770,2.9631,-3.7684,0.00115,0.01166,0.00198,0.03384,0.0164
14.1333,JELLY_C,0.9286,0.0000,1.00,J_GLIDE,9.78,0.0084,0.072,0.5282,3.6274,-3.8765,0.00000,0.00653,0.00484,0.02504,-0.0017
14.1667,JELLY_A,0.6319,-0.0214,0.05,J_DRIFT_IDLE,12.36,0.0173,0.000,1.0474,2.1603,-3.4621,0.00356,0.00560,-0.00099,0.03676,0.0097
14.1667,JELLY_B,0.7606,0.0000,1.00,J_GLIDE,8.53,0.0036,0.077,1.4770,2.9635,-3.7684,0.00116,0.01174,0.00201,0.03421,0.0096
14.1667,JELLY_C,0.9417,0.0000,1.00,J_GLIDE,9.77,0.0085,0.072,0.5282,3.6276,-3.8764,0.00002,0.00657,0.00484,0.02524,-0.0013
14.2000,JELLY_A,0.6428,-0.0181,0.05,J_DRIFT_IDLE,12.32,0.0173,0.000,1.0475,2.1605,-3.4621,0.00355,0.00555,-0.00098,0.03678,0.0084
14.2000,JELLY_B,0.7731,0.0000,1.00,J_GLIDE,8.53,0.0038,0.077,1.4771,2.9639,-3.7683,0.00117,0.01182,0.00203,0.03460,0.0046
14.2000,JELLY_C,0.9549,0.0000,1.00,J_GLIDE,9.75,0.0086,0.072,0.5282,3.6278,-3.8762,0.00003,0.00661,0.00484,0.02543,-0.0010
14.2333,JELLY_A,0.6538,-0.0148,0.05,J_DRIFT_IDLE,12.29,0.0173,0.000,1.0476,2.1607,-3.4621,0.00354,0.00550,-0.00098,0.03680,0.0072
14.2333,JELLY_B,0.7857,0.0000,1.00,J_GLIDE,8.52,0.0041,0.077,1.4771,2.9643,-3.7682,0.00119,0.01189,0.00206,0.03498,0.0009
14.2333,JELLY_C,0.9681,0.0000,1.00,J_GLIDE,9.73,0.0088,0.072,0.5282,3.6281,-3.8761,0.00004,0.00664,0.00483,0.02561,-0.0007
14.2667,JELLY_A,0.6647,-0.0113,0.05,J_DRIFT_IDLE,12.26,0.0173,0.000,1.0477,2.1609,-3.4622,0.00353,0.00545,-0.00097,0.03682,0.0061
14.2667,JELLY_B,0.7983,0.0000,1.00,J_GLIDE,8.51,0.0043,0.077,1.4772,2.9647,-3.7682,0.00120,0.01195,0.00208,0.03537,-0.0015
14.2667,JELLY_C,0.9812,0.0000,1.00,J_GLIDE,9.72,0.0089,0.072,0.5282,3.6283,-3.8759,0.00006,0.00667,0.00483,0.02576,-0.0005
14.3000,JELLY_A,0.6756,-0.0079,0.05,J_DRIFT_IDLE,12.22,0.0172,0.000,1.0479,2.1611,-3.4622,0.00352,0.00540,-0.00096,0.03684,0.0051
14.3000,JELLY_B,0.8109,0.0000,1.00,J_GLIDE,8.50,0.0045,0.077,1.4772,2.9651,-3.7681,0.00121,0.01201,0.00211,0.03576,-0.0031
14.3000,JELLY_C,0.9944,0.0000,1.00,J_GLIDE,9.70,0.0090,0.072,0.5282,3.6285,-3.8757,0.00007,0.00669,0.00482,0.02589,-0.0003
14.3333,JELLY_A,0.6866,-0.0043,0.05,J_DRIFT_IDLE,12.19,0.0172,0.000,1.0480,2.1612,-3.4622,0.00351,0.00535,-0.00096,0.03686,0.0042
14.3333,JELLY_B,0.8235,0.0000,1.00,J_GLIDE,8.49,0.0047,0.077,1.4772,2.9655,-3.7680,0.00122,0.01206,0.00213,0.03614,-0.0040
14.3333,JELLY_C,0.0075,0.3669,1.00,J_PULSE_CRUISE,9.68,0.0090,0.065,0.5282,3.6287,-3.8756,0.00008,0.00660,0.00480,0.02600,-0.0001
14.3667,JELLY_A,0.6975,-0.0008,0.05,J_DRIFT_IDLE,12.16,0.0172,0.000,1.0481,2.1614,-3.4623,0.00350,0.00530,-0.00095,0.03689,0.0033
14.3667,JELLY_B,0.8361,0.0000,1.00,J_GLIDE,8.49,0.0049,0.077,1.4773,2.9659,-3.7679,0.00123,0.01210,0.00215,0.03652,-0.0043
14.3667,JELLY_C,0.0207,0.9920,1.00,J_PULSE_CRUISE,9.66,0.0085,0.065,0.5282,3.6290,-3.8754,0.00009,0.00649,0.00477,0.02609,0.0006
14.4000,JELLY_A,0.7084,0.0000,0.05,J_DRIFT_IDLE,12.12,0.0172,0.000,1.0482,2.1616,-3.4623,0.00349,0.00525,-0.00095,0.03691,0.0026
14.4000,JELLY_B,0.8487,0.0000,1.00,J_GLIDE,8.48,0.0051,0.077,1.4773,2.9663,-3.7679,0.00124,0.01213,0.00217,0.03689,-0.0043
14.4000,JELLY_C,0.0339,1.5751,1.00,J_PULSE_CRUISE,9.65,0.0074,0.065,0.5282,3.6292,-3.8753,0.00011,0.00642,0.00475,0.02613,0.0034
14.4333,JELLY_A,0.7194,0.0000,0.05,J_DRIFT_IDLE,12.09,0.0171,0.000,1.0483,2.1618,-3.4623,0.00348,0.00520,-0.00094,0.03693,0.0020
14.4333,JELLY_B,0.8613,0.0000,1.00,J_GLIDE,8.47,0.0053,0.077,1.4774,2.9667,-3.7678,0.00125,0.01216,0.00219,0.03726,-0.0041
14.4333,JELLY_C,0.0471,2.0913,1.00,J_PULSE_CRUISE,9.64,0.0059,0.065,0.5282,3.6294,-3.8751,0.00012,0.00642,0.00474,0.02615,0.0102
14.4667,JELLY_A,0.7303,0.0000,0.05,J_DRIFT_IDLE,12.06,0.0171,0.000,1.0484,2.1619,-3.4624,0.00347,0.00515,-0.00093,0.03695,0.0015
14.4667,JELLY_B,0.8739,0.0000,1.00,J_GLIDE,8.46,0.0055,0.077,1.4774,2.9671,-3.7677,0.00126,0.01218,0.00220,0.03761,-0.0037
14.4667,JELLY_C,0.0602,2.5184,1.00,J_PULSE_CRUISE,9.63,0.0042,0.065,0.5282,3.6296,-3.8749,0.00013,0.00648,0.00474,0.02614,0.0231
14.5000,JELLY_A,0.7412,0.0000,0.05,J_DRIFT_IDLE,12.03,0.0171,0.000,1.0486,2.1621,-3.4624,0.00346,0.00510,-0.00093,0.03698,0.0010
14.5000,JELLY_B,0.8865,0.0000,1.00,J_GLIDE,8.44,0.0057,0.077,1.4775,2.9675,-3.7677,0.00127,0.01220,0.00222,0.03795,-0.0033
14.5000,JELLY_C,0.0734,2.8383,1.00,J_PULSE_CRUISE,9.62,0.0024,0.065,0.5282,3.6298,-3.8748,0.00015,0.00661,0.00476,0.02613,0.0442
14.5333,JELLY_A,0.7522,0.0000,0.05,J_DRIFT_IDLE,11.99,0.0171,0.000,1.0487,2.1623,-3.4624,0.00345,0.00505,-0.00092,0.03700,0.0007
14.5333,JELLY_B,0.8991,0.0000,1.00,J_GLIDE,8.43,0.0058,0.077,1.4775,2.9679,-3.7676,0.00128,0.01221,0.00224,0.03827,-0.0028
14.5333,JELLY_C,0.0866,3.0371,1.00,J_PULSE_CRUISE,9.62,0.0021,0.065,0.5282,3.6300,-3.8746,0.00017,0.00678,0.00478,0.02611,0.0749
14.5667,JELLY_A,0.7631,0.0000,0.05,J_DRIFT_IDLE,11.96,0.0170,0.000,1.0488,2.1625,-3.4625,0.00344,0.00501,-0.00091,0.03703,0.0004
14.5667,JELLY_B,0.9117,0.0000,1.00,J_GLIDE,8.42,0.0060,0.077,1.4775,2.9683,-3.7675,0.00128,0.01222,0.00225,0.03857,-0.0023
14.5667,JELLY_C,0.0998,3.1062,1.00,J_PULSE_CRUISE,9.62,0.0037,0.065,0.5282,3.6303,-3.8745,0.00019,0.00698,0.00480,0.02609,0.1159
14.6000,JELLY_A,0.7740,0.0000,0.05,J_DRIFT_IDLE,11.93,0.0170,0.000,1.0489,2.1626,-3.4625,0.00343,0.00496,-0.00091,0.03705,0.0002
14.6000,JELLY_B,0.9243,0.0000,1.00,J_GLIDE,8.41,0.0062,0.077,1.4776,2.9687,-3.7674,0.00129,0.01222,0.00227,0.03885,-0.0018
14.6000,JELLY_C,0.1130,3.0426,1.00,J_PULSE_CRUISE,9.63,0.0058,0.065,0.5282,3.6305,-3.8743,0.00020,0.00716,0.00482,0.02607,0.1674
14.6333,JELLY_A,0.7849,0.0000,0.05,J_DRIFT_IDLE,11.90,0.0170,0.000,1.0490,2.1628,-3.4625,0.00342,0.00491,-0.00090,0.03707,0.0000
14.6333,JELLY_B,0.9369,0.0000,1.00,J_GLIDE,8.40,0.0063,0.077,1.4776,2.9692,-3.7673,0.00130,0.01222,0.00228,0.03911,-0.0014
14.6333,JELLY_C,0.1261,2.8488,1.00,J_PULSE_CRUISE,9.64,0.0078,0.065,0.5283,3.6307,-3.8741,0.00022,0.00732,0.00484,0.02606,0.2289
14.6667,JELLY_A,0.7959,0.0000,0.05,J_DRIFT_IDLE,11.86,0.0169,0.000,1.0491,2.1629,-3.4626,0.00341,0.00486,-0.00089,0.03710,-0.0001
14.6667,JELLY_B,0.9495,0.0000,1.00,J_GLIDE,8.39,0.0065,0.077,1.4777,2.9696,-3.7673,0.00131,0.01221,0.00230,0.03935,-0.0011
14.6667,JELLY_C,0.1393,2.5332,1.00,J_PULSE_CRUISE,9.65,0.0096,0.065,0.5283,3.6310,-3.8740,0.00024,0.00742,0.00485,0.02605,0.2988
14.7000,JELLY_A,0.8068,0.0000,0.05,J_DRIFT_IDLE,11.83,0.0169,0.000,1.0492,2.1631,-3.4626,0.00340,0.00481,-0.00089,0.03712,-0.0001
14.7000,JELLY_B,0.9621,0.0000,1.00,J_GLIDE,8.37,0.0066,0.077,1.4777,2.9700,-3.7672,0.00132,0.01220,0.00231,0.03957,-0.0008
14.7000,JELLY_C,0.1525,2.1090,1.00,J_PULSE_CRUISE,9.67,0.0109,0.065,0.5283,3.6312,-3.8738,0.00025,0.00746,0.00484,0.02604,0.3754
14.7333,JELLY_A,0.8177,0.0000,0.05,J_DRIFT_IDLE,11.80,0.0169,0.000,1.0494,2.1633,-3.4626,0.00339,0.00476,-0.00088,0.03714,-0.0002
14.7333,JELLY_B,0.9747,0.0000,1.00,J_GLIDE,8.36,0.0067,0.077,1.4778,2.9704,-3.7671,0.00132,0.01218,0.00232,0.03975,-0.0006
14.7333,JELLY_C,0.1657,1.5943,1.00,J_PULSE_CRUISE,9.69,0.0118,0.065,0.5283,3.6315,-3.8737,0.00027,0.00742,0.00483,0.02603,0.4560
14.7667,JELLY_A,0.8287,0.0000,0.05,J_DRIFT_IDLE,11.77,0.0169,0.000,1.0495,2.1634,-3.4626,0.00338,0.00471,-0.00087,0.03716,-0.0002
14.7667,JELLY_B,0.9873,0.0000,1.00,J_GLIDE,8.35,0.0069,0.077,1.4778,2.9708,-3.7670,0.00133,0.01216,0.00233,0.03991,-0.0004
14.7667,JELLY_C,0.1789,1.0112,1.00,J_PULSE_CRUISE,9.72,0.0122,0.065,0.5283,3.6317,-3.8735,0.00028,0.00733,0.00481,0.02602,0.5379
14.8000,JELLY_A,0.8396,0.0000,0.05,J_DRIFT_IDLE,11.73,0.0168,0.000,1.0496,2.1636,-3.4627,0.00337,0.00466,-0.00087,0.03718,-0.0002
14.8000,JELLY_B,0.9999,0.0000,1.00,J_GLIDE,8.34,0.0070,0.077,1.4778,2.9712,-3.7670,0.00134,0.01214,0.00234,0.04005,-0.0002
14.8000,JELLY_C,0.1921,0.3845,1.00,J_PULSE_CRUISE,9.74,0.0120,0.065,0.5283,3.6320,-3.8733,0.00029,0.00720,0.00478,0.02600,0.6180
14.8333,JELLY_A,0.8505,0.0000,0.05,J_DRIFT_IDLE,11.70,0.0168,0.000,1.0497,2.1637,-3.4627,0.00336,0.00462,-0.00086,0.03720,-0.0002
14.8333,JELLY_B,0.0125,0.0291,0.05,J_PAUSE_OPEN,8.32,0.0071,0.000,1.4779,2.9716,-3.7669,0.00134,0.01197,0.00233,0.04013,-0.0001
14.8333,JELLY_C,0.2053,-0.0415,1.00,J_PULSE_CRUISE,9.76,0.0113,0.065,0.5283,3.6322,-3.8732,0.00030,0.00706,0.00474,0.02598,0.6931
14.8667,JELLY_A,0.8614,0.0000,0.05,J_DRIFT_IDLE,11.67,0.0168,0.000,1.0498,2.1639,-3.4627,0.00335,0.00457,-0.00085,0.03722,-0.0002
14.8667,JELLY_B,0.0251,0.0572,0.05,J_PAUSE_OPEN,8.31,0.0073,0.000,1.4779,2.9720,-3.7668,0.00134,0.01181,0.00232,0.04017,0.0000
14.8667,JELLY_C,0.2185,-0.1444,1.00,J_PULSE_CRUISE,9.78,0.0106,0.065,0.5283,3.6324,-3.8730,0.00031,0.00692,0.00471,0.02596,0.7606
14.9000,JELLY_A,0.8724,0.0000,0.05,J_DRIFT_IDLE,11.64,0.0167,0.000,1.0499,2.1640,-3.4628,0.00334,0.00452,-0.00085,0.03724,-0.0002
14.9000,JELLY_B,0.0378,0.0831,0.05,J_PAUSE_OPEN,8.29,0.0074,0.000,1.4780,2.9724,-3.7667,0.00135,0.01165,0.00232,0.04019,0.0003
14.9000,JELLY_C,0.2317,-0.2463,1.00,J_PULSE_CRUISE,9.80,0.0099,0.065,0.5283,3.6327,-3.8729,0.00031,0.00678,0.00468,0.02595,0.8188
14.9333,JELLY_A,0.8833,0.0000,0.05,J_DRIFT_IDLE,11.61,0.0167,0.000,1.0500,2.1642,-3.4628,0.00333,0.00447,-0.00084,0.03726,-0.0002
14.9333,JELLY_B,0.0504,0.1058,0.05,J_PAUSE_OPEN,8.28,0.0075,0.000,1.4780,2.9728,-3.7667,0.00135,0.01150,0.00231,0.04020,0.0007
14.9333,JELLY_C,0.2449,-0.3466,1.00,J_PULSE_CRUISE,9.82,0.0093,0.065,0.5283,3.6329,-3.8727,0.00032,0.00665,0.00465,0.02593,0.8669
14.9667,JELLY_A,0.8942,0.0000,0.05,J_DRIFT_IDLE,11.57,0.0167,0.000,1.0501,2.1643,-3.4628,0.00332,0.00442,-0.00083,0.03728,-0.0002
14.9667,JELLY_B,0.0630,0.1243,0.05,J_PAUSE_OPEN,8.27,0.0076,0.000,1.4781,2.9731,-3.7666,0.00135,0.01134,0.00230,0.04020,0.0014
14.9667,JELLY_C,0.2581,-0.4446,1.00,J_PULSE_CRUISE,9.83,0.0086,0.065,0.5283,3.6331,-3.8726,0.00033,0.00651,0.00462,0.02591,0.9050
15.0000,JELLY_A,0.9052,0.0000,0.05,J_DRIFT_IDLE,11.54,0.0166,0.000,1.0503,2.1645,-3.4628,0.00331,0.00437,-0.00083,0.03729,-0.0001
15.0000,JELLY_B,0.0756,0.1379,0.05,J_PAUSE_OPEN,8.25,0.0077,0.000,1.4781,2.9735,-3.7665,0.00135,0.01119,0.00229,0.04021,0.0025
15.0000,JELLY_C,0.2713,-0.5395,1.00,J_PULSE_CRUISE,9.85,0.0080,0.065,0.5284,3.6333,-3.8724,0.00034,0.00638,0.00460,0.02590,0.9333
15.0333,JELLY_A,0.9161,0.0000,0.05,J_DRIFT_IDLE,11.51,0.0166,0.000,1.0504,2.1646,-3.4629,0.00330,0.00433,-0.00082,0.03730,-0.0001
15.0333,JELLY_B,0.0882,0.1462,0.05,J_PAUSE_OPEN,8.24,0.0078,0.000,1.4782,2.9739,-3.7664,0.00136,0.01104,0.00228,0.04021,0.0040
15.0333,JELLY_C,0.2845,-0.6308,1.00,J_PULSE_CRUISE,9.86,0.0074,0.065,0.5284,3.6335,-3.8722,0.00035,0.00625,0.00457,0.02589,0.9525
15.0667,JELLY_A,0.9270,0.0000,0.05,J_DRIFT_IDLE,11.48,0.0166,0.000,1.0505,2.1648,-3.4629,0.00329,0.00428,-0.00081,0.03732,-0.0001
15.0667,JELLY_B,0.1009,0.1487,0.05,J_PAUSE_OPEN,8.22,0.0079,0.000,1.4782,2.9742,-3.7663,0.00136,0.01090,0.00228,0.04021,0.0060
15.0667,JELLY_C,0.2978,-0.7178,1.00,J_PULSE_CRUISE,9.87,0.0068,0.065,0.5284,3.6337,-3.8721,0.00036,0.00612,0.00454,0.02589,0.9634
15.1000,JELLY_A,0.9379,0.0000,0.05,J_DRIFT_IDLE,11.45,0.0165,0.000,1.0506,2.1649,-3.4629,0.00328,0.00423,-0.00080,0.03733,-0.0001
15.1000,JELLY_B,0.1135,0.1454,0.05,J_PAUSE_OPEN,8.21,0.0080,0.000,1.4782,2.9746,-3.7663,0.00136,0.01076,0.00227,0.04021,0.0085
15.1000,JELLY_C,0.3110,-0.7998,1.00,J_PULSE_CRUISE,9.89,0.0062,0.065,0.5284,3.6339,-3.8719,0.00036,0.00600,0.00452,0.02588,0.9668
15.1333,JELLY_A,0.9489,0.0000,0.05,J_DRIFT_IDLE,11.42,0.0165,0.000,1.0507,2.1651,-3.4629,0.00328,0.00418,-0.00080,0.03733,-0.0001
15.1333,JELLY_B,0.1261,0.1364,0.05,J_PAUSE_OPEN,8.19,0.0081,0.000,1.4783,2.9750,-3.7662,0.00136,0.01062,0.00226,0.04021,0.0114
15.1333,JELLY_C,0.3242,-0.8764,1.00,J_PULSE_CRUISE,9.90,0.0057,0.065,0.5284,3.6341,-3.8718,0.00037,0.00587,0.00449,0.02587,0.9635
15.1667,JELLY_A,0.9598,0.0000,0.05,J_DRIFT_IDLE,11.39,0.0165,0.000,1.0508,2.1652,-3.4630,0.00327,0.00413,-0.00079,0.03734,-0.0000
15.1667,JELLY_B,0.1387,0.1220,0.05,J_PAUSE_OPEN,8.18,0.0082,0.000,1.4783,2.9753,-3.7661,0.00136,0.01048,0.00226,0.04021,0.0148
15.1667,JELLY_C,0.3374,-0.9470,1.00,J_PULSE_CRUISE,9.91,0.0052,0.065,0.5284,3.6343,-3.8716,0.00038,0.00575,0.00447,0.02586,0.9542
15.2000,JELLY_A,0.9707,0.0000,0.05,J_DRIFT_IDLE,11.35,0.0164,0.000,1.0509,2.1653,-3.4630,0.00326,0.00409,-0.00078,0.03735,-0.0000
15.2000,JELLY_B,0.1514,0.1029,0.05,J_PAUSE_OPEN,8.16,0.0083,0.000,1.4784,2.9757,-3.7660,0.00136,0.01034,0.00225,0.04021,0.0184
15.2000,JELLY_C,0.3506,-1.0111,1.00,J_PULSE_CRUISE,9.91,0.0047,0.065,0.5284,3.6345,-3.8715,0.00039,0.00563,0.00444,0.02585,0.9399
15.2333,JELLY_A,0.9816,0.0000,0.05,J_DRIFT_IDLE,11.32,0.0164,0.000,1.0510,2.1655,-3.4630,0.00325,0.00404,-0.00078,0.03735,-0.0000
15.2333,JELLY_B,0.1640,0.0797,0.05,J_PAUSE_OPEN,8.14,0.0083,0.000,1.4784,2.9760,-3.7660,0.00137,0.01021,0.00224,0.04021,0.0222
15.2333,JELLY_C,0.3639,-1.0682,1.00,J_PULSE_CRUISE,9.92,0.0042,0.065,0.5284,3.6347,-3.8713,0.00039,0.00551,0.00442,0.02580,0.9210
15.2667,JELLY_A,0.9926,0.0000,0.05,J_DRIFT_IDLE,11.29,0.0164,0.000,1.0511,2.1656,-3.4631,0.00324,0.00399,-0.00077,0.03736,-0.0000
15.2667,JELLY_B,0.1766,0.0534,0.05,J_PAUSE_OPEN,8.13,0.0084,0.000,1.4785,2.9763,-3.7659,0.00137,0.01008,0.00224,0.04021,0.0262
15.2667,JELLY_C,0.3771,-1.1180,1.00,J_PULSE_CRUISE,9.93,0.0038,0.065,0.5285,3.6349,-3.8712,0.00040,0.00539,0.00440,0.02567,0.8982
15.3000,JELLY_A,0.0035,0.1660,1.18,J_SOFT_TURN,11.26,0.0157,0.821,1.0512,2.1657,-3.4631,0.00323,0.00394,-0.00076,0.03736,0.0006
15.3000,JELLY_B,0.1893,0.0250,0.05,J_PAUSE_OPEN,8.11,0.0085,0.000,1.4785,2.9767,-3.7658,0.00137,0.00994,0.00223,0.04021,0.0300
15.3000,JELLY_C,0.3903,-1.1600,1.00,J_PULSE_CRUISE,9.93,0.0033,0.065,0.5285,3.6351,-3.8711,0.00041,0.00528,0.00437,0.02543,0.8719
15.3333,JELLY_A,0.0144,0.6812,1.18,J_SOFT_TURN,11.23,0.0104,0.821,1.0513,2.1659,-3.4631,0.00322,0.00390,-0.00075,0.03736,0.0044
15.3333,JELLY_B,0.2019,-0.0007,0.05,J_PAUSE_OPEN,8.10,0.0086,0.000,1.4786,2.9770,-3.7657,0.00137,0.00982,0.00223,0.04021,0.0337
15.3333,JELLY_C,0.4035,-1.1941,1.00,J_PULSE_CRUISE,9.94,0.0029,0.065,0.5285,3.6352,-3.8709,0.00041,0.00516,0.00435,0.02507,0.8427
15.3667,JELLY_A,0.0253,1.1764,1.18,J_SOFT_TURN,11.22,0.0100,0.821,1.0515,2.1660,-3.4631,0.00322,0.00388,-0.00075,0.03736,0.0120
15.3667,JELLY_B,0.2145,-0.0054,0.05,J_PAUSE_OPEN,8.08,0.0086,0.000,1.4786,2.9773,-3.7657,0.00137,0.00969,0.00222,0.04021,0.0370
15.3667,JELLY_C,0.4168,-1.2200,1.00,J_PULSE_CRUISE,9.94,0.0026,0.065,0.5285,3.6354,-3.8708,0.00042,0.00506,0.00433,0.02460,0.8109
15.4000,JELLY_A,0.0362,1.6369,1.18,J_SOFT_TURN,11.24,0.0270,0.821,1.0516,2.1661,-3.4632,0.00322,0.00390,-0.00074,0.03735,0.0238
15.4000,JELLY_B,0.2272,-0.0101,0.05,J_PAUSE_OPEN,8.06,0.0087,0.000,1.4787,2.9776,-3.7656,0.00137,0.00957,0.00222,0.04021,0.0400
15.4000,JELLY_C,0.4300,-1.2374,1.00,J_PULSE_CRUISE,9.94,0.0023,0.065,0.5285,3.6356,-3.8706,0.00043,0.00497,0.00431,0.02403,0.7770
15.4333,JELLY_A,0.0472,2.0493,1.18,J_SOFT_TURN,11.29,0.0512,0.821,1.0517,2.1663,-3.4632,0.00324,0.00397,-0.00073,0.03734,0.0404
15.4333,JELLY_B,0.2398,-0.0147,0.05,J_PAUSE_OPEN,8.05,0.0088,0.000,1.4787,2.9780,-3.7655,0.00137,0.00944,0.00221,0.04021,0.0425
15.4333,JELLY_C,0.4432,-1.2463,1.00,J_PULSE_CRUISE,9.95,0.0020,0.065,0.5285,3.6357,-3.8705,0.00044,0.00490,0.00430,0.02339,0.7411
15.4667,JELLY_A,0.0581,2.4015,1.18,J_SOFT_TURN,11.39,0.0802,0.821,1.0518,2.1664,-3.4632,0.00326,0.00410,-0.00072,0.03734,0.0621
15.4667,JELLY_B,0.2524,-0.0193,0.05,J_PAUSE_OPEN,8.03,0.0088,0.000,1.4788,2.9783,-3.7655,0.00138,0.00932,0.00221,0.04021,0.0445
15.4667,JELLY_C,0.4565,-1.2465,1.00,J_PULSE_CRUISE,9.95,0.0019,0.065,0.5285,3.6359,-3.8703,0.00044,0.00485,0.00429,0.02269,0.7037
15.5000,JELLY_A,0.0690,2.6832,1.18,J_SOFT_TURN,11.54,0.1127,0.821,1.0519,2.1665,-3.4632,0.00330,0.00428,-0.00070,0.03733,0.0894
15.5000,JELLY_B,0.2651,-0.0237,0.05,J_PAUSE_OPEN,8.01,0.0089,0.000,1.4788,2.9786,-3.7654,0.00138,0.00920,0.00220,0.04021,0.0461
15.5000,JELLY_C,0.4697,-1.2382,1.00,J_PULSE_CRUISE,9.95,0.0018,0.065,0.5286,3.6361,-3.8702,0.00045,0.00482,0.00429,0.02198,0.6651
15.5333,JELLY_A,0.0799,2.8861,1.18,J_SOFT_TURN,11.75,0.1474,0.821,1.0520,2.1667,-3.4632,0.00334,0.00450,-0.00069,0.03733,0.1224
15.5333,JELLY_B,0.2777,-0.0279,0.05,J_PAUSE_OPEN,8.00,0.0090,0.000,1.4788,2.9789,-3.7653,0.00138,0.00908,0.00220,0.04021,0.0472
15.5333,JELLY_C,0.4829,-1.2212,1.00,J_PULSE_CRUISE,9.95,0.0018,0.065,0.5286,3.6362,-3.8700,0.00046,0.00483,0.00429,0.02128,0.6254
15.5667,JELLY_A,0.0908,3.0042,1.18,J_SOFT_TURN,12.02,0.1831,0.821,1.0521,2.1668,-3.4633,0.00339,0.00474,-0.00067,0.03732,0.1616
15.5667,JELLY_B,0.2903,-0.0320,0.05,J_PAUSE_OPEN,7.98,0.0090,0.000,1.4789,2.9792,-3.7652,0.00138,0.00897,0.00219,0.04021,0.0479
15.5667,JELLY_C,0.4962,-1.1959,1.00,J_PULSE_CRUISE,9.94,0.0019,0.065,0.5286,3.6364,-3.8699,0.00047,0.00486,0.00429,0.02063,0.5850
15.6000,JELLY_A,0.1018,3.0342,1.18,J_SOFT_TURN,12.36,0.2187,0.821,1.0522,2.1670,-3.4633,0.00345,0.00500,-0.00065,0.03732,0.2067
15.6000,JELLY_B,0.3030,-0.0359,0.05,J_PAUSE_OPEN,7.96,0.0091,0.000,1.4789,2.9795,-3.7652,0.00138,0.00885,0.00219,0.04021,0.0483
15.6000,JELLY_C,0.5094,-1.1622,1.00,J_PULSE_CRUISE,9.94,0.0021,0.065,0.5286,3.6366,-3.8698,0.00049,0.00492,0.00430,0.02005,0.5442
15.6333,JELLY_A,0.1127,2.9752,1.18,J_SOFT_TURN,12.75,0.2528,0.821,1.0523,2.1672,-3.4633,0.00350,0.00525,-0.00064,0.03731,0.2576
15.6333,JELLY_B,0.3156,-0.0396,0.05,J_PAUSE_OPEN,7.94,0.0091,0.000,1.4790,2.9798,-3.7651,0.00138,0.00874,0.00219,0.04021,0.0483
15.6333,JELLY_C,0.5227,-1.1205,1.00,J_PULSE_CRUISE,9.94,0.0023,0.065,0.5286,3.6367,-3.8696,0.00050,0.00500,0.00431,0.01957,0.5032
15.6667,JELLY_A,0.1236,2.8290,1.18,J_SOFT_TURN,13.21,0.2843,0.821,1.0525,2.1673,-3.4633,0.00356,0.00547,-0.00062,0.03731,0.3138
15.6667,JELLY_B,0.3283,-0.0430,0.05,J_PAUSE_OPEN,7.93,0.0092,0.000,1.4790,2.9801,-3.7650,0.00138,0.00863,0.00218,0.04021,0.0481
15.6667,JELLY_C,0.5359,-1.0710,1.00,J_PULSE_CRUISE,9.94,0.0025,0.065,0.5286,3.6369,-3.8695,0.00051,0.00512,0.00433,0.01921,0.4622
15.7000,JELLY_A,0.1345,2.5997,1.18,J_SOFT_TURN,13.73,0.3122,0.821,1.0526,2.1675,-3.4634,0.00360,0.00566,-0.00059,0.03731,0.3745
15.7000,JELLY_B,0.3409,-0.0461,0.05,J_PAUSE_OPEN,7.91,0.0092,0.000,1.4791,2.9803,-3.7649,0.00138,0.00852,0.00218,0.04020,0.0476
15.7000,JELLY_C,0.5492,-1.0140,1.00,J_PULSE_CRUISE,9.93,0.0028,0.065,0.5287,3.6371,-3.8693,0.00053,0.00525,0.00435,0.01899,0.4217
15.7333,JELLY_A,0.1454,2.2943,1.18,J_SOFT_TURN,14.30,0.3354,0.821,1.0527,2.1677,-3.4634,0.00363,0.00579,-0.00058,0.03731,0.4388
15.7333,JELLY_B,0.3535,-0.0490,0.05,J_PAUSE_OPEN,7.89,0.0093,0.000,1.4791,2.9806,-3.7649,0.00138,0.00841,0.00217,0.04020,0.0468
15.7333,JELLY_C,0.5624,-0.9500,1.00,J_PULSE_CRUISE,9.93,0.0030,0.065,0.5287,3.6372,-3.8692,0.00054,0.00540,0.00438,0.01890,0.3817
15.7667,JELLY_A,0.1563,1.9217,1.18,J_SOFT_TURN,14.91,0.3532,0.821,1.0528,2.1679,-3.4634,0.00365,0.00587,-0.00056,0.03730,0.5053
15.7667,JELLY_B,0.3662,-0.0515,0.05,J_PAUSE_OPEN,7.87,0.0093,0.000,1.4792,2.9809,-3.7648,0.00138,0.00830,0.00217,0.04019,0.0459
15.7667,JELLY_C,0.5757,-0.8794,1.00,J_PULSE_CRUISE,9.92,0.0033,0.065,0.5287,3.6374,-3.8690,0.00056,0.00557,0.00441,0.01890,0.3426
15.8000,JELLY_A,0.1673,1.4928,1.18,J_SOFT_TURN,15.55,0.3648,0.821,1.0529,2.1681,-3.4634,0.00366,0.00590,-0.00054,0.03730,0.5730
15.8000,JELLY_B,0.3788,-0.0537,0.05,J_PAUSE_OPEN,7.86,0.0093,0.000,1.4792,2.9812,-3.7647,0.00138,0.00820,0.00217,0.04017,0.0448
15.8000,JELLY_C,0.5889,-0.8027,1.00,J_PULSE_CRUISE,9.92,0.0035,0.065,0.5287,3.6376,-3.8689,0.00057,0.00574,0.00443,0.01894,0.3046
15.8333,JELLY_A,0.1782,1.0202,1.18,J_SOFT_TURN,16.21,0.3698,0.821,1.0531,2.1683,-3.4634,0.00366,0.00588,-0.00053,0.03730,0.6403
15.8333,JELLY_B,0.3915,-0.0556,0.05,J_PAUSE_OPEN,7.84,0.0094,0.000,1.4793,2.9815,-3.7647,0.00138,0.00809,0.00216,0.04015,0.0435
15.8333,JELLY_C,0.6022,-0.7204,1.00,J_PULSE_CRUISE,9.91,0.0038,0.065,0.5287,3.6378,-3.8687,0.00059,0.00592,0.00446,0.01903,0.2681
15.8667,JELLY_A,0.1891,0.5178,1.18,J_SOFT_TURN,16.88,0.3678,0.821,1.0532,2.1685,-3.4634,0.00365,0.00583,-0.00052,0.03729,0.7062
15.8667,JELLY_B,0.4041,-0.0571,0.05,J_PAUSE_OPEN,7.82,0.0094,0.000,1.4793,2.9817,-3.7646,0.00138,0.00799,0.00216,0.04011,0.0421
15.8667,JELLY_C,0.6154,-0.6331,1.00,J_PULSE_CRUISE,9.90,0.0041,0.065,0.5287,3.6380,-3.8686,0.00060,0.00610,0.00449,0.01915,0.2331
15.9000,JELLY_A,0.2000,0.0003,1.18,J_SOFT_TURN,17.54,0.3589,0.821,1.0533,2.1687,-3.4635,0.00364,0.00577,-0.00051,0.03729,0.7695
15.9000,JELLY_B,0.4168,-0.0583,0.05,J_PAUSE_OPEN,7.80,0.0094,0.000,1.4793,2.9820,-3.7645,0.00138,0.00789,0.00216,0.04007,0.0406
15.9000,JELLY_C,0.6287,-0.5413,1.00,J_PULSE_CRUISE,9.90,0.0043,0.065,0.5288,3.6382,-3.8684,0.00062,0.00627,0.00452,0.01929,0.2000
15.9333,JELLY_A,0.2109,-0.0831,1.18,J_SOFT_TURN,18.19,0.3476,0.821,1.0534,2.1689,-3.4635,0.00362,0.00570,-0.00050,0.03729,0.8291
15.9333,JELLY_B,0.4294,-0.0591,0.05,J_PAUSE_OPEN,7.78,0.0095,0.000,1.4794,2.9822,-3.7644,0.00138,0.00779,0.00216,0.04003,0.0390
15.9333,JELLY_C,0.6420,-0.4458,1.00,J_PULSE_CRUISE,9.89,0.0046,0.065,0.5288,3.6384,-3.8683,0.00063,0.00644,0.00455,0.01945,0.1690
15.9667,JELLY_A,0.2218,-0.1658,1.18,J_SOFT_TURN,18.82,0.3366,0.821,1.0535,2.1691,-3.4635,0.00360,0.00563,-0.00049,0.03729,0.8841
15.9667,JELLY_B,0.4421,-0.0595,0.05,J_PAUSE_OPEN,7.77,0.0095,0.000,1.4794,2.9825,-3.7644,0.00138,0.00769,0.00215,0.03998,0.0373
15.9667,JELLY_C,0.6552,-0.3471,1.00,J_PULSE_CRUISE,9.88,0.0048,0.065,0.5288,3.6386,-3.8681,0.00065,0.00661,0.00457,0.01964,0.1403
16.0000,JELLY_A,0.2327,-0.2477,1.18,J_SOFT_TURN,19.43,0.3259,0.821,1.0537,2.1693,-3.4635,0.00359,0.00557,-0.00048,0.03729,0.9338
16.0000,JELLY_B,0.4547,-0.0596,0.05,J_PAUSE_OPEN,7.75,0.0095,0.000,1.4795,2.9828,-3.7643,0.00138,0.00760,0.00215,0.03994,0.0355
16.0000,JELLY_C,0.6685,-0.2460,1.00,J_PULSE_CRUISE,9.87,0.0051,0.065,0.5288,3.6389,-3.8680,0.00067,0.00678,0.00460,0.01984,0.1141
16.0333,JELLY_A,0.2436,-0.3285,1.18,J_SOFT_TURN,20.02,0.3155,0.821,1.0538,2.1694,-3.4635,0.00357,0.00550,-0.00047,0.03728,0.9776
16.0333,JELLY_B,0.4673,-0.0592,0.05,J_PAUSE_OPEN,7.73,0.0096,0.000,1.4795,2.9830,-3.7642,0.00138,0.00750,0.00215,0.03989,0.0336
16.0333,JELLY_C,0.6817,-0.1431,1.00,J_PULSE_CRUISE,9.86,0.0053,0.065,0.5289,3.6391,-3.8678,0.00068,0.00694,0.00462,0.02006,0.0906
16.0667,JELLY_A,0.2545,-0.4076,1.18,J_SOFT_TURN,20.59,0.3053,0.821,1.0539,2.1696,-3.4635,0.00356,0.00544,-0.00046,0.03728,1.0150
16.0667,JELLY_B,0.4800,-0.0585,0.05,J_PAUSE_OPEN,7.71,0.0096,0.000,1.4796,2.9833,-3.7641,0.00138,0.00741,0.00215,0.03984,0.0317
16.0667,JELLY_C,0.6950,-0.0392,1.00,J_PULSE_CRUISE,9.85,0.0055,0.065,0.5289,3.6393,-3.8677,0.00070,0.00710,0.00465,0.02030,0.0699
16.1000,JELLY_A,0.2654,-0.4849,1.18,J_SOFT_TURN,21.15,0.2955,0.821,1.0540,2.1698,-3.4636,0.00354,0.00537,-0.00045,0.03728,1.0458
16.1000,JELLY_B,0.4926,-0.0575,0.05,J_PAUSE_OPEN,7.69,0.0096,0.000,1.4796,2.9835,-3.7641,0.00138,0.00732,0.00215,0.03980,0.0298
16.1000,JELLY_C,0.7083,0.0000,1.00,J_GLIDE,9.84,0.0058,0.065,0.5289,3.6396,-3.8675,0.00071,0.00726,0.00467,0.02055,0.0522
16.1333,JELLY_A,0.2764,-0.5598,1.18,J_SOFT_TURN,21.69,0.2859,0.821,1.0541,2.1700,-3.4636,0.00353,0.00531,-0.00044,0.03728,1.0700
16.1333,JELLY_B,0.5053,-0.0560,0.05,J_PAUSE_OPEN,7.67,0.0096,0.000,1.4797,2.9837,-3.7640,0.00138,0.00724,0.00215,0.03977,0.0279
16.1333,JELLY_C,0.7215,0.0000,1.00,J_GLIDE,9.83,0.0060,0.065,0.5289,3.6398,-3.8674,0.00073,0.00740,0.00469,0.02082,0.0374
16.1667,JELLY_A,0.2873,-0.6322,1.18,J_SOFT_TURN,22.21,0.2766,0.821,1.0543,2.1702,-3.4636,0.00351,0.00524,-0.00043,0.03728,1.0877
16.1667,JELLY_B,0.5179,-0.0543,0.05,J_PAUSE_OPEN,7.66,0.0097,0.000,1.4797,2.9840,-3.7639,0.00138,0.00715,0.00214,0.03974,0.0259
16.1667,JELLY_C,0.7348,0.0000,1.00,J_GLIDE,9.82,0.0062,0.065,0.5290,3.6401,-3.8672,0.00074,0.00754,0.00471,0.02109,0.0256
16.2000,JELLY_A,0.2982,-0.7015,1.18,J_SOFT_TURN,22.72,0.2675,0.821,1.0544,2.1703,-3.4636,0.00350,0.00518,-0.00042,0.03726,1.0991
16.2000,JELLY_B,0.5306,-0.0521,0.05,J_PAUSE_OPEN,7.64,0.0097,0.000,1.4798,2.9842,-3.7639,0.00138,0.00707,0.00214,0.03972,0.0240
16.2000,JELLY_C,0.7481,0.0000,1.00,J_GLIDE,9.81,0.0064,0.065,0.5290,3.6403,-3.8671,0.00076,0.00766,0.00473,0.02138,0.0163
16.2333,JELLY_A,0.3091,-0.7675,1.18,J_SOFT_TURN,23.21,0.2587,0.821,1.0545,2.1705,-3.4636,0.00348,0.00512,-0.00041,0.03712,1.1048
16.2333,JELLY_B,0.5432,-0.0497,0.05,J_PAUSE_OPEN,7.62,0.0097,0.000,1.4798,2.9845,-3.7638,0.00138,0.00699,0.00214,0.03971,0.0220
16.2333,JELLY_C,0.7613,0.0000,1.00,J_GLIDE,9.79,0.0066,0.065,0.5290,3.6406,-3.8669,0.00077,0.00778,0.00475,0.02167,0.0092
16.2667,JELLY_A,0.3200,-0.8299,1.18,J_SOFT_TURN,23.68,0.2501,0.821,1.0546,2.1707,-3.4636,0.00347,0.00506,-0.00040,0.03679,1.1050
16.2667,JELLY_B,0.5559,-0.0469,0.05,J_PAUSE_OPEN,7.60,0.0097,0.000,1.4799,2.9847,-3.7637,0.00138,0.00691,0.00214,0.03971,0.0201
16.2667,JELLY_C,0.7746,0.0000,1.00,J_GLIDE,9.78,0.0068,0.065,0.5290,3.6408,-3.8667,0.00079,0.00788,0.00476,0.02198,0.0041
16.3000,JELLY_A,0.3309,-0.8884,1.18,J_SOFT_TURN,24.14,0.2418,0.821,1.0547,2.1708,-3.4636,0.00345,0.00499,-0.00039,0.03628,1.1003
16.3000,JELLY_B,0.5685,-0.0438,0.05,J_PAUSE_OPEN,7.58,0.0097,0.000,1.4799,2.9849,-3.7636,0.00138,0.00683,0.00214,0.03971,0.0182
16.3000,JELLY_C,0.7879,0.0000,1.00,J_GLIDE,9.77,0.0070,0.065,0.5291,3.6411,-3.8666,0.00080,0.00798,0.00477,0.02228,0.0005
16.3333,JELLY_A,0.3418,-0.9428,1.18,J_SOFT_TURN,24.58,0.2337,0.821,1.0548,2.1710,-3.4637,0.00344,0.00493,-0.00038,0.03556,1.0910
16.3333,JELLY_B,0.5812,-0.0405,0.05,J_PAUSE_OPEN,7.56,0.0097,0.000,1.4799,2.9851,-3.7636,0.00138,0.00676,0.00214,0.03971,0.0164
16.3333,JELLY_C,0.8012,0.0000,1.00,J_GLIDE,9.76,0.0071,0.065,0.5291,3.6414,-3.8664,0.00082,0.00806,0.00478,0.02259,-0.0019
16.3667,JELLY_A,0.3527,-0.9926,1.18,J_SOFT_TURN,25.01,0.2258,0.821,1.0549,2.1712,-3.4637,0.00343,0.00487,-0.00037,0.03466,1.0777
16.3667,JELLY_B,0.5938,-0.0369,0.05,J_PAUSE_OPEN,7.54,0.0098,0.000,1.4800,2.9854,-3.7635,0.00138,0.00668,0.00214,0.03971,0.0146
16.3667,JELLY_C,0.8145,0.0000,1.00,J_GLIDE,9.74,0.0073,0.065,0.5291,3.6416,-3.8663,0.00083,0.00814,0.00479,0.02290,-0.0034
16.4000,JELLY_A,0.3636,-1.0379,1.18,J_SOFT_TURN,25.43,0.2182,0.821,1.0551,2.1713,-3.4637,0.00341,0.00481,-0.00036,0.03361,1.0607
16.4000,JELLY_B,0.6065,-0.0330,0.05,J_PAUSE_OPEN,7.53,0.0098,0.000,1.4800,2.9856,-3.7634,0.00138,0.00661,0.00214,0.03972,0.0128
16.4000,JELLY_C,0.8277,0.0000,1.00,J_GLIDE,9.73,0.0075,0.065,0.5291,3.6419,-3.8661,0.00084,0.00821,0.00480,0.02320,-0.0041
16.4333,JELLY_A,0.3745,-1.0782,1.18,J_SOFT_TURN,25.83,0.2107,0.821,1.0552,2.1715,-3.4637,0.00340,0.00475,-0.00035,0.03242,1.0403
16.4333,JELLY_B,0.6191,-0.0290,0.05,J_PAUSE_OPEN,7.51,0.0098,0.000,1.4801,2.9858,-3.7634,0.00138,0.00654,0.00214,0.03972,0.0112
16.4333,JELLY_C,0.8410,0.0000,1.00,J_GLIDE,9.71,0.0077,0.065,0.5292,3.6422,-3.8659,0.00085,0.00827,0.00481,0.02350,-0.0043
16.4667,JELLY_A,0.3854,-1.1135,1.18,J_SOFT_TURN,26.22,0.2035,0.821,1.0553,2.1716,-3.4637,0.00338,0.00469,-0.00034,0.03114,1.0170
16.4667,JELLY_B,0.6318,-0.0248,0.05,J_PAUSE_OPEN,7.49,0.0098,0.000,1.4801,2.9860,-3.7633,0.00138,0.00647,0.00214,0.03973,0.0096
16.4667,JELLY_C,0.8543,0.0000,1.00,J_GLIDE,9.70,0.0078,0.065,0.5292,3.6425,-3.8658,0.00087,0.00833,0.00481,0.02380,-0.0042
16.5000,JELLY_A,0.3963,-1.1435,1.18,J_SOFT_TURN,26.59,0.1964,0.821,1.0554,2.1718,-3.4637,0.00337,0.00463,-0.00033,0.02980,0.9911
16.5000,JELLY_B,0.6444,-0.0204,0.05,J_PAUSE_OPEN,7.47,0.0098,0.000,1.4802,2.9862,-3.7632,0.00138,0.00639,0.00215,0.03974,0.0082
16.5000,JELLY_C,0.8676,0.0000,1.00,J_GLIDE,9.68,0.0080,0.065,0.5292,3.6427,-3.8656,0.00088,0.00837,0.00482,0.02408,-0.0039
16.5333,JELLY_A,0.4072,-1.1682,1.18,J_SOFT_TURN,26.95,0.1896,0.821,1.0555,2.1720,-3.4637,0.00336,0.00457,-0.00031,0.02844,0.9629
16.5333,JELLY_B,0.6571,-0.0159,0.05,J_PAUSE_OPEN,7.45,0.0098,0.000,1.4802,2.9864,-3.7631,0.00138,0.00632,0.00215,0.03975,0.0068
16.5333,JELLY_C,0.8809,0.0000,1.00,J_GLIDE,9.67,0.0081,0.065,0.5293,3.6430,-3.8655,0.00089,0.00841,0.00482,0.02436,-0.0034
16.5667,JELLY_A,0.4181,-1.1874,1.18,J_SOFT_TURN,27.30,0.1829,0.821,1.0556,2.1721,-3.4637,0.00335,0.00452,-0.00030,0.02709,0.9326
16.5667,JELLY_B,0.6697,-0.0113,0.05,J_PAUSE_OPEN,7.43,0.0098,0.000,1.4803,2.9867,-3.7631,0.00138,0.00625,0.00215,0.03976,0.0056
16.5667,JELLY_C,0.8941,0.0000,1.00,J_GLIDE,9.65,0.0083,0.065,0.5293,3.6433,-3.8653,0.00090,0.00845,0.00482,0.02463,-0.0029
16.6000,JELLY_A,0.4290,-1.2011,1.18,J_SOFT_TURN,27.64,0.1765,0.821,1.0557,2.1723,-3.4637,0.00334,0.00448,-0.00029,0.02581,0.9005
16.6000,JELLY_B,0.6824,-0.0066,0.05,J_PAUSE_OPEN,7.41,0.0098,0.000,1.4803,2.9869,-3.7630,0.00138,0.00619,0.00215,0.03978,0.0045
16.6000,JELLY_C,0.9074,0.0000,1.00,J_GLIDE,9.64,0.0084,0.065,0.5293,3.6436,-3.8651,0.00091,0.00848,0.00482,0.02488,-0.0024
16.6333,JELLY_A,0.4399,-1.2091,1.18,J_SOFT_TURN,27.96,0.1702,0.821,1.0558,2.1724,-3.4638,0.00334,0.00445,-0.00027,0.02461,0.8670
16.6333,JELLY_B,0.6950,-0.0019,0.05,J_PAUSE_OPEN,7.39,0.0098,0.000,1.4804,2.9871,-3.7629,0.00138,0.00612,0.00215,0.03979,0.0035
16.6333,JELLY_C,0.9207,0.0000,1.00,J_GLIDE,9.62,0.0085,0.065,0.5293,3.6439,-3.8650,0.00092,0.00850,0.00482,0.02513,-0.0019
16.6667,JELLY_A,0.4508,-1.2114,1.18,J_SOFT_TURN,28.28,0.1641,0.821,1.0560,2.1726,-3.4638,0.00335,0.00443,-0.00025,0.02354,0.8321
16.6667,JELLY_B,0.7077,0.0000,0.05,J_PAUSE_OPEN,7.38,0.0098,0.000,1.4804,2.9873,-3.7629,0.00138,0.00605,0.00215,0.03981,0.0026
16.6667,JELLY_C,0.9340,0.0000,1.00,J_GLIDE,9.60,0.0087,0.065,0.5294,3.6442,-3.8648,0.00093,0.00851,0.00482,0.02535,-0.0015
16.7000,JELLY_A,0.4616,-1.2081,1.18,J_SOFT_TURN,28.58,0.1581,0.821,1.0561,2.1727,-3.4638,0.00336,0.00442,-0.00023,0.02263,0.7961
16.7000,JELLY_B,0.7203,0.0000,0.05,J_PAUSE_OPEN,7.36,0.0098,0.000,1.4805,2.9875,-3.7628,0.00138,0.00598,0.00215,0.03982,0.0019
16.7000,JELLY_C,0.9473,0.0000,1.00,J_GLIDE,9.59,0.0088,0.065,0.5294,3.6444,-3.8647,0.00094,0.00852,0.00482,0.02556,-0.0011
16.7333,JELLY_A,0.4725,-1.1991,1.18,J_SOFT_TURN,28.87,0.1524,0.821,1.0562,2.1728,-3.4638,0.00338,0.00443,-0.00021,0.02191,0.7591
16.7333,JELLY_B,0.7330,0.0000,0.05,J_PAUSE_OPEN,7.34,0.0098,0.000,1.4805,2.9877,-3.7627,0.00138,0.00591,0.00215,0.03984,0.0013
16.7333,JELLY_C,0.9606,0.0000,1.00,J_GLIDE,9.57,0.0089,0.065,0.5294,3.6447,-3.8645,0.00095,0.00852,0.00482,0.02575,-0.0008
16.7667,JELLY_A,0.4834,-1.1845,1.18,J_SOFT_TURN,29.15,0.1467,0.821,1.0563,2.1730,-3.4638,0.00341,0.00445,-0.00018,0.02140,0.7215
16.7667,JELLY_B,0.7456,0.0000,0.05,J_PAUSE_OPEN,7.32,0.0098,0.000,1.4805,2.9879,-3.7626,0.00138,0.00585,0.00215,0.03986,0.0009
16.7667,JELLY_C,0.9739,0.0000,1.00,J_GLIDE,9.55,0.0090,0.065,0.5295,3.6450,-3.8643,0.00096,0.00852,0.00481,0.02592,-0.0006
16.8000,JELLY_A,0.4943,-1.1644,1.18,J_SOFT_TURN,29.42,0.1413,0.821,1.0564,2.1731,-3.4638,0.00344,0.00449,-0.00015,0.02111,0.6834
16.8000,JELLY_B,0.7583,0.0000,0.05,J_PAUSE_OPEN,7.30,0.0098,0.000,1.4806,2.9881,-3.7626,0.00138,0.00578,0.00215,0.03988,0.0005
16.8000,JELLY_C,0.9872,0.0000,1.00,J_GLIDE,9.54,0.0092,0.065,0.5295,3.6453,-3.8642,0.00097,0.00852,0.00481,0.02608,-0.0004
16.8333,JELLY_A,0.5052,-1.1388,1.18,J_SOFT_TURN,29.68,0.1360,0.821,1.0565,2.1733,-3.4638,0.00349,0.00455,-0.00011,0.02099,0.6449
16.8333,JELLY_B,0.7709,0.0000,0.05,J_PAUSE_OPEN,7.28,0.0098,0.000,1.4806,2.9883,-3.7625,0.00138,0.00571,0.00215,0.03989,0.0003
16.8333,JELLY_C,0.0005,0.0011,0.05,J_DRIFT_IDLE,9.52,0.0093,0.000,0.5295,3.6456,-3.8640,0.00098,0.00847,0.00480,0.02620,-0.0002
16.8667,JELLY_A,0.5161,-1.1079,1.18,J_SOFT_TURN,29.93,0.1308,0.821,1.0566,2.1734,-3.4638,0.00354,0.00462,-0.00007,0.02097,0.6063
16.8667,JELLY_B,0.7836,0.0000,0.05,J_PAUSE_OPEN,7.26,0.0098,0.000,1.4807,2.9884,-3.7624,0.00138,0.00565,0.00215,0.03991,0.0001
16.8667,JELLY_C,0.0138,0.0336,0.05,J_DRIFT_IDLE,9.50,0.0094,0.000,0.5296,3.6459,-3.8639,0.00098,0.00830,0.00477,0.02628,-0.0001
16.9000,JELLY_A,0.5270,-1.0719,1.18,J_SOFT_TURN,30.17,0.1258,0.821,1.0568,2.1736,-3.4638,0.00360,0.00470,-0.00002,0.02102,0.5677
16.9000,JELLY_B,0.7962,0.0000,0.05,J_PAUSE_OPEN,7.24,0.0098,0.000,1.4807,2.9886,-3.7624,0.00137,0.00558,0.00215,0.03993,-0.0001
16.9000,JELLY_C,0.0270,0.0646,0.05,J_DRIFT_IDLE,9.48,0.0095,0.000,0.5296,3.6461,-3.8637,0.00099,0.00814,0.00474,0.02632,0.0000
16.9333,JELLY_A,0.5379,-1.0308,1.18,J_SOFT_TURN,30.40,0.1209,0.821,1.0569,2.1738,-3.4638,0.00367,0.00480,0.00003,0.02112,0.5292
16.9333,JELLY_B,0.8089,0.0000,0.05,J_PAUSE_OPEN,7.23,0.0098,0.000,1.4808,2.9888,-3.7623,0.00137,0.00552,0.00215,0.03995,-0.0001
16.9333,JELLY_C,0.0403,0.0928,0.05,J_DRIFT_IDLE,9.47,0.0096,0.000,0.5296,3.6464,-3.8635,0.00099,0.00798,0.00471,0.02634,0.0003
16.9667,JELLY_A,0.5488,-0.9849,1.18,J_SOFT_TURN,30.63,0.1161,0.821,1.0570,2.1739,-3.4638,0.00375,0.00491,0.00008,0.02127,0.4912
16.9667,JELLY_B,0.8215,0.0000,0.05,J_PAUSE_OPEN,7.21,0.0098,0.000,1.4808,2.9890,-3.7622,0.00137,0.00545,0.00215,0.03997,-0.0002
16.9667,JELLY_C,0.0536,0.1169,0.05,J_DRIFT_IDLE,9.45,0.0097,0.000,0.5297,3.6467,-3.8634,0.00099,0.00782,0.00468,0.02635,0.0008
17.0000,JELLY_A,0.5596,-0.9344,1.18,J_SOFT_TURN,30.84,0.1113,0.821,1.0571,2.1741,-3.4638,0.00383,0.00504,0.00014,0.02147,0.4536
17.0000,JELLY_B,0.8342,0.0000,0.05,J_PAUSE_OPEN,7.19,0.0098,0.000,1.4809,2.9892,-3.7621,0.00137,0.00538,0.00215,0.03999,-0.0002
17.0000,JELLY_C,0.0669,0.1360,0.05,J_DRIFT_IDLE,9.43,0.0098,0.000,0.5297,3.6469,-3.8632,0.00100,0.00767,0.00466,0.02636,0.0017
17.0333,JELLY_A,0.5705,-0.8796,1.18,J_SOFT_TURN,31.04,0.1066,0.821,1.0573,2.1743,-3.4638,0.00392,0.00517,0.00020,0.02170,0.4168
17.0333,JELLY_B,0.8468,0.0000,0.05,J_PAUSE_OPEN,7.17,0.0098,0.000,1.4809,2.9894,-3.7621,0.00137,0.00532,0.00216,0.04001,-0.0002
17.0333,JELLY_C,0.0802,0.1492,0.05,J_DRIFT_IDLE,9.41,0.0098,0.000,0.5297,3.6472,-3.8631,0.00100,0.00752,0.00463,0.02636,0.0030
17.0667,JELLY_A,0.5814,-0.8206,1.18,J_SOFT_TURN,31.24,0.1020,0.821,1.0574,2.1744,-3.4638,0.00401,0.00530,0.00026,0.02197,0.3808
17.0667,JELLY_B,0.8595,0.0000,0.05,J_PAUSE_OPEN,7.15,0.0098,0.000,1.4810,2.9895,-3.7620,0.00137,0.00526,0.00216,0.04003,-0.0002
17.0667,JELLY_C,0.0935,0.1559,0.05,J_DRIFT_IDLE,9.39,0.0099,0.000,0.5298,3.6474,-3.8629,0.00100,0.00737,0.00460,0.02636,0.0048
17.1000,JELLY_A,0.5923,-0.7579,1.18,J_SOFT_TURN,31.43,0.0973,0.821,1.0575,2.1746,-3.4638,0.00411,0.00544,0.00032,0.02227,0.3459
17.1000,JELLY_B,0.8721,0.0000,0.05,J_PAUSE_OPEN,7.13,0.0098,0.000,1.4810,2.9897,-3.7619,0.00137,0.00519,0.00216,0.04004,-0.0002
17.1000,JELLY_C,0.1068,0.1558,0.05,J_DRIFT_IDLE,9.37,0.0100,0.000,0.5298,3.6477,-3.8628,0.00100,0.00723,0.00458,0.02637,0.0072
17.1333,JELLY_A,0.6032,-0.6916,1.18,J_SOFT_TURN,31.60,0.0926,0.821,1.0577,2.1748,-3.4638,0.00420,0.00558,0.00039,0.02260,0.3121
17.1333,JELLY_B,0.8848,0.0000,0.05,J_PAUSE_OPEN,7.11,0.0098,0.000,1.4811,2.9899,-3.7619,0.00137,0.00513,0.00216,0.04006,-0.0002
17.1333,JELLY_C,0.1201,0.1489,0.05,J_DRIFT_IDLE,9.35,0.0101,0.000,0.5298,3.6479,-3.8626,0.00101,0.00708,0.00456,0.02637,0.0100
17.1667,JELLY_A,0.6141,-0.6221,1.18,J_SOFT_TURN,31.77,0.0880,0.821,1.0578,2.1750,-3.4637,0.00430,0.00572,0.00045,0.02297,0.2796
17.1667,JELLY_B,0.8974,0.0000,0.05,J_PAUSE_OPEN,7.09,0.0098,0.000,1.4811,2.9900,-3.7618,0.00136,0.00506,0.00216,0.04008,-0.0001
17.1667,JELLY_C,0.1334,0.1356,0.05,J_DRIFT_IDLE,9.33,0.0102,0.000,0.5299,3.6481,-3.8625,0.00101,0.00694,0.00453,0.02637,0.0134
17.2000,JELLY_A,0.6249,-0.5497,1.18,J_SOFT_TURN,31.93,0.0833,0.821,1.0580,2.1752,-3.4637,0.00439,0.00585,0.00052,0.02336,0.2486
17.2000,JELLY_B,0.9101,0.0000,0.05,J_PAUSE_OPEN,7.08,0.0098,0.000,1.4811,2.9902,-3.7617,0.00136,0.00500,0.00216,0.04009,-0.0001
17.2000,JELLY_C,0.1467,0.1163,0.05,J_DRIFT_IDLE,9.31,0.0102,0.000,0.5299,3.6484,-3.8623,0.00101,0.00680,0.00451,0.02637,0.0171
17.2333,JELLY_A,0.6358,-0.4748,1.18,J_SOFT_TURN,32.09,0.0786,0.821,1.0581,2.1754,-3.4637,0.00448,0.00598,0.00058,0.02378,0.2193
17.2333,JELLY_B,0.9227,0.0000,0.05,J_PAUSE_OPEN,7.06,0.0098,0.000,1.4812,2.9904,-3.7616,0.00136,0.00494,0.00216,0.04011,-0.0001
17.2333,JELLY_C,0.1600,0.0920,0.05,J_DRIFT_IDLE,9.29,0.0103,0.000,0.5299,3.6486,-3.8622,0.00102,0.00666,0.00449,0.02637,0.0211
17.2667,JELLY_A,0.6467,-0.3977,1.18,J_SOFT_TURN,32.23,0.0739,0.821,1.0583,2.1756,-3.4637,0.00458,0.00612,0.00065,0.02422,0.1916
17.2667,JELLY_B,0.9354,0.0000,0.05,J_PAUSE_OPEN,7.04,0.0098,0.000,1.4812,2.9905,-3.7616,0.00136,0.00487,0.00216,0.04012,-0.0001
17.2667,JELLY_C,0.1734,0.0637,0.05,J_DRIFT_IDLE,9.27,0.0104,0.000,0.5300,3.6488,-3.8620,0.00102,0.00653,0.00446,0.02637,0.0252
17.3000,JELLY_A,0.6576,-0.3187,1.18,J_SOFT_TURN,32.36,0.0692,0.821,1.0584,2.1758,-3.4637,0.00467,0.00625,0.00071,0.02469,0.1659
17.3000,JELLY_B,0.9480,0.0000,0.05,J_PAUSE_OPEN,7.02,0.0098,0.000,1.4813,2.9907,-3.7615,0.00136,0.00481,0.00216,0.04013,-0.0001
17.3000,JELLY_C,0.1867,0.0326,0.05,J_DRIFT_IDLE,9.25,0.0104,0.000,0.5300,3.6490,-3.8619,0.00102,0.00639,0.00444,0.02637,0.0293
17.3333,JELLY_A,0.6684,-0.2383,1.18,J_SOFT_TURN,32.49,0.0646,0.821,1.0586,2.1760,-3.4636,0.00476,0.00637,0.00078,0.02517,0.1420
17.3333,JELLY_B,0.9606,0.0000,0.05,J_PAUSE_OPEN,7.00,0.0098,0.000,1.4813,2.9909,-3.7614,0.00136,0.00475,0.00216,0.04014,-0.0000
17.3333,JELLY_C,0.2000,0.0001,0.05,J_DRIFT_IDLE,9.23,0.0105,0.000,0.5300,3.6492,-3.8617,0.00102,0.00626,0.00442,0.02638,0.0332
17.3667,JELLY_A,0.6793,-0.1567,1.18,J_SOFT_TURN,32.60,0.0599,0.821,1.0587,2.1762,-3.4636,0.00485,0.00650,0.00084,0.02567,0.1203
17.3667,JELLY_B,0.9733,0.0000,0.05,J_PAUSE_OPEN,6.98,0.0098,0.000,1.4814,2.9910,-3.7614,0.00136,0.00469,0.00216,0.04015,-0.0000
17.3667,JELLY_C,0.2133,-0.0052,0.05,J_DRIFT_IDLE,9.21,0.0105,0.000,0.5301,3.6494,-3.8616,0.00102,0.00613,0.00440,0.02638,0.0368
17.4000,JELLY_A,0.6902,-0.0745,1.18,J_SOFT_TURN,32.71,0.0552,0.821,1.0589,2.1764,-3.4636,0.00494,0.00663,0.00091,0.02619,0.1005
17.4000,JELLY_B,0.9859,0.0000,0.05,J_PAUSE_OPEN,6.96,0.0098,0.000,1.4814,2.9912,-3.7613,0.00135,0.00462,0.00216,0.04016,-0.0000
17.4000,JELLY_C,0.2266,-0.0104,0.05,J_DRIFT_IDLE,9.19,0.0106,0.000,0.5301,3.6496,-3.8614,0.00103,0.00600,0.00438,0.02638,0.0399
17.4333,JELLY_A,0.7011,0.0000,1.18,J_GLIDE,32.81,0.0506,0.821,1.0591,2.1767,-3.4635,0.00503,0.00675,0.00098,0.02672,0.0828
17.4333,JELLY_B,0.9986,0.0000,0.05,J_PAUSE_OPEN,6.94,0.0097,0.000,1.4815,2.9913,-3.7612,0.00135,0.00456,0.00216,0.04017,-0.0000
17.4333,JELLY_C,0.2399,-0.0156,0.05,J_DRIFT_IDLE,9.17,0.0107,0.000,0.5301,3.6498,-3.8613,0.00103,0.00588,0.00436,0.02638,0.0425
17.4667,JELLY_A,0.7119,0.0000,1.18,J_GLIDE,32.90,0.0460,0.821,1.0592,2.1769,-3.4635,0.00512,0.00687,0.00104,0.02726,0.0671
17.4667,JELLY_B,0.0112,0.5222,1.00,J_SOFT_TURN,6.93,0.0091,0.154,1.4815,2.9915,-3.7611,0.00135,0.00450,0.00216,0.04020,0.0002
17.4667,JELLY_C,0.2532,-0.0206,0.05,J_DRIFT_IDLE,9.15,0.0107,0.000,0.5302,3.6500,-3.8611,0.00103,0.00575,0.00434,0.02639,0.0446
17.5000,JELLY_A,0.7228,0.0000,1.18,J_GLIDE,32.98,0.0415,0.821,1.0594,2.1771,-3.4635,0.00520,0.00698,0.00110,0.02780,0.0534
17.5000,JELLY_B,0.0239,1.0905,1.00,J_SOFT_TURN,6.91,0.0071,0.154,1.4815,2.9916,-3.7611,0.00135,0.00446,0.00217,0.04024,0.0013
17.5000,JELLY_C,0.2665,-0.0255,0.05,J_DRIFT_IDLE,9.13,0.0108,0.000,0.5302,3.6502,-3.8610,0.00103,0.00563,0.00432,0.02639,0.0462
17.5333,JELLY_A,0.7337,0.0000,1.18,J_GLIDE,33.05,0.0370,0.821,1.0596,2.1774,-3.4634,0.00528,0.00708,0.00117,0.02835,0.0415
17.5333,JELLY_B,0.0365,1.6158,1.00,J_SOFT_TURN,6.90,0.0040,0.154,1.4816,2.9918,-3.7610,0.00135,0.00446,0.00218,0.04027,0.0049
17.5333,JELLY_C,0.2798,-0.0302,0.05,J_DRIFT_IDLE,9.11,0.0108,0.000,0.5302,3.6504,-3.8608,0.00103,0.00551,0.00431,0.02639,0.0473
17.5667,JELLY_A,0.7445,0.0000,1.18,J_GLIDE,33.11,0.0327,0.821,1.0598,2.1776,-3.4634,0.00536,0.00718,0.00123,0.02891,0.0314
17.5667,JELLY_B,0.0491,2.0775,1.00,J_SOFT_TURN,6.89,0.0001,0.154,1.4816,2.9919,-3.7609,0.00135,0.00452,0.00219,0.04029,0.0125
17.5667,JELLY_C,0.2931,-0.0346,0.05,J_DRIFT_IDLE,9.09,0.0108,0.000,0.5303,3.6506,-3.8607,0.00104,0.00539,0.00429,0.02639,0.0480
17.6000,JELLY_A,0.7554,0.0000,1.18,J_GLIDE,33.16,0.0284,0.821,1.0599,2.1778,-3.4634,0.00543,0.00727,0.00129,0.02946,0.0230
17.6000,JELLY_B,0.0618,2.4576,1.00,J_SOFT_TURN,6.90,0.0049,0.154,1.4817,2.9921,-3.7608,0.00135,0.00464,0.00221,0.04031,0.0261
17.6000,JELLY_C,0.3064,-0.0389,0.05,J_DRIFT_IDLE,9.07,0.0109,0.000,0.5303,3.6508,-3.8606,0.00104,0.00527,0.00427,0.02639,0.0483
17.6333,JELLY_A,0.7663,0.0000,1.18,J_GLIDE,33.21,0.0243,0.821,1.0601,2.1781,-3.4633,0.00550,0.00736,0.00135,0.03001,0.0160
17.6333,JELLY_B,0.0744,2.7410,1.00,J_SOFT_TURN,6.91,0.0104,0.154,1.4817,2.9922,-3.7608,0.00136,0.00482,0.00224,0.04032,0.0473
17.6333,JELLY_C,0.3197,-0.0429,0.05,J_DRIFT_IDLE,9.05,0.0109,0.000,0.5303,3.6509,-3.8604,0.00104,0.00515,0.00425,0.02639,0.0483
17.6667,JELLY_A,0.7771,0.0000,1.18,J_GLIDE,33.24,0.0205,0.821,1.0603,2.1783,-3.4633,0.00556,0.00744,0.00141,0.03056,0.0104
17.6667,JELLY_B,0.0871,2.9167,1.00,J_SOFT_TURN,6.93,0.0161,0.154,1.4818,2.9924,-3.7607,0.00136,0.00503,0.00228,0.04033,0.0773
17.6667,JELLY_C,0.3331,-0.0465,0.05,J_DRIFT_IDLE,9.03,0.0110,0.000,0.5304,3.6511,-3.8603,0.00104,0.00504,0.00424,0.02639,0.0479
17.7000,JELLY_A,0.7880,0.0000,1.18,J_GLIDE,33.27,0.0170,0.821,1.0605,2.1786,-3.4632,0.00563,0.00752,0.00146,0.03110,0.0060
17.7000,JELLY_B,0.0997,2.9778,1.00,J_SOFT_TURN,6.97,0.0219,0.154,1.4818,2.9926,-3.7606,0.00137,0.00527,0.00231,0.04034,0.1168
17.7000,JELLY_C,0.3464,-0.0499,0.05,J_DRIFT_IDLE,9.01,0.0110,0.000,0.5304,3.6513,-3.8601,0.00104,0.00492,0.00422,0.02639,0.0473
17.7333,JELLY_A,0.7989,0.0000,1.18,J_GLIDE,33.29,0.0140,0.821,1.0607,2.1788,-3.4632,0.00569,0.00759,0.00152,0.03163,0.0027
17.7333,JELLY_B,0.1123,2.9219,1.00,J_SOFT_TURN,7.02,0.0275,0.154,1.4819,2.9928,-3.7605,0.00137,0.00549,0.00235,0.04034,0.1658
17.7333,JELLY_C,0.3597,-0.0529,0.05,J_DRIFT_IDLE,8.99,0.0110,0.000,0.5304,3.6514,-3.8600,0.00104,0.00481,0.00420,0.02640,0.0464
17.7667,JELLY_A,0.8097,0.0000,1.18,J_GLIDE,33.31,0.0118,0.821,1.0609,2.1791,-3.4631,0.00574,0.00766,0.00157,0.03214,0.0002
17.7667,JELLY_B,0.1250,2.7512,1.00,J_SOFT_TURN,7.07,0.0327,0.154,1.4819,2.9929,-3.7605,0.00137,0.00570,0.00238,0.04035,0.2239
17.7667,JELLY_C,0.3730,-0.0555,0.05,J_DRIFT_IDLE,8.97,0.0111,0.000,0.5305,3.6516,-3.8599,0.00104,0.00470,0.00419,0.02639,0.0453
17.8000,JELLY_A,0.8206,0.0000,1.18,J_GLIDE,33.31,0.0108,0.821,1.0611,2.1793,-3.4631,0.00579,0.00772,0.00162,0.03264,-0.0016
17.8000,JELLY_B,0.1376,2.4726,1.00,J_SOFT_TURN,7.14,0.0372,0.154,1.4820,2.9931,-3.7604,0.00138,0.00585,0.00241,0.04035,0.2899
17.8000,JELLY_C,0.3863,-0.0578,0.05,J_DRIFT_IDLE,8.95,0.0111,0.000,0.5305,3.6517,-3.8597,0.00104,0.00459,0.00417,0.02639,0.0440
17.8333,JELLY_A,0.8315,0.0000,1.18,J_GLIDE,33.31,0.0111,0.821,1.0613,2.1796,-3.4630,0.00584,0.00777,0.00168,0.03313,-0.0027
17.8333,JELLY_B,0.1502,2.0969,1.00,J_SOFT_TURN,7.21,0.0408,0.154,1.4820,2.9933,-3.7603,0.00138,0.00594,0.00243,0.04035,0.3621
17.8333,JELLY_C,0.3996,-0.0596,0.05,J_DRIFT_IDLE,8.92,0.0111,0.000,0.5306,3.6519,-3.8596,0.00105,0.00448,0.00416,0.02638,0.0426
17.8667,JELLY_A,0.8423,0.0000,1.18,J_GLIDE,33.30,0.0127,0.821,1.0615,2.1799,-3.4630,0.00589,0.00783,0.00173,0.03359,-0.0035
17.8667,JELLY_B,0.1629,1.6390,1.00,J_SOFT_TURN,7.29,0.0433,0.154,1.4820,2.9935,-3.7602,0.00138,0.00598,0.00244,0.04036,0.4384
17.8667,JELLY_C,0.4129,-0.0611,0.05,J_DRIFT_IDLE,8.90,0.0112,0.000,0.5306,3.6520,-3.8594,0.00105,0.00437,0.00414,0.02636,0.0410
17.9000,JELLY_A,0.8532,0.0000,1.18,J_GLIDE,33.28,0.0149,0.821,1.0617,2.1801,-3.4629,0.00594,0.00788,0.00177,0.03404,-0.0038
17.9000,JELLY_B,0.1755,1.1168,1.00,J_SOFT_TURN,7.37,0.0446,0.154,1.4821,2.9937,-3.7601,0.00138,0.00596,0.00245,0.04036,0.5164
17.9000,JELLY_C,0.4263,-0.0621,0.05,J_DRIFT_IDLE,8.88,0.0112,0.000,0.5306,3.6522,-3.8593,0.00105,0.00426,0.00413,0.02634,0.0393
17.9333,JELLY_A,0.8640,0.0000,1.18,J_GLIDE,33.26,0.0175,0.821,1.0618,2.1804,-3.4628,0.00598,0.00792,0.00182,0.03446,-0.0039
17.9333,JELLY_B,0.1882,0.5508,1.00,J_SOFT_TURN,7.46,0.0447,0.154,1.4821,2.9939,-3.7601,0.00137,0.00589,0.00245,0.04036,0.5935
17.9333,JELLY_C,0.4396,-0.0626,0.05,J_DRIFT_IDLE,8.86,0.0112,0.000,0.5307,3.6523,-3.8592,0.00105,0.00416,0.00411,0.02631,0.0376
17.9667,JELLY_A,0.8749,0.0000,1.18,J_GLIDE,33.23,0.0202,0.821,1.0621,2.1806,-3.4628,0.00602,0.00796,0.00187,0.03486,-0.0038
17.9667,JELLY_B,0.2008,-0.0059,1.00,J_SOFT_TURN,7.54,0.0435,0.154,1.4822,2.9941,-3.7600,0.00137,0.00581,0.00245,0.04037,0.6669
17.9667,JELLY_C,0.4529,-0.0627,0.05,J_DRIFT_IDLE,8.84,0.0112,0.000,0.5307,3.6525,-3.8590,0.00105,0.00406,0.00410,0.02628,0.0357
18.0000,JELLY_A,0.8858,0.0000,1.18,J_GLIDE,33.19,0.0230,0.821,1.0623,2.1809,-3.4627,0.00605,0.00799,0.00191,0.03523,-0.0036
18.0000,JELLY_B,0.2134,-0.1002,1.00,J_SOFT_TURN,7.63,0.0419,0.154,1.4822,2.9943,-3.7599,0.00137,0.00573,0.00245,0.04037,0.7342
18.0000,JELLY_C,0.4662,-0.0624,0.05,J_DRIFT_IDLE,8.82,0.0113,0.000,0.5307,3.6526,-3.8589,0.00105,0.00396,0.00409,0.02625,0.0338
18.0333,JELLY_A,0.8966,0.0000,1.18,J_GLIDE,33.15,0.0257,0.821,1.0625,2.1812,-3.4626,0.00609,0.00803,0.00196,0.03558,-0.0033
18.0333,JELLY_B,0.2260,-0.1939,1.00,J_SOFT_TURN,7.71,0.0403,0.154,1.4823,2.9945,-3.7598,0.00136,0.00565,0.00245,0.04037,0.7936
18.0333,JELLY_C,0.4795,-0.0617,0.05,J_DRIFT_IDLE,8.80,0.0113,0.000,0.5308,3.6527,-3.8588,0.00105,0.00386,0.00408,0.02622,0.0318
18.0667,JELLY_A,0.9075,0.0000,1.18,J_GLIDE,33.10,0.0283,0.821,1.0627,2.1814,-3.4626,0.00612,0.00805,0.00200,0.03590,-0.0029
18.0667,JELLY_B,0.2387,-0.2864,1.00,J_SOFT_TURN,7.78,0.0388,0.154,1.4823,2.9947,-3.7597,0.00136,0.00557,0.00245,0.04037,0.8441
18.0667,JELLY_C,0.4928,-0.0605,0.05,J_DRIFT_IDLE,8.77,0.0113,0.000,0.5308,3.6528,-3.8586,0.00105,0.00377,0.00406,0.02619,0.0298
18.1000,JELLY_A,0.9183,0.0000,1.18,J_GLIDE,33.04,0.0309,0.821,1.0629,2.1817,-3.4625,0.00615,0.00808,0.00205,0.03618,-0.0026
18.1000,JELLY_B,0.2513,-0.3771,1.00,J_SOFT_TURN,7.85,0.0374,0.154,1.4824,2.9949,-3.7596,0.00136,0.00550,0.00245,0.04038,0.8853
18.1000,JELLY_C,0.5062,-0.0589,0.05,J_DRIFT_IDLE,8.75,0.0113,0.000,0.5308,3.6530,-3.8585,0.00105,0.00368,0.00405,0.02617,0.0277
18.1333,JELLY_A,0.9292,0.0000,1.18,J_GLIDE,32.99,0.0333,0.821,1.0631,2.1820,-3.4624,0.00617,0.00810,0.00209,0.03644,-0.0022
18.1333,JELLY_B,0.2639,-0.4653,1.00,J_SOFT_TURN,7.92,0.0359,0.154,1.4824,2.9951,-3.7596,0.00135,0.00542,0.00245,0.04038,0.9175
18.1333,JELLY_C,0.5195,-0.0569,0.05,J_DRIFT_IDLE,8.73,0.0113,0.000,0.5309,3.6531,-3.8583,0.00105,0.00359,0.00404,0.02614,0.0257
18.1667,JELLY_A,0.9400,0.0000,1.18,J_GLIDE,32.92,0.0356,0.821,1.0633,2.1823,-3.4624,0.00620,0.00812,0.00213,0.03666,-0.0018
18.1667,JELLY_B,0.2766,-0.5506,1.00,J_SOFT_TURN,7.99,0.0346,0.154,1.4825,2.9952,-3.7595,0.00135,0.00534,0.00244,0.04038,0.9410
18.1667,JELLY_C,0.5328,-0.0545,0.05,J_DRIFT_IDLE,8.71,0.0113,0.000,0.5309,3.6532,-3.8582,0.00105,0.00350,0.00403,0.02613,0.0236
18.2000,JELLY_A,0.9509,0.0000,1.18,J_GLIDE,32.85,0.0377,0.821,1.0635,2.1825,-3.4623,0.00622,0.00813,0.00217,0.03685,-0.0015
18.2000,JELLY_B,0.2892,-0.6325,1.00,J_SOFT_TURN,8.06,0.0332,0.154,1.4825,2.9954,-3.7594,0.00134,0.00526,0.00244,0.04038,0.9565
18.2000,JELLY_C,0.5461,-0.0517,0.05,J_DRIFT_IDLE,8.69,0.0113,0.000,0.5309,3.6533,-3.8581,0.00106,0.00341,0.00402,0.02612,0.0215
18.2333,JELLY_A,0.9617,0.0000,1.18,J_GLIDE,32.78,0.0397,0.821,1.0637,2.1828,-3.4622,0.00624,0.00814,0.00221,0.03700,-0.0011
18.2333,JELLY_B,0.3018,-0.7103,1.00,J_SOFT_TURN,8.12,0.0319,0.154,1.4825,2.9956,-3.7593,0.00134,0.00519,0.00244,0.04037,0.9645
18.2333,JELLY_C,0.5594,-0.0485,0.05,J_DRIFT_IDLE,8.67,0.0114,0.000,0.5310,3.6534,-3.8579,0.00106,0.00333,0.00401,0.02611,0.0195
18.2667,JELLY_A,0.9726,0.0000,1.18,J_GLIDE,32.71,0.0416,0.821,1.0639,2.1831,-3.4621,0.00626,0.00815,0.00224,0.03712,-0.0006
18.2667,JELLY_B,0.3144,-0.7837,1.00,J_SOFT_TURN,8.18,0.0306,0.154,1.4826,2.9958,-3.7592,0.00134,0.00511,0.00244,0.04037,0.9660
18.2667,JELLY_C,0.5728,-0.0450,0.05,J_DRIFT_IDLE,8.64,0.0114,0.000,0.5310,3.6535,-3.8578,0.00106,0.00324,0.00400,0.02612,0.0176
18.3000,JELLY_A,0.9834,0.0000,1.18,J_GLIDE,32.63,0.0433,0.821,1.0641,2.1833,-3.4621,0.00628,0.00816,0.00228,0.03720,0.0006
18.3000,JELLY_B,0.3271,-0.8521,1.00,J_SOFT_TURN,8.24,0.0294,0.154,1.4826,2.9959,-3.7592,0.00133,0.00504,0.00244,0.04037,0.9615
18.3000,JELLY_C,0.5861,-0.0412,0.05,J_DRIFT_IDLE,8.62,0.0114,0.000,0.5310,3.6537,-3.8577,0.00106,0.00316,0.00399,0.02612,0.0156
18.3333,JELLY_A,0.9943,0.0000,1.18,J_GLIDE,32.54,0.0448,0.821,1.0643,2.1836,-3.4620,0.00629,0.00816,0.00232,0.03724,0.0027
18.3333,JELLY_B,0.3397,-0.9151,1.00,J_SOFT_TURN,8.29,0.0282,0.154,1.4827,2.9961,-3.7591,0.00133,0.00496,0.00244,0.04036,0.9518
18.3333,JELLY_C,0.5994,-0.0371,0.05,J_DRIFT_IDLE,8.60,0.0114,0.000,0.5311,3.6538,-3.8575,0.00106,0.00308,0.00398,0.02613,0.0138
18.3667,JELLY_A,0.0051,0.2055,1.00,J_PULSE_CRUISE,32.46,0.0462,0.314,1.0645,2.1839,-3.4619,0.00627,0.00811,0.00234,0.03727,0.0060
18.3667,JELLY_B,0.3523,-0.9724,1.00,J_SOFT_TURN,8.35,0.0270,0.154,1.4827,2.9963,-3.7590,0.00133,0.00489,0.00244,0.04029,0.9375
18.3667,JELLY_C,0.6127,-0.0327,0.05,J_DRIFT_IDLE,8.58,0.0114,0.000,0.5311,3.6539,-3.8574,0.00106,0.00300,0.00397,0.02613,0.0120
18.4000,JELLY_A,0.0160,0.6344,1.00,J_PULSE_CRUISE,32.37,0.0476,0.314,1.0647,2.1842,-3.4618,0.00623,0.00802,0.00234,0.03728,0.0089
18.4000,JELLY_B,0.3649,-1.0235,1.00,J_SOFT_TURN,8.40,0.0259,0.154,1.4828,2.9964,-3.7589,0.00132,0.00482,0.00244,0.04009,0.9191
18.4000,JELLY_C,0.6260,-0.0281,0.05,J_DRIFT_IDLE,8.56,0.0114,0.000,0.5312,3.6540,-3.8573,0.00106,0.00292,0.00397,0.02614,0.0103
18.4333,JELLY_A,0.0268,1.0448,1.00,J_PULSE_CRUISE,32.28,0.0491,0.314,1.0649,2.1844,-3.4618,0.00620,0.00794,0.00236,0.03728,0.0122
18.4333,JELLY_B,0.3775,-1.0682,1.00,J_SOFT_TURN,8.45,0.0248,0.154,1.4828,2.9966,-3.7588,0.00132,0.00474,0.00244,0.03974,0.8972
18.4333,JELLY_C,0.6394,-0.0233,0.05,J_DRIFT_IDLE,8.54,0.0114,0.000,0.5312,3.6541,-3.8571,0.00106,0.00285,0.00396,0.02615,0.0087
18.4667,JELLY_A,0.0377,1.4249,1.00,J_PULSE_CRUISE,32.19,0.0512,0.314,1.0651,2.1847,-3.4617,0.00618,0.00789,0.00237,0.03727,0.0170
18.4667,JELLY_B,0.3902,-1.1062,1.00,J_SOFT_TURN,8.49,0.0237,0.154,1.4829,2.9967,-3.7588,0.00131,0.00467,0.00244,0.03924,0.8721
18.4667,JELLY_C,0.6527,-0.0184,0.05,J_DRIFT_IDLE,8.51,0.0114,0.000,0.5312,3.6541,-3.8570,0.00106,0.00277,0.00395,0.02616,0.0073
18.5000,JELLY_A,0.0485,1.7637,1.00,J_PULSE_CRUISE,32.10,0.0545,0.314,1.0654,2.1849,-3.4616,0.00618,0.00787,0.00240,0.03727,0.0244
18.5000,JELLY_B,0.4028,-1.1372,1.00,J_SOFT_TURN,8.54,0.0227,0.154,1.4829,2.9969,-3.7587,0.00131,0.00460,0.00244,0.03859,0.8444
18.5000,JELLY_C,0.6660,-0.0133,0.05,J_DRIFT_IDLE,8.49,0.0114,0.000,0.5313,3.6542,-3.8569,0.00106,0.00269,0.00394,0.02618,0.0059
18.5333,JELLY_A,0.0593,2.0513,1.00,J_PULSE_CRUISE,32.01,0.0593,0.314,1.0656,2.1852,-3.4615,0.00620,0.00788,0.00244,0.03726,0.0356
18.5333,JELLY_B,0.4154,-1.1611,1.00,J_SOFT_TURN,8.58,0.0216,0.154,1.4829,2.9970,-3.7586,0.00131,0.00454,0.00244,0.03783,0.8143
18.5333,JELLY_C,0.6793,-0.0081,0.05,J_DRIFT_IDLE,8.47,0.0114,0.000,0.5313,3.6543,-3.8568,0.00106,0.00262,0.00393,0.02619,0.0047
18.5667,JELLY_A,0.0702,2.2795,1.00,J_PULSE_CRUISE,31.93,0.0657,0.314,1.0658,2.1855,-3.4614,0.00623,0.00792,0.00249,0.03725,0.0519
18.5667,JELLY_B,0.4280,-1.1776,1.00,J_SOFT_TURN,8.62,0.0206,0.154,1.4830,2.9972,-3.7585,0.00130,0.00449,0.00244,0.03697,0.7822
18.5667,JELLY_C,0.6926,-0.0029,0.05,J_DRIFT_IDLE,8.45,0.0114,0.000,0.5313,3.6544,-3.8566,0.00106,0.00254,0.00393,0.02620,0.0037
18.6000,JELLY_A,0.0810,2.4418,1.00,J_PULSE_CRUISE,31.84,0.0733,0.314,1.0660,2.1857,-3.4614,0.00628,0.00799,0.00254,0.03724,0.0740
18.6000,JELLY_B,0.4406,-1.1868,1.00,J_SOFT_TURN,8.66,0.0197,0.154,1.4830,2.9973,-3.7584,0.00130,0.00445,0.00245,0.03605,0.7483
18.6000,JELLY_C,0.7060,0.0000,0.05,J_DRIFT_IDLE,8.43,0.0114,0.000,0.5314,3.6545,-3.8565,0.00106,0.00246,0.00392,0.02622,0.0027
18.6333,JELLY_A,0.0919,2.5334,1.00,J_PULSE_CRUISE,31.76,0.0819,0.314,1.0662,2.1860,-3.4613,0.00634,0.00808,0.00260,0.03724,0.1026
18.6333,JELLY_B,0.4532,-1.1885,1.00,J_SOFT_TURN,8.70,0.0188,0.154,1.4831,2.9975,-3.7583,0.00130,0.00444,0.00245,0.03511,0.7130
18.6333,JELLY_C,0.7193,0.0000,0.05,J_DRIFT_IDLE,8.41,0.0114,0.000,0.5314,3.6546,-3.8564,0.00106,0.00239,0.00391,0.02623,0.0020
18.6667,JELLY_A,0.1027,2.5516,1.00,J_PULSE_CRUISE,31.68,0.0910,0.314,1.0664,2.1863,-3.4612,0.00640,0.00817,0.00266,0.03723,0.1380
18.6667,JELLY_B,0.4659,-1.1827,1.00,J_SOFT_TURN,8.73,0.0179,0.154,1.4831,2.9976,-3.7583,0.00130,0.00444,0.00246,0.03418,0.6765
18.6667,JELLY_C,0.7326,0.0000,0.05,J_DRIFT_IDLE,8.38,0.0114,0.000,0.5314,3.6547,-3.8562,0.00106,0.00231,0.00390,0.02625,0.0014
18.7000,JELLY_A,0.1135,2.4961,1.00,J_PULSE_CRUISE,31.60,0.1001,0.314,1.0666,2.1865,-3.4611,0.00645,0.00825,0.00272,0.03722,0.1801
18.7000,JELLY_B,0.4785,-1.1696,1.00,J_SOFT_TURN,8.76,0.0170,0.154,1.4832,2.9978,-3.7582,0.00130,0.00446,0.00248,0.03329,0.6390
18.7000,JELLY_C,0.7459,0.0000,0.05,J_DRIFT_IDLE,8.36,0.0114,0.000,0.5315,3.6547,-3.8561,0.00106,0.00224,0.00389,0.02627,0.0009
18.7333,JELLY_A,0.1244,2.3685,1.00,J_PULSE_CRUISE,31.53,0.1087,0.314,1.0668,2.1868,-3.4610,0.00650,0.00832,0.00277,0.03722,0.2287
18.7333,JELLY_B,0.4911,-1.1491,1.00,J_SOFT_TURN,8.80,0.0161,0.154,1.4832,2.9979,-3.7581,0.00130,0.00451,0.00249,0.03248,0.6007
18.7333,JELLY_C,0.7592,0.0000,0.05,J_DRIFT_IDLE,8.34,0.0114,0.000,0.5315,3.6548,-3.8560,0.00106,0.00216,0.00389,0.02628,0.0005
18.7667,JELLY_A,0.1352,2.1724,1.00,J_PULSE_CRUISE,31.46,0.1164,0.314,1.0670,2.1871,-3.4609,0.00653,0.00837,0.00282,0.03721,0.2829
18.7667,JELLY_B,0.5037,-1.1214,1.00,J_SOFT_TURN,8.83,0.0153,0.154,1.4832,2.9981,-3.7580,0.00130,0.00459,0.00252,0.03177,0.5620
18.7667,JELLY_C,0.7726,0.0000,0.05,J_DRIFT_IDLE,8.32,0.0114,0.000,0.5315,3.6549,-3.8558,0.00106,0.00209,0.00388,0.02630,0.0002
18.8000,JELLY_A,0.1461,1.9135,1.00,J_PULSE_CRUISE,31.40,0.1229,0.314,1.0673,2.1874,-3.4608,0.00654,0.00838,0.00286,0.03721,0.3420
18.8000,JELLY_B,0.5163,-1.0866,1.00,J_SOFT_TURN,8.85,0.0145,0.154,1.4833,2.9982,-3.7579,0.00130,0.00469,0.00254,0.03121,0.5231
18.8000,JELLY_C,0.7859,0.0000,0.05,J_DRIFT_IDLE,8.30,0.0114,0.000,0.5316,3.6549,-3.8557,0.00106,0.00201,0.00387,0.02632,0.0000
18.8333,JELLY_A,0.1569,1.5995,1.00,J_PULSE_CRUISE,31.34,0.1279,0.314,1.0675,2.1877,-3.4607,0.00654,0.00836,0.00289,0.03720,0.4045
18.8333,JELLY_B,0.5289,-1.0451,1.00,J_SOFT_TURN,8.88,0.0137,0.154,1.4833,2.9984,-3.7578,0.00130,0.00481,0.00257,0.03080,0.4840
18.8333,JELLY_C,0.7992,0.0000,0.05,J_DRIFT_IDLE,8.27,0.0114,0.000,0.5316,3.6550,-3.8556,0.00106,0.00194,0.00387,0.02634,-0.0001
18.8667,JELLY_A,0.1677,1.2392,1.00,J_PULSE_CRUISE,31.28,0.1310,0.314,1.0677,2.1879,-3.4606,0.00652,0.00831,0.00291,0.03719,0.4692
18.8667,JELLY_B,0.5415,-0.9970,1.00,J_SOFT_TURN,8.91,0.0129,0.154,1.4834,2.9986,-3.7578,0.00130,0.00495,0.00260,0.03057,0.4452
18.8667,JELLY_C,0.8125,0.0000,0.05,J_DRIFT_IDLE,8.25,0.0114,0.000,0.5316,3.6551,-3.8555,0.00106,0.00187,0.00386,0.02635,-0.0002
18.9000,JELLY_A,0.1786,0.8433,1.00,J_PULSE_CRUISE,31.23,0.1322,0.314,1.0679,2.1882,-3.4605,0.00648,0.00823,0.00292,0.03718,0.5345
18.9000,JELLY_B,0.5541,-0.9427,1.00,J_SOFT_TURN,8.93,0.0122,0.154,1.4834,2.9987,-3.7577,0.00130,0.00510,0.00264,0.03047,0.4068
18.9000,JELLY_C,0.8258,0.0000,0.05,J_DRIFT_IDLE,8.23,0.0114,0.000,0.5317,3.6551,-3.8553,0.00106,0.00179,0.00385,0.02637,-0.0002
18.9333,JELLY_A,0.1894,0.4230,1.00,J_PULSE_CRUISE,31.17,0.1314,0.314,1.0681,2.1885,-3.4604,0.00644,0.00813,0.00293,0.03718,0.5987
18.9333,JELLY_B,0.5667,-0.8825,1.00,J_SOFT_TURN,8.95,0.0115,0.154,1.4835,2.9989,-3.7576,0.00131,0.00528,0.00267,0.03044,0.3691
18.9333,JELLY_C,0.8392,0.0000,0.05,J_DRIFT_IDLE,8.21,0.0114,0.000,0.5317,3.6552,-3.8552,0.00106,0.00172,0.00384,0.02639,-0.0002
18.9667,JELLY_A,0.2002,-0.0015,1.00,J_PULSE_CRUISE,31.12,0.1286,0.314,1.0683,2.1888,-3.4603,0.00639,0.00803,0.00293,0.03717,0.6601
18.9667,JELLY_B,0.5793,-0.8167,1.00,J_SOFT_TURN,8.98,0.0108,0.154,1.4835,2.9991,-3.7575,0.00131,0.00546,0.00271,0.03047,0.3322
18.9667,JELLY_C,0.8525,0.0000,0.05,J_DRIFT_IDLE,8.19,0.0114,0.000,0.5318,3.6552,-3.8551,0.00106,0.00164,0.00384,0.02641,-0.0002
19.0000,JELLY_A,0.2111,-0.0709,1.00,J_PULSE_CRUISE,31.07,0.1251,0.314,1.0686,2.1890,-3.4602,0.00634,0.00793,0.00294,0.03716,0.7175
19.0000,JELLY_B,0.5919,-0.7459,1.00,J_SOFT_TURN,9.00,0.0101,0.154,1.4836,2.9993,-3.7574,0.00131,0.00565,0.00275,0.03055,0.2965
19.0000,JELLY_C,0.8658,0.0000,0.05,J_DRIFT_IDLE,8.17,0.0113,0.000,0.5318,3.6553,-3.8549,0.00106,0.00157,0.00383,0.02642,-0.0002
19.0333,JELLY_A,0.2219,-0.1400,1.00,J_PULSE_CRUISE,31.02,0.1217,0.314,1.0688,2.1893,-3.4601,0.00629,0.00782,0.00294,0.03715,0.7697
19.0333,JELLY_B,0.6045,-0.6704,1.00,J_SOFT_TURN,9.01,0.0094,0.154,1.4836,2.9995,-3.7573,0.00132,0.00584,0.00279,0.03066,0.2620
19.0333,JELLY_C,0.8791,0.0000,0.05,J_DRIFT_IDLE,8.14,0.0113,0.000,0.5318,3.6553,-3.8548,0.00106,0.00149,0.00382,0.02644,-0.0002
19.0667,JELLY_A,0.2327,-0.2084,1.00,J_PULSE_CRUISE,30.97,0.1184,0.314,1.0690,2.1895,-3.4600,0.00624,0.00772,0.00295,0.03715,0.8159
19.0667,JELLY_B,0.6171,-0.5908,1.00,J_SOFT_TURN,9.03,0.0088,0.154,1.4836,2.9997,-3.7572,0.00132,0.00603,0.00283,0.03080,0.2291
19.0667,JELLY_C,0.8925,0.0000,0.05,J_DRIFT_IDLE,8.12,0.0113,0.000,0.5319,3.6554,-3.8547,0.00106,0.00142,0.00382,0.02646,-0.0001
19.1000,JELLY_A,0.2436,-0.2758,1.00,J_PULSE_CRUISE,30.92,0.1152,0.314,1.0692,2.1898,-3.4599,0.00619,0.00762,0.00295,0.03714,0.8556
19.1000,JELLY_B,0.6297,-0.5074,1.00,J_SOFT_TURN,9.05,0.0082,0.154,1.4837,2.9999,-3.7571,0.00132,0.00622,0.00287,0.03098,0.1978
19.1000,JELLY_C,0.9058,0.0000,0.05,J_DRIFT_IDLE,8.10,0.0113,0.000,0.5319,3.6554,-3.8546,0.00106,0.00135,0.00381,0.02647,-0.0001
19.1333,JELLY_A,0.2544,-0.3420,1.00,J_PULSE_CRUISE,30.87,0.1121,0.314,1.0694,2.1901,-3.4598,0.00615,0.00752,0.00295,0.03714,0.8887
19.1333,JELLY_B,0.6423,-0.4209,1.00,J_SOFT_TURN,9.06,0.0076,0.154,1.4837,3.0001,-3.7570,0.00132,0.00640,0.00291,0.03118,0.1685
19.1333,JELLY_C,0.9191,0.0000,0.05,J_DRIFT_IDLE,8.08,0.0113,0.000,0.5319,3.6555,-3.8544,0.00106,0.00127,0.00380,0.02649,-0.0001
19.1667,JELLY_A,0.2652,-0.4066,1.00,J_PULSE_CRUISE,30.82,0.1091,0.314,1.0696,2.1903,-3.4597,0.00610,0.00742,0.00296,0.03713,0.9153
19.1667,JELLY_B,0.6549,-0.3318,1.00,J_SOFT_TURN,9.08,0.0070,0.154,1.4838,3.0003,-3.7569,0.00133,0.00658,0.00295,0.03141,0.1413
19.1667,JELLY_C,0.9324,0.0000,0.05,J_DRIFT_IDLE,8.06,0.0113,0.000,0.5320,3.6555,-3.8543,0.00106,0.00120,0.00380,0.02650,-0.0001
19.2000,JELLY_A,0.2760,-0.4692,1.00,J_PULSE_CRUISE,30.77,0.1062,0.314,1.0698,2.1905,-3.4596,0.00606,0.00733,0.00296,0.03713,0.9357
19.2000,JELLY_B,0.6675,-0.2407,1.00,J_SOFT_TURN,9.09,0.0064,0.154,1.4838,3.0005,-3.7568,0.00133,0.00676,0.00299,0.03167,0.1163
19.2000,JELLY_C,0.9457,0.0000,0.05,J_DRIFT_IDLE,8.04,0.0113,0.000,0.5320,3.6556,-3.8542,0.00106,0.00113,0.00379,0.02651,-0.0001
19.2333,JELLY_A,0.2869,-0.5297,1.00,J_PULSE_CRUISE,30.72,0.1034,0.314,1.0700,2.1908,-3.4595,0.00601,0.00723,0.00297,0.03713,0.9502
19.2333,JELLY_B,0.6801,-0.1481,1.00,J_SOFT_TURN,9.10,0.0058,0.154,1.4839,3.0007,-3.7567,0.00133,0.00694,0.00303,0.03195,0.0937
19.2333,JELLY_C,0.9591,0.0000,0.05,J_DRIFT_IDLE,8.01,0.0113,0.000,0.5320,3.6556,-3.8541,0.00106,0.00105,0.00379,0.02652,-0.0000
19.2667,JELLY_A,0.2977,-0.5877,1.00,J_PULSE_CRUISE,30.67,0.1007,0.314,1.0702,2.1910,-3.4594,0.00597,0.00713,0.00297,0.03710,0.9591
19.2667,JELLY_B,0.6927,-0.0545,1.00,J_SOFT_TURN,9.11,0.0053,0.154,1.4839,3.0010,-3.7566,0.00133,0.00711,0.00307,0.03225,0.0736
19.2667,JELLY_C,0.9724,0.0000,0.05,J_DRIFT_IDLE,7.99,0.0113,0.000,0.5321,3.6556,-3.8539,0.00106,0.00098,0.00378,0.02654,-0.0000
19.3000,JELLY_A,0.3085,-0.6430,1.00,J_PULSE_CRUISE,30.62,0.0980,0.314,1.0704,2.1913,-3.4593,0.00593,0.00704,0.00298,0.03696,0.9630
19.3000,JELLY_B,0.7053,0.0000,1.00,J_GLIDE,9.12,0.0048,0.154,1.4839,3.0012,-3.7565,0.00133,0.00729,0.00311,0.03257,0.0562
19.3000,JELLY_C,0.9857,0.0000,0.05,J_DRIFT_IDLE,7.97,0.0112,0.000,0.5321,3.6557,-3.8538,0.00106,0.00091,0.00377,0.02655,-0.0000
19.3333,JELLY_A,0.3193,-0.6953,1.00,J_PULSE_CRUISE,30.57,0.0955,0.314,1.0706,2.1915,-3.4592,0.00588,0.00695,0.00298,0.03668,0.9622
19.3333,JELLY_B,0.7179,0.0000,1.00,J_GLIDE,9.13,0.0043,0.154,1.4840,3.0015,-3.7564,0.00133,0.00745,0.00315,0.03290,0.0415
19.3333,JELLY_C,0.9990,0.0000,0.05,J_DRIFT_IDLE,7.95,0.0112,0.000,0.5321,3.6557,-3.8537,0.00106,0.00083,0.00377,0.02655,-0.0000
19.3667,JELLY_A,0.3302,-0.7444,1.00,J_PULSE_CRUISE,30.52,0.0930,0.314,1.0708,2.1917,-3.4591,0.00584,0.00686,0.00299,0.03623,0.9573
19.3667,JELLY_B,0.7304,0.0000,1.00,J_GLIDE,9.14,0.0038,0.154,1.4840,3.0017,-3.7563,0.00133,0.00760,0.00318,0.03325,0.0294
19.3667,JELLY_C,0.0123,0.7134,1.18,J_ACTIVE_CRUISE,7.93,0.0105,0.124,0.5322,3.6557,-3.8535,0.00106,0.00076,0.00376,0.02659,0.0002
19.4000,JELLY_A,0.3410,-0.7900,1.00,J_PULSE_CRUISE,30.47,0.0906,0.314,1.0710,2.1920,-3.4590,0.00580,0.00677,0.00299,0.03562,0.9486
19.4000,JELLY_B,0.7430,0.0000,1.00,J_GLIDE,9.15,0.0033,0.154,1.4841,3.0020,-3.7562,0.00133,0.00775,0.00322,0.03362,0.0197
19.4000,JELLY_C,0.0257,1.4527,1.18,J_ACTIVE_CRUISE,7.91,0.0085,0.124,0.5322,3.6557,-3.8534,0.00106,0.00073,0.00376,0.02664,0.0018
19.4333,JELLY_A,0.3518,-0.8320,1.00,J_PULSE_CRUISE,30.42,0.0882,0.314,1.0712,2.1922,-3.4589,0.00576,0.00668,0.00300,0.03486,0.9365
19.4333,JELLY_B,0.7556,0.0000,1.00,J_GLIDE,9.15,0.0028,0.154,1.4841,3.0022,-3.7561,0.00133,0.00788,0.00325,0.03399,0.0122
19.4333,JELLY_C,0.0390,2.1286,1.18,J_ACTIVE_CRUISE,7.90,0.0055,0.124,0.5322,3.6558,-3.8533,0.00107,0.00077,0.00377,0.02666,0.0068
19.4667,JELLY_A,0.3626,-0.8701,1.00,J_PULSE_CRUISE,30.37,0.0860,0.314,1.0714,2.1924,-3.4588,0.00572,0.00659,0.00301,0.03396,0.9213
19.4667,JELLY_B,0.7682,0.0000,1.00,J_GLIDE,9.16,0.0024,0.154,1.4842,3.0025,-3.7560,0.00133,0.00801,0.00328,0.03437,0.0064
19.4667,JELLY_C,0.0523,2.7116,1.18,J_ACTIVE_CRUISE,7.89,0.0021,0.124,0.5323,3.6558,-3.8532,0.00107,0.00091,0.00379,0.02666,0.0177
19.5000,JELLY_A,0.3735,-0.9042,1.00,J_PULSE_CRUISE,30.32,0.0838,0.314,1.0716,2.1926,-3.4587,0.00568,0.00650,0.00301,0.03296,0.9035
19.5000,JELLY_B,0.7808,0.0000,1.00,J_GLIDE,9.16,0.0019,0.154,1.4842,3.0028,-3.7559,0.00133,0.00812,0.00331,0.03476,0.0023
19.5000,JELLY_C,0.0656,3.1764,1.18,J_ACTIVE_CRUISE,7.89,0.0041,0.124,0.5323,3.6558,-3.8530,0.00108,0.00115,0.00383,0.02663,0.0371
19.5333,JELLY_A,0.3843,-0.9341,1.00,J_PULSE_CRUISE,30.27,0.0817,0.314,1.0717,2.1928,-3.4586,0.00564,0.00641,0.00302,0.03188,0.8832
19.5333,JELLY_B,0.7934,0.0000,1.00,J_GLIDE,9.16,0.0015,0.154,1.4843,3.0030,-3.7558,0.00133,0.00823,0.00334,0.03515,-0.0006
19.5333,JELLY_C,0.0789,3.5026,1.18,J_ACTIVE_CRUISE,7.90,0.0092,0.124,0.5324,3.6559,-3.8529,0.00109,0.00147,0.00388,0.02659,0.0670
19.5667,JELLY_A,0.3951,-0.9597,1.00,J_PULSE_CRUISE,30.22,0.0797,0.314,1.0719,2.1930,-3.4585,0.00560,0.00633,0.00302,0.03076,0.8608
19.5667,JELLY_B,0.8059,0.0000,1.00,J_GLIDE,9.17,0.0011,0.154,1.4843,3.0033,-3.7557,0.00132,0.00834,0.00337,0.03554,-0.0025
19.5667,JELLY_C,0.0923,3.6760,1.18,J_ACTIVE_CRUISE,7.92,0.0147,0.124,0.5324,3.6559,-3.8528,0.00110,0.00184,0.00393,0.02656,0.1089
19.6000,JELLY_A,0.4059,-0.9809,1.00,J_PULSE_CRUISE,30.17,0.0777,0.314,1.0721,2.1932,-3.4584,0.00557,0.00624,0.00303,0.02962,0.8365
19.6000,JELLY_B,0.8185,0.0000,1.00,J_GLIDE,9.17,0.0007,0.154,1.4843,3.0036,-3.7555,0.00132,0.00843,0.00339,0.03593,-0.0037
19.6000,JELLY_C,0.1056,3.6890,1.18,J_ACTIVE_CRUISE,7.95,0.0201,0.124,0.5324,3.6560,-3.8527,0.00111,0.00223,0.00399,0.02653,0.1634
19.6333,JELLY_A,0.4167,-0.9975,1.00,J_PULSE_CRUISE,30.12,0.0758,0.314,1.0723,2.1935,-3.4583,0.00553,0.00616,0.00304,0.02850,0.8105
19.6333,JELLY_B,0.8311,0.0000,1.00,J_GLIDE,9.17,0.0003,0.154,1.4844,3.0039,-3.7554,0.00132,0.00852,0.00342,0.03632,-0.0042
19.6333,JELLY_C,0.1189,3.5412,1.18,J_ACTIVE_CRUISE,7.99,0.0253,0.124,0.5325,3.6561,-3.8525,0.00112,0.00260,0.00404,0.02650,0.2303
19.6667,JELLY_A,0.4276,-1.0095,1.00,J_PULSE_CRUISE,30.06,0.0740,0.314,1.0725,2.1937,-3.4582,0.00550,0.00609,0.00305,0.02742,0.7830
19.6667,JELLY_B,0.8437,0.0000,1.00,J_GLIDE,9.17,0.0001,0.154,1.4844,3.0042,-3.7553,0.00131,0.00860,0.00344,0.03670,-0.0044
19.6667,JELLY_C,0.1322,3.2390,1.18,J_ACTIVE_CRUISE,8.04,0.0299,0.124,0.5325,3.6562,-3.8524,0.00113,0.00290,0.00408,0.02649,0.3083
19.7000,JELLY_A,0.4384,-1.0169,1.00,J_PULSE_CRUISE,30.01,0.0722,0.314,1.0727,2.1939,-3.4581,0.00547,0.00603,0.00306,0.02643,0.7542
19.7000,JELLY_B,0.8563,0.0000,1.00,J_GLIDE,9.17,0.0004,0.154,1.4845,3.0045,-3.7552,0.00131,0.00867,0.00347,0.03707,-0.0042
19.7000,JELLY_C,0.1455,2.7954,1.18,J_ACTIVE_CRUISE,8.10,0.0338,0.124,0.5325,3.6563,-3.8522,0.00114,0.00311,0.00412,0.02647,0.3955
19.7333,JELLY_A,0.4492,-1.0195,1.00,J_PULSE_CRUISE,29.96,0.0705,0.314,1.0728,2.1941,-3.4580,0.00545,0.00598,0.00308,0.02555,0.7243
19.7333,JELLY_B,0.8688,0.0000,1.00,J_GLIDE,9.17,0.0008,0.154,1.4845,3.0047,-3.7551,0.00131,0.00874,0.00349,0.03743,-0.0039
19.7333,JELLY_C,0.1589,2.2300,1.18,J_ACTIVE_CRUISE,8.17,0.0366,0.124,0.5326,3.6564,-3.8521,0.00114,0.00323,0.00413,0.02646,0.4892
19.7667,JELLY_A,0.4600,-1.0175,1.00,J_PULSE_CRUISE,29.91,0.0688,0.314,1.0730,2.1943,-3.4579,0.00543,0.00594,0.00310,0.02480,0.6934
19.7667,JELLY_B,0.8814,0.0000,1.00,J_GLIDE,9.17,0.0011,0.154,1.4846,3.0050,-3.7550,0.00130,0.00880,0.00351,0.03777,-0.0034
19.7667,JELLY_C,0.1722,1.5674,1.18,J_ACTIVE_CRUISE,8.24,0.0382,0.124,0.5326,3.6565,-3.8520,0.00114,0.00325,0.00414,0.02645,0.5862
19.8000,JELLY_A,0.4708,-1.0107,1.00,J_PULSE_CRUISE,29.86,0.0673,0.314,1.0732,2.1945,-3.4578,0.00542,0.00591,0.00313,0.02422,0.6617
19.8000,JELLY_B,0.8940,0.0000,1.00,J_GLIDE,9.16,0.0015,0.154,1.4846,3.0053,-3.7548,0.00130,0.00885,0.00353,0.03810,-0.0030
19.8000,JELLY_C,0.1855,0.8364,1.18,J_ACTIVE_CRUISE,8.31,0.0387,0.124,0.5327,3.6566,-3.8518,0.00114,0.00320,0.00413,0.02643,0.6829
19.8333,JELLY_A,0.4816,-0.9993,1.00,J_PULSE_CRUISE,29.81,0.0657,0.314,1.0734,2.1947,-3.4577,0.00541,0.00589,0.00316,0.02381,0.6294
19.8333,JELLY_B,0.9065,0.0000,1.00,J_GLIDE,9.16,0.0018,0.154,1.4847,3.0056,-3.7547,0.00129,0.00890,0.00355,0.03842,-0.0025
19.8333,JELLY_C,0.1988,0.0690,1.18,J_ACTIVE_CRUISE,8.38,0.0378,0.124,0.5327,3.6567,-3.8517,0.00114,0.00311,0.00412,0.02641,0.7754
19.8667,JELLY_A,0.4925,-0.9833,1.00,J_PULSE_CRUISE,29.75,0.0643,0.314,1.0736,2.1948,-3.4576,0.00541,0.00589,0.00320,0.02358,0.5966
19.8667,JELLY_B,0.9191,0.0000,1.00,J_GLIDE,9.16,0.0021,0.154,1.4847,3.0059,-3.7546,0.00129,0.00894,0.00357,0.03871,-0.0020
19.8667,JELLY_C,0.2121,-0.1128,1.18,J_ACTIVE_CRUISE,8.45,0.0363,0.124,0.5327,3.6568,-3.8516,0.00114,0.00301,0.00411,0.02639,0.8602
19.9000,JELLY_A,0.5033,-0.9627,1.00,J_PULSE_CRUISE,29.70,0.0629,0.314,1.0737,2.1950,-3.4575,0.00542,0.00590,0.00324,0.02349,0.5635
19.9000,JELLY_B,0.9317,0.0000,1.00,J_GLIDE,9.15,0.0024,0.154,1.4847,3.0062,-3.7545,0.00128,0.00898,0.00359,0.03898,-0.0016
19.9000,JELLY_C,0.2254,-0.2358,1.18,J_ACTIVE_CRUISE,8.52,0.0349,0.124,0.5328,3.6569,-3.8514,0.00114,0.00292,0.00410,0.02638,0.9348
19.9333,JELLY_A,0.5141,-0.9377,1.00,J_PULSE_CRUISE,29.65,0.0615,0.314,1.0739,2.1952,-3.4574,0.00543,0.00593,0.00328,0.02348,0.5301
19.9333,JELLY_B,0.9442,0.0000,1.00,J_GLIDE,9.15,0.0027,0.154,1.4848,3.0065,-3.7544,0.00128,0.00901,0.00360,0.03923,-0.0012
19.9333,JELLY_C,0.2388,-0.3572,1.18,J_ACTIVE_CRUISE,8.58,0.0336,0.124,0.5328,3.6570,-3.8513,0.00113,0.00282,0.00409,0.02636,0.9976
19.9667,JELLY_A,0.5249,-0.9084,1.00,J_PULSE_CRUISE,29.59,0.0602,0.314,1.0741,2.1954,-3.4573,0.00544,0.00597,0.00333,0.02353,0.4967
19.9667,JELLY_B,0.9568,0.0000,1.00,J_GLIDE,9.14,0.0030,0.154,1.4848,3.0068,-3.7543,0.00127,0.00904,0.00362,0.03946,-0.0009
19.9667,JELLY_C,0.2521,-0.4761,1.18,J_ACTIVE_CRUISE,8.64,0.0322,0.124,0.5328,3.6571,-3.8512,0.00113,0.00273,0.00408,0.02635,1.0484
20.0000,JELLY_A,0.5357,-0.8749,1.00,J_PULSE_CRUISE,29.54,0.0590,0.314,1.0743,2.1956,-3.4572,0.00546,0.00602,0.00339,0.02363,0.4634
20.0000,JELLY_B,0.9694,0.0000,1.00,J_GLIDE,9.14,0.0033,0.154,1.4849,3.0071,-3.7541,0.00126,0.00906,0.00363,0.03966,-0.0007
20.0000,JELLY_C,0.2654,-0.5916,1.18,J_ACTIVE_CRUISE,8.70,0.0309,0.124,0.5329,3.6572,-3.8510,0.00113,0.00264,0.00407,0.02634,1.0872
20.0333,JELLY_A,0.5465,-0.8373,1.00,J_PULSE_CRUISE,29.49,0.0578,0.314,1.0745,2.1958,-3.4571,0.00549,0.00608,0.00345,0.02376,0.4304
20.0333,JELLY_B,0.9819,0.0000,1.00,J_GLIDE,9.13,0.0035,0.154,1.4849,3.0074,-3.7540,0.00126,0.00908,0.00365,0.03983,-0.0005
20.0333,JELLY_C,0.2787,-0.7030,1.18,J_ACTIVE_CRUISE,8.76,0.0297,0.124,0.5329,3.6573,-3.8509,0.00113,0.00254,0.00406,0.02633,1.1147
20.0667,JELLY_A,0.5573,-0.7959,1.00,J_PULSE_CRUISE,29.43,0.0566,0.314,1.0747,2.1960,-3.4569,0.00551,0.00615,0.00351,0.02393,0.3977
20.0667,JELLY_B,0.9945,0.0000,1.00,J_GLIDE,9.12,0.0038,0.154,1.4849,3.0077,-3.7539,0.00125,0.00909,0.00366,0.03997,-0.0003
20.0667,JELLY_C,0.2920,-0.8095,1.18,J_ACTIVE_CRUISE,8.82,0.0284,0.124,0.5330,3.6574,-3.8507,0.00112,0.00245,0.00405,0.02633,1.1319
20.1000,JELLY_A,0.5682,-0.7509,1.00,J_PULSE_CRUISE,29.38,0.0555,0.314,1.0748,2.1963,-3.4568,0.00554,0.00623,0.00358,0.02413,0.3655
20.1000,JELLY_B,0.0071,0.3273,1.00,J_PULSE_CRUISE,9.12,0.0038,0.102,1.4850,3.0080,-3.7538,0.00124,0.00900,0.00365,0.04009,-0.0001
20.1000,JELLY_C,0.3054,-0.9103,1.18,J_ACTIVE_CRUISE,8.87,0.0272,0.124,0.5330,3.6574,-3.8506,0.00112,0.00236,0.00404,0.02633,1.1396
20.1333,JELLY_A,0.5790,-0.7023,1.00,J_PULSE_CRUISE,29.32,0.0544,0.314,1.0750,2.1965,-3.4567,0.00558,0.00631,0.00365,0.02436,0.3340
20.1333,JELLY_B,0.0196,0.8973,1.00,J_PULSE_CRUISE,9.11,0.0031,0.102,1.4850,3.0083,-3.7536,0.00123,0.00889,0.00365,0.04017,0.0006
20.1333,JELLY_C,0.3187,-1.0048,1.18,J_ACTIVE_CRUISE,8.92,0.0261,0.124,0.5330,3.6575,-3.8505,0.00112,0.00227,0.00403,0.02632,1.1389
20.1667,JELLY_A,0.5898,-0.6506,1.00,J_PULSE_CRUISE,29.27,0.0534,0.314,1.0752,2.1967,-3.4566,0.00561,0.00640,0.00372,0.02462,0.3033
20.1667,JELLY_B,0.0322,1.4323,1.00,J_PULSE_CRUISE,9.11,0.0015,0.102,1.4851,3.0086,-3.7535,0.00122,0.00882,0.00365,0.04023,0.0030
20.1667,JELLY_C,0.3320,-1.0921,1.18,J_ACTIVE_CRUISE,8.97,0.0250,0.124,0.5331,3.6576,-3.8503,0.00112,0.00218,0.00402,0.02631,1.1307
20.2000,JELLY_A,0.6006,-0.5958,1.00,J_PULSE_CRUISE,29.21,0.0525,0.314,1.0754,2.1969,-3.4565,0.00564,0.00649,0.00379,0.02491,0.2735
20.2000,JELLY_B,0.0447,1.9115,1.00,J_PULSE_CRUISE,9.10,0.0007,0.102,1.4851,3.0089,-3.7534,0.00121,0.00880,0.00366,0.04026,0.0088
20.2000,JELLY_C,0.3453,-1.1719,1.18,J_ACTIVE_CRUISE,9.01,0.0239,0.124,0.5331,3.6577,-3.8502,0.00112,0.00209,0.00401,0.02630,1.1160
20.2333,JELLY_A,0.6114,-0.5383,1.00,J_PULSE_CRUISE,29.16,0.0515,0.314,1.0756,2.1971,-3.4563,0.00568,0.00658,0.00386,0.02522,0.2448
20.2333,JELLY_B,0.0573,2.3166,1.00,J_PULSE_CRUISE,9.11,0.0035,0.102,1.4852,3.0092,-3.7533,0.00121,0.00884,0.00367,0.04027,0.0198
20.2333,JELLY_C,0.3586,-1.2435,1.18,J_ACTIVE_CRUISE,9.06,0.0228,0.124,0.5331,3.6577,-3.8501,0.00111,0.00201,0.00400,0.02628,1.0957
20.2667,JELLY_A,0.6222,-0.4784,1.00,J_PULSE_CRUISE,29.10,0.0506,0.314,1.0758,2.1973,-3.4562,0.00571,0.00667,0.00393,0.02556,0.2173
20.2667,JELLY_B,0.0698,2.6317,1.00,J_PULSE_CRUISE,9.12,0.0068,0.102,1.4852,3.0095,-3.7532,0.00120,0.00894,0.00370,0.04028,0.0378
20.2667,JELLY_C,0.3719,-1.3063,1.18,J_ACTIVE_CRUISE,9.10,0.0218,0.124,0.5332,3.6578,-3.8499,0.00111,0.00192,0.00399,0.02620,1.0703
20.3000,JELLY_A,0.6330,-0.4162,1.00,J_PULSE_CRUISE,29.05,0.0498,0.314,1.0760,2.1976,-3.4561,0.00574,0.00675,0.00400,0.02591,0.1911
20.3000,JELLY_B,0.0824,2.8448,1.00,J_PULSE_CRUISE,9.13,0.0103,0.102,1.4852,3.0098,-3.7530,0.00120,0.00908,0.00373,0.04029,0.0641
20.3000,JELLY_C,0.3853,-1.3600,1.18,J_ACTIVE_CRUISE,9.14,0.0208,0.124,0.5332,3.6578,-3.8498,0.00111,0.00183,0.00398,0.02600,1.0406
20.3333,JELLY_A,0.6438,-0.3521,1.00,J_PULSE_CRUISE,28.99,0.0490,0.314,1.0762,2.1978,-3.4559,0.00577,0.00684,0.00407,0.02629,0.1663
20.3333,JELLY_B,0.0949,2.9476,1.00,J_PULSE_CRUISE,9.15,0.0139,0.102,1.4853,3.0101,-3.7529,0.00120,0.00924,0.00377,0.04029,0.0996
20.3333,JELLY_C,0.3986,-1.4042,1.18,J_ACTIVE_CRUISE,9.18,0.0198,0.124,0.5333,3.6579,-3.8497,0.00111,0.00175,0.00397,0.02566,1.0072
20.3667,JELLY_A,0.6546,-0.2864,1.00,J_PULSE_CRUISE,28.93,0.0482,0.314,1.0764,2.1980,-3.4558,0.00580,0.00692,0.00414,0.02669,0.1431
20.3667,JELLY_B,0.1075,2.9362,1.00,J_PULSE_CRUISE,9.18,0.0175,0.102,1.4853,3.0104,-3.7528,0.00120,0.00941,0.00380,0.04030,0.1447
20.3667,JELLY_C,0.4119,-1.4386,1.18,J_ACTIVE_CRUISE,9.21,0.0188,0.124,0.5333,3.6580,-3.8495,0.00110,0.00167,0.00397,0.02518,0.9706
20.4000,JELLY_A,0.6655,-0.2194,1.00,J_PULSE_CRUISE,28.88,0.0475,0.314,1.0766,2.1982,-3.4557,0.00583,0.00701,0.00420,0.02710,0.1215
20.4000,JELLY_B,0.1200,2.8112,1.00,J_PULSE_CRUISE,9.22,0.0208,0.102,1.4854,3.0107,-3.7527,0.00119,0.00956,0.00384,0.04030,0.1989
20.4000,JELLY_C,0.4252,-1.4629,1.18,J_ACTIVE_CRUISE,9.25,0.0179,0.124,0.5333,3.6580,-3.8494,0.00110,0.00160,0.00396,0.02457,0.9312
20.4333,JELLY_A,0.6763,-0.1514,1.00,J_PULSE_CRUISE,28.82,0.0468,0.314,1.0767,2.1985,-3.4555,0.00585,0.00709,0.00427,0.02752,0.1016
20.4333,JELLY_B,0.1326,2.5773,1.00,J_PULSE_CRUISE,9.26,0.0238,0.102,1.4854,3.0111,-3.7525,0.00119,0.00967,0.00387,0.04030,0.2616
20.4333,JELLY_C,0.4385,-1.4769,1.18,J_ACTIVE_CRUISE,9.28,0.0170,0.124,0.5334,3.6581,-3.8493,0.00110,0.00156,0.00396,0.02385,0.8894
20.4667,JELLY_A,0.6871,-0.0827,1.00,J_PULSE_CRUISE,28.76,0.0461,0.314,1.0769,2.1987,-3.4554,0.00588,0.00717,0.00434,0.02796,0.0836
20.4667,JELLY_B,0.1451,2.2438,1.00,J_PULSE_CRUISE,9.31,0.0262,0.102,1.4854,3.0114,-3.7524,0.00118,0.00973,0.00389,0.04030,0.3311
20.4667,JELLY_C,0.4518,-1.4807,1.18,J_ACTIVE_CRUISE,9.31,0.0162,0.124,0.5334,3.6581,-3.8491,0.00110,0.00154,0.00396,0.02305,0.8456
20.5000,JELLY_A,0.6979,-0.0136,1.00,J_PULSE_CRUISE,28.70,0.0455,0.314,1.0771,2.1990,-3.4552,0.00590,0.00725,0.00441,0.02841,0.0675
20.5000,JELLY_B,0.1577,1.8235,1.00,J_PULSE_CRUISE,9.36,0.0280,0.102,1.4855,3.0117,-3.7523,0.00117,0.00973,0.00390,0.04030,0.4057
20.5000,JELLY_C,0.4651,-1.4740,1.18,J_ACTIVE_CRUISE,9.34,0.0153,0.124,0.5334,3.6582,-3.8490,0.00110,0.00155,0.00397,0.02221,0.8002
20.5333,JELLY_A,0.7087,0.0000,1.00,J_GLIDE,28.65,0.0449,0.314,1.0773,2.1992,-3.4551,0.00593,0.00733,0.00447,0.02886,0.0534
20.5333,JELLY_B,0.1702,1.3329,1.00,J_PULSE_CRUISE,9.41,0.0290,0.102,1.4855,3.0120,-3.7521,0.00116,0.00967,0.00390,0.04030,0.4830
20.5333,JELLY_C,0.4785,-1.4571,1.18,J_ACTIVE_CRUISE,9.37,0.0145,0.124,0.5335,3.6582,-3.8489,0.00111,0.00159,0.00398,0.02136,0.7535
20.5667,JELLY_A,0.7195,0.0000,1.00,J_GLIDE,28.59,0.0443,0.314,1.0775,2.1994,-3.4549,0.00595,0.00740,0.00454,0.02933,0.0411
20.5667,JELLY_B,0.1828,0.7908,1.00,J_PULSE_CRUISE,9.47,0.0293,0.102,1.4855,3.0124,-3.7520,0.00115,0.00957,0.00389,0.04030,0.5606
20.5667,JELLY_C,0.4918,-1.4300,1.18,J_ACTIVE_CRUISE,9.40,0.0137,0.124,0.5335,3.6583,-3.8487,0.00111,0.00166,0.00400,0.02054,0.7059
20.6000,JELLY_A,0.7303,0.0000,1.00,J_GLIDE,28.53,0.0438,0.314,1.0777,2.1997,-3.4548,0.00597,0.00747,0.00460,0.02979,0.0307
20.6000,JELLY_B,0.1953,0.2183,1.00,J_PULSE_CRUISE,9.53,0.0286,0.102,1.4856,3.0127,-3.7519,0.00114,0.00944,0.00388,0.04030,0.6356
20.6000,JELLY_C,0.5051,-1.3929,1.18,J_ACTIVE_CRUISE,9.42,0.0129,0.124,0.5336,3.6583,-3.8486,0.00112,0.00177,0.00402,0.01979,0.6576
20.6333,JELLY_A,0.7411,0.0000,1.00,J_GLIDE,28.47,0.0432,0.314,1.0779,2.1999,-3.4546,0.00599,0.00753,0.00466,0.03026,0.0221
20.6333,JELLY_B,0.2078,-0.0581,1.00,J_PULSE_CRUISE,9.58,0.0274,0.102,1.4856,3.0130,-3.7517,0.00113,0.00930,0.00387,0.04030,0.7056
20.6333,JELLY_C,0.5184,-1.3460,1.18,J_ACTIVE_CRUISE,9.44,0.0122,0.124,0.5336,3.6584,-3.8485,0.00112,0.00191,0.00405,0.01914,0.6090
20.6667,JELLY_A,0.7519,0.0000,1.00,J_GLIDE,28.41,0.0428,0.314,1.0781,2.2002,-3.4545,0.00600,0.00759,0.00472,0.03073,0.0151
20.6667,JELLY_B,0.2204,-0.1508,1.00,J_PULSE_CRUISE,9.63,0.0262,0.102,1.4857,3.0133,-3.7516,0.00112,0.00917,0.00386,0.04031,0.7684
20.6667,JELLY_C,0.5317,-1.2897,1.18,J_ACTIVE_CRUISE,9.47,0.0114,0.124,0.5336,3.6585,-3.8483,0.00113,0.00208,0.00408,0.01864,0.5604
20.7000,JELLY_A,0.7627,0.0000,1.00,J_GLIDE,28.35,0.0423,0.314,1.0783,2.2005,-3.4543,0.00601,0.00764,0.00478,0.03120,0.0095
20.7000,JELLY_B,0.2329,-0.2425,1.00,J_PULSE_CRUISE,9.68,0.0251,0.102,1.4857,3.0136,-3.7515,0.00110,0.00904,0.00385,0.04031,0.8227
20.7000,JELLY_C,0.5450,-1.2245,1.18,J_ACTIVE_CRUISE,9.49,0.0107,0.124,0.5337,3.6585,-3.8482,0.00114,0.00228,0.00412,0.01829,0.5121
20.7333,JELLY_A,0.7735,0.0000,1.00,J_GLIDE,28.29,0.0419,0.314,1.0785,2.2007,-3.4541,0.00602,0.00769,0.00483,0.03166,0.0051
20.7333,JELLY_B,0.2454,-0.3327,1.00,J_PULSE_CRUISE,9.73,0.0239,0.102,1.4857,3.0139,-3.7514,0.00109,0.00891,0.00383,0.04031,0.8680
20.7333,JELLY_C,0.5583,-1.1506,1.18,J_ACTIVE_CRUISE,9.51,0.0101,0.124,0.5337,3.6586,-3.8481,0.00115,0.00250,0.00416,0.01811,0.4645
20.7667,JELLY_A,0.7843,0.0000,1.00,J_GLIDE,28.23,0.0414,0.314,1.0787,2.2010,-3.4540,0.00603,0.00774,0.00489,0.03212,0.0018
20.7667,JELLY_B,0.2580,-0.4208,1.00,J_PULSE_CRUISE,9.77,0.0228,0.102,1.4858,3.0142,-3.7512,0.00108,0.00878,0.00382,0.04031,0.9042
20.7667,JELLY_C,0.5717,-1.0687,1.18,J_ACTIVE_CRUISE,9.52,0.0094,0.124,0.5337,3.6587,-3.8479,0.00115,0.00274,0.00420,0.01806,0.4179
20.8000,JELLY_A,0.7951,0.0000,1.00,J_GLIDE,28.17,0.0410,0.314,1.0789,2.2012,-3.4538,0.00604,0.00778,0.00494,0.03256,-0.0006
20.8000,JELLY_B,0.2705,-0.5063,1.00,J_PULSE_CRUISE,9.81,0.0218,0.102,1.4858,3.0145,-3.7511,0.00107,0.00866,0.00381,0.04031,0.9315
20.8000,JELLY_C,0.5850,-0.9794,1.18,J_ACTIVE_CRUISE,9.54,0.0087,0.124,0.5338,3.6588,-3.8478,0.00116,0.00300,0.00425,0.01809,0.3725
20.8333,JELLY_A,0.8059,0.0000,1.00,J_GLIDE,28.11,0.0407,0.314,1.0791,2.2015,-3.4537,0.00604,0.00781,0.00499,0.03300,-0.0023
20.8333,JELLY_B,0.2830,-0.5886,1.00,J_PULSE_CRUISE,9.86,0.0207,0.102,1.4858,3.0148,-3.7510,0.00106,0.00854,0.00380,0.04031,0.9506
20.8333,JELLY_C,0.5983,-0.8831,1.18,J_ACTIVE_CRUISE,9.56,0.0081,0.124,0.5338,3.6589,-3.8476,0.00117,0.00326,0.00429,0.01817,0.3286
20.8667,JELLY_A,0.8168,0.0000,1.00,J_GLIDE,28.05,0.0403,0.314,1.0793,2.2017,-3.4535,0.00605,0.00785,0.00504,0.03343,-0.0034
20.8667,JELLY_B,0.2956,-0.6672,1.00,J_PULSE_CRUISE,9.89,0.0197,0.102,1.4859,3.0150,-3.7509,0.00105,0.00842,0.00379,0.04031,0.9621
20.8667,JELLY_C,0.6116,-0.7808,1.18,J_ACTIVE_CRUISE,9.57,0.0075,0.124,0.5339,3.6590,-3.8475,0.00118,0.00352,0.00434,0.01829,0.2867
20.9000,JELLY_A,0.8276,0.0000,1.00,J_GLIDE,27.99,0.0400,0.314,1.0795,2.2020,-3.4533,0.00605,0.00788,0.00508,0.03384,-0.0040
20.9000,JELLY_B,0.3081,-0.7417,1.00,J_PULSE_CRUISE,9.93,0.0187,0.102,1.4859,3.0153,-3.7507,0.00103,0.00830,0.00378,0.04031,0.9667
20.9000,JELLY_C,0.6249,-0.6729,1.18,J_ACTIVE_CRUISE,9.58,0.0069,0.124,0.5339,3.6591,-3.8474,0.00119,0.00378,0.00438,0.01844,0.2468
20.9333,JELLY_A,0.8384,0.0000,1.00,J_GLIDE,27.93,0.0396,0.314,1.0797,2.2023,-3.4531,0.00605,0.00790,0.00513,0.03423,-0.0043
20.9333,JELLY_B,0.3206,-0.8116,1.00,J_PULSE_CRUISE,9.97,0.0178,0.102,1.4859,3.0156,-3.7506,0.00102,0.00818,0.00377,0.04031,0.9652
20.9333,JELLY_C,0.6382,-0.5604,1.18,J_ACTIVE_CRUISE,9.60,0.0064,0.124,0.5339,3.6593,-3.8472,0.00120,0.00403,0.00443,0.01862,0.2094
20.9667,JELLY_A,0.8492,0.0000,1.00,J_GLIDE,27.87,0.0393,0.314,1.0799,2.2025,-3.4530,0.00605,0.00792,0.00517,0.03461,-0.0043
20.9667,JELLY_B,0.3331,-0.8764,1.00,J_PULSE_CRUISE,10.00,0.0169,0.102,1.4860,3.0159,-3.7505,0.00101,0.00806,0.00376,0.04030,0.9581
20.9667,JELLY_C,0.6515,-0.4439,1.18,J_ACTIVE_CRUISE,9.61,0.0058,0.124,0.5340,3.6594,-3.8471,0.00121,0.00428,0.00447,0.01883,0.1747
21.0000,JELLY_A,0.8600,0.0000,1.00,J_GLIDE,27.81,0.0391,0.314,1.0801,2.2028,-3.4528,0.00604,0.00794,0.00521,0.03497,-0.0042
21.0000,JELLY_B,0.3457,-0.9358,1.00,J_PULSE_CRUISE,10.03,0.0160,0.102,1.4860,3.0161,-3.7504,0.00100,0.00795,0.00375,0.04027,0.9462
21.0000,JELLY_C,0.6648,-0.3244,1.18,J_ACTIVE_CRUISE,9.62,0.0053,0.124,0.5340,3.6596,-3.8469,0.00122,0.00453,0.00452,0.01906,0.1428
21.0333,JELLY_A,0.8708,0.0000,1.00,J_GLIDE,27.75,0.0388,0.314,1.0803,2.2031,-3.4526,0.00604,0.00796,0.00526,0.03531,-0.0039
21.0333,JELLY_B,0.3582,-0.9893,1.00,J_PULSE_CRUISE,10.06,0.0151,0.102,1.4860,3.0164,-3.7502,0.00099,0.00784,0.00374,0.04012,0.9300
21.0333,JELLY_C,0.6782,-0.2026,1.18,J_ACTIVE_CRUISE,9.62,0.0048,0.124,0.5341,3.6597,-3.8468,0.00123,0.00478,0.00456,0.01932,0.1141
21.0667,JELLY_A,0.8816,0.0000,1.00,J_GLIDE,27.68,0.0385,0.314,1.0805,2.2033,-3.4525,0.00603,0.00797,0.00530,0.03563,-0.0035
21.0667,JELLY_B,0.3707,-1.0368,1.00,J_PULSE_CRUISE,10.09,0.0142,0.102,1.4861,3.0167,-3.7501,0.00098,0.00772,0.00373,0.03983,0.9100
21.0667,JELLY_C,0.6915,-0.0793,1.18,J_ACTIVE_CRUISE,9.63,0.0043,0.124,0.5341,3.6599,-3.8466,0.00123,0.00503,0.00460,0.01959,0.0887
21.1000,JELLY_A,0.8924,0.0000,1.00,J_GLIDE,27.62,0.0383,0.314,1.0807,2.2036,-3.4523,0.00603,0.00798,0.00533,0.03593,-0.0031
21.1000,JELLY_B,0.3832,-1.0778,1.00,J_PULSE_CRUISE,10.12,0.0134,0.102,1.4861,3.0169,-3.7500,0.00097,0.00761,0.00372,0.03938,0.8868
21.1000,JELLY_C,0.7048,0.0000,1.18,J_GLIDE,9.64,0.0038,0.124,0.5341,3.6601,-3.8465,0.00124,0.00526,0.00465,0.01988,0.0668
21.1333,JELLY_A,0.9032,0.0000,1.00,J_GLIDE,27.56,0.0381,0.314,1.0809,2.2039,-3.4521,0.00602,0.00799,0.00537,0.03620,-0.0027
21.1333,JELLY_B,0.3958,-1.1121,1.00,J_PULSE_CRUISE,10.14,0.0126,0.102,1.4861,3.0172,-3.7499,0.00096,0.00751,0.00371,0.03879,0.8607
21.1333,JELLY_C,0.7181,0.0000,1.18,J_GLIDE,9.65,0.0034,0.124,0.5342,3.6602,-3.8463,0.00125,0.00549,0.00469,0.02018,0.0485
21.1667,JELLY_A,0.9140,0.0000,1.00,J_GLIDE,27.50,0.0379,0.314,1.0811,2.2041,-3.4519,0.00601,0.00799,0.00541,0.03645,-0.0023
21.1667,JELLY_B,0.4083,-1.1395,1.00,J_PULSE_CRUISE,10.16,0.0118,0.102,1.4862,3.0174,-3.7497,0.00095,0.00740,0.00371,0.03808,0.8321
21.1667,JELLY_C,0.7314,0.0000,1.18,J_GLIDE,9.65,0.0030,0.124,0.5342,3.6604,-3.8461,0.00125,0.00571,0.00472,0.02050,0.0336
21.2000,JELLY_A,0.9248,0.0000,1.00,J_GLIDE,27.44,0.0376,0.314,1.0813,2.2044,-3.4517,0.00600,0.00799,0.00544,0.03667,-0.0019
21.2000,JELLY_B,0.4208,-1.1599,1.00,J_PULSE_CRUISE,10.19,0.0111,0.102,1.4862,3.0177,-3.7496,0.00094,0.00731,0.00370,0.03726,0.8013
21.2000,JELLY_C,0.7447,0.0000,1.18,J_GLIDE,9.65,0.0026,0.124,0.5343,3.6606,-3.8460,0.00126,0.00591,0.00476,0.02084,0.0218
21.2333,JELLY_A,0.9356,0.0000,1.00,J_GLIDE,27.37,0.0375,0.314,1.0815,2.2047,-3.4516,0.00599,0.00799,0.00547,0.03686,-0.0016
21.2333,JELLY_B,0.4333,-1.1731,1.00,J_PULSE_CRUISE,10.21,0.0103,0.102,1.4862,3.0179,-3.7495,0.00093,0.00723,0.00369,0.03637,0.7686
21.2333,JELLY_C,0.7580,0.0000,1.18,J_GLIDE,9.66,0.0022,0.124,0.5343,3.6608,-3.8458,0.00126,0.00610,0.00479,0.02118,0.0128
21.2667,JELLY_A,0.9464,0.0000,1.00,J_GLIDE,27.31,0.0373,0.314,1.0817,2.2049,-3.4514,0.00598,0.00798,0.00551,0.03703,-0.0012
21.2667,JELLY_B,0.4458,-1.1791,1.00,J_PULSE_CRUISE,10.23,0.0096,0.102,1.4863,3.0181,-3.7494,0.00092,0.00716,0.00369,0.03545,0.7344
21.2667,JELLY_C,0.7713,0.0000,1.18,J_GLIDE,9.66,0.0020,0.124,0.5344,3.6610,-3.8457,0.00127,0.00628,0.00482,0.02154,0.0062
21.3000,JELLY_A,0.9572,0.0000,1.00,J_GLIDE,27.25,0.0371,0.314,1.0819,2.2052,-3.4512,0.00596,0.00798,0.00554,0.03716,-0.0010
21.3000,JELLY_B,0.4583,-1.1778,1.00,J_PULSE_CRUISE,10.24,0.0089,0.102,1.4863,3.0184,-3.7492,0.00092,0.00712,0.00369,0.03452,0.6988
21.3000,JELLY_C,0.7846,0.0000,1.18,J_GLIDE,9.66,0.0017,0.124,0.5344,3.6612,-3.8455,0.00127,0.00644,0.00485,0.02190,0.0015
21.3333,JELLY_A,0.9680,0.0000,1.00,J_GLIDE,27.19,0.0369,0.314,1.0821,2.2055,-3.4510,0.00595,0.00797,0.00557,0.03727,-0.0007
21.3333,JELLY_B,0.4709,-1.1692,1.00,J_PULSE_CRUISE,10.26,0.0082,0.102,1.4863,3.0186,-3.7491,0.00091,0.00710,0.00370,0.03362,0.6621
21.3333,JELLY_C,0.7980,0.0000,1.18,J_GLIDE,9.66,0.0016,0.124,0.5344,3.6615,-3.8453,0.00127,0.00660,0.00488,0.02226,-0.0016
21.3667,JELLY_A,0.9788,0.0000,1.00,J_GLIDE,27.12,0.0368,0.314,1.0823,2.2057,-3.4508,0.00593,0.00796,0.00560,0.03735,-0.0005
21.3667,JELLY_B,0.4834,-1.1533,1.00,J_PULSE_CRUISE,10.28,0.0076,0.102,1.4864,3.0188,-3.7490,0.00090,0.00710,0.00371,0.03279,0.6246
21.3667,JELLY_C,0.8113,0.0000,1.18,J_GLIDE,9.66,0.0015,0.124,0.5345,3.6617,-3.8452,0.00127,0.00674,0.00490,0.02262,-0.0036
21.4000,JELLY_A,0.9896,0.0000,1.00,J_GLIDE,27.06,0.0366,0.314,1.0825,2.2060,-3.4506,0.00592,0.00794,0.00563,0.03740,-0.0004
21.4000,JELLY_B,0.4959,-1.1304,1.00,J_PULSE_CRUISE,10.29,0.0069,0.102,1.4864,3.0191,-3.7489,0.00090,0.00712,0.00372,0.03205,0.5864
21.4000,JELLY_C,0.8246,0.0000,1.18,J_GLIDE,9.66,0.0016,0.124,0.5345,3.6619,-3.8450,0.00127,0.00687,0.00492,0.02298,-0.0046
21.4333,JELLY_A,0.0004,0.0178,1.00,J_SOFT_TURN,27.00,0.0365,0.209,1.0827,2.2063,-3.4504,0.00589,0.00790,0.00564,0.03742,-0.0001
21.4333,JELLY_B,0.5084,-1.1005,1.00,J_PULSE_CRUISE,10.30,0.0063,0.102,1.4864,3.0193,-3.7487,0.00089,0.00717,0.00374,0.03143,0.5478
21.4333,JELLY_C,0.8379,0.0000,1.18,J_GLIDE,9.66,0.0017,0.124,0.5346,3.6621,-3.8448,0.00128,0.00700,0.00494,0.02334,-0.0050
21.4667,JELLY_A,0.0112,0.4476,1.00,J_SOFT_TURN,26.93,0.0374,0.209,1.0829,2.2065,-3.4503,0.00585,0.00780,0.00564,0.03743,0.0004
21.4667,JELLY_B,0.5209,-1.0638,1.00,J_PULSE_CRUISE,10.31,0.0057,0.102,1.4865,3.0196,-3.7486,0.00089,0.00724,0.00376,0.03097,0.5091
21.4667,JELLY_C,0.8512,0.0000,1.18,J_GLIDE,9.66,0.0019,0.124,0.5346,3.6624,-3.8447,0.00128,0.00711,0.00496,0.02369,-0.0050
21.5000,JELLY_A,0.0221,0.8645,1.00,J_SOFT_TURN,26.87,0.0397,0.209,1.0831,2.2068,-3.4501,0.00580,0.00771,0.00564,0.03743,0.0015
21.5000,JELLY_B,0.5334,-1.0205,1.00,J_PULSE_CRUISE,10.32,0.0051,0.102,1.4865,3.0198,-3.7485,0.00089,0.00733,0.00379,0.03067,0.4704
21.5000,JELLY_C,0.8645,0.0000,1.18,J_GLIDE,9.66,0.0021,0.124,0.5346,3.6626,-3.8445,0.00127,0.00721,0.00498,0.02404,-0.0047
21.5333,JELLY_A,0.0329,1.2566,1.00,J_SOFT_TURN,26.80,0.0433,0.209,1.0833,2.2070,-3.4499,0.00577,0.00764,0.00564,0.03743,0.0042
21.5333,JELLY_B,0.5459,-0.9710,1.00,J_PULSE_CRUISE,10.33,0.0046,0.102,1.4865,3.0201,-3.7484,0.00088,0.00745,0.00382,0.03053,0.4320
21.5333,JELLY_C,0.8778,0.0000,1.18,J_GLIDE,9.65,0.0024,0.124,0.5347,3.6629,-3.8444,0.00127,0.00731,0.00500,0.02437,-0.0042
21.5667,JELLY_A,0.0437,1.6126,1.00,J_SOFT_TURN,26.72,0.0481,0.209,1.0835,2.2073,-3.4497,0.00575,0.00761,0.00566,0.03742,0.0094
21.5667,JELLY_B,0.5584,-0.9155,1.00,J_PULSE_CRUISE,10.34,0.0040,0.102,1.4865,3.0203,-3.7482,0.00088,0.00757,0.00385,0.03047,0.3941
21.5667,JELLY_C,0.8911,0.0000,1.18,J_GLIDE,9.65,0.0026,0.124,0.5347,3.6631,-3.8442,0.00127,0.00739,0.00501,0.02469,-0.0036
21.6000,JELLY_A,0.0545,1.9223,1.00,J_SOFT_TURN,26.63,0.0540,0.209,1.0837,2.2075,-3.4495,0.00573,0.00760,0.00570,0.03741,0.0184
21.6000,JELLY_B,0.5709,-0.8543,1.00,J_PULSE_CRUISE,10.35,0.0035,0.102,1.4866,3.0206,-3.7481,0.00088,0.00771,0.00388,0.03049,0.3569
21.6000,JELLY_C,0.9045,0.0000,1.18,J_GLIDE,9.64,0.0029,0.124,0.5348,3.6634,-3.8440,0.00127,0.00747,0.00502,0.02499,-0.0030
21.6333,JELLY_A,0.0653,2.1767,1.00,J_SOFT_TURN,26.53,0.0606,0.209,1.0839,2.2078,-3.4493,0.00573,0.00764,0.00574,0.03739,0.0321
21.6333,JELLY_B,0.5834,-0.7879,1.00,J_PULSE_CRUISE,10.36,0.0030,0.102,1.4866,3.0208,-3.7480,0.00088,0.00786,0.00392,0.03054,0.3206
21.6333,JELLY_C,0.9178,0.0000,1.18,J_GLIDE,9.64,0.0032,0.124,0.5348,3.6636,-3.8438,0.00127,0.00754,0.00503,0.02528,-0.0024
21.6667,JELLY_A,0.0761,2.3686,1.00,J_SOFT_TURN,26.43,0.0677,0.209,1.0841,2.2080,-3.4491,0.00574,0.00770,0.00579,0.03738,0.0516
21.6667,JELLY_B,0.5959,-0.7167,1.00,J_PULSE_CRUISE,10.36,0.0025,0.102,1.4866,3.0211,-3.7478,0.00088,0.00801,0.00395,0.03064,0.2855
21.6667,JELLY_C,0.9311,0.0000,1.18,J_GLIDE,9.63,0.0034,0.124,0.5349,3.6639,-3.8437,0.00126,0.00761,0.00504,0.02556,-0.0019
21.7000,JELLY_A,0.0869,2.4924,1.00,J_SOFT_TURN,26.31,0.0752,0.209,1.0843,2.2083,-3.4489,0.00576,0.00778,0.00585,0.03737,0.0774
21.7000,JELLY_B,0.6084,-0.6411,1.00,J_PULSE_CRUISE,10.37,0.0020,0.102,1.4867,3.0214,-3.7477,0.00088,0.00816,0.00399,0.03077,0.2517
21.7000,JELLY_C,0.9444,0.0000,1.18,J_GLIDE,9.63,0.0037,0.124,0.5349,3.6641,-3.8435,0.00126,0.00766,0.00505,0.02581,-0.0014
21.7333,JELLY_A,0.0977,2.5446,1.00,J_SOFT_TURN,26.18,0.0828,0.209,1.0845,2.2086,-3.4487,0.00578,0.00788,0.00592,0.03736,0.1102
21.7333,JELLY_B,0.6209,-0.5615,1.00,J_PULSE_CRUISE,10.37,0.0015,0.102,1.4867,3.0216,-3.7476,0.00087,0.00831,0.00402,0.03093,0.2195
21.7333,JELLY_C,0.9577,0.0000,1.18,J_GLIDE,9.62,0.0040,0.124,0.5349,3.6644,-3.8433,0.00126,0.00771,0.00506,0.02604,-0.0011
21.7667,JELLY_A,0.1085,2.5236,1.00,J_SOFT_TURN,26.03,0.0901,0.209,1.0847,2.2088,-3.4485,0.00580,0.00797,0.00598,0.03735,0.1498
21.7667,JELLY_B,0.6334,-0.4785,1.00,J_PULSE_CRUISE,10.37,0.0011,0.102,1.4867,3.0219,-3.7474,0.00087,0.00846,0.00406,0.03113,0.1890
21.7667,JELLY_C,0.9710,0.0000,1.18,J_GLIDE,9.61,0.0042,0.124,0.5350,3.6646,-3.8432,0.00125,0.00775,0.00507,0.02625,-0.0007
21.8000,JELLY_A,0.1193,2.4301,1.00,J_SOFT_TURN,25.88,0.0970,0.209,1.0849,2.2091,-3.4483,0.00581,0.00805,0.00604,0.03734,0.1962
21.8000,JELLY_B,0.6459,-0.3925,1.00,J_PULSE_CRUISE,10.37,0.0006,0.102,1.4867,3.0222,-3.7473,0.00087,0.00861,0.00409,0.03134,0.1605
21.8000,JELLY_C,0.9843,0.0000,1.18,J_GLIDE,9.60,0.0045,0.124,0.5350,3.6649,-3.8430,0.00125,0.00778,0.00507,0.02644,-0.0005
21.8333,JELLY_A,0.1301,2.2667,1.00,J_SOFT_TURN,25.71,0.1031,0.209,1.0851,2.2094,-3.4481,0.00582,0.00812,0.00610,0.03733,0.2488
21.8333,JELLY_B,0.6584,-0.3042,1.00,J_PULSE_CRUISE,10.37,0.0002,0.102,1.4868,3.0225,-3.7472,0.00087,0.00875,0.00413,0.03159,0.1340
21.8333,JELLY_C,0.9976,0.0000,1.18,J_GLIDE,9.60,0.0047,0.124,0.5351,3.6651,-3.8428,0.00124,0.00781,0.00507,0.02660,-0.0003
21.8667,JELLY_A,0.1409,2.0381,1.00,J_SOFT_TURN,25.54,0.1084,0.209,1.0852,2.2096,-3.4479,0.00582,0.00815,0.00614,0.03732,0.3067
21.8667,JELLY_B,0.6709,-0.2140,1.00,J_PULSE_CRUISE,10.37,0.0003,0.102,1.4868,3.0228,-3.7470,0.00086,0.00889,0.00416,0.03186,0.1098
21.8667,JELLY_C,0.0109,0.5368,1.00,J_PULSE_CRUISE,9.59,0.0047,0.075,0.5351,3.6654,-3.8427,0.00123,0.00766,0.00505,0.02673,-0.0000
21.9000,JELLY_A,0.1517,1.7510,1.00,J_SOFT_TURN,25.36,0.1126,0.209,1.0854,2.2099,-3.4477,0.00580,0.00815,0.00617,0.03731,0.3688
21.9000,JELLY_B,0.6834,-0.1225,1.00,J_PULSE_CRUISE,10.37,0.0007,0.102,1.4868,3.0231,-3.7469,0.00086,0.00903,0.00419,0.03214,0.0880
21.9000,JELLY_C,0.0243,1.1667,1.00,J_PULSE_CRUISE,9.58,0.0040,0.075,0.5352,3.6657,-3.8425,0.00122,0.00753,0.00503,0.02682,0.0011
21.9333,JELLY_A,0.1625,1.4134,1.00,J_SOFT_TURN,25.17,0.1155,0.209,1.0856,2.2102,-3.4475,0.00578,0.00811,0.00618,0.03730,0.4338
21.9333,JELLY_B,0.6959,-0.0303,1.00,J_PULSE_CRUISE,10.37,0.0011,0.102,1.4869,3.0234,-3.7468,0.00086,0.00916,0.00423,0.03245,0.0688
21.9333,JELLY_C,0.0376,1.7458,1.00,J_PULSE_CRUISE,9.57,0.0029,0.075,0.5352,3.6659,-3.8423,0.00121,0.00746,0.00502,0.02687,0.0048
21.9667,JELLY_A,0.1733,1.0352,1.00,J_SOFT_TURN,24.98,0.1171,0.209,1.0858,2.2104,-3.4473,0.00574,0.00804,0.00619,0.03729,0.5001
21.9667,JELLY_B,0.7084,0.0000,1.00,J_GLIDE,10.37,0.0014,0.102,1.4869,3.0237,-3.7466,0.00085,0.00929,0.00426,0.03278,0.0522
21.9667,JELLY_C,0.0509,2.2488,1.00,J_PULSE_CRUISE,9.57,0.0018,0.075,0.5352,3.6662,-3.8422,0.00121,0.00746,0.00501,0.02689,0.0133
22.0000,JELLY_A,0.1842,0.6272,1.00,J_SOFT_TURN,24.79,0.1172,0.209,1.0860,2.2107,-3.4471,0.00570,0.00795,0.00618,0.03727,0.5662
22.0000,JELLY_B,0.7209,0.0000,1.00,J_GLIDE,10.37,0.0018,0.102,1.4869,3.0240,-3.7465,0.00085,0.00942,0.00429,0.03312,0.0382
22.0000,JELLY_C,0.0642,2.6538,1.00,J_PULSE_CRUISE,9.57,0.0024,0.075,0.5353,3.6664,-3.8420,0.00120,0.00753,0.00502,0.02688,0.0287
22.0333,JELLY_A,0.1950,0.2012,1.00,J_SOFT_TURN,24.60,0.1158,0.209,1.0862,2.2110,-3.4469,0.00565,0.00785,0.00617,0.03726,0.6303
22.0333,JELLY_B,0.7334,0.0000,1.00,J_GLIDE,10.36,0.0022,0.102,1.4869,3.0243,-3.7463,0.00085,0.00953,0.00432,0.03348,0.0268
22.0333,JELLY_C,0.0775,2.9433,1.00,J_PULSE_CRUISE,9.57,0.0045,0.075,0.5353,3.6667,-3.8418,0.00120,0.00765,0.00504,0.02686,0.0529
22.0667,JELLY_A,0.2058,-0.0370,1.00,J_SOFT_TURN,24.41,0.1132,0.209,1.0864,2.2112,-3.4467,0.00561,0.00774,0.00617,0.03725,0.6909
22.0667,JELLY_B,0.7459,0.0000,1.00,J_GLIDE,10.36,0.0025,0.102,1.4870,3.0246,-3.7462,0.00084,0.00963,0.00434,0.03384,0.0177
22.0667,JELLY_C,0.0908,3.1045,1.00,J_PULSE_CRUISE,9.58,0.0071,0.075,0.5354,3.6669,-3.8417,0.00120,0.00782,0.00507,0.02684,0.0872
22.1000,JELLY_A,0.2166,-0.1060,1.00,J_SOFT_TURN,24.22,0.1107,0.209,1.0866,2.2115,-3.4465,0.00556,0.00763,0.00616,0.03723,0.7465
22.1000,JELLY_B,0.7584,0.0000,1.00,J_GLIDE,10.35,0.0029,0.102,1.4870,3.0250,-3.7460,0.00084,0.00973,0.00437,0.03422,0.0106
22.1000,JELLY_C,0.1041,3.1304,1.00,J_PULSE_CRUISE,9.60,0.0097,0.075,0.5354,3.6672,-3.8415,0.00121,0.00800,0.00510,0.02682,0.1322
22.1333,JELLY_A,0.2274,-0.1745,1.00,J_SOFT_TURN,24.05,0.1082,0.209,1.0868,2.2117,-3.4463,0.00551,0.00753,0.00615,0.03722,0.7962
22.1333,JELLY_B,0.7708,0.0000,1.00,J_GLIDE,10.35,0.0032,0.102,1.4870,3.0253,-3.7459,0.00083,0.00982,0.00439,0.03460,0.0053
22.1333,JELLY_C,0.1175,3.0199,1.00,J_PULSE_CRUISE,9.62,0.0121,0.075,0.5354,3.6674,-3.8413,0.00121,0.00817,0.00512,0.02681,0.1877
22.1667,JELLY_A,0.2382,-0.2422,1.00,J_SOFT_TURN,23.87,0.1058,0.209,1.0869,2.2120,-3.4461,0.00547,0.00742,0.00614,0.03721,0.8394
22.1667,JELLY_B,0.7833,0.0000,1.00,J_GLIDE,10.34,0.0035,0.102,1.4871,3.0256,-3.7457,0.00082,0.00990,0.00441,0.03499,0.0015
22.1667,JELLY_C,0.1308,2.7778,1.00,J_PULSE_CRUISE,9.64,0.0143,0.075,0.5355,3.6677,-3.8412,0.00121,0.00829,0.00514,0.02680,0.2529
22.2000,JELLY_A,0.2490,-0.3088,1.00,J_SOFT_TURN,23.70,0.1035,0.209,1.0871,2.2122,-3.4459,0.00543,0.00732,0.00613,0.03720,0.8760
22.2000,JELLY_B,0.7958,0.0000,1.00,J_GLIDE,10.33,0.0038,0.102,1.4871,3.0260,-3.7456,0.00082,0.00997,0.00443,0.03538,-0.0012
22.2000,JELLY_C,0.1441,2.4146,1.00,J_PULSE_CRUISE,9.67,0.0162,0.075,0.5355,3.6680,-3.8410,0.00120,0.00835,0.00515,0.02679,0.3261
22.2333,JELLY_A,0.2598,-0.3740,1.00,J_SOFT_TURN,23.53,0.1012,0.209,1.0873,2.2125,-3.4457,0.00538,0.00722,0.00612,0.03720,0.9059
22.2333,JELLY_B,0.8083,0.0000,1.00,J_GLIDE,10.33,0.0041,0.102,1.4871,3.0263,-3.7454,0.00081,0.01003,0.00445,0.03577,-0.0029
22.2333,JELLY_C,0.1574,1.9462,1.00,J_PULSE_CRUISE,9.70,0.0175,0.075,0.5356,3.6683,-3.8408,0.00119,0.00834,0.00515,0.02678,0.4052
22.2667,JELLY_A,0.2706,-0.4375,1.00,J_SOFT_TURN,23.37,0.0990,0.209,1.0875,2.2127,-3.4455,0.00534,0.00712,0.00612,0.03719,0.9293
22.2667,JELLY_B,0.8208,0.0000,1.00,J_GLIDE,10.32,0.0044,0.102,1.4871,3.0266,-3.7453,0.00081,0.01009,0.00447,0.03616,-0.0039
22.2667,JELLY_C,0.1707,1.3929,1.00,J_PULSE_CRUISE,9.73,0.0182,0.075,0.5356,3.6686,-3.8406,0.00118,0.00826,0.00513,0.02676,0.4874
22.3000,JELLY_A,0.2814,-0.4990,1.00,J_SOFT_TURN,23.20,0.0968,0.209,1.0877,2.2130,-3.4453,0.00530,0.00702,0.00611,0.03719,0.9466
22.3000,JELLY_B,0.8333,0.0000,1.00,J_GLIDE,10.31,0.0047,0.102,1.4872,3.0270,-3.7452,0.00080,0.01014,0.00448,0.03654,-0.0043
22.3000,JELLY_C,0.1840,0.7788,1.00,J_PULSE_CRUISE,9.77,0.0183,0.075,0.5356,3.6688,-3.8405,0.00117,0.00813,0.00511,0.02675,0.5697
22.3333,JELLY_A,0.2923,-0.5582,1.00,J_SOFT_TURN,23.05,0.0947,0.209,1.0878,2.2132,-3.4450,0.00526,0.00692,0.00610,0.03718,0.9581
22.3333,JELLY_B,0.8457,0.0000,1.00,J_GLIDE,10.30,0.0050,0.102,1.4872,3.0273,-3.7450,0.00079,0.01019,0.00450,0.03691,-0.0044
22.3333,JELLY_C,0.1973,0.1308,1.00,J_PULSE_CRUISE,9.80,0.0178,0.075,0.5357,3.6691,-3.8403,0.00116,0.00797,0.00508,0.02673,0.6488
22.3667,JELLY_A,0.3031,-0.6148,1.00,J_SOFT_TURN,22.89,0.0927,0.209,1.0880,2.2134,-3.4448,0.00522,0.00682,0.00609,0.03710,0.9644
22.3667,JELLY_B,0.8582,0.0000,1.00,J_GLIDE,10.29,0.0052,0.102,1.4872,3.0276,-3.7449,0.00078,0.01022,0.00451,0.03727,-0.0042
22.3667,JELLY_C,0.2107,-0.0840,1.00,J_PULSE_CRUISE,9.83,0.0169,0.075,0.5357,3.6694,-3.8401,0.00115,0.00781,0.00506,0.02672,0.7218
22.4000,JELLY_A,0.3139,-0.6686,1.00,J_SOFT_TURN,22.74,0.0907,0.209,1.0882,2.2136,-3.4446,0.00518,0.00673,0.00609,0.03688,0.9658
22.4000,JELLY_B,0.8707,0.0000,1.00,J_GLIDE,10.28,0.0055,0.102,1.4872,3.0280,-3.7447,0.00078,0.01026,0.00452,0.03763,-0.0038
22.4000,JELLY_C,0.2240,-0.1884,1.00,J_PULSE_CRUISE,9.86,0.0160,0.075,0.5357,3.6696,-3.8400,0.00113,0.00765,0.00503,0.02670,0.7861
22.4333,JELLY_A,0.3247,-0.7193,1.00,J_SOFT_TURN,22.59,0.0888,0.209,1.0884,2.2139,-3.4444,0.00514,0.00663,0.00608,0.03651,0.9628
22.4333,JELLY_B,0.8832,0.0000,1.00,J_GLIDE,10.27,0.0057,0.102,1.4873,3.0283,-3.7446,0.00077,0.01028,0.00453,0.03796,-0.0034
22.4333,JELLY_C,0.2373,-0.2914,1.00,J_PULSE_CRUISE,9.89,0.0151,0.075,0.5358,3.6699,-3.8398,0.00112,0.00750,0.00500,0.02668,0.8405
22.4667,JELLY_A,0.3355,-0.7666,1.00,J_SOFT_TURN,22.45,0.0869,0.209,1.0885,2.2141,-3.4442,0.00510,0.00654,0.00608,0.03597,0.9558
22.4667,JELLY_B,0.8957,0.0000,1.00,J_GLIDE,10.26,0.0060,0.102,1.4873,3.0287,-3.7444,0.00076,0.01031,0.00454,0.03829,-0.0029
22.4667,JELLY_C,0.2506,-0.3925,1.00,J_PULSE_CRUISE,9.92,0.0143,0.075,0.5358,3.6701,-3.8396,0.00111,0.00735,0.00498,0.02666,0.8847
22.5000,JELLY_A,0.3463,-0.8105,1.00,J_SOFT_TURN,22.31,0.0851,0.209,1.0887,2.2143,-3.4440,0.00506,0.00645,0.00607,0.03528,0.9452
22.5000,JELLY_B,0.9081,0.0000,1.00,J_GLIDE,10.25,0.0062,0.102,1.4873,3.0290,-3.7442,0.00075,0.01032,0.00455,0.03859,-0.0024
22.5000,JELLY_C,0.2639,-0.4907,1.00,J_PULSE_CRUISE,9.94,0.0135,0.075,0.5359,3.6704,-3.8395,0.00110,0.00720,0.00495,0.02665,0.9187
22.5333,JELLY_A,0.3571,-0.8506,1.00,J_SOFT_TURN,22.17,0.0833,0.209,1.0889,2.2145,-3.4438,0.00502,0.00636,0.00607,0.03445,0.9315
22.5333,JELLY_B,0.9206,0.0000,1.00,J_GLIDE,10.24,0.0064,0.102,1.4873,3.0294,-3.7441,0.00074,0.01033,0.00456,0.03887,-0.0020
22.5333,JELLY_C,0.2772,-0.5856,1.00,J_PULSE_CRUISE,9.97,0.0127,0.075,0.5359,3.6706,-3.8393,0.00108,0.00705,0.00492,0.02664,0.9431
22.5667,JELLY_A,0.3680,-0.8868,1.00,J_SOFT_TURN,22.03,0.0816,0.209,1.0890,2.2147,-3.4436,0.00498,0.00627,0.00606,0.03350,0.9149
22.5667,JELLY_B,0.9331,0.0000,1.00,J_GLIDE,10.22,0.0067,0.102,1.4874,3.0297,-3.7439,0.00073,0.01034,0.00457,0.03914,-0.0016
22.5667,JELLY_C,0.2906,-0.6764,1.00,J_PULSE_CRUISE,9.99,0.0120,0.075,0.5359,3.6708,-3.8391,0.00107,0.00690,0.00490,0.02663,0.9585
22.6000,JELLY_A,0.3788,-0.9189,1.00,J_SOFT_TURN,21.90,0.0799,0.209,1.0892,2.2149,-3.4434,0.00495,0.00618,0.00606,0.03246,0.8957
22.6000,JELLY_B,0.9456,0.0000,1.00,J_GLIDE,10.21,0.0069,0.102,1.4874,3.0300,-3.7438,0.00073,0.01034,0.00457,0.03938,-0.0012
22.6000,JELLY_C,0.3039,-0.7624,1.00,J_PULSE_CRUISE,10.01,0.0112,0.075,0.5360,3.6711,-3.8390,0.00106,0.00676,0.00488,0.02663,0.9658
22.6333,JELLY_A,0.3896,-0.9468,1.00,J_SOFT_TURN,21.77,0.0783,0.209,1.0894,2.2151,-3.4432,0.00491,0.00609,0.00605,0.03136,0.8743
22.6333,JELLY_B,0.9580,0.0000,1.00,J_GLIDE,10.20,0.0071,0.102,1.4874,3.0304,-3.7436,0.00072,0.01034,0.00458,0.03959,-0.0009
22.6333,JELLY_C,0.3172,-0.8432,1.00,J_PULSE_CRUISE,10.03,0.0105,0.075,0.5360,3.6713,-3.8388,0.00105,0.00662,0.00485,0.02662,0.9660
22.6667,JELLY_A,0.4004,-0.9703,1.00,J_SOFT_TURN,21.64,0.0767,0.209,1.0895,2.2153,-3.4430,0.00488,0.00600,0.00605,0.03022,0.8508
22.6667,JELLY_B,0.9705,0.0000,1.00,J_GLIDE,10.18,0.0073,0.102,1.4874,3.0307,-3.7435,0.00071,0.01034,0.00458,0.03978,-0.0006
22.6667,JELLY_C,0.3305,-0.9180,1.00,J_PULSE_CRUISE,10.05,0.0098,0.075,0.5360,3.6715,-3.8386,0.00104,0.00648,0.00483,0.02662,0.9597
22.7000,JELLY_A,0.4112,-0.9894,1.00,J_SOFT_TURN,21.51,0.0752,0.209,1.0897,2.2155,-3.4428,0.00484,0.00592,0.00605,0.02909,0.8256
22.7000,JELLY_B,0.9830,0.0000,1.00,J_GLIDE,10.17,0.0075,0.102,1.4875,3.0311,-3.7433,0.00070,0.01033,0.00458,0.03995,-0.0004
22.7000,JELLY_C,0.3438,-0.9864,1.00,J_PULSE_CRUISE,10.07,0.0091,0.075,0.5361,3.6717,-3.8385,0.00103,0.00635,0.00481,0.02660,0.9478
22.7333,JELLY_A,0.4220,-1.0038,1.00,J_SOFT_TURN,21.39,0.0737,0.209,1.0898,2.2157,-3.4426,0.00481,0.00584,0.00605,0.02800,0.7988
22.7333,JELLY_B,0.9955,0.0000,1.00,J_GLIDE,10.16,0.0077,0.102,1.4875,3.0314,-3.7432,0.00069,0.01031,0.00458,0.04008,-0.0003
22.7333,JELLY_C,0.3572,-1.0479,1.00,J_PULSE_CRUISE,10.09,0.0085,0.075,0.5361,3.6719,-3.8383,0.00102,0.00621,0.00478,0.02659,0.9310
22.7667,JELLY_A,0.4329,-1.0137,1.00,J_SOFT_TURN,21.26,0.0722,0.209,1.0900,2.2159,-3.4424,0.00478,0.00577,0.00605,0.02697,0.7706
22.7667,JELLY_B,0.0079,0.0183,0.05,J_DRIFT_IDLE,10.14,0.0078,0.000,1.4875,3.0318,-3.7430,0.00068,0.01019,0.00457,0.04018,-0.0001
22.7667,JELLY_C,0.3705,-1.1021,1.00,J_PULSE_CRUISE,10.10,0.0078,0.075,0.5361,3.6721,-3.8382,0.00101,0.00608,0.00476,0.02652,0.9099
22.8000,JELLY_A,0.4437,-1.0188,1.00,J_SOFT_TURN,21.15,0.0708,0.209,1.0902,2.2161,-3.4422,0.00475,0.00572,0.00606,0.02604,0.7411
22.8000,JELLY_B,0.0204,0.0463,0.05,J_DRIFT_IDLE,10.13,0.0080,0.000,1.4875,3.0321,-3.7429,0.00066,0.01004,0.00455,0.04022,-0.0000
22.8000,JELLY_C,0.3838,-1.1486,1.00,J_PULSE_CRUISE,10.11,0.0072,0.075,0.5362,3.6723,-3.8380,0.00100,0.00595,0.00474,0.02636,0.8851
22.8333,JELLY_A,0.4545,-1.0193,1.00,J_SOFT_TURN,21.03,0.0694,0.209,1.0903,2.2163,-3.4420,0.00473,0.00567,0.00606,0.02523,0.7107
22.8333,JELLY_B,0.0329,0.0725,0.05,J_DRIFT_IDLE,10.11,0.0082,0.000,1.4876,3.0324,-3.7427,0.00065,0.00990,0.00452,0.04025,0.0002
22.8333,JELLY_C,0.3971,-1.1871,1.00,J_PULSE_CRUISE,10.13,0.0066,0.075,0.5362,3.6725,-3.8379,0.00099,0.00582,0.00472,0.02608,0.8571
22.8667,JELLY_A,0.4653,-1.0150,1.00,J_SOFT_TURN,20.91,0.0681,0.209,1.0905,2.2165,-3.4418,0.00471,0.00564,0.00608,0.02457,0.6793
22.8667,JELLY_B,0.0453,0.0960,0.05,J_DRIFT_IDLE,10.09,0.0083,0.000,1.4876,3.0328,-3.7426,0.00063,0.00975,0.00450,0.04026,0.0005
22.8667,JELLY_C,0.4105,-1.2172,1.00,J_PULSE_CRUISE,10.14,0.0061,0.075,0.5362,3.6727,-3.8377,0.00098,0.00570,0.00470,0.02569,0.8263
22.9000,JELLY_A,0.4761,-1.0061,1.00,J_SOFT_TURN,20.80,0.0668,0.209,1.0906,2.2167,-3.4416,0.00469,0.00562,0.00609,0.02408,0.6472
22.9000,JELLY_B,0.0578,0.1158,0.05,J_DRIFT_IDLE,10.08,0.0085,0.000,1.4876,3.0331,-3.7424,0.00062,0.00961,0.00448,0.04027,0.0011
22.9000,JELLY_C,0.4238,-1.2388,1.00,J_PULSE_CRUISE,10.15,0.0055,0.075,0.5363,3.6729,-3.8375,0.00097,0.00559,0.00468,0.02518,0.7930
22.9333,JELLY_A,0.4870,-0.9925,1.00,J_SOFT_TURN,20.69,0.0655,0.209,1.0908,2.2169,-3.4414,0.00467,0.00562,0.00612,0.02378,0.6146
22.9333,JELLY_B,0.0703,0.1312,0.05,J_DRIFT_IDLE,10.06,0.0086,0.000,1.4876,3.0334,-3.7423,0.00061,0.00947,0.00446,0.04027,0.0020
22.9333,JELLY_C,0.4371,-1.2518,1.00,J_PULSE_CRUISE,10.16,0.0050,0.075,0.5363,3.6731,-3.8374,0.00096,0.00550,0.00467,0.02458,0.7578
22.9667,JELLY_A,0.4978,-0.9743,1.00,J_SOFT_TURN,20.58,0.0643,0.209,1.0909,2.2171,-3.4412,0.00466,0.00563,0.00614,0.02364,0.5815
22.9667,JELLY_B,0.0828,0.1415,0.05,J_DRIFT_IDLE,10.05,0.0088,0.000,1.4876,3.0337,-3.7421,0.00060,0.00933,0.00444,0.04027,0.0033
22.9667,JELLY_C,0.4504,-1.2559,1.00,J_PULSE_CRUISE,10.16,0.0045,0.075,0.5363,3.6733,-3.8372,0.00095,0.00543,0.00465,0.02391,0.7208
23.0000,JELLY_A,0.5086,-0.9516,1.00,J_SOFT_TURN,20.47,0.0631,0.209,1.0911,2.2172,-3.4410,0.00465,0.00565,0.00617,0.02360,0.5482
23.0000,JELLY_B,0.0952,0.1464,0.05,J_DRIFT_IDLE,10.03,0.0089,0.000,1.4877,3.0340,-3.7420,0.00058,0.00920,0.00442,0.04027,0.0051
23.0000,JELLY_C,0.4638,-1.2513,1.00,J_PULSE_CRUISE,10.17,0.0040,0.075,0.5364,3.6734,-3.8371,0.00095,0.00538,0.00465,0.02320,0.6824
23.0333,JELLY_A,0.5194,-0.9245,1.00,J_SOFT_TURN,20.37,0.0619,0.209,1.0913,2.2174,-3.4408,0.00464,0.00569,0.00621,0.02363,0.5147
23.0333,JELLY_B,0.1077,0.1458,0.05,J_DRIFT_IDLE,10.01,0.0091,0.000,1.4877,3.0343,-3.7418,0.00057,0.00907,0.00440,0.04027,0.0073
23.0333,JELLY_C,0.4771,-1.2379,1.00,J_PULSE_CRUISE,10.18,0.0036,0.075,0.5364,3.6736,-3.8369,0.00094,0.00537,0.00465,0.02249,0.6429
23.0667,JELLY_A,0.5302,-0.8932,1.00,J_SOFT_TURN,20.26,0.0608,0.209,1.0914,2.2176,-3.4406,0.00464,0.00574,0.00625,0.02372,0.4812
23.0667,JELLY_B,0.1201,0.1396,0.05,J_DRIFT_IDLE,9.99,0.0092,0.000,1.4877,3.0346,-3.7417,0.00056,0.00893,0.00438,0.04027,0.0100
23.0667,JELLY_C,0.4904,-1.2159,1.00,J_PULSE_CRUISE,10.18,0.0031,0.075,0.5364,3.6738,-3.8368,0.00094,0.00538,0.00465,0.02179,0.6025
23.1000,JELLY_A,0.5411,-0.8577,1.00,J_SOFT_TURN,20.16,0.0597,0.209,1.0916,2.2178,-3.4404,0.00464,0.00581,0.00629,0.02384,0.4479
23.1000,JELLY_B,0.1326,0.1280,0.05,J_DRIFT_IDLE,9.98,0.0093,0.000,1.4877,3.0349,-3.7415,0.00055,0.00881,0.00436,0.04027,0.0131
23.1000,JELLY_C,0.5037,-1.1853,1.00,J_PULSE_CRUISE,10.19,0.0028,0.075,0.5365,3.6740,-3.8366,0.00094,0.00541,0.00466,0.02116,0.5616
23.1333,JELLY_A,0.5519,-0.8182,1.00,J_SOFT_TURN,20.06,0.0587,0.209,1.0917,2.2180,-3.4402,0.00464,0.00589,0.00633,0.02400,0.4149
23.1333,JELLY_B,0.1451,0.1115,0.05,J_DRIFT_IDLE,9.96,0.0094,0.000,1.4877,3.0352,-3.7414,0.00053,0.00868,0.00435,0.04027,0.0166
23.1333,JELLY_C,0.5171,-1.1464,1.00,J_PULSE_CRUISE,10.19,0.0024,0.075,0.5365,3.6742,-3.8365,0.00094,0.00548,0.00467,0.02061,0.5204
23.1667,JELLY_A,0.5627,-0.7749,1.00,J_SOFT_TURN,19.96,0.0576,0.209,1.0919,2.2182,-3.4400,0.00464,0.00597,0.00638,0.02420,0.3823
23.1667,JELLY_B,0.1575,0.0908,0.05,J_DRIFT_IDLE,9.94,0.0096,0.000,1.4877,3.0355,-3.7413,0.00052,0.00855,0.00433,0.04027,0.0203
23.1667,JELLY_C,0.5304,-1.0994,1.00,J_PULSE_CRUISE,10.19,0.0021,0.075,0.5365,3.6743,-3.8363,0.00094,0.00557,0.00469,0.02017,0.4791
23.2000,JELLY_A,0.5735,-0.7281,1.00,J_SOFT_TURN,19.86,0.0566,0.209,1.0920,2.2184,-3.4397,0.00464,0.00607,0.00643,0.02442,0.3503
23.2000,JELLY_B,0.1700,0.0666,0.05,J_DRIFT_IDLE,9.92,0.0097,0.000,1.4878,3.0358,-3.7411,0.00051,0.00843,0.00431,0.04027,0.0241
23.2000,JELLY_C,0.5437,-1.0448,1.00,J_PULSE_CRUISE,10.19,0.0019,0.075,0.5366,3.6745,-3.8361,0.00094,0.00569,0.00471,0.01987,0.4381
23.2333,JELLY_A,0.5844,-0.6778,1.00,J_SOFT_TURN,19.77,0.0556,0.209,1.0922,2.2186,-3.4395,0.00465,0.00617,0.00648,0.02467,0.3190
23.2333,JELLY_B,0.1825,0.0399,0.05,J_DRIFT_IDLE,9.90,0.0098,0.000,1.4878,3.0361,-3.7410,0.00050,0.00831,0.00429,0.04027,0.0280
23.2333,JELLY_C,0.5571,-0.9828,1.00,J_PULSE_CRUISE,10.20,0.0018,0.075,0.5366,3.6747,-3.8360,0.00094,0.00583,0.00473,0.01970,0.3976
23.2667,JELLY_A,0.5952,-0.6245,1.00,J_SOFT_TURN,19.67,0.0547,0.209,1.0923,2.2188,-3.4393,0.00465,0.00627,0.00653,0.02495,0.2886
23.2667,JELLY_B,0.1949,0.0117,0.05,J_DRIFT_IDLE,9.88,0.0099,0.000,1.4878,3.0363,-3.7408,0.00049,0.00819,0.00427,0.04027,0.0317
23.2667,JELLY_C,0.5704,-0.9139,1.00,J_PULSE_CRUISE,10.20,0.0018,0.075,0.5366,3.6749,-3.8358,0.00095,0.00598,0.00476,0.01965,0.3579
23.3000,JELLY_A,0.6060,-0.5682,1.00,J_SOFT_TURN,19.58,0.0537,0.209,1.0925,2.2190,-3.4391,0.00465,0.00637,0.00658,0.02526,0.2592
23.3000,JELLY_B,0.2074,-0.0027,0.05,J_DRIFT_IDLE,9.87,0.0100,0.000,1.4878,3.0366,-3.7407,0.00048,0.00807,0.00426,0.04027,0.0352
23.3000,JELLY_C,0.5837,-0.8385,1.00,J_PULSE_CRUISE,10.19,0.0018,0.075,0.5366,3.6751,-3.8357,0.00095,0.00615,0.00479,0.01967,0.3193
23.3333,JELLY_A,0.6168,-0.5093,1.00,J_SOFT_TURN,19.49,0.0528,0.209,1.0926,2.2192,-3.4389,0.00466,0.00647,0.00663,0.02559,0.2309
23.3333,JELLY_B,0.2198,-0.0073,0.05,J_DRIFT_IDLE,9.85,0.0101,0.000,1.4878,3.0369,-3.7405,0.00047,0.00795,0.00424,0.04027,0.0383
23.3333,JELLY_C,0.5971,-0.7573,1.00,J_PULSE_CRUISE,10.19,0.0020,0.075,0.5367,3.6753,-3.8355,0.00095,0.00632,0.00482,0.01974,0.2819
23.3667,JELLY_A,0.6277,-0.4480,1.00,J_SOFT_TURN,19.40,0.0520,0.209,1.0928,2.2195,-3.4386,0.00466,0.00657,0.00668,0.02594,0.2039
23.3667,JELLY_B,0.2323,-0.0118,0.05,J_DRIFT_IDLE,9.83,0.0102,0.000,1.4878,3.0371,-3.7404,0.00046,0.00784,0.00422,0.04027,0.0410
23.3667,JELLY_C,0.6104,-0.6708,1.00,J_PULSE_CRUISE,10.19,0.0021,0.075,0.5367,3.6755,-3.8353,0.00096,0.00649,0.00484,0.01984,0.2461
23.4000,JELLY_A,0.6385,-0.3846,1.00,J_SOFT_TURN,19.31,0.0511,0.209,1.0930,2.2197,-3.4384,0.00466,0.00667,0.00673,0.02632,0.1782
23.4000,JELLY_B,0.2448,-0.0163,0.05,J_DRIFT_IDLE,9.81,0.0103,0.000,1.4879,3.0374,-3.7403,0.00045,0.00773,0.00421,0.04027,0.0433
23.4000,JELLY_C,0.6237,-0.5795,1.00,J_PULSE_CRUISE,10.19,0.0024,0.075,0.5367,3.6758,-3.8352,0.00096,0.00666,0.00487,0.01997,0.2121
23.4333,JELLY_A,0.6493,-0.3195,1.00,J_SOFT_TURN,19.22,0.0503,0.209,1.0931,2.2199,-3.4382,0.00466,0.00677,0.00678,0.02671,0.1541
23.4333,JELLY_B,0.2572,-0.0207,0.05,J_DRIFT_IDLE,9.79,0.0104,0.000,1.4879,3.0376,-3.7401,0.00044,0.00762,0.00419,0.04027,0.0451
23.4333,JELLY_C,0.6371,-0.4842,1.00,J_PULSE_CRUISE,10.18,0.0026,0.075,0.5368,3.6760,-3.8350,0.00096,0.00682,0.00490,0.02012,0.1801
23.4667,JELLY_A,0.6602,-0.2528,1.00,J_SOFT_TURN,19.13,0.0495,0.209,1.0933,2.2201,-3.4380,0.00466,0.00687,0.00683,0.02712,0.1315
23.4667,JELLY_B,0.2697,-0.0249,0.05,J_DRIFT_IDLE,9.77,0.0105,0.000,1.4879,3.0379,-3.7400,0.00043,0.00751,0.00417,0.04027,0.0465
23.4667,JELLY_C,0.6504,-0.3854,1.00,J_PULSE_CRUISE,10.18,0.0029,0.075,0.5368,3.6762,-3.8349,0.00096,0.00698,0.00493,0.02030,0.1504
23.5000,JELLY_A,0.6710,-0.1850,1.00,J_SOFT_TURN,19.05,0.0487,0.209,1.0934,2.2204,-3.4377,0.00466,0.00696,0.00687,0.02754,0.1107
23.5000,JELLY_B,0.2821,-0.0290,0.05,J_DRIFT_IDLE,9.75,0.0105,0.000,1.4879,3.0381,-3.7398,0.00042,0.00740,0.00416,0.04027,0.0475
23.5000,JELLY_C,0.6638,-0.2839,1.00,J_PULSE_CRUISE,10.17,0.0032,0.075,0.5368,3.6765,-3.8347,0.00097,0.00714,0.00495,0.02049,0.1231
23.5333,JELLY_A,0.6818,-0.1163,1.00,J_SOFT_TURN,18.96,0.0479,0.209,1.0936,2.2206,-3.4375,0.00466,0.00706,0.00692,0.02798,0.0916
23.5333,JELLY_B,0.2946,-0.0329,0.05,J_DRIFT_IDLE,9.73,0.0106,0.000,1.4879,3.0384,-3.7397,0.00041,0.00729,0.00414,0.04027,0.0481
23.5333,JELLY_C,0.6771,-0.1804,1.00,J_PULSE_CRUISE,10.17,0.0035,0.075,0.5369,3.6767,-3.8345,0.00097,0.00730,0.00498,0.02071,0.0985
23.5667,JELLY_A,0.6927,-0.0471,1.00,J_SOFT_TURN,18.88,0.0472,0.209,1.0937,2.2208,-3.4373,0.00466,0.00715,0.00696,0.02842,0.0744
23.5667,JELLY_B,0.3071,-0.0366,0.05,J_DRIFT_IDLE,9.71,0.0107,0.000,1.4879,3.0386,-3.7396,0.00040,0.00718,0.00413,0.04027,0.0484
23.5667,JELLY_C,0.6904,-0.0755,1.00,J_PULSE_CRUISE,10.16,0.0037,0.075,0.5369,3.6769,-3.8344,0.00097,0.00745,0.00500,0.02094,0.0767
23.6000,JELLY_A,0.7035,0.0000,1.00,J_GLIDE,18.80,0.0465,0.209,1.0939,2.2211,-3.4370,0.00466,0.00724,0.00701,0.02888,0.0592
23.6000,JELLY_B,0.3195,-0.0401,0.05,J_DRIFT_IDLE,9.69,0.0108,0.000,1.4879,3.0389,-3.7394,0.00039,0.00708,0.00411,0.04027,0.0483
23.6000,JELLY_C,0.7038,0.0000,1.00,J_GLIDE,10.16,0.0040,0.075,0.5369,3.6772,-3.8342,0.00097,0.00761,0.00503,0.02118,0.0578
23.6333,JELLY_A,0.7143,0.0000,1.00,J_GLIDE,18.72,0.0458,0.209,1.0940,2.2213,-3.4368,0.00465,0.00733,0.00705,0.02934,0.0460
23.6333,JELLY_B,0.3320,-0.0433,0.05,J_DRIFT_IDLE,9.67,0.0108,0.000,1.4880,3.0391,-3.7393,0.00038,0.00698,0.00409,0.04027,0.0480
23.6333,JELLY_C,0.7171,0.0000,1.00,J_GLIDE,10.15,0.0043,0.075,0.5370,3.6775,-3.8340,0.00097,0.00775,0.00505,0.02144,0.0420
23.6667,JELLY_A,0.7252,0.0000,1.00,J_GLIDE,18.64,0.0451,0.209,1.0942,2.2216,-3.4366,0.00465,0.00741,0.00709,0.02981,0.0347
23.6667,JELLY_B,0.3444,-0.0462,0.05,J_DRIFT_IDLE,9.65,0.0109,0.000,1.4880,3.0393,-3.7392,0.00037,0.00688,0.00408,0.04027,0.0474
23.6667,JELLY_C,0.7305,0.0000,1.00,J_GLIDE,10.14,0.0045,0.075,0.5370,3.6777,-3.8339,0.00097,0.00788,0.00507,0.02171,0.0291
23.7000,JELLY_A,0.7360,0.0000,1.00,J_GLIDE,18.56,0.0444,0.209,1.0944,2.2218,-3.4363,0.00464,0.00749,0.00713,0.03028,0.0253
23.7000,JELLY_B,0.3569,-0.0489,0.05,J_DRIFT_IDLE,9.62,0.0110,0.000,1.4880,3.0396,-3.7390,0.00036,0.00678,0.00407,0.04026,0.0466
23.7000,JELLY_C,0.7438,0.0000,1.00,J_GLIDE,10.13,0.0048,0.075,0.5370,3.6780,-3.8337,0.00097,0.00800,0.00509,0.02200,0.0190
23.7333,JELLY_A,0.7468,0.0000,1.00,J_GLIDE,18.48,0.0438,0.209,1.0945,2.2221,-3.4361,0.00464,0.00756,0.00717,0.03075,0.0176
23.7333,JELLY_B,0.3693,-0.0513,0.05,J_DRIFT_IDLE,9.60,0.0110,0.000,1.4880,3.0398,-3.7389,0.00036,0.00668,0.00405,0.04025,0.0456
23.7333,JELLY_C,0.7572,0.0000,1.00,J_GLIDE,10.12,0.0050,0.075,0.5371,3.6783,-3.8335,0.00097,0.00811,0.00510,0.02229,0.0112
23.7667,JELLY_A,0.7577,0.0000,1.00,J_GLIDE,18.40,0.0432,0.209,1.0947,2.2223,-3.4359,0.00463,0.00763,0.00720,0.03122,0.0114
23.7667,JELLY_B,0.3818,-0.0534,0.05,J_DRIFT_IDLE,9.58,0.0111,0.000,1.4880,3.0400,-3.7387,0.00035,0.00658,0.00404,0.04023,0.0445
23.7667,JELLY_C,0.7705,0.0000,1.00,J_GLIDE,10.11,0.0053,0.075,0.5371,3.6785,-3.8333,0.00097,0.00821,0.00511,0.02259,0.0055
23.8000,JELLY_A,0.7685,0.0000,1.00,J_GLIDE,18.33,0.0426,0.209,1.0948,2.2226,-3.4356,0.00462,0.00769,0.00724,0.03168,0.0065
23.8000,JELLY_B,0.3942,-0.0551,0.05,J_DRIFT_IDLE,9.56,0.0111,0.000,1.4880,3.0402,-3.7386,0.00034,0.00648,0.00402,0.04020,0.0432
23.8000,JELLY_C,0.7838,0.0000,1.00,J_GLIDE,10.10,0.0055,0.075,0.5371,3.6788,-3.8332,0.00097,0.00830,0.00513,0.02290,0.0014
23.8333,JELLY_A,0.7794,0.0000,1.00,J_GLIDE,18.25,0.0420,0.209,1.0950,2.2228,-3.4354,0.00461,0.00775,0.00727,0.03214,0.0028
23.8333,JELLY_B,0.4067,-0.0565,0.05,J_DRIFT_IDLE,9.54,0.0112,0.000,1.4880,3.0404,-3.7385,0.00033,0.00639,0.00401,0.04016,0.0418
23.8333,JELLY_C,0.7972,0.0000,1.00,J_GLIDE,10.09,0.0058,0.075,0.5372,3.6791,-3.8330,0.00096,0.00838,0.00514,0.02321,-0.0013
23.8667,JELLY_A,0.7902,0.0000,1.00,J_GLIDE,18.18,0.0414,0.209,1.0951,2.2231,-3.4351,0.00460,0.00780,0.00730,0.03260,0.0000
23.8667,JELLY_B,0.4191,-0.0576,0.05,J_DRIFT_IDLE,9.52,0.0112,0.000,1.4880,3.0406,-3.7383,0.00032,0.00629,0.00399,0.04012,0.0403
23.8667,JELLY_C,0.8106,0.0000,1.00,J_GLIDE,10.08,0.0060,0.075,0.5372,3.6794,-3.8328,0.00096,0.00845,0.00515,0.02352,-0.0030
23.9000,JELLY_A,0.8010,0.0000,1.00,J_GLIDE,18.11,0.0408,0.209,1.0953,2.2234,-3.4349,0.00459,0.00785,0.00733,0.03304,-0.0019
23.9000,JELLY_B,0.4316,-0.0583,0.05,J_DRIFT_IDLE,9.50,0.0113,0.000,1.4880,3.0409,-3.7382,0.00031,0.00620,0.00398,0.04008,0.0387
23.9000,JELLY_C,0.8239,0.0000,1.00,J_GLIDE,10.07,0.0062,0.075,0.5372,3.6796,-3.8327,0.00096,0.00852,0.00515,0.02383,-0.0039
23.9333,JELLY_A,0.8119,0.0000,1.00,J_GLIDE,18.03,0.0403,0.209,1.0954,2.2236,-3.4346,0.00458,0.00789,0.00735,0.03347,-0.0032
23.9333,JELLY_B,0.4441,-0.0586,0.05,J_DRIFT_IDLE,9.48,0.0113,0.000,1.4881,3.0411,-3.7381,0.00031,0.00611,0.00397,0.04003,0.0370
23.9333,JELLY_C,0.8373,0.0000,1.00,J_GLIDE,10.06,0.0064,0.075,0.5373,3.6799,-3.8325,0.00095,0.00858,0.00516,0.02413,-0.0043
23.9667,JELLY_A,0.8227,0.0000,1.00,J_GLIDE,17.96,0.0398,0.209,1.0956,2.2239,-3.4344,0.00457,0.00793,0.00738,0.03389,-0.0040
23.9667,JELLY_B,0.4565,-0.0586,0.05,J_DRIFT_IDLE,9.45,0.0114,0.000,1.4881,3.0413,-3.7379,0.00030,0.00602,0.00395,0.03998,0.0352
23.9667,JELLY_C,0.8506,0.0000,1.00,J_GLIDE,10.05,0.0066,0.075,0.5373,3.6802,-3.8323,0.00095,0.00863,0.00516,0.02444,-0.0043
24.0000,JELLY_A,0.8336,0.0000,1.00,J_GLIDE,17.89,0.0392,0.209,1.0957,2.2241,-3.4342,0.00455,0.00797,0.00740,0.03430,-0.0044
24.0000,JELLY_B,0.4690,-0.0583,0.05,J_DRIFT_IDLE,9.43,0.0114,0.000,1.4881,3.0415,-3.7378,0.00029,0.00594,0.00394,0.03994,0.0334
24.0000,JELLY_C,0.8640,0.0000,1.00,J_GLIDE,10.03,0.0068,0.075,0.5373,3.6805,-3.8321,0.00094,0.00867,0.00516,0.02473,-0.0040
24.0333,JELLY_A,0.8444,0.0000,1.00,J_GLIDE,17.82,0.0387,0.209,1.0959,2.2244,-3.4339,0.00454,0.00800,0.00743,0.03468,-0.0045
24.0333,JELLY_B,0.4814,-0.0575,0.05,J_DRIFT_IDLE,9.41,0.0114,0.000,1.4881,3.0417,-3.7377,0.00028,0.00585,0.00393,0.03990,0.0315
24.0333,JELLY_C,0.8773,0.0000,1.00,J_GLIDE,10.02,0.0070,0.075,0.5374,3.6808,-3.8320,0.00094,0.00870,0.00516,0.02501,-0.0035
24.0667,JELLY_A,0.8553,0.0000,1.00,J_GLIDE,17.75,0.0383,0.209,1.0960,2.2247,-3.4337,0.00452,0.00803,0.00745,0.03505,-0.0043
24.0667,JELLY_B,0.4939,-0.0565,0.05,J_DRIFT_IDLE,9.39,0.0115,0.000,1.4881,3.0418,-3.7376,0.00028,0.00577,0.00392,0.03986,0.0296
24.0667,JELLY_C,0.8907,0.0000,1.00,J_GLIDE,10.01,0.0072,0.075,0.5374,3.6811,-3.8318,0.00093,0.00873,0.00516,0.02529,-0.0030
24.1000,JELLY_A,0.8661,0.0000,1.00,J_GLIDE,17.68,0.0378,0.209,1.0962,2.2249,-3.4334,0.00451,0.00805,0.00747,0.03540,-0.0041
24.1000,JELLY_B,0.5063,-0.0550,0.05,J_DRIFT_IDLE,9.37,0.0115,0.000,1.4881,3.0420,-3.7374,0.00027,0.00569,0.00390,0.03983,0.0277
24.1000,JELLY_C,0.9040,0.0000,1.00,J_GLIDE,9.99,0.0074,0.075,0.5374,3.6814,-3.8316,0.00092,0.00875,0.00516,0.02555,-0.0025
24.1333,JELLY_A,0.8769,0.0000,1.00,J_GLIDE,17.62,0.0373,0.209,1.0963,2.2252,-3.4332,0.00449,0.00808,0.00749,0.03573,-0.0037
24.1333,JELLY_B,0.5188,-0.0533,0.05,J_DRIFT_IDLE,9.34,0.0116,0.000,1.4881,3.0422,-3.7373,0.00026,0.00561,0.00389,0.03981,0.0258
24.1333,JELLY_C,0.9174,0.0000,1.00,J_GLIDE,9.98,0.0076,0.075,0.5374,3.6817,-3.8315,0.00092,0.00877,0.00516,0.02580,-0.0021
24.1667,JELLY_A,0.8878,0.0000,1.00,J_GLIDE,17.55,0.0369,0.209,1.0965,2.2255,-3.4329,0.00448,0.00809,0.00751,0.03604,-0.0033
24.1667,JELLY_B,0.5312,-0.0512,0.05,J_DRIFT_IDLE,9.32,0.0116,0.000,1.4881,3.0424,-3.7372,0.00026,0.00554,0.00388,0.03979,0.0239
24.1667,JELLY_C,0.9308,0.0000,1.00,J_GLIDE,9.96,0.0078,0.075,0.5375,3.6820,-3.8313,0.00091,0.00878,0.00516,0.02604,-0.0016
24.2000,JELLY_A,0.8986,0.0000,1.00,J_GLIDE,17.48,0.0364,0.209,1.0966,2.2258,-3.4327,0.00446,0.00811,0.00752,0.03632,-0.0029
24.2000,JELLY_B,0.5437,-0.0488,0.05,J_DRIFT_IDLE,9.30,0.0116,0.000,1.4881,3.0426,-3.7370,0.00025,0.00546,0.00387,0.03979,0.0220
24.2000,JELLY_C,0.9441,0.0000,1.00,J_GLIDE,9.95,0.0079,0.075,0.5375,3.6823,-3.8311,0.00090,0.00879,0.00515,0.02625,-0.0012
24.2333,JELLY_A,0.9095,0.0000,1.00,J_GLIDE,17.42,0.0360,0.209,1.0968,2.2260,-3.4324,0.00444,0.00812,0.00754,0.03658,-0.0025
24.2333,JELLY_B,0.5561,-0.0461,0.05,J_DRIFT_IDLE,9.28,0.0116,0.000,1.4881,3.0428,-3.7369,0.00024,0.00539,0.00386,0.03978,0.0201
24.2333,JELLY_C,0.9575,0.0000,1.00,J_GLIDE,9.93,0.0081,0.075,0.5375,3.6825,-3.8309,0.00090,0.00879,0.00515,0.02645,-0.0009
24.2667,JELLY_A,0.9203,0.0000,1.00,J_GLIDE,17.35,0.0356,0.209,1.0969,2.2263,-3.4322,0.00442,0.00813,0.00755,0.03681,-0.0021
24.2667,JELLY_B,0.5686,-0.0431,0.05,J_DRIFT_IDLE,9.26,0.0117,0.000,1.4881,3.0430,-3.7368,0.00024,0.00532,0.00385,0.03979,0.0182
24.2667,JELLY_C,0.9709,0.0000,1.00,J_GLIDE,9.92,0.0082,0.075,0.5376,3.6828,-3.8308,0.00089,0.00878,0.00514,0.02663,-0.0006
24.3000,JELLY_A,0.9312,0.0000,1.00,J_GLIDE,17.29,0.0352,0.209,1.0971,2.2266,-3.4319,0.00441,0.00813,0.00757,0.03702,-0.0017
24.3000,JELLY_B,0.5810,-0.0399,0.05,J_DRIFT_IDLE,9.23,0.0117,0.000,1.4882,3.0431,-3.7367,0.00023,0.00525,0.00384,0.03979,0.0164
24.3000,JELLY_C,0.9842,0.0000,1.00,J_GLIDE,9.90,0.0084,0.075,0.5376,3.6831,-3.8306,0.00088,0.00877,0.00513,0.02680,-0.0004
24.3333,JELLY_A,0.9420,0.0000,1.00,J_GLIDE,17.22,0.0348,0.209,1.0972,2.2268,-3.4317,0.00439,0.00814,0.00758,0.03720,-0.0013
24.3333,JELLY_B,0.5935,-0.0364,0.05,J_DRIFT_IDLE,9.21,0.0117,0.000,1.4882,3.0433,-3.7365,0.00023,0.00518,0.00383,0.03979,0.0146
24.3333,JELLY_C,0.9976,0.0000,1.00,J_GLIDE,9.89,0.0085,0.075,0.5376,3.6834,-3.8304,0.00088,0.00876,0.00512,0.02694,-0.0003
24.3667,JELLY_A,0.9529,0.0000,1.00,J_GLIDE,17.16,0.0344,0.209,1.0974,2.2271,-3.4314,0.00437,0.00814,0.00759,0.03735,-0.0011
24.3667,JELLY_B,0.6059,-0.0327,0.05,J_DRIFT_IDLE,9.19,0.0117,0.000,1.4882,3.0435,-3.7364,0.00022,0.00511,0.00382,0.03980,0.0129
24.3667,JELLY_C,0.0110,0.5407,1.00,J_SOFT_TURN,9.87,0.0084,0.082,0.5377,3.6837,-3.8303,0.00086,0.00859,0.00509,0.02705,-0.0000
24.4000,JELLY_A,0.9637,0.0000,1.00,J_GLIDE,17.10,0.0341,0.209,1.0975,2.2274,-3.4311,0.00435,0.00814,0.00760,0.03747,-0.0008
24.4000,JELLY_B,0.6184,-0.0288,0.05,J_DRIFT_IDLE,9.17,0.0118,0.000,1.4882,3.0436,-3.7363,0.00021,0.00504,0.00381,0.03981,0.0113
24.4000,JELLY_C,0.0244,1.1762,1.00,J_SOFT_TURN,9.85,0.0075,0.082,0.5377,3.6840,-3.8301,0.00085,0.00845,0.00506,0.02714,0.0011
24.4333,JELLY_A,0.9746,0.0000,1.00,J_GLIDE,17.04,0.0337,0.209,1.0977,2.2277,-3.4309,0.00433,0.00813,0.00761,0.03756,-0.0006
24.4333,JELLY_B,0.6308,-0.0247,0.05,J_DRIFT_IDLE,9.14,0.0118,0.000,1.4882,3.0438,-3.7361,0.00021,0.00498,0.00380,0.03982,0.0098
24.4333,JELLY_C,0.0377,1.7602,1.00,J_SOFT_TURN,9.84,0.0060,0.082,0.5377,3.6843,-3.8299,0.00084,0.00837,0.00504,0.02719,0.0049
24.4667,JELLY_A,0.9855,0.0000,1.00,J_GLIDE,16.98,0.0333,0.209,1.0978,2.2279,-3.4306,0.00431,0.00812,0.00762,0.03762,-0.0004
24.4667,JELLY_B,0.6432,-0.0205,0.05,J_DRIFT_IDLE,9.12,0.0118,0.000,1.4882,3.0440,-3.7360,0.00020,0.00491,0.00379,0.03983,0.0083
24.4667,JELLY_C,0.0511,2.2670,1.00,J_SOFT_TURN,9.83,0.0042,0.082,0.5377,3.6846,-3.8298,0.00083,0.00835,0.00503,0.02721,0.0136
24.5000,JELLY_A,0.9963,0.0000,1.00,J_GLIDE,16.91,0.0330,0.209,1.0980,2.2282,-3.4304,0.00429,0.00811,0.00763,0.03766,-0.0003
24.5000,JELLY_B,0.6557,-0.0161,0.05,J_DRIFT_IDLE,9.10,0.0118,0.000,1.4882,3.0441,-3.7359,0.00020,0.00485,0.00378,0.03984,0.0070
24.5000,JELLY_C,0.0645,2.6743,1.00,J_SOFT_TURN,9.83,0.0024,0.082,0.5378,3.6848,-3.8296,0.00083,0.00841,0.00503,0.02720,0.0292
24.5333,JELLY_A,0.0072,0.0144,0.05,J_PAUSE_OPEN,16.85,0.0327,0.000,1.0981,2.2285,-3.4301,0.00426,0.00803,0.00762,0.03767,-0.0001
24.5333,JELLY_B,0.6681,-0.0117,0.05,J_DRIFT_IDLE,9.08,0.0118,0.000,1.4882,3.0443,-3.7358,0.00019,0.00478,0.00377,0.03985,0.0057
24.5333,JELLY_C,0.0779,2.9640,1.00,J_SOFT_TURN,9.83,0.0029,0.082,0.5378,3.6851,-3.8294,0.00083,0.00852,0.00505,0.02718,0.0538
24.5667,JELLY_A,0.0180,0.0357,0.05,J_PAUSE_OPEN,16.79,0.0323,0.000,1.0982,2.2287,-3.4299,0.00423,0.00792,0.00760,0.03768,0.0000
24.5667,JELLY_B,0.6806,-0.0071,0.05,J_DRIFT_IDLE,9.05,0.0118,0.000,1.4882,3.0445,-3.7356,0.00019,0.00472,0.00376,0.03987,0.0046
24.5667,JELLY_C,0.0912,3.1233,1.00,J_SOFT_TURN,9.83,0.0053,0.082,0.5378,3.6854,-3.8292,0.00083,0.00868,0.00507,0.02716,0.0885
24.6000,JELLY_A,0.0289,0.0561,0.05,J_PAUSE_OPEN,16.74,0.0320,0.000,1.0984,2.2290,-3.4296,0.00419,0.00781,0.00758,0.03769,0.0002
24.6000,JELLY_B,0.6930,-0.0026,0.05,J_DRIFT_IDLE,9.03,0.0118,0.000,1.4882,3.0446,-3.7355,0.00018,0.00465,0.00375,0.03988,0.0036
24.6000,JELLY_C,0.1046,3.1452,1.00,J_SOFT_TURN,9.84,0.0081,0.082,0.5378,3.6857,-3.8291,0.00083,0.00885,0.00509,0.02714,0.1341
24.6333,JELLY_A,0.0397,0.0748,0.05,J_PAUSE_OPEN,16.68,0.0317,0.000,1.0985,2.2292,-3.4294,0.00416,0.00770,0.00756,0.03769,0.0004
24.6333,JELLY_B,0.7055,0.0000,0.05,J_DRIFT_IDLE,9.01,0.0119,0.000,1.4882,3.0448,-3.7354,0.00017,0.00459,0.00374,0.03990,0.0028
24.6333,JELLY_C,0.1180,3.0285,1.00,J_SOFT_TURN,9.86,0.0108,0.082,0.5379,3.6860,-3.8289,0.00083,0.00901,0.00511,0.02712,0.1904
24.6667,JELLY_A,0.0506,0.0913,0.05,J_PAUSE_OPEN,16.62,0.0314,0.000,1.0987,2.2295,-3.4291,0.00413,0.00759,0.00755,0.03770,0.0008
24.6667,JELLY_B,0.7179,0.0000,0.05,J_DRIFT_IDLE,8.99,0.0119,0.000,1.4882,3.0449,-3.7353,0.00017,0.00453,0.00373,0.03992,0.0021
24.6667,JELLY_C,0.1314,2.7784,1.00,J_SOFT_TURN,9.88,0.0132,0.082,0.5379,3.6863,-3.8287,0.00083,0.00912,0.00512,0.02711,0.2563
24.7000,JELLY_A,0.0615,0.1052,0.05,J_PAUSE_OPEN,16.56,0.0311,0.000,1.0988,2.2298,-3.4289,0.00409,0.00749,0.00753,0.03770,0.0014
24.7000,JELLY_B,0.7304,0.0000,0.05,J_DRIFT_IDLE,8.96,0.0119,0.000,1.4882,3.0451,-3.7351,0.00016,0.00447,0.00372,0.03993,0.0015
24.7000,JELLY_C,0.1448,2.4058,1.00,J_SOFT_TURN,9.90,0.0153,0.082,0.5379,3.6866,-3.8286,0.00082,0.00916,0.00512,0.02710,0.3303
24.7333,JELLY_A,0.0723,0.1161,0.05,J_PAUSE_OPEN,16.50,0.0308,0.000,1.0989,2.2300,-3.4286,0.00406,0.00739,0.00752,0.03770,0.0022
24.7333,JELLY_B,0.7428,0.0000,0.05,J_DRIFT_IDLE,8.94,0.0119,0.000,1.4882,3.0452,-3.7350,0.00016,0.00440,0.00371,0.03995,0.0010
24.7333,JELLY_C,0.1582,1.9270,1.00,J_SOFT_TURN,9.93,0.0168,0.082,0.5380,3.6869,-3.8284,0.00081,0.00914,0.00511,0.02709,0.4101
24.7667,JELLY_A,0.0832,0.1235,0.05,J_PAUSE_OPEN,16.45,0.0305,0.000,1.0991,2.2302,-3.4284,0.00403,0.00728,0.00750,0.03770,0.0034
24.7667,JELLY_B,0.7553,0.0000,0.05,J_DRIFT_IDLE,8.92,0.0119,0.000,1.4882,3.0454,-3.7349,0.00015,0.00434,0.00370,0.03997,0.0006
24.7667,JELLY_C,0.1716,1.3630,1.00,J_SOFT_TURN,9.96,0.0176,0.082,0.5380,3.6872,-3.8282,0.00080,0.00905,0.00509,0.02708,0.4928
24.8000,JELLY_A,0.0941,0.1274,0.05,J_PAUSE_OPEN,16.39,0.0303,0.000,1.0992,2.2305,-3.4281,0.00400,0.00718,0.00749,0.03770,0.0049
24.8000,JELLY_B,0.7677,0.0000,0.05,J_DRIFT_IDLE,8.90,0.0119,0.000,1.4883,3.0455,-3.7348,0.00015,0.00428,0.00369,0.03999,0.0003
24.8000,JELLY_C,0.1850,0.7387,1.00,J_SOFT_TURN,9.99,0.0178,0.082,0.5380,3.6875,-3.8281,0.00079,0.00890,0.00505,0.02706,0.5754
24.8333,JELLY_A,0.1049,0.1276,0.05,J_PAUSE_OPEN,16.33,0.0300,0.000,1.0993,2.2307,-3.4279,0.00397,0.00709,0.00747,0.03770,0.0068
24.8333,JELLY_B,0.7802,0.0000,0.05,J_DRIFT_IDLE,8.87,0.0119,0.000,1.4883,3.0456,-3.7346,0.00014,0.00422,0.00368,0.04001,0.0001
24.8333,JELLY_C,0.1984,0.0816,1.00,J_SOFT_TURN,10.03,0.0172,0.082,0.5380,3.6878,-3.8279,0.00078,0.00873,0.00502,0.02704,0.6547
24.8667,JELLY_A,0.1158,0.1241,0.05,J_PAUSE_OPEN,16.28,0.0297,0.000,1.0995,2.2310,-3.4276,0.00394,0.00699,0.00746,0.03770,0.0090
24.8667,JELLY_B,0.7926,0.0000,0.05,J_DRIFT_IDLE,8.85,0.0119,0.000,1.4883,3.0458,-3.7345,0.00014,0.00416,0.00367,0.04003,-0.0000
24.8667,JELLY_C,0.2118,-0.0931,1.00,J_SOFT_TURN,10.06,0.0163,0.082,0.5381,3.6881,-3.8277,0.00076,0.00856,0.00498,0.02703,0.7274
24.9000,JELLY_A,0.1266,0.1170,0.05,J_PAUSE_OPEN,16.22,0.0295,0.000,1.0996,2.2312,-3.4274,0.00391,0.00689,0.00744,0.03770,0.0115
24.9000,JELLY_B,0.8051,0.0000,0.05,J_DRIFT_IDLE,8.83,0.0119,0.000,1.4883,3.0459,-3.7344,0.00014,0.00410,0.00366,0.04005,-0.0001
24.9000,JELLY_C,0.2252,-0.1987,1.00,J_SOFT_TURN,10.09,0.0155,0.082,0.5381,3.6884,-3.8276,0.00075,0.00839,0.00495,0.02701,0.7912
24.9333,JELLY_A,0.1375,0.1064,0.05,J_PAUSE_OPEN,16.17,0.0292,0.000,1.0997,2.2314,-3.4271,0.00388,0.00679,0.00743,0.03770,0.0143
24.9333,JELLY_B,0.8175,0.0000,0.05,J_DRIFT_IDLE,8.80,0.0119,0.000,1.4883,3.0461,-3.7343,0.00013,0.00403,0.00365,0.04007,-0.0002
24.9333,JELLY_C,0.2386,-0.3030,1.00,J_SOFT_TURN,10.11,0.0146,0.082,0.5381,3.6886,-3.8274,0.00073,0.00823,0.00491,0.02699,0.8451
24.9667,JELLY_A,0.1484,0.0928,0.05,J_PAUSE_OPEN,16.11,0.0290,0.000,1.0998,2.2316,-3.4269,0.00385,0.00670,0.00742,0.03770,0.0174
24.9667,JELLY_B,0.8299,0.0000,0.05,J_DRIFT_IDLE,8.78,0.0119,0.000,1.4883,3.0462,-3.7342,0.00013,0.00397,0.00365,0.04008,-0.0002
24.9667,JELLY_C,0.2520,-0.4051,1.00,J_SOFT_TURN,10.14,0.0138,0.082,0.5381,3.6889,-3.8272,0.00072,0.00806,0.00488,0.02697,0.8885
25.0000,JELLY_A,0.1592,0.0765,0.05,J_PAUSE_OPEN,16.06,0.0288,0.000,1.1000,2.2319,-3.4266,0.00383,0.00660,0.00740,0.03770,0.0206
25.0000,JELLY_B,0.8424,0.0000,0.05,J_DRIFT_IDLE,8.76,0.0119,0.000,1.4883,3.0463,-3.7340,0.00012,0.00391,0.00364,0.04010,-0.0002
25.0000,JELLY_C,0.2654,-0.5044,1.00,J_SOFT_TURN,10.16,0.0130,0.082,0.5382,3.6892,-3.8271,0.00071,0.00791,0.00485,0.02696,0.9216
25.0333,JELLY_A,0.1701,0.0579,0.05,J_PAUSE_OPEN,16.01,0.0285,0.000,1.1001,2.2321,-3.4264,0.00380,0.00651,0.00739,0.03770,0.0240
25.0333,JELLY_B,0.8548,0.0000,0.05,J_DRIFT_IDLE,8.74,0.0119,0.000,1.4883,3.0464,-3.7339,0.00012,0.00385,0.00363,0.04012,-0.0002
25.0333,JELLY_C,0.2788,-0.6001,1.00,J_SOFT_TURN,10.19,0.0122,0.082,0.5382,3.6894,-3.8269,0.00070,0.00775,0.00481,0.02695,0.9451
25.0667,JELLY_A,0.1810,0.0377,0.05,J_PAUSE_OPEN,15.95,0.0283,0.000,1.1002,2.2323,-3.4261,0.00377,0.00642,0.00738,0.03770,0.0274
25.0667,JELLY_B,0.8673,0.0000,0.05,J_DRIFT_IDLE,8.71,0.0119,0.000,1.4883,3.0466,-3.7338,0.00011,0.00379,0.00362,0.04014,-0.0002
25.0667,JELLY_C,0.2922,-0.6917,1.00,J_SOFT_TURN,10.21,0.0115,0.082,0.5382,3.6897,-3.8267,0.00068,0.00760,0.00478,0.02694,0.9596
25.1000,JELLY_A,0.1919,0.0163,0.05,J_PAUSE_OPEN,15.90,0.0281,0.000,1.1004,2.2325,-3.4259,0.00375,0.00633,0.00737,0.03770,0.0306
25.1000,JELLY_B,0.8797,0.0000,0.05,J_DRIFT_IDLE,8.69,0.0119,0.000,1.4883,3.0467,-3.7337,0.00011,0.00373,0.00361,0.04016,-0.0002
25.1000,JELLY_C,0.3056,-0.7783,1.00,J_SOFT_TURN,10.23,0.0108,0.082,0.5382,3.6899,-3.8266,0.00067,0.00744,0.00475,0.02693,0.9661
25.1333,JELLY_A,0.2027,-0.0009,0.05,J_PAUSE_OPEN,15.85,0.0279,0.000,1.1005,2.2327,-3.4256,0.00372,0.00624,0.00736,0.03771,0.0338
25.1333,JELLY_B,0.8922,0.0000,0.05,J_DRIFT_IDLE,8.67,0.0119,0.000,1.4883,3.0468,-3.7336,0.00010,0.00367,0.00360,0.04017,-0.0002
25.1333,JELLY_C,0.3190,-0.8595,1.00,J_SOFT_TURN,10.25,0.0101,0.082,0.5383,3.6902,-3.8264,0.00066,0.00730,0.00472,0.02693,0.9653
25.1667,JELLY_A,0.2136,-0.0044,0.05,J_PAUSE_OPEN,15.80,0.0277,0.000,1.1006,2.2329,-3.4254,0.00369,0.00615,0.00734,0.03771,0.0367
25.1667,JELLY_B,0.9046,0.0000,0.05,J_DRIFT_IDLE,8.65,0.0119,0.000,1.4883,3.0469,-3.7334,0.00010,0.00361,0.00359,0.04019,-0.0001
25.1667,JELLY_C,0.3324,-0.9347,1.00,J_SOFT_TURN,10.26,0.0094,0.082,0.5383,3.6904,-3.8263,0.00065,0.00715,0.00469,0.02692,0.9582
25.2000,JELLY_A,0.2245,-0.0079,0.05,J_PAUSE_OPEN,15.74,0.0275,0.000,1.1007,2.2331,-3.4252,0.00367,0.00606,0.00733,0.03771,0.0393
25.2000,JELLY_B,0.9171,0.0000,0.05,J_DRIFT_IDLE,8.62,0.0119,0.000,1.4883,3.0471,-3.7333,0.00010,0.00355,0.00358,0.04020,-0.0001
25.2000,JELLY_C,0.3458,-1.0032,1.00,J_SOFT_TURN,10.28,0.0087,0.082,0.5383,3.6907,-3.8261,0.00064,0.00701,0.00466,0.02691,0.9454
25.2333,JELLY_A,0.2354,-0.0113,0.05,J_PAUSE_OPEN,15.69,0.0273,0.000,1.1008,2.2333,-3.4249,0.00364,0.00597,0.00732,0.03771,0.0415
25.2333,JELLY_B,0.9295,0.0000,0.05,J_DRIFT_IDLE,8.60,0.0119,0.000,1.4883,3.0472,-3.7332,0.00009,0.00350,0.00357,0.04022,-0.0001
25.2333,JELLY_C,0.3592,-1.0646,1.00,J_SOFT_TURN,10.30,0.0081,0.082,0.5383,3.6909,-3.8260,0.00063,0.00686,0.00463,0.02689,0.9278
25.2667,JELLY_A,0.2462,-0.0147,0.05,J_PAUSE_OPEN,15.64,0.0271,0.000,1.1010,2.2335,-3.4247,0.00362,0.00589,0.00731,0.03771,0.0435
25.2667,JELLY_B,0.9420,0.0000,0.05,J_DRIFT_IDLE,8.58,0.0119,0.000,1.4883,3.0473,-3.7331,0.00009,0.00344,0.00356,0.04023,-0.0001
25.2667,JELLY_C,0.3727,-1.1185,1.00,J_SOFT_TURN,10.31,0.0075,0.082,0.5383,3.6911,-3.8258,0.00062,0.00673,0.00460,0.02683,0.9059
25.3000,JELLY_A,0.2571,-0.0180,0.05,J_PAUSE_OPEN,15.59,0.0269,0.000,1.1011,2.2337,-3.4244,0.00359,0.00580,0.00730,0.03771,0.0451
25.3000,JELLY_B,0.9544,0.0000,0.05,J_DRIFT_IDLE,8.55,0.0118,0.000,1.4883,3.0474,-3.7330,0.00008,0.00338,0.00355,0.04024,-0.0000
25.3000,JELLY_C,0.3861,-1.1645,1.00,J_SOFT_TURN,10.32,0.0069,0.082,0.5384,3.6913,-3.8257,0.00061,0.00659,0.00458,0.02667,0.8804
25.3333,JELLY_A,0.2680,-0.0212,0.05,J_PAUSE_OPEN,15.54,0.0267,0.000,1.1012,2.2339,-3.4242,0.00357,0.00572,0.00729,0.03771,0.0463
25.3333,JELLY_B,0.9668,0.0000,0.05,J_DRIFT_IDLE,8.53,0.0118,0.000,1.4883,3.0475,-3.7328,0.00008,0.00332,0.00354,0.04025,-0.0000
25.3333,JELLY_C,0.3995,-1.2022,1.00,J_SOFT_TURN,10.33,0.0063,0.082,0.5384,3.6916,-3.8255,0.00060,0.00645,0.00455,0.02639,0.8516
25.3667,JELLY_A,0.2789,-0.0244,0.05,J_PAUSE_OPEN,15.49,0.0265,0.000,1.1013,2.2341,-3.4239,0.00355,0.00563,0.00728,0.03771,0.0473
25.3667,JELLY_B,0.9793,0.0000,0.05,J_DRIFT_IDLE,8.51,0.0118,0.000,1.4883,3.0476,-3.7327,0.00008,0.00326,0.00354,0.04026,-0.0000
25.3667,JELLY_C,0.4129,-1.2313,1.00,J_SOFT_TURN,10.34,0.0058,0.082,0.5384,3.6918,-3.8254,0.00059,0.00633,0.00452,0.02599,0.8201
25.4000,JELLY_A,0.2897,-0.0274,0.05,J_PAUSE_OPEN,15.44,0.0263,0.000,1.1014,2.2343,-3.4237,0.00352,0.00555,0.00727,0.03771,0.0479
25.4000,JELLY_B,0.9917,0.0000,0.05,J_DRIFT_IDLE,8.49,0.0118,0.000,1.4883,3.0477,-3.7326,0.00007,0.00320,0.00353,0.04027,-0.0000
25.4000,JELLY_C,0.4264,-1.2518,1.00,J_SOFT_TURN,10.35,0.0053,0.082,0.5384,3.6920,-3.8252,0.00058,0.00621,0.00450,0.02548,0.7863
25.4333,JELLY_A,0.3006,-0.0303,0.05,J_PAUSE_OPEN,15.39,0.0261,0.000,1.1016,2.2345,-3.4235,0.00350,0.00547,0.00726,0.03770,0.0483
25.4333,JELLY_B,0.0042,0.1927,1.00,J_SOFT_TURN,8.46,0.0112,0.635,1.4883,3.0478,-3.7325,0.00007,0.00316,0.00352,0.04028,0.0004
25.4333,JELLY_C,0.4398,-1.2633,1.00,J_SOFT_TURN,10.36,0.0048,0.082,0.5384,3.6922,-3.8251,0.00057,0.00612,0.00448,0.02487,0.7504
25.4667,JELLY_A,0.3115,-0.0331,0.05,J_PAUSE_OPEN,15.34,0.0260,0.000,1.1017,2.2346,-3.4232,0.00348,0.00539,0.00726,0.03770,0.0484
25.4667,JELLY_B,0.0166,0.7574,1.00,J_SOFT_TURN,8.45,0.0062,0.635,1.4883,3.0479,-3.7324,0.00007,0.00313,0.00351,0.04031,0.0032
25.4667,JELLY_C,0.4532,-1.2658,1.00,J_SOFT_TURN,10.37,0.0043,0.082,0.5385,3.6924,-3.8249,0.00057,0.00605,0.00446,0.02420,0.7128
25.5000,JELLY_A,0.3224,-0.0357,0.05,J_PAUSE_OPEN,15.29,0.0258,0.000,1.1018,2.2348,-3.4230,0.00346,0.00531,0.00725,0.03768,0.0483
25.5000,JELLY_B,0.0291,1.2933,1.00,J_SOFT_TURN,8.44,0.0039,0.635,1.4883,3.0481,-3.7323,0.00006,0.00313,0.00351,0.04034,0.0093
25.5000,JELLY_C,0.4667,-1.2594,1.00,J_SOFT_TURN,10.37,0.0039,0.082,0.5385,3.6926,-3.8248,0.00056,0.00601,0.00445,0.02349,0.6738
25.5333,JELLY_A,0.3333,-0.0381,0.05,J_PAUSE_OPEN,15.25,0.0256,0.000,1.1019,2.2350,-3.4227,0.00343,0.00523,0.00724,0.03766,0.0480
25.5333,JELLY_B,0.0415,1.7799,1.00,J_SOFT_TURN,8.46,0.0183,0.635,1.4883,3.0482,-3.7321,0.00006,0.00318,0.00351,0.04035,0.0195
25.5333,JELLY_C,0.4801,-1.2439,1.00,J_SOFT_TURN,10.38,0.0035,0.082,0.5385,3.6928,-3.8246,0.00056,0.00599,0.00445,0.02277,0.6338
25.5667,JELLY_A,0.3441,-0.0404,0.05,J_PAUSE_OPEN,15.20,0.0255,0.000,1.1020,2.2352,-3.4225,0.00341,0.00515,0.00723,0.03763,0.0475
25.5667,JELLY_B,0.0540,2.1987,1.00,J_SOFT_TURN,8.50,0.0364,0.635,1.4883,3.0483,-3.7320,0.00006,0.00329,0.00352,0.04036,0.0348
25.5667,JELLY_C,0.4935,-1.2196,1.00,J_SOFT_TURN,10.38,0.0031,0.082,0.5385,3.6930,-3.8245,0.00056,0.00600,0.00445,0.02208,0.5929
25.6000,JELLY_A,0.3550,-0.0424,0.05,J_PAUSE_OPEN,15.15,0.0253,0.000,1.1021,2.2353,-3.4222,0.00339,0.00507,0.00722,0.03759,0.0468
25.6000,JELLY_B,0.0664,2.5337,1.00,J_SOFT_TURN,8.59,0.0574,0.635,1.4883,3.0484,-3.7319,0.00007,0.00345,0.00354,0.04036,0.0562
25.6000,JELLY_C,0.5070,-1.1866,1.00,J_SOFT_TURN,10.38,0.0028,0.082,0.5385,3.6932,-3.8243,0.00056,0.00605,0.00445,0.02144,0.5516
25.6333,JELLY_A,0.3659,-0.0443,0.05,J_PAUSE_OPEN,15.10,0.0252,0.000,1.1022,2.2355,-3.4220,0.00337,0.00499,0.00722,0.03755,0.0460
25.6333,JELLY_B,0.0789,2.7722,1.00,J_SOFT_TURN,8.71,0.0804,0.635,1.4883,3.0485,-3.7318,0.00007,0.00366,0.00357,0.04036,0.0845
25.6333,JELLY_C,0.5204,-1.1451,1.00,J_SOFT_TURN,10.39,0.0026,0.082,0.5385,3.6934,-3.8242,0.00056,0.00612,0.00446,0.02090,0.5099
25.6667,JELLY_A,0.3768,-0.0460,0.05,J_PAUSE_OPEN,15.05,0.0250,0.000,1.1024,2.2357,-3.4218,0.00335,0.00491,0.00721,0.03750,0.0450
25.6667,JELLY_B,0.0913,2.9051,1.00,J_SOFT_TURN,8.89,0.1042,0.635,1.4883,3.0486,-3.7317,0.00007,0.00390,0.00360,0.04037,0.1203
25.6667,JELLY_C,0.5339,-1.0954,1.00,J_SOFT_TURN,10.39,0.0024,0.082,0.5386,3.6936,-3.8240,0.00056,0.00622,0.00447,0.02047,0.4684
25.7000,JELLY_A,0.3877,-0.0474,0.05,J_PAUSE_OPEN,15.01,0.0249,0.000,1.1025,2.2358,-3.4215,0.00333,0.00484,0.00720,0.03745,0.0440
25.7000,JELLY_B,0.1038,2.9274,1.00,J_SOFT_TURN,9.10,0.1279,0.635,1.4883,3.0488,-3.7315,0.00008,0.00415,0.00363,0.04037,0.1637
25.7000,JELLY_C,0.5473,-1.0379,1.00,J_SOFT_TURN,10.39,0.0023,0.082,0.5386,3.6938,-3.8239,0.00057,0.00634,0.00449,0.02017,0.4271
25.7333,JELLY_A,0.3986,-0.0487,0.05,J_PAUSE_OPEN,14.96,0.0247,0.000,1.1026,2.2360,-3.4213,0.00331,0.00476,0.00719,0.03740,0.0428
25.7333,JELLY_B,0.1162,2.8381,1.00,J_SOFT_TURN,9.36,0.1505,0.635,1.4883,3.0489,-3.7314,0.00008,0.00439,0.00367,0.04037,0.2146
25.7333,JELLY_C,0.5608,-0.9729,1.00,J_SOFT_TURN,10.39,0.0022,0.082,0.5386,3.6940,-3.8237,0.00057,0.00648,0.00451,0.02002,0.3865
25.7667,JELLY_A,0.4095,-0.0497,0.05,J_PAUSE_OPEN,14.91,0.0246,0.000,1.1027,2.2362,-3.4210,0.00329,0.00469,0.00719,0.03735,0.0416
25.7667,JELLY_B,0.1286,2.6407,1.00,J_SOFT_TURN,9.66,0.1709,0.635,1.4883,3.0491,-3.7313,0.00009,0.00460,0.00369,0.04037,0.2722
25.7667,JELLY_C,0.5742,-0.9010,1.00,J_SOFT_TURN,10.39,0.0023,0.082,0.5386,3.6942,-3.8236,0.00058,0.00664,0.00453,0.01997,0.3467
25.8000,JELLY_A,0.4203,-0.0504,0.05,J_PAUSE_OPEN,14.87,0.0244,0.000,1.1028,2.2363,-3.4208,0.00327,0.00461,0.00718,0.03730,0.0402
25.8000,JELLY_B,0.1411,2.3426,1.00,J_SOFT_TURN,10.00,0.1883,0.635,1.4883,3.0492,-3.7312,0.00009,0.00476,0.00372,0.04037,0.3353
25.8000,JELLY_C,0.5877,-0.8226,1.00,J_SOFT_TURN,10.38,0.0024,0.082,0.5386,3.6945,-3.8234,0.00059,0.00680,0.00455,0.02000,0.3080
25.8333,JELLY_A,0.4312,-0.0510,0.05,J_PAUSE_OPEN,14.82,0.0243,0.000,1.1029,2.2365,-3.4206,0.00325,0.00454,0.00717,0.03725,0.0388
25.8333,JELLY_B,0.1535,1.9554,1.00,J_SOFT_TURN,10.37,0.2018,0.635,1.4883,3.0494,-3.7311,0.00009,0.00486,0.00373,0.04037,0.4026
25.8333,JELLY_C,0.6011,-0.7382,1.00,J_SOFT_TURN,10.38,0.0026,0.082,0.5387,3.6947,-3.8233,0.00059,0.00698,0.00458,0.02007,0.2708
25.8667,JELLY_A,0.4421,-0.0513,0.05,J_PAUSE_OPEN,14.78,0.0241,0.000,1.1030,2.2366,-3.4203,0.00323,0.00447,0.00717,0.03721,0.0373
25.8667,JELLY_B,0.1660,1.4936,1.00,J_SOFT_TURN,10.76,0.2109,0.635,1.4884,3.0495,-3.7309,0.00009,0.00491,0.00373,0.04037,0.4720
25.8667,JELLY_C,0.6146,-0.6486,1.00,J_SOFT_TURN,10.38,0.0028,0.082,0.5387,3.6949,-3.8231,0.00060,0.00714,0.00460,0.02017,0.2352
25.9000,JELLY_A,0.4530,-0.0513,0.05,J_PAUSE_OPEN,14.73,0.0240,0.000,1.1031,2.2368,-3.4201,0.00321,0.00440,0.00716,0.03717,0.0358
25.9000,JELLY_B,0.1784,0.9749,1.00,J_SOFT_TURN,11.17,0.2151,0.635,1.4884,3.0497,-3.7308,0.00009,0.00490,0.00373,0.04037,0.5416
25.9000,JELLY_C,0.6281,-0.5542,1.00,J_SOFT_TURN,10.38,0.0030,0.082,0.5387,3.6952,-3.8230,0.00060,0.00731,0.00462,0.02030,0.2015
25.9333,JELLY_A,0.4639,-0.0511,0.05,J_PAUSE_OPEN,14.68,0.0239,0.000,1.1032,2.2369,-3.4198,0.00319,0.00433,0.00716,0.03714,0.0342
25.9333,JELLY_B,0.1909,0.4190,1.00,J_SOFT_TURN,11.58,0.2141,0.635,1.4884,3.0499,-3.7307,0.00008,0.00486,0.00372,0.04037,0.6095
25.9333,JELLY_C,0.6415,-0.4559,1.00,J_SOFT_TURN,10.37,0.0032,0.082,0.5387,3.6954,-3.8228,0.00061,0.00747,0.00465,0.02046,0.1699
25.9667,JELLY_A,0.4748,-0.0507,0.05,J_PAUSE_OPEN,14.64,0.0238,0.000,1.1033,2.2370,-3.4196,0.00317,0.00426,0.00715,0.03711,0.0326
25.9667,JELLY_B,0.2033,-0.0245,1.00,J_SOFT_TURN,11.99,0.2082,0.635,1.4884,3.0500,-3.7306,0.00008,0.00481,0.00370,0.04037,0.6738
25.9667,JELLY_C,0.6550,-0.3542,1.00,J_SOFT_TURN,10.37,0.0035,0.082,0.5387,3.6957,-3.8226,0.00062,0.00764,0.00467,0.02064,0.1407
26.0000,JELLY_A,0.4857,-0.0500,0.05,J_PAUSE_OPEN,14.59,0.0236,0.000,1.1034,2.2372,-3.4194,0.00316,0.00419,0.00715,0.03710,0.0310
26.0000,JELLY_B,0.2158,-0.1160,1.00,J_SOFT_TURN,12.38,0.2016,0.635,1.4884,3.0502,-3.7304,0.00008,0.00476,0.00369,0.04037,0.7332
26.0000,JELLY_C,0.6685,-0.2500,1.00,J_SOFT_TURN,10.36,0.0037,0.082,0.5388,3.6959,-3.8225,0.00062,0.00779,0.00469,0.02084,0.1141
26.0333,JELLY_A,0.4966,-0.0492,0.05,J_PAUSE_OPEN,14.55,0.0235,0.000,1.1035,2.2373,-3.4191,0.00314,0.00413,0.00714,0.03709,0.0293
26.0333,JELLY_B,0.2282,-0.2068,1.00,J_SOFT_TURN,12.76,0.1951,0.635,1.4884,3.0503,-3.7303,0.00007,0.00470,0.00367,0.04037,0.7863
26.0333,JELLY_C,0.6819,-0.1439,1.00,J_SOFT_TURN,10.35,0.0040,0.082,0.5388,3.6962,-3.8223,0.00063,0.00795,0.00471,0.02105,0.0902
26.0667,JELLY_A,0.5075,-0.0480,0.05,J_PAUSE_OPEN,14.50,0.0234,0.000,1.1036,2.2375,-3.4189,0.00312,0.00406,0.00714,0.03709,0.0276
26.0667,JELLY_B,0.2407,-0.2964,1.00,J_SOFT_TURN,13.13,0.1888,0.635,1.4884,3.0505,-3.7302,0.00007,0.00465,0.00366,0.04037,0.8323
26.0667,JELLY_C,0.6954,-0.0367,1.00,J_SOFT_TURN,10.35,0.0043,0.082,0.5388,3.6965,-3.8222,0.00063,0.00810,0.00473,0.02129,0.0693
26.1000,JELLY_A,0.5184,-0.0467,0.05,J_PAUSE_OPEN,14.46,0.0233,0.000,1.1038,2.2376,-3.4187,0.00310,0.00400,0.00714,0.03710,0.0259
26.1000,JELLY_B,0.2531,-0.3842,1.00,J_SOFT_TURN,13.48,0.1826,0.635,1.4884,3.0506,-3.7301,0.00006,0.00460,0.00364,0.04037,0.8705
26.1000,JELLY_C,0.7089,0.0000,1.00,J_GLIDE,10.34,0.0045,0.082,0.5388,3.6967,-3.8220,0.00064,0.00825,0.00474,0.02154,0.0514
26.1333,JELLY_A,0.5293,-0.0451,0.05,J_PAUSE_OPEN,14.42,0.0231,0.000,1.1039,2.2377,-3.4184,0.00309,0.00394,0.00713,0.03710,0.0242
26.1333,JELLY_B,0.2656,-0.4696,1.00,J_SOFT_TURN,13.83,0.1767,0.635,1.4884,3.0508,-3.7299,0.00006,0.00455,0.00363,0.04037,0.9007
26.1333,JELLY_C,0.7224,0.0000,1.00,J_GLIDE,10.33,0.0048,0.082,0.5388,3.6970,-3.8219,0.00064,0.00839,0.00476,0.02180,0.0367
26.1667,JELLY_A,0.5402,-0.0433,0.05,J_PAUSE_OPEN,14.37,0.0230,0.000,1.1040,2.2379,-3.4182,0.00307,0.00387,0.00713,0.03711,0.0226
26.1667,JELLY_B,0.2780,-0.5521,1.00,J_SOFT_TURN,14.16,0.1709,0.635,1.4884,3.0510,-3.7298,0.00005,0.00450,0.00361,0.04037,0.9233
26.1667,JELLY_C,0.7358,0.0000,1.00,J_GLIDE,10.32,0.0050,0.082,0.5389,3.6973,-3.8217,0.00065,0.00852,0.00477,0.02208,0.0248
26.2000,JELLY_A,0.5511,-0.0413,0.05,J_PAUSE_OPEN,14.33,0.0229,0.000,1.1041,2.2380,-3.4179,0.00305,0.00382,0.00713,0.03712,0.0209
26.2000,JELLY_B,0.2904,-0.6313,1.00,J_SOFT_TURN,14.48,0.1652,0.635,1.4884,3.0511,-3.7297,0.00005,0.00445,0.00360,0.04037,0.9384
26.2000,JELLY_C,0.7493,0.0000,1.00,J_GLIDE,10.31,0.0053,0.082,0.5389,3.6976,-3.8215,0.00065,0.00863,0.00478,0.02237,0.0156
26.2333,JELLY_A,0.5620,-0.0392,0.05,J_PAUSE_OPEN,14.29,0.0228,0.000,1.1042,2.2381,-3.4177,0.00304,0.00376,0.00712,0.03713,0.0192
26.2333,JELLY_B,0.3029,-0.7066,1.00,J_SOFT_TURN,14.79,0.1597,0.635,1.4884,3.0512,-3.7296,0.00005,0.00440,0.00359,0.04037,0.9466
26.2333,JELLY_C,0.7628,0.0000,1.00,J_GLIDE,10.30,0.0055,0.082,0.5389,3.6979,-3.8214,0.00065,0.00874,0.00479,0.02266,0.0086
26.2667,JELLY_A,0.5729,-0.0368,0.05,J_PAUSE_OPEN,14.24,0.0227,0.000,1.1043,2.2382,-3.4175,0.00302,0.00370,0.00712,0.03715,0.0176
26.2667,JELLY_B,0.3153,-0.7776,1.00,J_SOFT_TURN,15.10,0.1544,0.635,1.4884,3.0514,-3.7295,0.00004,0.00435,0.00357,0.04037,0.9486
26.2667,JELLY_C,0.7763,0.0000,1.00,J_GLIDE,10.29,0.0058,0.082,0.5389,3.6982,-3.8212,0.00065,0.00883,0.00480,0.02297,0.0036
26.3000,JELLY_A,0.5838,-0.0343,0.05,J_PAUSE_OPEN,14.20,0.0226,0.000,1.1044,2.2384,-3.4172,0.00301,0.00364,0.00712,0.03716,0.0160
26.3000,JELLY_B,0.3278,-0.8439,1.00,J_SOFT_TURN,15.39,0.1492,0.635,1.4884,3.0515,-3.7293,0.00004,0.00430,0.00356,0.04037,0.9448
26.3000,JELLY_C,0.7898,0.0000,1.00,J_GLIDE,10.28,0.0060,0.082,0.5390,3.6985,-3.8211,0.00066,0.00892,0.00480,0.02328,0.0001
26.3333,JELLY_A,0.5947,-0.0316,0.05,J_PAUSE_OPEN,14.16,0.0225,0.000,1.1045,2.2385,-3.4170,0.00299,0.00359,0.00712,0.03718,0.0145
26.3333,JELLY_B,0.3402,-0.9050,1.00,J_SOFT_TURN,15.67,0.1442,0.635,1.4884,3.0517,-3.7292,0.00003,0.00425,0.00355,0.04034,0.9360
26.3333,JELLY_C,0.8033,0.0000,1.00,J_GLIDE,10.27,0.0062,0.082,0.5390,3.6988,-3.8209,0.00066,0.00900,0.00480,0.02359,-0.0022
26.3667,JELLY_A,0.6056,-0.0287,0.05,J_PAUSE_OPEN,14.11,0.0224,0.000,1.1046,2.2386,-3.4168,0.00298,0.00353,0.00711,0.03719,0.0130
26.3667,JELLY_B,0.3527,-0.9605,1.00,J_SOFT_TURN,15.94,0.1393,0.635,1.4884,3.0518,-3.7291,0.00003,0.00421,0.00353,0.04023,0.9226
26.3667,JELLY_C,0.8168,0.0000,1.00,J_GLIDE,10.26,0.0064,0.082,0.5390,3.6991,-3.8207,0.00066,0.00907,0.00480,0.02390,-0.0035
26.4000,JELLY_A,0.6165,-0.0257,0.05,J_PAUSE_OPEN,14.07,0.0223,0.000,1.1047,2.2387,-3.4165,0.00296,0.00347,0.00711,0.03721,0.0116
26.4000,JELLY_B,0.3651,-1.0102,1.00,J_SOFT_TURN,16.20,0.1345,0.635,1.4884,3.0520,-3.7290,0.00003,0.00416,0.00352,0.03998,0.9052
26.4000,JELLY_C,0.8303,0.0000,1.00,J_GLIDE,10.24,0.0066,0.082,0.5390,3.6994,-3.8206,0.00066,0.00913,0.00480,0.02421,-0.0041
26.4333,JELLY_A,0.6274,-0.0226,0.05,J_PAUSE_OPEN,14.03,0.0222,0.000,1.1048,2.2388,-3.4163,0.00295,0.00342,0.00711,0.03723,0.0102
26.4333,JELLY_B,0.3776,-1.0537,1.00,J_SOFT_TURN,16.46,0.1299,0.635,1.4884,3.0521,-3.7289,0.00002,0.00411,0.00351,0.03958,0.8843
26.4333,JELLY_C,0.8438,0.0000,1.00,J_GLIDE,10.23,0.0068,0.082,0.5390,3.6997,-3.8204,0.00066,0.00918,0.00480,0.02452,-0.0043
26.4667,JELLY_A,0.6383,-0.0194,0.05,J_PAUSE_OPEN,13.99,0.0221,0.000,1.1049,2.2389,-3.4160,0.00293,0.00336,0.00711,0.03725,0.0089
26.4667,JELLY_B,0.3900,-1.0908,1.00,J_SOFT_TURN,16.70,0.1253,0.635,1.4884,3.0522,-3.7288,0.00002,0.00406,0.00349,0.03903,0.8603
26.4667,JELLY_C,0.8573,0.0000,1.00,J_GLIDE,10.22,0.0070,0.082,0.5391,3.7000,-3.8203,0.00066,0.00922,0.00480,0.02482,-0.0041
26.5000,JELLY_A,0.6492,-0.0161,0.05,J_PAUSE_OPEN,13.95,0.0220,0.000,1.1050,2.2390,-3.4158,0.00292,0.00331,0.00711,0.03727,0.0077
26.5000,JELLY_B,0.4025,-1.1212,1.00,J_SOFT_TURN,16.94,0.1210,0.635,1.4884,3.0524,-3.7286,0.00002,0.00402,0.00348,0.03835,0.8335
26.5000,JELLY_C,0.8708,0.0000,1.00,J_GLIDE,10.21,0.0072,0.082,0.5391,3.7003,-3.8201,0.00065,0.00926,0.00479,0.02512,-0.0037
26.5333,JELLY_A,0.6601,-0.0128,0.05,J_PAUSE_OPEN,13.90,0.0219,0.000,1.1051,2.2392,-3.4156,0.00290,0.00325,0.00710,0.03729,0.0066
26.5333,JELLY_B,0.4149,-1.1448,1.00,J_SOFT_TURN,17.16,0.1167,0.635,1.4884,3.0525,-3.7285,0.00001,0.00398,0.00347,0.03756,0.8045
26.5333,JELLY_C,0.8843,0.0000,1.00,J_GLIDE,10.19,0.0074,0.082,0.5391,3.7006,-3.8199,0.00065,0.00929,0.00479,0.02540,-0.0033
26.5667,JELLY_A,0.6710,-0.0093,0.05,J_PAUSE_OPEN,13.86,0.0218,0.000,1.1051,2.2393,-3.4153,0.00289,0.00320,0.00710,0.03732,0.0055
26.5667,JELLY_B,0.4274,-1.1613,1.00,J_SOFT_TURN,17.38,0.1125,0.635,1.4884,3.0526,-3.7284,0.00001,0.00395,0.00346,0.03670,0.7734
26.5667,JELLY_C,0.8978,0.0000,1.00,J_GLIDE,10.18,0.0076,0.082,0.5391,3.7009,-3.8198,0.00065,0.00932,0.00478,0.02568,-0.0028
26.6000,JELLY_A,0.6819,-0.0058,0.05,J_PAUSE_OPEN,13.82,0.0217,0.000,1.1052,2.2394,-3.4151,0.00288,0.00315,0.00710,0.03734,0.0046
26.6000,JELLY_B,0.4398,-1.1708,1.00,J_SOFT_TURN,17.60,0.1085,0.635,1.4884,3.0528,-3.7283,0.00001,0.00394,0.00346,0.03578,0.7406
26.6000,JELLY_C,0.9113,0.0000,1.00,J_GLIDE,10.16,0.0078,0.082,0.5392,3.7012,-3.8196,0.00065,0.00934,0.00477,0.02594,-0.0023
26.6333,JELLY_A,0.6928,-0.0023,0.05,J_PAUSE_OPEN,13.78,0.0216,0.000,1.1053,2.2395,-3.4149,0.00286,0.00309,0.00710,0.03737,0.0037
26.6333,JELLY_B,0.4523,-1.1730,1.00,J_SOFT_TURN,17.80,0.1046,0.635,1.4884,3.0529,-3.7282,0.00001,0.00394,0.00346,0.03485,0.7064
26.6333,JELLY_C,0.9248,0.0000,1.00,J_GLIDE,10.15,0.0080,0.082,0.5392,3.7015,-3.8195,0.00065,0.00935,0.00476,0.02619,-0.0018
26.6667,JELLY_A,0.7037,0.0000,0.05,J_PAUSE_OPEN,13.74,0.0215,0.000,1.1054,2.2396,-3.4146,0.00285,0.00304,0.00710,0.03739,0.0029
26.6667,JELLY_B,0.4647,-1.1682,1.00,J_SOFT_TURN,18.00,0.1008,0.635,1.4884,3.0530,-3.7281,0.00001,0.00396,0.00347,0.03395,0.6709
26.6667,JELLY_C,0.9383,0.0000,1.00,J_GLIDE,10.13,0.0081,0.082,0.5392,3.7018,-3.8193,0.00064,0.00936,0.00475,0.02642,-0.0014
26.7000,JELLY_A,0.7146,0.0000,0.05,J_PAUSE_OPEN,13.70,0.0214,0.000,1.1055,2.2397,-3.4144,0.00283,0.00299,0.00710,0.03742,0.0023
26.7000,JELLY_B,0.4772,-1.1561,1.00,J_SOFT_TURN,18.19,0.0971,0.635,1.4884,3.0532,-3.7280,0.00002,0.00400,0.00348,0.03309,0.6346
26.7000,JELLY_C,0.9519,0.0000,1.00,J_GLIDE,10.12,0.0083,0.082,0.5392,3.7022,-3.8191,0.00064,0.00936,0.00474,0.02663,-0.0010
26.7333,JELLY_A,0.7255,0.0000,0.05,J_PAUSE_OPEN,13.66,0.0213,0.000,1.1056,2.2398,-3.4142,0.00282,0.00294,0.00709,0.03744,0.0017
26.7333,JELLY_B,0.4896,-1.1371,1.00,J_SOFT_TURN,18.37,0.0935,0.635,1.4884,3.0533,-3.7278,0.00002,0.00407,0.00350,0.03232,0.5975
26.7333,JELLY_C,0.9654,0.0000,1.00,J_GLIDE,10.10,0.0084,0.082,0.5392,3.7025,-3.8190,0.00064,0.00935,0.00472,0.02683,-0.0007
26.7667,JELLY_A,0.7364,0.0000,0.05,J_PAUSE_OPEN,13.62,0.0212,0.000,1.1057,2.2399,-3.4139,0.00281,0.00288,0.00709,0.03747,0.0012
26.7667,JELLY_B,0.5020,-1.1110,1.00,J_SOFT_TURN,18.55,0.0900,0.635,1.4884,3.0534,-3.7277,0.00003,0.00415,0.00353,0.03166,0.5599
26.7667,JELLY_C,0.9789,0.0000,1.00,J_GLIDE,10.09,0.0086,0.082,0.5393,3.7028,-3.8188,0.00063,0.00934,0.00471,0.02701,-0.0005
26.8000,JELLY_A,0.7473,0.0000,0.05,J_PAUSE_OPEN,13.58,0.0211,0.000,1.1058,2.2400,-3.4137,0.00279,0.00283,0.00709,0.03749,0.0008
26.8000,JELLY_B,0.5145,-1.0782,1.00,J_SOFT_TURN,18.71,0.0866,0.635,1.4884,3.0536,-3.7276,0.00004,0.00426,0.00357,0.03114,0.5221
26.8000,JELLY_C,0.9924,0.0000,1.00,J_GLIDE,10.07,0.0087,0.082,0.5393,3.7031,-3.8187,0.00063,0.00933,0.00469,0.02717,-0.0003
26.8333,JELLY_A,0.7582,0.0000,0.05,J_PAUSE_OPEN,13.54,0.0210,0.000,1.1059,2.2401,-3.4134,0.00278,0.00278,0.00709,0.03752,0.0005
26.8333,JELLY_B,0.5269,-1.0387,1.00,J_SOFT_TURN,18.88,0.0832,0.635,1.4884,3.0537,-3.7275,0.00005,0.00439,0.00361,0.03079,0.4842
26.8333,JELLY_C,0.0060,0.0150,0.05,J_PAUSE_OPEN,10.05,0.0089,0.000,0.5393,3.7034,-3.8185,0.00062,0.00923,0.00467,0.02729,-0.0002
26.8667,JELLY_A,0.7692,0.0000,0.05,J_PAUSE_OPEN,13.50,0.0209,0.000,1.1060,2.2402,-3.4132,0.00277,0.00273,0.00709,0.03754,0.0003
26.8667,JELLY_B,0.5394,-0.9930,1.00,J_SOFT_TURN,19.03,0.0800,0.635,1.4884,3.0539,-3.7274,0.00006,0.00453,0.00366,0.03060,0.4465
26.8667,JELLY_C,0.0195,0.0481,0.05,J_PAUSE_OPEN,10.04,0.0090,0.000,0.5393,3.7037,-3.8184,0.00061,0.00906,0.00462,0.02736,-0.0000
26.9000,JELLY_A,0.7801,0.0000,0.05,J_PAUSE_OPEN,13.46,0.0209,0.000,1.1061,2.2402,-3.4130,0.00275,0.00268,0.00709,0.03757,0.0001
26.9000,JELLY_B,0.5518,-0.9411,1.00,J_SOFT_TURN,19.18,0.0769,0.635,1.4884,3.0540,-3.7272,0.00007,0.00470,0.00372,0.03053,0.4093
26.9000,JELLY_C,0.0331,0.0791,0.05,J_PAUSE_OPEN,10.02,0.0092,0.000,0.5393,3.7040,-3.8182,0.00060,0.00888,0.00458,0.02739,0.0002
26.9333,JELLY_A,0.7910,0.0000,0.05,J_PAUSE_OPEN,13.42,0.0208,0.000,1.1062,2.2403,-3.4127,0.00274,0.00262,0.00708,0.03759,-0.0000
26.9333,JELLY_B,0.5643,-0.8835,1.00,J_SOFT_TURN,19.33,0.0739,0.635,1.4884,3.0542,-3.7271,0.00009,0.00488,0.00378,0.03052,0.3726
26.9333,JELLY_C,0.0466,0.1066,0.05,J_PAUSE_OPEN,10.00,0.0093,0.000,0.5394,3.7043,-3.8181,0.00059,0.00871,0.00454,0.02741,0.0005
26.9667,JELLY_A,0.8019,0.0000,0.05,J_PAUSE_OPEN,13.38,0.0207,0.000,1.1063,2.2404,-3.4125,0.00273,0.00257,0.00708,0.03762,-0.0001
26.9667,JELLY_B,0.5767,-0.8205,1.00,J_SOFT_TURN,19.47,0.0709,0.635,1.4884,3.0543,-3.7270,0.00010,0.00506,0.00384,0.03056,0.3368
26.9667,JELLY_C,0.0601,0.1293,0.05,J_PAUSE_OPEN,9.98,0.0094,0.000,0.5394,3.7046,-3.8179,0.00058,0.00855,0.00450,0.02743,0.0012
27.0000,JELLY_A,0.8128,0.0000,0.05,J_PAUSE_OPEN,13.34,0.0206,0.000,1.1064,2.2405,-3.4123,0.00271,0.00252,0.00708,0.03764,-0.0002
27.0000,JELLY_B,0.5892,-0.7525,1.00,J_SOFT_TURN,19.60,0.0680,0.635,1.4884,3.0545,-3.7269,0.00012,0.00526,0.00391,0.03065,0.3020
27.0000,JELLY_C,0.0737,0.1461,0.05,J_PAUSE_OPEN,9.96,0.0095,0.000,0.5394,3.7049,-3.8178,0.00057,0.00839,0.00446,0.02743,0.0023
27.0333,JELLY_A,0.8237,0.0000,0.05,J_PAUSE_OPEN,13.30,0.0205,0.000,1.1065,2.2406,-3.4120,0.00270,0.00247,0.00708,0.03767,-0.0002
27.0333,JELLY_B,0.6016,-0.6798,1.00,J_SOFT_TURN,19.73,0.0652,0.635,1.4884,3.0547,-3.7267,0.00013,0.00545,0.00398,0.03077,0.2685
27.0333,JELLY_C,0.0872,0.1564,0.05,J_PAUSE_OPEN,9.95,0.0096,0.000,0.5394,3.7051,-3.8176,0.00056,0.00823,0.00443,0.02744,0.0039
27.0667,JELLY_A,0.8346,0.0000,0.05,J_PAUSE_OPEN,13.26,0.0205,0.000,1.1065,2.2407,-3.4118,0.00269,0.00242,0.00708,0.03769,-0.0002
27.0667,JELLY_B,0.6141,-0.6030,1.00,J_SOFT_TURN,19.85,0.0625,0.635,1.4884,3.0549,-3.7266,0.00015,0.00565,0.00405,0.03092,0.2364
27.0667,JELLY_C,0.1008,0.1596,0.05,J_PAUSE_OPEN,9.93,0.0098,0.000,0.5394,3.7054,-3.8175,0.00055,0.00807,0.00439,0.02744,0.0061
27.1000,JELLY_A,0.8455,0.0000,0.05,J_PAUSE_OPEN,13.22,0.0204,0.000,1.1066,2.2407,-3.4116,0.00268,0.00237,0.00707,0.03771,-0.0002
27.1000,JELLY_B,0.6265,-0.5226,1.00,J_SOFT_TURN,19.97,0.0599,0.635,1.4884,3.0551,-3.7264,0.00017,0.00584,0.00412,0.03110,0.2060
27.1000,JELLY_C,0.1143,0.1557,0.05,J_PAUSE_OPEN,9.91,0.0099,0.000,0.5395,3.7057,-3.8173,0.00054,0.00792,0.00435,0.02744,0.0088
27.1333,JELLY_A,0.8564,0.0000,0.05,J_PAUSE_OPEN,13.18,0.0203,0.000,1.1067,2.2408,-3.4113,0.00266,0.00231,0.00707,0.03773,-0.0002
27.1333,JELLY_B,0.6390,-0.4389,1.00,J_SOFT_TURN,20.08,0.0573,0.635,1.4884,3.0553,-3.7263,0.00018,0.00603,0.00418,0.03131,0.1773
27.1333,JELLY_C,0.1279,0.1446,0.05,J_PAUSE_OPEN,9.89,0.0100,0.000,0.5395,3.7059,-3.8172,0.00053,0.00777,0.00432,0.02744,0.0120
27.1667,JELLY_A,0.8674,0.0000,0.05,J_PAUSE_OPEN,13.14,0.0202,0.000,1.1068,2.2409,-3.4111,0.00265,0.00226,0.00707,0.03775,-0.0002
27.1667,JELLY_B,0.6514,-0.3525,1.00,J_SOFT_TURN,20.19,0.0548,0.635,1.4884,3.0555,-3.7262,0.00020,0.00621,0.00425,0.03155,0.1506
27.1667,JELLY_C,0.1414,0.1271,0.05,J_PAUSE_OPEN,9.87,0.0101,0.000,0.5395,3.7062,-3.8170,0.00052,0.00762,0.00428,0.02744,0.0156
27.2000,JELLY_A,0.8783,0.0000,0.05,J_PAUSE_OPEN,13.10,0.0201,0.000,1.1069,2.2410,-3.4109,0.00264,0.00221,0.00707,0.03777,-0.0002
27.2000,JELLY_B,0.6639,-0.2640,1.00,J_SOFT_TURN,20.29,0.0524,0.635,1.4884,3.0557,-3.7260,0.00022,0.00640,0.00432,0.03181,0.1261
27.2000,JELLY_C,0.1550,0.1038,0.05,J_PAUSE_OPEN,9.85,0.0102,0.000,0.5395,3.7064,-3.8169,0.00051,0.00747,0.00425,0.02744,0.0196
27.2333,JELLY_A,0.8892,0.0000,0.05,J_PAUSE_OPEN,13.07,0.0201,0.000,1.1070,2.2410,-3.4106,0.00263,0.00216,0.00707,0.03779,-0.0002
27.2333,JELLY_B,0.6763,-0.1739,1.00,J_SOFT_TURN,20.39,0.0500,0.635,1.4884,3.0559,-3.7259,0.00023,0.00658,0.00438,0.03209,0.1039
27.2333,JELLY_C,0.1686,0.0757,0.05,J_PAUSE_OPEN,9.83,0.0103,0.000,0.5395,3.7067,-3.8167,0.00050,0.00733,0.00421,0.02745,0.0237
27.2667,JELLY_A,0.9001,0.0000,0.05,J_PAUSE_OPEN,13.03,0.0200,0.000,1.1071,2.2411,-3.4104,0.00262,0.00211,0.00707,0.03780,-0.0001
27.2667,JELLY_B,0.6888,-0.0827,1.00,J_SOFT_TURN,20.48,0.0477,0.635,1.4885,3.0561,-3.7257,0.00025,0.00676,0.00445,0.03239,0.0840
27.2667,JELLY_C,0.1821,0.0443,0.05,J_PAUSE_OPEN,9.81,0.0103,0.000,0.5395,3.7069,-3.8166,0.00049,0.00719,0.00418,0.02745,0.0279
27.3000,JELLY_A,0.9110,0.0000,0.05,J_PAUSE_OPEN,12.99,0.0199,0.000,1.1072,2.2412,-3.4101,0.00260,0.00206,0.00706,0.03782,-0.0001
27.3000,JELLY_B,0.7012,0.0000,1.00,J_GLIDE,20.57,0.0455,0.635,1.4885,3.0564,-3.7256,0.00026,0.00693,0.00451,0.03270,0.0665
27.3000,JELLY_C,0.1957,0.0108,0.05,J_PAUSE_OPEN,9.79,0.0104,0.000,0.5396,3.7072,-3.8165,0.00049,0.00705,0.00414,0.02745,0.0320
27.3333,JELLY_A,0.9219,0.0000,0.05,J_PAUSE_OPEN,12.95,0.0198,0.000,1.1072,2.2413,-3.4099,0.00259,0.00201,0.00706,0.03783,-0.0001
27.3333,JELLY_B,0.7137,0.0000,1.00,J_GLIDE,20.66,0.0434,0.635,1.4885,3.0566,-3.7254,0.00028,0.00708,0.00457,0.03304,0.0513
27.3333,JELLY_C,0.2093,-0.0037,0.05,J_PAUSE_OPEN,9.77,0.0105,0.000,0.5396,3.7074,-3.8163,0.00048,0.00691,0.00411,0.02745,0.0358
27.3667,JELLY_A,0.9328,0.0000,0.05,J_PAUSE_OPEN,12.91,0.0198,0.000,1.1073,2.2413,-3.4097,0.00258,0.00196,0.00706,0.03784,-0.0001
27.3667,JELLY_B,0.7261,0.0000,1.00,J_GLIDE,20.74,0.0412,0.635,1.4885,3.0568,-3.7253,0.00030,0.00722,0.00463,0.03339,0.0385
27.3667,JELLY_C,0.2228,-0.0092,0.05,J_PAUSE_OPEN,9.75,0.0106,0.000,0.5396,3.7076,-3.8162,0.00047,0.00677,0.00408,0.02745,0.0391
27.4000,JELLY_A,0.9438,0.0000,0.05,J_PAUSE_OPEN,12.88,0.0197,0.000,1.1074,2.2414,-3.4094,0.00257,0.00191,0.00706,0.03786,-0.0001
27.4000,JELLY_B,0.7386,0.0000,1.00,J_GLIDE,20.82,0.0392,0.635,1.4885,3.0571,-3.7251,0.00031,0.00735,0.00468,0.03375,0.0278
27.4000,JELLY_C,0.2364,-0.0145,0.05,J_PAUSE_OPEN,9.73,0.0107,0.000,0.5396,3.7078,-3.8161,0.00046,0.00664,0.00405,0.02746,0.0419
27.4333,JELLY_A,0.9547,0.0000,0.05,J_PAUSE_OPEN,12.84,0.0196,0.000,1.1075,2.2414,-3.4092,0.00256,0.00186,0.00706,0.03786,-0.0000
27.4333,JELLY_B,0.7510,0.0000,1.00,J_GLIDE,20.89,0.0372,0.635,1.4885,3.0573,-3.7250,0.00032,0.00747,0.00474,0.03412,0.0191
27.4333,JELLY_C,0.2500,-0.0198,0.05,J_PAUSE_OPEN,9.71,0.0107,0.000,0.5396,3.7081,-3.8159,0.00046,0.00651,0.00402,0.02746,0.0442
27.4667,JELLY_A,0.9656,0.0000,0.05,J_PAUSE_OPEN,12.80,0.0196,0.000,1.1076,2.2415,-3.4090,0.00254,0.00181,0.00705,0.03787,-0.0000
27.4667,JELLY_B,0.7635,0.0000,1.00,J_GLIDE,20.96,0.0353,0.635,1.4885,3.0576,-3.7248,0.00034,0.00758,0.00479,0.03450,0.0123
27.4667,JELLY_C,0.2636,-0.0249,0.05,J_PAUSE_OPEN,9.69,0.0108,0.000,0.5396,3.7083,-3.8158,0.00045,0.00638,0.00399,0.02746,0.0459
27.5000,JELLY_A,0.9765,0.0000,0.05,J_PAUSE_OPEN,12.76,0.0195,0.000,1.1077,2.2416,-3.4087,0.00253,0.00176,0.00705,0.03788,-0.0000
27.5000,JELLY_B,0.7759,0.0000,1.00,J_GLIDE,21.03,0.0334,0.635,1.4885,3.0578,-3.7246,0.00035,0.00768,0.00483,0.03489,0.0071
27.5000,JELLY_C,0.2772,-0.0298,0.05,J_PAUSE_OPEN,9.67,0.0109,0.000,0.5396,3.7085,-3.8157,0.00044,0.00625,0.00396,0.02746,0.0472
27.5333,JELLY_A,0.9874,0.0000,0.05,J_PAUSE_OPEN,12.73,0.0194,0.000,1.1078,2.2416,-3.4085,0.00252,0.00171,0.00705,0.03788,-0.0000
27.5333,JELLY_B,0.7884,0.0000,1.00,J_GLIDE,21.09,0.0316,0.635,1.4885,3.0581,-3.7245,0.00036,0.00778,0.00488,0.03527,0.0032
27.5333,JELLY_C,0.2908,-0.0346,0.05,J_PAUSE_OPEN,9.65,0.0109,0.000,0.5397,3.7087,-3.8155,0.00044,0.00612,0.00393,0.02746,0.0479
27.5667,JELLY_A,0.9983,0.0000,0.05,J_PAUSE_OPEN,12.69,0.0193,0.000,1.1078,2.2417,-3.4083,0.00251,0.00166,0.00705,0.03789,-0.0000
27.5667,JELLY_B,0.8008,0.0000,1.00,J_GLIDE,21.15,0.0298,0.635,1.4885,3.0584,-3.7243,0.00037,0.00787,0.00492,0.03566,0.0004
27.5667,JELLY_C,0.3043,-0.0390,0.05,J_PAUSE_OPEN,9.63,0.0110,0.000,0.5397,3.7089,-3.8154,0.00043,0.00600,0.00390,0.02747,0.0483
27.6000,JELLY_A,0.0093,0.3727,1.00,J_PULSE_CRUISE,12.65,0.0188,0.134,1.1079,2.2417,-3.4080,0.00250,0.00161,0.00704,0.03789,0.0001
27.6000,JELLY_B,0.8133,0.0000,1.00,J_GLIDE,21.20,0.0281,0.635,1.4886,3.0586,-3.7242,0.00038,0.00796,0.00496,0.03605,-0.0015
27.6000,JELLY_C,0.3179,-0.0432,0.05,J_PAUSE_OPEN,9.61,0.0111,0.000,0.5397,3.7091,-3.8153,0.00042,0.00588,0.00387,0.02747,0.0483
27.6333,JELLY_A,0.0202,0.8016,1.00,J_PULSE_CRUISE,12.62,0.0173,0.134,1.1080,2.2418,-3.4078,0.00249,0.00157,0.00704,0.03788,0.0007
27.6333,JELLY_B,0.8257,0.0000,1.00,J_GLIDE,21.26,0.0264,0.635,1.4886,3.0589,-3.7240,0.00039,0.00803,0.00499,0.03643,-0.0027
27.6333,JELLY_C,0.3315,-0.0471,0.05,J_PAUSE_OPEN,9.59,0.0111,0.000,0.5397,3.7093,-3.8151,0.00042,0.00575,0.00384,0.02747,0.0479
27.6667,JELLY_A,0.0311,1.2069,1.00,J_PULSE_CRUISE,12.59,0.0150,0.134,1.1081,2.2418,-3.4076,0.00248,0.00155,0.00705,0.03787,0.0027
27.6667,JELLY_B,0.8381,0.0000,1.00,J_GLIDE,21.31,0.0248,0.635,1.4886,3.0592,-3.7238,0.00040,0.00810,0.00503,0.03681,-0.0033
27.6667,JELLY_C,0.3451,-0.0507,0.05,J_PAUSE_OPEN,9.57,0.0112,0.000,0.5397,3.7095,-3.8150,0.00041,0.00563,0.00382,0.02747,0.0473
27.7000,JELLY_A,0.0420,1.5769,1.00,J_PULSE_CRUISE,12.56,0.0119,0.134,1.1082,2.2419,-3.4073,0.00247,0.00157,0.00706,0.03785,0.0071
27.7000,JELLY_B,0.8506,0.0000,1.00,J_GLIDE,21.35,0.0232,0.635,1.4886,3.0594,-3.7237,0.00041,0.00817,0.00506,0.03717,-0.0036
27.7000,JELLY_C,0.3587,-0.0538,0.05,J_PAUSE_OPEN,9.55,0.0112,0.000,0.5397,3.7097,-3.8149,0.00041,0.00552,0.00379,0.02747,0.0464
27.7333,JELLY_A,0.0529,1.9006,1.00,J_PULSE_CRUISE,12.54,0.0081,0.134,1.1083,2.2419,-3.4071,0.00247,0.00162,0.00708,0.03782,0.0151
27.7333,JELLY_B,0.8630,0.0000,1.00,J_GLIDE,21.40,0.0217,0.635,1.4886,3.0597,-3.7235,0.00042,0.00823,0.00508,0.03753,-0.0036
27.7333,JELLY_C,0.3723,-0.0566,0.05,J_PAUSE_OPEN,9.52,0.0113,0.000,0.5397,3.7098,-3.8148,0.00040,0.00540,0.00376,0.02747,0.0453
27.7667,JELLY_A,0.0638,2.1686,1.00,J_PULSE_CRUISE,12.53,0.0040,0.134,1.1083,2.2420,-3.4069,0.00248,0.00172,0.00710,0.03779,0.0279
27.7667,JELLY_B,0.8755,0.0000,1.00,J_GLIDE,21.44,0.0202,0.635,1.4886,3.0600,-3.7233,0.00043,0.00828,0.00511,0.03787,-0.0034
27.7667,JELLY_C,0.3859,-0.0590,0.05,J_PAUSE_OPEN,9.50,0.0113,0.000,0.5398,3.7100,-3.8146,0.00039,0.00528,0.00374,0.02747,0.0440
27.8000,JELLY_A,0.0748,2.3730,1.00,J_PULSE_CRUISE,12.52,0.0021,0.134,1.1084,2.2421,-3.4066,0.00248,0.00184,0.00713,0.03777,0.0465
27.8000,JELLY_B,0.8879,0.0000,1.00,J_GLIDE,21.47,0.0188,0.635,1.4886,3.0602,-3.7231,0.00044,0.00833,0.00513,0.03820,-0.0030
27.8000,JELLY_C,0.3996,-0.0609,0.05,J_PAUSE_OPEN,9.48,0.0114,0.000,0.5398,3.7102,-3.8145,0.00039,0.00517,0.00371,0.02746,0.0426
27.8333,JELLY_A,0.0857,2.5077,1.00,J_PULSE_CRUISE,12.53,0.0063,0.134,1.1085,2.2421,-3.4064,0.00249,0.00200,0.00717,0.03774,0.0717
27.8333,JELLY_B,0.9004,0.0000,1.00,J_GLIDE,21.51,0.0174,0.635,1.4887,3.0605,-3.7230,0.00045,0.00837,0.00516,0.03852,-0.0027
27.8333,JELLY_C,0.4132,-0.0624,0.05,J_PAUSE_OPEN,9.46,0.0114,0.000,0.5398,3.7104,-3.8144,0.00038,0.00506,0.00368,0.02745,0.0410
27.8667,JELLY_A,0.0966,2.5688,1.00,J_PULSE_CRUISE,12.54,0.0112,0.134,1.1086,2.2422,-3.4061,0.00250,0.00216,0.00721,0.03771,0.1039
27.8667,JELLY_B,0.9128,0.0000,1.00,J_GLIDE,21.54,0.0160,0.635,1.4887,3.0608,-3.7228,0.00045,0.00841,0.00518,0.03881,-0.0023
27.8667,JELLY_C,0.4268,-0.0635,0.05,J_PAUSE_OPEN,9.44,0.0114,0.000,0.5398,3.7105,-3.8143,0.00038,0.00495,0.00366,0.02743,0.0393
27.9000,JELLY_A,0.1075,2.5546,1.00,J_PULSE_CRUISE,12.57,0.0161,0.134,1.1087,2.2423,-3.4059,0.00251,0.00233,0.00725,0.03769,0.1434
27.9000,JELLY_B,0.9253,0.0000,1.00,J_GLIDE,21.57,0.0147,0.635,1.4887,3.0611,-3.7226,0.00046,0.00844,0.00519,0.03908,-0.0019
27.9000,JELLY_C,0.4404,-0.0641,0.05,J_PAUSE_OPEN,9.42,0.0115,0.000,0.5398,3.7107,-3.8141,0.00038,0.00484,0.00363,0.02740,0.0374
27.9333,JELLY_A,0.1184,2.4654,1.00,J_PULSE_CRUISE,12.60,0.0207,0.134,1.1088,2.2424,-3.4057,0.00252,0.00249,0.00728,0.03767,0.1898
27.9333,JELLY_B,0.9377,0.0000,1.00,J_GLIDE,21.60,0.0134,0.635,1.4887,3.0614,-3.7225,0.00047,0.00847,0.00521,0.03933,-0.0015
27.9333,JELLY_C,0.4540,-0.0642,0.05,J_PAUSE_OPEN,9.39,0.0115,0.000,0.5398,3.7109,-3.8140,0.00037,0.00473,0.00361,0.02737,0.0355
27.9667,JELLY_A,0.1294,2.3039,1.00,J_PULSE_CRUISE,12.65,0.0248,0.134,1.1088,2.2424,-3.4054,0.00253,0.00262,0.00731,0.03766,0.2426
27.9667,JELLY_B,0.9502,0.0000,1.00,J_GLIDE,21.62,0.0122,0.635,1.4887,3.0617,-3.7223,0.00047,0.00849,0.00522,0.03956,-0.0012
27.9667,JELLY_C,0.4676,-0.0638,0.05,J_PAUSE_OPEN,9.37,0.0115,0.000,0.5398,3.7110,-3.8139,0.00037,0.00463,0.00359,0.02734,0.0335
28.0000,JELLY_A,0.1403,2.0748,1.00,J_PULSE_CRUISE,12.69,0.0284,0.134,1.1089,2.2425,-3.4052,0.00253,0.00273,0.00734,0.03764,0.3011
28.0000,JELLY_B,0.9626,0.0000,1.00,J_GLIDE,21.64,0.0110,0.635,1.4887,3.0619,-3.7221,0.00048,0.00851,0.00524,0.03977,-0.0009
28.0000,JELLY_C,0.4813,-0.0630,0.05,J_PAUSE_OPEN,9.35,0.0116,0.000,0.5398,3.7112,-3.8138,0.00036,0.00453,0.00356,0.02731,0.0315
28.0333,JELLY_A,0.1512,1.7848,1.00,J_PULSE_CRUISE,12.75,0.0312,0.134,1.1090,2.2426,-3.4049,0.00253,0.00279,0.00735,0.03762,0.3640
28.0333,JELLY_B,0.9751,0.0000,1.00,J_GLIDE,21.66,0.0098,0.635,1.4888,3.0622,-3.7219,0.00048,0.00852,0.00525,0.03994,-0.0006
28.0333,JELLY_C,0.4949,-0.0617,0.05,J_PAUSE_OPEN,9.33,0.0116,0.000,0.5399,3.7113,-3.8137,0.00036,0.00443,0.00354,0.02728,0.0294
28.0667,JELLY_A,0.1621,1.4424,1.00,J_PULSE_CRUISE,12.81,0.0333,0.134,1.1091,2.2427,-3.4047,0.00253,0.00281,0.00736,0.03760,0.4300
28.0667,JELLY_B,0.9875,0.0000,1.00,J_GLIDE,21.68,0.0086,0.635,1.4888,3.0625,-3.7218,0.00049,0.00853,0.00525,0.04009,0.0000
28.0667,JELLY_C,0.5085,-0.0599,0.05,J_PAUSE_OPEN,9.30,0.0116,0.000,0.5399,3.7115,-3.8135,0.00036,0.00433,0.00352,0.02725,0.0273
28.1000,JELLY_A,0.1730,1.0577,1.00,J_PULSE_CRUISE,12.88,0.0345,0.134,1.1092,2.2428,-3.4044,0.00252,0.00280,0.00736,0.03758,0.4974
28.1000,JELLY_B,1.0000,0.0000,1.00,J_GLIDE,21.70,0.0075,0.635,1.4888,3.0628,-3.7216,0.00049,0.00854,0.00526,0.04022,0.0014
28.1000,JELLY_C,0.5222,-0.0578,0.05,J_PAUSE_OPEN,9.28,0.0117,0.000,0.5399,3.7116,-3.8134,0.00035,0.00424,0.00350,0.02723,0.0252
28.1333,JELLY_A,0.1839,0.6420,1.00,J_PULSE_CRUISE,12.94,0.0347,0.134,1.1093,2.2429,-3.4042,0.00251,0.00276,0.00735,0.03756,0.5647
28.1333,JELLY_B,0.0124,0.5676,1.00,J_PULSE_CRUISE,21.71,0.0088,0.444,1.4888,3.0631,-3.7214,0.00049,0.00842,0.00522,0.04031,0.0037
28.1333,JELLY_C,0.5358,-0.0551,0.05,J_PAUSE_OPEN,9.26,0.0117,0.000,0.5399,3.7117,-3.8133,0.00035,0.00415,0.00348,0.02721,0.0231
28.1667,JELLY_A,0.1949,0.2074,1.00,J_PULSE_CRUISE,13.01,0.0340,0.134,1.1093,2.2430,-3.4039,0.00250,0.00271,0.00735,0.03754,0.6300
28.1667,JELLY_B,0.0248,1.1156,1.00,J_PULSE_CRUISE,21.73,0.0136,0.444,1.4888,3.0633,-3.7212,0.00048,0.00833,0.00519,0.04037,0.0075
28.1667,JELLY_C,0.5494,-0.0521,0.05,J_PAUSE_OPEN,9.24,0.0117,0.000,0.5399,3.7119,-3.8132,0.00035,0.00406,0.00346,0.02720,0.0210
28.2000,JELLY_A,0.2058,-0.0374,1.00,J_PULSE_CRUISE,13.07,0.0325,0.134,1.1094,2.2431,-3.4037,0.00249,0.00265,0.00734,0.03752,0.6917
28.2000,JELLY_B,0.0373,1.6210,1.00,J_PULSE_CRUISE,21.76,0.0217,0.444,1.4888,3.0636,-3.7211,0.00048,0.00828,0.00517,0.04041,0.0139
28.2000,JELLY_C,0.5631,-0.0487,0.05,J_PAUSE_OPEN,9.22,0.0117,0.000,0.5399,3.7120,-3.8131,0.00034,0.00397,0.00344,0.02719,0.0190
28.2333,JELLY_A,0.2167,-0.1078,1.00,J_PULSE_CRUISE,13.13,0.0310,0.134,1.1095,2.2432,-3.4034,0.00247,0.00259,0.00733,0.03750,0.7481
28.2333,JELLY_B,0.0497,2.0647,1.00,J_PULSE_CRUISE,21.81,0.0325,0.444,1.4888,3.0639,-3.7209,0.00049,0.00828,0.00518,0.04042,0.0244
28.2333,JELLY_C,0.5767,-0.0450,0.05,J_PAUSE_OPEN,9.19,0.0118,0.000,0.5399,3.7121,-3.8130,0.00034,0.00389,0.00342,0.02719,0.0170
28.2667,JELLY_A,0.2276,-0.1776,1.00,J_PULSE_CRUISE,13.19,0.0296,0.134,1.1096,2.2433,-3.4032,0.00246,0.00253,0.00732,0.03749,0.7985
28.2667,JELLY_B,0.0622,2.4297,1.00,J_PULSE_CRUISE,21.88,0.0456,0.444,1.4889,3.0642,-3.7207,0.00050,0.00833,0.00520,0.04043,0.0405
28.2667,JELLY_C,0.5904,-0.0409,0.05,J_PAUSE_OPEN,9.17,0.0118,0.000,0.5399,3.7123,-3.8129,0.00034,0.00380,0.00340,0.02720,0.0150
28.3000,JELLY_A,0.2385,-0.2467,1.00,J_PULSE_CRUISE,13.25,0.0282,0.134,1.1097,2.2433,-3.4030,0.00245,0.00247,0.00731,0.03747,0.8421
28.3000,JELLY_B,0.0746,2.7022,1.00,J_PULSE_CRUISE,21.98,0.0603,0.444,1.4889,3.0645,-3.7205,0.00051,0.00843,0.00525,0.04043,0.0634
28.3000,JELLY_C,0.6040,-0.0365,0.05,J_PAUSE_OPEN,9.15,0.0118,0.000,0.5400,3.7124,-3.8127,0.00034,0.00372,0.00338,0.02720,0.0131
28.3333,JELLY_A,0.2494,-0.3146,1.00,J_PULSE_CRUISE,13.30,0.0268,0.134,1.1098,2.2434,-3.4027,0.00244,0.00241,0.00730,0.03746,0.8788
28.3333,JELLY_B,0.0871,2.8717,1.00,J_PULSE_CRUISE,22.11,0.0759,0.444,1.4889,3.0647,-3.7204,0.00053,0.00857,0.00530,0.04043,0.0943
28.3333,JELLY_C,0.6177,-0.0318,0.05,J_PAUSE_OPEN,9.13,0.0118,0.000,0.5400,3.7125,-3.8126,0.00033,0.00364,0.00336,0.02721,0.0114
28.3667,JELLY_A,0.2604,-0.3810,1.00,J_PULSE_CRUISE,13.35,0.0255,0.134,1.1098,2.2435,-3.4025,0.00243,0.00235,0.00729,0.03745,0.9087
28.3667,JELLY_B,0.0995,2.9318,1.00,J_PULSE_CRUISE,22.26,0.0918,0.444,1.4889,3.0650,-3.7202,0.00055,0.00872,0.00537,0.04043,0.1336
28.3667,JELLY_C,0.6313,-0.0269,0.05,J_PAUSE_OPEN,9.10,0.0118,0.000,0.5400,3.7126,-3.8125,0.00033,0.00355,0.00334,0.02722,0.0097
28.4000,JELLY_A,0.2713,-0.4456,1.00,J_PULSE_CRUISE,13.40,0.0242,0.134,1.1099,2.2436,-3.4022,0.00241,0.00229,0.00728,0.03744,0.9320
28.4000,JELLY_B,0.1120,2.8803,1.00,J_PULSE_CRUISE,22.45,0.1070,0.444,1.4889,3.0653,-3.7200,0.00056,0.00887,0.00543,0.04043,0.1813
28.4000,JELLY_C,0.6450,-0.0218,0.05,J_PAUSE_OPEN,9.08,0.0118,0.000,0.5400,3.7128,-3.8124,0.00033,0.00347,0.00332,0.02723,0.0081
28.4333,JELLY_A,0.2822,-0.5081,1.00,J_PULSE_CRUISE,13.44,0.0230,0.134,1.1100,2.2436,-3.4020,0.00240,0.00223,0.00727,0.03743,0.9490
28.4333,JELLY_B,0.1244,2.7191,1.00,J_PULSE_CRUISE,22.66,0.1211,0.444,1.4890,3.0656,-3.7198,0.00058,0.00900,0.00549,0.04043,0.2371
28.4333,JELLY_C,0.6586,-0.0165,0.05,J_PAUSE_OPEN,9.06,0.0119,0.000,0.5400,3.7129,-3.8123,0.00033,0.00339,0.00330,0.02724,0.0067
28.4667,JELLY_A,0.2931,-0.5682,1.00,J_PULSE_CRUISE,13.48,0.0218,0.134,1.1101,2.2437,-3.4017,0.00239,0.00217,0.00726,0.03742,0.9602
28.4667,JELLY_B,0.1368,2.4544,1.00,J_PULSE_CRUISE,22.90,0.1332,0.444,1.4890,3.0659,-3.7196,0.00059,0.00908,0.00553,0.04042,0.2998
28.4667,JELLY_C,0.6723,-0.0112,0.05,J_PAUSE_OPEN,9.04,0.0119,0.000,0.5400,3.7130,-3.8122,0.00033,0.00331,0.00329,0.02725,0.0053
28.5000,JELLY_A,0.3040,-0.6256,1.00,J_PULSE_CRUISE,13.52,0.0206,0.134,1.1102,2.2438,-3.4015,0.00238,0.00212,0.00725,0.03736,0.9660
28.5000,JELLY_B,0.1493,2.0962,1.00,J_PULSE_CRUISE,23.16,0.1428,0.444,1.4890,3.0662,-3.7195,0.00060,0.00911,0.00554,0.04042,0.3680
28.5000,JELLY_C,0.6859,-0.0057,0.05,J_PAUSE_OPEN,9.01,0.0119,0.000,0.5400,3.7131,-3.8121,0.00032,0.00323,0.00327,0.02726,0.0042
28.5333,JELLY_A,0.3149,-0.6801,1.00,J_PULSE_CRUISE,13.56,0.0194,0.134,1.1102,2.2439,-3.4013,0.00237,0.00206,0.00724,0.03717,0.9669
28.5333,JELLY_B,0.1617,1.6583,1.00,J_PULSE_CRUISE,23.44,0.1496,0.444,1.4890,3.0665,-3.7193,0.00061,0.00909,0.00554,0.04042,0.4398
28.5333,JELLY_C,0.6996,-0.0002,0.05,J_PAUSE_OPEN,8.99,0.0119,0.000,0.5400,3.7132,-3.8120,0.00032,0.00316,0.00325,0.02728,0.0032
28.5667,JELLY_A,0.3259,-0.7314,1.00,J_PULSE_CRUISE,13.60,0.0183,0.134,1.1103,2.2439,-3.4010,0.00235,0.00200,0.00723,0.03682,0.9633
28.5667,JELLY_B,0.1742,1.1572,1.00,J_PULSE_CRUISE,23.73,0.1529,0.444,1.4890,3.0668,-3.7191,0.00060,0.00901,0.00551,0.04042,0.5131
28.5667,JELLY_C,0.7133,0.0000,0.05,J_PAUSE_OPEN,8.97,0.0119,0.000,0.5400,3.7133,-3.8119,0.00032,0.00308,0.00323,0.02729,0.0023
28.6000,JELLY_A,0.3368,-0.7792,1.00,J_PULSE_CRUISE,13.63,0.0172,0.134,1.1104,2.2440,-3.4008,0.00234,0.00194,0.00722,0.03630,0.9558
28.6000,JELLY_B,0.1866,0.6122,1.00,J_PULSE_CRUISE,24.02,0.1528,0.444,1.4891,3.0671,-3.7189,0.00060,0.00891,0.00547,0.04042,0.5855
28.6000,JELLY_C,0.7269,0.0000,0.05,J_PAUSE_OPEN,8.94,0.0119,0.000,0.5401,3.7134,-3.8118,0.00032,0.00300,0.00321,0.02731,0.0016
28.6333,JELLY_A,0.3477,-0.8234,1.00,J_PULSE_CRUISE,13.66,0.0162,0.134,1.1105,2.2441,-3.4005,0.00233,0.00189,0.00722,0.03563,0.9447
28.6333,JELLY_B,0.1990,0.0439,1.00,J_PULSE_CRUISE,24.31,0.1490,0.444,1.4891,3.0674,-3.7187,0.00059,0.00878,0.00543,0.04042,0.6548
28.6333,JELLY_C,0.7406,0.0000,0.05,J_PAUSE_OPEN,8.92,0.0119,0.000,0.5401,3.7135,-3.8117,0.00032,0.00292,0.00320,0.02733,0.0011
28.6667,JELLY_A,0.3586,-0.8637,1.00,J_PULSE_CRUISE,13.69,0.0152,0.134,1.1105,2.2441,-3.4003,0.00232,0.00183,0.00721,0.03481,0.9303
28.6667,JELLY_B,0.2115,-0.0845,1.00,J_PULSE_CRUISE,24.59,0.1436,0.444,1.4891,3.0677,-3.7185,0.00058,0.00865,0.00538,0.04042,0.7191
28.6667,JELLY_C,0.7543,0.0000,0.05,J_PAUSE_OPEN,8.90,0.0119,0.000,0.5401,3.7136,-3.8115,0.00031,0.00284,0.00318,0.02734,0.0006
28.7000,JELLY_A,0.3695,-0.8999,1.00,J_PULSE_CRUISE,13.72,0.0142,0.134,1.1106,2.2442,-3.4001,0.00231,0.00178,0.00720,0.03387,0.9131
28.7000,JELLY_B,0.2239,-0.1756,1.00,J_PULSE_CRUISE,24.86,0.1384,0.444,1.4891,3.0680,-3.7184,0.00058,0.00853,0.00533,0.04042,0.7768
28.7000,JELLY_C,0.7680,0.0000,0.05,J_PAUSE_OPEN,8.88,0.0119,0.000,0.5401,3.7137,-3.8114,0.00031,0.00276,0.00316,0.02736,0.0003
28.7333,JELLY_A,0.3804,-0.9319,1.00,J_PULSE_CRUISE,13.75,0.0132,0.134,1.1107,2.2442,-3.3998,0.00230,0.00172,0.00719,0.03283,0.8934
28.7333,JELLY_B,0.2364,-0.2655,1.00,J_PULSE_CRUISE,25.12,0.1333,0.444,1.4891,3.0683,-3.7182,0.00057,0.00841,0.00528,0.04042,0.8268
28.7333,JELLY_C,0.7817,0.0000,0.05,J_PAUSE_OPEN,8.85,0.0119,0.000,0.5401,3.7138,-3.8113,0.00031,0.00269,0.00315,0.02738,0.0001
28.7667,JELLY_A,0.3914,-0.9595,1.00,J_PULSE_CRUISE,13.77,0.0123,0.134,1.1108,2.2443,-3.3996,0.00229,0.00167,0.00718,0.03173,0.8714
28.7667,JELLY_B,0.2488,-0.3539,1.00,J_PULSE_CRUISE,25.37,0.1284,0.444,1.4892,3.0686,-3.7180,0.00056,0.00829,0.00524,0.04042,0.8686
28.7667,JELLY_C,0.7953,0.0000,0.05,J_PAUSE_OPEN,8.83,0.0119,0.000,0.5401,3.7139,-3.8112,0.00031,0.00261,0.00313,0.02740,-0.0000
28.8000,JELLY_A,0.4023,-0.9826,1.00,J_PULSE_CRUISE,13.79,0.0114,0.134,1.1109,2.2443,-3.3993,0.00227,0.00161,0.00717,0.03059,0.8473
28.8000,JELLY_B,0.2612,-0.4400,1.00,J_PULSE_CRUISE,25.61,0.1236,0.444,1.4892,3.0688,-3.7178,0.00056,0.00817,0.00519,0.04041,0.9019
28.8000,JELLY_C,0.8090,0.0000,0.05,J_PAUSE_OPEN,8.81,0.0119,0.000,0.5401,3.7139,-3.8111,0.00031,0.00253,0.00311,0.02741,-0.0001
28.8333,JELLY_A,0.4132,-1.0011,1.00,J_PULSE_CRUISE,13.82,0.0105,0.134,1.1109,2.2444,-3.3991,0.00226,0.00156,0.00716,0.02945,0.8215
28.8333,JELLY_B,0.2737,-0.5235,1.00,J_PULSE_CRUISE,25.84,0.1189,0.444,1.4892,3.0691,-3.7177,0.00055,0.00805,0.00515,0.04041,0.9270
28.8333,JELLY_C,0.8227,0.0000,0.05,J_PAUSE_OPEN,8.79,0.0119,0.000,0.5401,3.7140,-3.8110,0.00031,0.00245,0.00309,0.02743,-0.0002
28.8667,JELLY_A,0.4241,-1.0148,1.00,J_PULSE_CRUISE,13.83,0.0096,0.134,1.1110,2.2445,-3.3989,0.00225,0.00152,0.00716,0.02834,0.7942
28.8667,JELLY_B,0.2861,-0.6037,1.00,J_PULSE_CRUISE,26.07,0.1144,0.444,1.4892,3.0694,-3.7175,0.00054,0.00793,0.00511,0.04042,0.9444
28.8667,JELLY_C,0.8364,0.0000,0.05,J_PAUSE_OPEN,8.76,0.0119,0.000,0.5401,3.7141,-3.8109,0.00031,0.00238,0.00308,0.02745,-0.0002
28.9000,JELLY_A,0.4350,-1.0238,1.00,J_PULSE_CRUISE,13.85,0.0088,0.134,1.1111,2.2445,-3.3986,0.00225,0.00149,0.00715,0.02730,0.7654
28.9000,JELLY_B,0.2986,-0.6803,1.00,J_PULSE_CRUISE,26.28,0.1099,0.444,1.4892,3.0696,-3.7173,0.00054,0.00782,0.00506,0.04042,0.9545
28.9000,JELLY_C,0.8501,0.0000,0.05,J_PAUSE_OPEN,8.74,0.0119,0.000,0.5401,3.7142,-3.8108,0.00030,0.00230,0.00306,0.02747,-0.0002
28.9333,JELLY_A,0.4459,-1.0280,1.00,J_PULSE_CRUISE,13.87,0.0080,0.134,1.1112,2.2445,-3.3984,0.00224,0.00146,0.00715,0.02636,0.7355
28.9333,JELLY_B,0.3110,-0.7527,1.00,J_PULSE_CRUISE,26.49,0.1057,0.444,1.4892,3.0699,-3.7172,0.00053,0.00771,0.00502,0.04042,0.9581
28.9333,JELLY_C,0.8638,0.0000,0.05,J_PAUSE_OPEN,8.72,0.0119,0.000,0.5402,3.7143,-3.8107,0.00030,0.00222,0.00304,0.02749,-0.0002
28.9667,JELLY_A,0.4568,-1.0273,1.00,J_PULSE_CRUISE,13.88,0.0072,0.134,1.1112,2.2446,-3.3982,0.00223,0.00145,0.00715,0.02554,0.7045
28.9667,JELLY_B,0.3234,-0.8205,1.00,J_PULSE_CRUISE,26.69,0.1015,0.444,1.4893,3.0701,-3.7170,0.00053,0.00760,0.00498,0.04042,0.9558
28.9667,JELLY_C,0.8775,0.0000,0.05,J_PAUSE_OPEN,8.69,0.0119,0.000,0.5402,3.7143,-3.8106,0.00030,0.00214,0.00303,0.02750,-0.0002
29.0000,JELLY_A,0.4677,-1.0219,1.00,J_PULSE_CRUISE,13.90,0.0065,0.134,1.1113,2.2446,-3.3979,0.00223,0.00145,0.00715,0.02488,0.6727
29.0000,JELLY_B,0.3359,-0.8833,1.00,J_PULSE_CRUISE,26.88,0.0974,0.444,1.4893,3.0704,-3.7168,0.00052,0.00749,0.00494,0.04041,0.9481
29.0000,JELLY_C,0.8912,0.0000,0.05,J_PAUSE_OPEN,8.67,0.0119,0.000,0.5402,3.7144,-3.8105,0.00030,0.00207,0.00301,0.02752,-0.0002
29.0333,JELLY_A,0.4786,-1.0116,1.00,J_PULSE_CRUISE,13.91,0.0057,0.134,1.1114,2.2447,-3.3977,0.00222,0.00147,0.00716,0.02439,0.6402
29.0333,JELLY_B,0.3483,-0.9407,1.00,J_PULSE_CRUISE,27.06,0.0935,0.444,1.4893,3.0706,-3.7167,0.00052,0.00738,0.00490,0.04034,0.9358
29.0333,JELLY_C,0.9049,0.0000,0.05,J_PAUSE_OPEN,8.65,0.0119,0.000,0.5402,3.7145,-3.8104,0.00030,0.00199,0.00300,0.02754,-0.0001
29.0667,JELLY_A,0.4896,-0.9965,1.00,J_PULSE_CRUISE,13.92,0.0050,0.134,1.1114,2.2447,-3.3974,0.00222,0.00151,0.00717,0.02410,0.6071
29.0667,JELLY_B,0.3607,-0.9923,1.00,J_PULSE_CRUISE,27.23,0.0897,0.444,1.4893,3.0709,-3.7165,0.00051,0.00727,0.00486,0.04013,0.9193
29.0667,JELLY_C,0.9186,0.0000,0.05,J_PAUSE_OPEN,8.63,0.0119,0.000,0.5402,3.7145,-3.8103,0.00030,0.00191,0.00298,0.02755,-0.0001
29.1000,JELLY_A,0.5005,-0.9768,1.00,J_PULSE_CRUISE,13.93,0.0043,0.134,1.1115,2.2448,-3.3972,0.00222,0.00155,0.00718,0.02397,0.5736
29.1000,JELLY_B,0.3732,-1.0379,1.00,J_PULSE_CRUISE,27.40,0.0860,0.444,1.4893,3.0711,-3.7163,0.00050,0.00717,0.00482,0.03979,0.8992
29.1000,JELLY_C,0.9323,0.0000,0.05,J_PAUSE_OPEN,8.60,0.0119,0.000,0.5402,3.7146,-3.8102,0.00030,0.00184,0.00296,0.02757,-0.0001
29.1333,JELLY_A,0.5114,-0.9525,1.00,J_PULSE_CRUISE,13.93,0.0037,0.134,1.1116,2.2448,-3.3970,0.00223,0.00162,0.00720,0.02394,0.5399
29.1333,JELLY_B,0.3856,-1.0771,1.00,J_PULSE_CRUISE,27.56,0.0824,0.444,1.4893,3.0714,-3.7162,0.00050,0.00707,0.00478,0.03929,0.8759
29.1333,JELLY_C,0.9460,0.0000,0.05,J_PAUSE_OPEN,8.58,0.0119,0.000,0.5402,3.7147,-3.8101,0.00030,0.00176,0.00295,0.02758,-0.0001
29.1667,JELLY_A,0.5223,-0.9238,1.00,J_PULSE_CRUISE,13.94,0.0031,0.134,1.1117,2.2449,-3.3967,0.00223,0.00170,0.00721,0.02399,0.5061
29.1667,JELLY_B,0.3980,-1.1097,1.00,J_PULSE_CRUISE,27.72,0.0788,0.444,1.4894,3.0716,-3.7160,0.00049,0.00697,0.00475,0.03865,0.8498
29.1667,JELLY_C,0.9597,0.0000,0.05,J_PAUSE_OPEN,8.56,0.0119,0.000,0.5402,3.7147,-3.8100,0.00029,0.00168,0.00293,0.02759,-0.0000
29.2000,JELLY_A,0.5332,-0.8907,1.00,J_PULSE_CRUISE,13.94,0.0025,0.134,1.1117,2.2450,-3.3965,0.00223,0.00179,0.00724,0.02409,0.4724
29.2000,JELLY_B,0.4105,-1.1356,1.00,J_PULSE_CRUISE,27.87,0.0754,0.444,1.4894,3.0718,-3.7159,0.00049,0.00687,0.00471,0.03790,0.8213
29.2000,JELLY_C,0.9734,0.0000,0.05,J_PAUSE_OPEN,8.54,0.0119,0.000,0.5402,3.7148,-3.8099,0.00029,0.00161,0.00292,0.02761,-0.0000
29.2333,JELLY_A,0.5441,-0.8534,1.00,J_PULSE_CRUISE,13.95,0.0019,0.134,1.1118,2.2450,-3.3962,0.00224,0.00189,0.00726,0.02423,0.4388
29.2333,JELLY_B,0.4229,-1.1546,1.00,J_PULSE_CRUISE,28.01,0.0721,0.444,1.4894,3.0721,-3.7157,0.00049,0.00678,0.00468,0.03706,0.7907
29.2333,JELLY_C,0.9871,0.0000,0.05,J_PAUSE_OPEN,8.51,0.0118,0.000,0.5402,3.7148,-3.8098,0.00029,0.00153,0.00290,0.02762,-0.0000
29.2667,JELLY_A,0.5550,-0.8121,1.00,J_PULSE_CRUISE,13.95,0.0015,0.134,1.1119,2.2451,-3.3960,0.00225,0.00201,0.00729,0.02440,0.4056
29.2667,JELLY_B,0.4353,-1.1665,1.00,J_PULSE_CRUISE,28.14,0.0689,0.444,1.4894,3.0723,-3.7156,0.00049,0.00671,0.00466,0.03617,0.7582
29.2667,JELLY_C,0.0009,0.0435,1.00,J_PULSE_CRUISE,8.49,0.0118,0.176,0.5403,3.7149,-3.8097,0.00029,0.00145,0.00288,0.02763,0.0000
29.3000,JELLY_A,0.5659,-0.7670,1.00,J_PULSE_CRUISE,13.95,0.0011,0.134,1.1120,2.2452,-3.3957,0.00226,0.00214,0.00731,0.02461,0.3729
29.3000,JELLY_B,0.4477,-1.1713,1.00,J_PULSE_CRUISE,28.27,0.0658,0.444,1.4894,3.0725,-3.7154,0.00049,0.00665,0.00464,0.03524,0.7243
29.3000,JELLY_C,0.0146,0.7337,1.00,J_PULSE_CRUISE,8.47,0.0107,0.176,0.5403,3.7149,-3.8096,0.00029,0.00138,0.00287,0.02768,0.0004
29.3333,JELLY_A,0.5768,-0.7184,1.00,J_PULSE_CRUISE,13.95,0.0011,0.134,1.1120,2.2452,-3.3955,0.00227,0.00227,0.00734,0.02485,0.3409
29.3333,JELLY_B,0.4602,-1.1689,1.00,J_PULSE_CRUISE,28.39,0.0627,0.444,1.4894,3.0727,-3.7152,0.00049,0.00660,0.00463,0.03433,0.6890
29.3333,JELLY_C,0.0283,1.3903,1.00,J_PULSE_CRUISE,8.45,0.0081,0.176,0.5403,3.7150,-3.8095,0.00029,0.00134,0.00286,0.02773,0.0025
29.3667,JELLY_A,0.5877,-0.6663,1.00,J_PULSE_CRUISE,13.95,0.0013,0.134,1.1121,2.2453,-3.3953,0.00228,0.00241,0.00737,0.02512,0.3096
29.3667,JELLY_B,0.4726,-1.1595,1.00,J_PULSE_CRUISE,28.51,0.0598,0.444,1.4895,3.0729,-3.7151,0.00049,0.00658,0.00463,0.03345,0.6527
29.3667,JELLY_C,0.0420,1.9828,1.00,J_PULSE_CRUISE,8.44,0.0045,0.176,0.5403,3.7150,-3.8094,0.00029,0.00136,0.00286,0.02776,0.0081
29.4000,JELLY_A,0.5986,-0.6112,1.00,J_PULSE_CRUISE,13.95,0.0016,0.134,1.1122,2.2454,-3.3950,0.00229,0.00255,0.00740,0.02541,0.2792
29.4000,JELLY_B,0.4850,-1.1429,1.00,J_PULSE_CRUISE,28.62,0.0569,0.444,1.4895,3.0732,-3.7149,0.00050,0.00658,0.00465,0.03265,0.6156
29.4000,JELLY_C,0.0557,2.4838,1.00,J_PULSE_CRUISE,8.43,0.0029,0.176,0.5403,3.7151,-3.8093,0.00030,0.00147,0.00287,0.02777,0.0195
29.4333,JELLY_A,0.6095,-0.5532,1.00,J_PULSE_CRUISE,13.95,0.0021,0.134,1.1123,2.2455,-3.3948,0.00230,0.00269,0.00743,0.02573,0.2499
29.4333,JELLY_B,0.4975,-1.1194,1.00,J_PULSE_CRUISE,28.73,0.0541,0.444,1.4895,3.0734,-3.7148,0.00051,0.00660,0.00467,0.03196,0.5779
29.4333,JELLY_C,0.0695,2.8699,1.00,J_PULSE_CRUISE,8.44,0.0079,0.176,0.5403,3.7151,-3.8093,0.00031,0.00164,0.00288,0.02776,0.0391
29.4667,JELLY_A,0.6204,-0.4926,1.00,J_PULSE_CRUISE,13.94,0.0025,0.134,1.1124,2.2456,-3.3945,0.00231,0.00283,0.00746,0.02607,0.2218
29.4667,JELLY_B,0.5099,-1.0891,1.00,J_PULSE_CRUISE,28.83,0.0514,0.444,1.4895,3.0736,-3.7146,0.00053,0.00663,0.00471,0.03140,0.5399
29.4667,JELLY_C,0.0832,3.1232,1.00,J_PULSE_CRUISE,8.46,0.0142,0.176,0.5403,3.7152,-3.8092,0.00033,0.00188,0.00291,0.02773,0.0686
29.5000,JELLY_A,0.6313,-0.4297,1.00,J_PULSE_CRUISE,13.94,0.0029,0.134,1.1124,2.2457,-3.3943,0.00232,0.00297,0.00748,0.02644,0.1950
29.5000,JELLY_B,0.5223,-1.0522,1.00,J_PULSE_CRUISE,28.93,0.0487,0.444,1.4895,3.0738,-3.7145,0.00055,0.00669,0.00475,0.03099,0.5017
29.5000,JELLY_C,0.0969,3.2319,1.00,J_PULSE_CRUISE,8.49,0.0209,0.176,0.5403,3.7152,-3.8091,0.00034,0.00215,0.00294,0.02770,0.1091
29.5333,JELLY_A,0.6422,-0.3649,1.00,J_PULSE_CRUISE,13.93,0.0034,0.134,1.1125,2.2458,-3.3940,0.00233,0.00311,0.00751,0.02682,0.1696
29.5333,JELLY_B,0.5347,-1.0088,1.00,J_PULSE_CRUISE,29.02,0.0462,0.444,1.4895,3.0740,-3.7143,0.00056,0.00677,0.00481,0.03075,0.4636
29.5333,JELLY_C,0.1107,3.1908,1.00,J_PULSE_CRUISE,8.53,0.0274,0.176,0.5403,3.7153,-3.8090,0.00036,0.00242,0.00298,0.02767,0.1609
29.5667,JELLY_A,0.6531,-0.2983,1.00,J_PULSE_CRUISE,13.93,0.0038,0.134,1.1126,2.2459,-3.3938,0.00234,0.00324,0.00754,0.02723,0.1458
29.5667,JELLY_B,0.5472,-0.9593,1.00,J_PULSE_CRUISE,29.10,0.0437,0.444,1.4896,3.0743,-3.7141,0.00059,0.00686,0.00487,0.03065,0.4259
29.5667,JELLY_C,0.1244,3.0017,1.00,J_PULSE_CRUISE,8.58,0.0335,0.176,0.5403,3.7154,-3.8089,0.00037,0.00267,0.00300,0.02765,0.2234
29.6000,JELLY_A,0.6640,-0.2303,1.00,J_PULSE_CRUISE,13.92,0.0043,0.134,1.1127,2.2460,-3.3935,0.00235,0.00338,0.00756,0.02764,0.1236
29.6000,JELLY_B,0.5596,-0.9040,1.00,J_PULSE_CRUISE,29.19,0.0413,0.444,1.4896,3.0745,-3.7140,0.00061,0.00697,0.00494,0.03062,0.3886
29.6000,JELLY_C,0.1381,2.6733,1.00,J_PULSE_CRUISE,8.65,0.0387,0.176,0.5404,3.7155,-3.8088,0.00038,0.00285,0.00302,0.02763,0.2952
29.6333,JELLY_A,0.6749,-0.1613,1.00,J_PULSE_CRUISE,13.91,0.0047,0.134,1.1127,2.2461,-3.3933,0.00236,0.00351,0.00759,0.02808,0.1033
29.6333,JELLY_B,0.5720,-0.8432,1.00,J_PULSE_CRUISE,29.26,0.0389,0.444,1.4896,3.0747,-3.7138,0.00064,0.00708,0.00502,0.03065,0.3521
29.6333,JELLY_C,0.1519,2.2206,1.00,J_PULSE_CRUISE,8.72,0.0428,0.176,0.5404,3.7156,-3.8087,0.00039,0.00296,0.00303,0.02762,0.3742
29.6667,JELLY_A,0.6858,-0.0916,1.00,J_PULSE_CRUISE,13.90,0.0051,0.134,1.1128,2.2462,-3.3930,0.00236,0.00365,0.00761,0.02852,0.0847
29.6667,JELLY_B,0.5844,-0.7773,1.00,J_PULSE_CRUISE,29.33,0.0367,0.444,1.4896,3.0750,-3.7136,0.00066,0.00721,0.00510,0.03073,0.3166
29.6667,JELLY_C,0.1656,1.6648,1.00,J_PULSE_CRUISE,8.80,0.0455,0.176,0.5404,3.7157,-3.8086,0.00040,0.00299,0.00303,0.02760,0.4576
29.7000,JELLY_A,0.6967,-0.0214,1.00,J_PULSE_CRUISE,13.89,0.0055,0.134,1.1129,2.2464,-3.3928,0.00237,0.00378,0.00763,0.02898,0.0682
29.7000,JELLY_B,0.5968,-0.7067,1.00,J_PULSE_CRUISE,29.40,0.0344,0.444,1.4897,3.0752,-3.7135,0.00069,0.00733,0.00518,0.03084,0.2822
29.7000,JELLY_C,0.1794,1.0314,1.00,J_PULSE_CRUISE,8.89,0.0468,0.176,0.5404,3.7158,-3.8085,0.00040,0.00296,0.00301,0.02759,0.5423
29.7333,JELLY_A,0.7076,0.0000,1.00,J_GLIDE,13.88,0.0059,0.134,1.1130,2.2465,-3.3925,0.00238,0.00391,0.00766,0.02944,0.0536
29.7333,JELLY_B,0.6093,-0.6317,1.00,J_PULSE_CRUISE,29.47,0.0323,0.444,1.4897,3.0755,-3.7133,0.00072,0.00746,0.00527,0.03098,0.2491
29.7333,JELLY_C,0.1931,0.3498,1.00,J_PULSE_CRUISE,8.98,0.0465,0.176,0.5404,3.7159,-3.8084,0.00040,0.00288,0.00299,0.02757,0.6248
29.7667,JELLY_A,0.7185,0.0000,1.00,J_GLIDE,13.87,0.0062,0.134,1.1131,2.2466,-3.3922,0.00239,0.00403,0.00768,0.02991,0.0410
29.7667,JELLY_B,0.6217,-0.5530,1.00,J_PULSE_CRUISE,29.53,0.0302,0.444,1.4897,3.0757,-3.7131,0.00074,0.00758,0.00535,0.03116,0.2176
29.7667,JELLY_C,0.2069,-0.0558,1.00,J_PULSE_CRUISE,9.06,0.0449,0.176,0.5404,3.7160,-3.8083,0.00039,0.00279,0.00297,0.02756,0.7016
29.8000,JELLY_A,0.7294,0.0000,1.00,J_GLIDE,13.86,0.0066,0.134,1.1131,2.2468,-3.3920,0.00240,0.00415,0.00769,0.03038,0.0304
29.8000,JELLY_B,0.6341,-0.4709,1.00,J_PULSE_CRUISE,29.58,0.0282,0.444,1.4897,3.0760,-3.7129,0.00077,0.00771,0.00543,0.03136,0.1879
29.8000,JELLY_C,0.2206,-0.1673,1.00,J_PULSE_CRUISE,9.14,0.0432,0.176,0.5404,3.7161,-3.8082,0.00039,0.00270,0.00295,0.02754,0.7701
29.8333,JELLY_A,0.7403,0.0000,1.00,J_GLIDE,13.84,0.0070,0.134,1.1132,2.2469,-3.3917,0.00240,0.00427,0.00771,0.03086,0.0217
29.8333,JELLY_B,0.6465,-0.3859,1.00,J_PULSE_CRUISE,29.63,0.0262,0.444,1.4898,3.0762,-3.7128,0.00080,0.00783,0.00551,0.03158,0.1600
29.8333,JELLY_C,0.2344,-0.2776,1.00,J_PULSE_CRUISE,9.22,0.0415,0.176,0.5405,3.7162,-3.8081,0.00039,0.00261,0.00293,0.02752,0.8285
29.8667,JELLY_A,0.7511,0.0000,1.00,J_GLIDE,13.83,0.0073,0.134,1.1133,2.2470,-3.3915,0.00241,0.00438,0.00773,0.03133,0.0146
29.8667,JELLY_B,0.6589,-0.2986,1.00,J_PULSE_CRUISE,29.68,0.0243,0.444,1.4898,3.0765,-3.7126,0.00082,0.00795,0.00558,0.03184,0.1342
29.8667,JELLY_C,0.2481,-0.3859,1.00,J_PULSE_CRUISE,9.30,0.0399,0.176,0.5405,3.7162,-3.8080,0.00039,0.00252,0.00291,0.02751,0.8760
29.9000,JELLY_A,0.7620,0.0000,1.00,J_GLIDE,13.82,0.0076,0.134,1.1134,2.2472,-3.3912,0.00241,0.00448,0.00774,0.03181,0.0089
29.9000,JELLY_B,0.6713,-0.2096,1.00,J_PULSE_CRUISE,29.73,0.0224,0.444,1.4898,3.0768,-3.7124,0.00085,0.00806,0.00566,0.03211,0.1107
29.9000,JELLY_C,0.2619,-0.4913,1.00,J_PULSE_CRUISE,9.37,0.0384,0.176,0.5405,3.7163,-3.8079,0.00039,0.00243,0.00289,0.02750,0.9128
29.9333,JELLY_A,0.7729,0.0000,1.00,J_GLIDE,13.80,0.0080,0.134,1.1135,2.2473,-3.3910,0.00242,0.00458,0.00775,0.03228,0.0046
29.9333,JELLY_B,0.6837,-0.1192,1.00,J_PULSE_CRUISE,29.77,0.0206,0.444,1.4898,3.0770,-3.7122,0.00088,0.00818,0.00574,0.03240,0.0895
29.9333,JELLY_C,0.2756,-0.5931,1.00,J_PULSE_CRUISE,9.44,0.0369,0.176,0.5405,3.7164,-3.8078,0.00039,0.00234,0.00287,0.02749,0.9392
29.9667,JELLY_A,0.7838,0.0000,1.00,J_GLIDE,13.79,0.0083,0.134,1.1135,2.2475,-3.3907,0.00242,0.00467,0.00776,0.03274,0.0013
29.9667,JELLY_B,0.6962,-0.0282,1.00,J_PULSE_CRUISE,29.81,0.0189,0.444,1.4899,3.0773,-3.7120,0.00090,0.00829,0.00581,0.03272,0.0708
29.9667,JELLY_C,0.2894,-0.6905,1.00,J_PULSE_CRUISE,9.51,0.0354,0.176,0.5405,3.7165,-3.8077,0.00038,0.00225,0.00285,0.02748,0.9560
30.0000,JELLY_A,0.7947,0.0000,1.00,J_GLIDE,13.77,0.0086,0.134,1.1136,2.2476,-3.3904,0.00242,0.00476,0.00777,0.03319,-0.0011
30.0000,JELLY_B,0.7086,0.0000,1.00,J_GLIDE,29.84,0.0172,0.444,1.4899,3.0776,-3.7118,0.00093,0.00840,0.00588,0.03305,0.0545
30.0000,JELLY_C,0.3031,-0.7828,1.00,J_PULSE_CRUISE,9.57,0.0340,0.176,0.5405,3.7166,-3.8076,0.00038,0.00216,0.00283,0.02748,0.9642
30.0333,JELLY_A,0.8056,0.0000,1.00,J_GLIDE,13.75,0.0089,0.134,1.1137,2.2478,-3.3902,0.00243,0.00484,0.00778,0.03364,-0.0027
30.0333,JELLY_B,0.7210,0.0000,1.00,J_GLIDE,29.87,0.0155,0.444,1.4899,3.0779,-3.7116,0.00095,0.00850,0.00595,0.03339,0.0407
30.0333,JELLY_C,0.3169,-0.8692,1.00,J_PULSE_CRUISE,9.64,0.0326,0.176,0.5405,3.7166,-3.8075,0.00038,0.00207,0.00281,0.02747,0.9646
30.0667,JELLY_A,0.8165,0.0000,1.00,J_GLIDE,13.74,0.0092,0.134,1.1138,2.2480,-3.3899,0.00243,0.00492,0.00778,0.03407,-0.0037
30.0667,JELLY_B,0.7334,0.0000,1.00,J_GLIDE,29.90,0.0139,0.444,1.4900,3.0782,-3.7114,0.00098,0.00859,0.00601,0.03375,0.0293
30.0667,JELLY_C,0.3307,-0.9492,1.00,J_PULSE_CRUISE,9.70,0.0313,0.176,0.5405,3.7167,-3.8074,0.00038,0.00199,0.00279,0.02747,0.9582
30.1000,JELLY_A,0.8273,0.0000,1.00,J_GLIDE,13.72,0.0094,0.134,1.1139,2.2481,-3.3897,0.00243,0.00499,0.00779,0.03449,-0.0043
30.1000,JELLY_B,0.7458,0.0000,1.00,J_GLIDE,29.93,0.0124,0.444,1.4900,3.0784,-3.7112,0.00100,0.00868,0.00607,0.03412,0.0200
30.1000,JELLY_C,0.3444,-1.0222,1.00,J_PULSE_CRUISE,9.75,0.0300,0.176,0.5406,3.7168,-3.8073,0.00038,0.00190,0.00277,0.02746,0.9458
30.1333,JELLY_A,0.8382,0.0000,1.00,J_GLIDE,13.70,0.0097,0.134,1.1139,2.2483,-3.3894,0.00243,0.00507,0.00779,0.03489,-0.0045
30.1333,JELLY_B,0.7582,0.0000,1.00,J_GLIDE,29.95,0.0109,0.444,1.4900,3.0787,-3.7110,0.00102,0.00875,0.00612,0.03450,0.0127
30.1333,JELLY_C,0.3582,-1.0875,1.00,J_PULSE_CRUISE,9.81,0.0287,0.176,0.5406,3.7168,-3.8072,0.00038,0.00182,0.00275,0.02745,0.9282
30.1667,JELLY_A,0.8491,0.0000,1.00,J_GLIDE,13.68,0.0100,0.134,1.1140,2.2485,-3.3891,0.00243,0.00513,0.00779,0.03527,-0.0045
30.1667,JELLY_B,0.7706,0.0000,1.00,J_GLIDE,29.97,0.0094,0.444,1.4901,3.0790,-3.7108,0.00104,0.00883,0.00617,0.03488,0.0072
30.1667,JELLY_C,0.3720,-1.1447,1.00,J_PULSE_CRUISE,9.86,0.0275,0.176,0.5406,3.7169,-3.8071,0.00038,0.00173,0.00273,0.02743,0.9061
30.2000,JELLY_A,0.8600,0.0000,1.00,J_GLIDE,13.66,0.0102,0.134,1.1141,2.2486,-3.3889,0.00243,0.00519,0.00779,0.03564,-0.0043
30.2000,JELLY_B,0.7830,0.0000,1.00,J_GLIDE,29.98,0.0080,0.444,1.4901,3.0793,-3.7106,0.00106,0.00889,0.00622,0.03527,0.0030
30.2000,JELLY_C,0.3857,-1.1933,1.00,J_PULSE_CRUISE,9.91,0.0263,0.176,0.5406,3.7169,-3.8070,0.00038,0.00164,0.00271,0.02734,0.8800
30.2333,JELLY_A,0.8708,0.0000,1.00,J_GLIDE,13.64,0.0104,0.134,1.1142,2.2488,-3.3886,0.00243,0.00525,0.00779,0.03598,-0.0040
30.2333,JELLY_B,0.7954,0.0000,1.00,J_GLIDE,30.00,0.0067,0.444,1.4901,3.0796,-3.7104,0.00108,0.00895,0.00626,0.03565,0.0001
30.2333,JELLY_C,0.3995,-1.2331,1.00,J_PULSE_CRUISE,9.96,0.0251,0.176,0.5406,3.7170,-3.8069,0.00037,0.00156,0.00269,0.02715,0.8506
30.2667,JELLY_A,0.8817,0.0000,1.00,J_GLIDE,13.62,0.0107,0.134,1.1143,2.2490,-3.3884,0.00243,0.00531,0.00779,0.03630,-0.0036
30.2667,JELLY_B,0.8078,0.0000,1.00,J_GLIDE,30.01,0.0054,0.444,1.4902,3.0799,-3.7102,0.00109,0.00900,0.00629,0.03604,-0.0019
30.2667,JELLY_C,0.4133,-1.2636,1.00,J_PULSE_CRUISE,10.00,0.0240,0.176,0.5406,3.7170,-3.8068,0.00037,0.00148,0.00268,0.02683,0.8183
30.3000,JELLY_A,0.8926,0.0000,1.00,J_GLIDE,13.60,0.0109,0.134,1.1143,2.2492,-3.3881,0.00243,0.00536,0.00779,0.03660,-0.0031
30.3000,JELLY_B,0.8202,0.0000,1.00,J_GLIDE,30.02,0.0042,0.444,1.4902,3.0802,-3.7100,0.00111,0.00905,0.00633,0.03643,-0.0031
30.3000,JELLY_C,0.4270,-1.2846,1.00,J_PULSE_CRUISE,10.05,0.0229,0.176,0.5406,3.7171,-3.8068,0.00037,0.00142,0.00266,0.02638,0.7835
30.3333,JELLY_A,0.9035,0.0000,1.00,J_GLIDE,13.58,0.0111,0.134,1.1144,2.2494,-3.3878,0.00243,0.00540,0.00779,0.03688,-0.0027
30.3333,JELLY_B,0.8326,0.0000,1.00,J_GLIDE,30.02,0.0030,0.444,1.4902,3.0805,-3.7098,0.00113,0.00909,0.00636,0.03680,-0.0038
30.3333,JELLY_C,0.4408,-1.2961,1.00,J_PULSE_CRUISE,10.09,0.0218,0.176,0.5406,3.7171,-3.8067,0.00038,0.00137,0.00265,0.02583,0.7466
30.3667,JELLY_A,0.9143,0.0000,1.00,J_GLIDE,13.56,0.0113,0.134,1.1145,2.2495,-3.3876,0.00243,0.00545,0.00778,0.03713,-0.0023
30.3667,JELLY_B,0.8450,0.0000,1.00,J_GLIDE,30.03,0.0021,0.444,1.4903,3.0808,-3.7095,0.00114,0.00912,0.00639,0.03717,-0.0040
30.3667,JELLY_C,0.4546,-1.2979,1.00,J_PULSE_CRUISE,10.13,0.0208,0.176,0.5407,3.7172,-3.8066,0.00038,0.00135,0.00264,0.02518,0.7079
30.4000,JELLY_A,0.9252,0.0000,1.00,J_GLIDE,13.54,0.0115,0.134,1.1146,2.2497,-3.3873,0.00242,0.00549,0.00778,0.03736,-0.0019
30.4000,JELLY_B,0.8574,0.0000,1.00,J_GLIDE,30.03,0.0016,0.444,1.4903,3.0811,-3.7093,0.00115,0.00915,0.00641,0.03753,-0.0039
30.4000,JELLY_C,0.4684,-1.2899,1.00,J_PULSE_CRUISE,10.16,0.0198,0.176,0.5407,3.7172,-3.8065,0.00038,0.00136,0.00264,0.02447,0.6679
30.4333,JELLY_A,0.9361,0.0000,1.00,J_GLIDE,13.52,0.0117,0.134,1.1147,2.2499,-3.3871,0.00242,0.00553,0.00777,0.03755,-0.0015
30.4333,JELLY_B,0.8698,0.0000,1.00,J_GLIDE,30.03,0.0019,0.444,1.4904,3.0814,-3.7091,0.00117,0.00918,0.00643,0.03788,-0.0037
30.4333,JELLY_C,0.4821,-1.2722,1.00,J_PULSE_CRUISE,10.20,0.0188,0.176,0.5407,3.7173,-3.8064,0.00039,0.00140,0.00264,0.02374,0.6267
30.4667,JELLY_A,0.9469,0.0000,1.00,J_GLIDE,13.49,0.0119,0.134,1.1148,2.2501,-3.3868,0.00242,0.00556,0.00776,0.03772,-0.0012
30.4667,JELLY_B,0.8822,0.0000,1.00,J_GLIDE,30.03,0.0027,0.444,1.4904,3.0817,-3.7089,0.00118,0.00920,0.00645,0.03822,-0.0033
30.4667,JELLY_C,0.4959,-1.2451,1.00,J_PULSE_CRUISE,10.23,0.0178,0.176,0.5407,3.7173,-3.8063,0.00040,0.00147,0.00264,0.02301,0.5848
30.5000,JELLY_A,0.9578,0.0000,1.00,J_GLIDE,13.47,0.0121,0.134,1.1148,2.2503,-3.3865,0.00241,0.00559,0.00775,0.03786,-0.0009
30.5000,JELLY_B,0.8946,0.0000,1.00,J_GLIDE,30.02,0.0036,0.444,1.4904,3.0821,-3.7087,0.00119,0.00921,0.00647,0.03854,-0.0029
30.5000,JELLY_C,0.5097,-1.2086,1.00,J_PULSE_CRUISE,10.27,0.0169,0.176,0.5407,3.7174,-3.8062,0.00041,0.00157,0.00266,0.02233,0.5424
30.5333,JELLY_A,0.9687,0.0000,1.00,J_GLIDE,13.45,0.0123,0.134,1.1149,2.2505,-3.3863,0.00241,0.00562,0.00775,0.03797,-0.0007
30.5333,JELLY_B,0.9070,0.0000,1.00,J_GLIDE,30.01,0.0046,0.444,1.4905,3.0824,-3.7085,0.00120,0.00922,0.00648,0.03884,-0.0025
30.5333,JELLY_C,0.5235,-1.1630,1.00,J_PULSE_CRUISE,10.30,0.0160,0.176,0.5407,3.7174,-3.8061,0.00042,0.00170,0.00267,0.02172,0.4997
30.5667,JELLY_A,0.9795,0.0000,1.00,J_GLIDE,13.42,0.0125,0.134,1.1150,2.2506,-3.3860,0.00240,0.00564,0.00774,0.03805,-0.0005
30.5667,JELLY_B,0.9194,0.0000,1.00,J_GLIDE,30.01,0.0056,0.444,1.4905,3.0827,-3.7083,0.00121,0.00923,0.00649,0.03912,-0.0020
30.5667,JELLY_C,0.5373,-1.1087,1.00,J_PULSE_CRUISE,10.32,0.0151,0.176,0.5407,3.7175,-3.8061,0.00044,0.00186,0.00270,0.02122,0.4572
30.6000,JELLY_A,0.9904,0.0000,1.00,J_GLIDE,13.40,0.0126,0.134,1.1151,2.2508,-3.3858,0.00240,0.00567,0.00772,0.03810,-0.0003
30.6000,JELLY_B,0.9318,0.0000,1.00,J_GLIDE,29.99,0.0065,0.444,1.4906,3.0830,-3.7080,0.00122,0.00923,0.00650,0.03938,-0.0016
30.6000,JELLY_C,0.5511,-1.0460,1.00,J_PULSE_CRUISE,10.35,0.0143,0.176,0.5408,3.7175,-3.8060,0.00046,0.00204,0.00272,0.02085,0.4151
30.6333,JELLY_A,0.0013,0.0503,1.00,J_PULSE_CRUISE,13.38,0.0128,0.121,1.1152,2.2510,-3.3855,0.00239,0.00566,0.00771,0.03813,-0.0002
30.6333,JELLY_B,0.9441,0.0000,1.00,J_GLIDE,29.98,0.0075,0.444,1.4906,3.0833,-3.7078,0.00123,0.00923,0.00650,0.03961,-0.0013
30.6333,JELLY_C,0.5648,-0.9755,1.00,J_PULSE_CRUISE,10.38,0.0135,0.176,0.5408,3.7176,-3.8059,0.00047,0.00225,0.00275,0.02062,0.3738
30.6667,JELLY_A,0.0121,0.4837,1.00,J_PULSE_CRUISE,13.35,0.0123,0.121,1.1152,2.2512,-3.3853,0.00238,0.00558,0.00768,0.03814,0.0001
30.6667,JELLY_B,0.9565,0.0000,1.00,J_GLIDE,29.97,0.0084,0.444,1.4906,3.0836,-3.7076,0.00124,0.00922,0.00650,0.03983,-0.0010
30.6667,JELLY_C,0.5786,-0.8977,1.00,J_PULSE_CRUISE,10.40,0.0127,0.176,0.5408,3.7177,-3.8058,0.00049,0.00247,0.00278,0.02054,0.3334
30.7000,JELLY_A,0.0230,0.9028,1.00,J_PULSE_CRUISE,13.33,0.0109,0.121,1.1153,2.2514,-3.3850,0.00236,0.00552,0.00765,0.03814,0.0010
30.7000,JELLY_B,0.9689,0.0000,1.00,J_GLIDE,29.95,0.0093,0.444,1.4907,3.0839,-3.7074,0.00125,0.00922,0.00650,0.04002,-0.0007
30.7000,JELLY_C,0.5924,-0.8131,1.00,J_PULSE_CRUISE,10.42,0.0119,0.176,0.5408,3.7178,-3.8057,0.00051,0.00271,0.00281,0.02053,0.2943
30.7333,JELLY_A,0.0338,1.2956,1.00,J_PULSE_CRUISE,13.31,0.0088,0.121,1.1154,2.2516,-3.3848,0.00235,0.00548,0.00762,0.03813,0.0035
30.7333,JELLY_B,0.9813,0.0000,1.00,J_GLIDE,29.93,0.0101,0.444,1.4907,3.0842,-3.7072,0.00125,0.00920,0.00650,0.04018,-0.0005
30.7333,JELLY_C,0.6062,-0.7223,1.00,J_PULSE_CRUISE,10.44,0.0112,0.176,0.5408,3.7179,-3.8056,0.00053,0.00294,0.00285,0.02058,0.2568
30.7667,JELLY_A,0.0447,1.6507,1.00,J_PULSE_CRUISE,13.29,0.0060,0.121,1.1155,2.2518,-3.3845,0.00235,0.00548,0.00761,0.03811,0.0086
30.7667,JELLY_B,0.9937,0.0000,1.00,J_GLIDE,29.91,0.0110,0.444,1.4908,3.0845,-3.7070,0.00126,0.00919,0.00650,0.04031,-0.0001
30.7667,JELLY_C,0.6200,-0.6262,1.00,J_PULSE_CRUISE,10.46,0.0104,0.176,0.5408,3.7180,-3.8055,0.00055,0.00317,0.00288,0.02067,0.2212
30.8000,JELLY_A,0.0555,1.9577,1.00,J_PULSE_CRUISE,13.29,0.0028,0.121,1.1155,2.2519,-3.3842,0.00234,0.00552,0.00760,0.03809,0.0176
30.8000,JELLY_B,0.0061,0.2768,1.00,J_PULSE_CRUISE,29.89,0.0120,0.115,1.4908,3.0848,-3.7067,0.00126,0.00911,0.00646,0.04041,0.0006
30.8000,JELLY_C,0.6338,-0.5253,1.00,J_PULSE_CRUISE,10.48,0.0097,0.176,0.5409,3.7181,-3.8054,0.00057,0.00341,0.00291,0.02079,0.1876
30.8333,JELLY_A,0.0664,2.2079,1.00,J_PULSE_CRUISE,13.28,0.0017,0.121,1.1156,2.2521,-3.3840,0.00234,0.00559,0.00760,0.03807,0.0315
30.8333,JELLY_B,0.0184,0.8325,1.00,J_PULSE_CRUISE,29.87,0.0138,0.115,1.4908,3.0851,-3.7065,0.00125,0.00899,0.00640,0.04049,0.0016
30.8333,JELLY_C,0.6476,-0.4205,1.00,J_PULSE_CRUISE,10.50,0.0091,0.176,0.5409,3.7182,-3.8053,0.00060,0.00364,0.00294,0.02094,0.1564
30.8667,JELLY_A,0.0772,2.3940,1.00,J_PULSE_CRUISE,13.29,0.0055,0.121,1.1157,2.2523,-3.3837,0.00235,0.00569,0.00761,0.03804,0.0514
30.8667,JELLY_B,0.0308,1.3565,1.00,J_PULSE_CRUISE,29.84,0.0164,0.115,1.4909,3.0854,-3.7063,0.00124,0.00890,0.00635,0.04053,0.0039
30.8667,JELLY_C,0.6614,-0.3125,1.00,J_PULSE_CRUISE,10.51,0.0084,0.176,0.5409,3.7183,-3.8052,0.00062,0.00387,0.00297,0.02112,0.1278
30.9000,JELLY_A,0.0881,2.5107,1.00,J_PULSE_CRUISE,13.30,0.0098,0.121,1.1158,2.2525,-3.3835,0.00235,0.00582,0.00762,0.03802,0.0779
30.9000,JELLY_B,0.0432,1.8293,1.00,J_PULSE_CRUISE,29.81,0.0198,0.115,1.4909,3.0857,-3.7061,0.00124,0.00885,0.00633,0.04055,0.0092
30.9000,JELLY_C,0.6752,-0.2021,1.00,J_PULSE_CRUISE,10.53,0.0078,0.176,0.5409,3.7185,-3.8051,0.00064,0.00409,0.00300,0.02131,0.1019
30.9333,JELLY_A,0.0989,2.5547,1.00,J_PULSE_CRUISE,13.32,0.0141,0.121,1.1159,2.2527,-3.3832,0.00236,0.00595,0.00763,0.03801,0.1115
30.9333,JELLY_B,0.0556,2.2331,1.00,J_PULSE_CRUISE,29.77,0.0238,0.115,1.4910,3.0860,-3.7059,0.00125,0.00886,0.00634,0.04056,0.0193
30.9333,JELLY_C,0.6890,-0.0901,1.00,J_PULSE_CRUISE,10.54,0.0072,0.176,0.5409,3.7186,-3.8050,0.00066,0.00432,0.00303,0.02152,0.0791
30.9667,JELLY_A,0.1098,2.5247,1.00,J_PULSE_CRUISE,13.35,0.0183,0.121,1.1159,2.2529,-3.3830,0.00237,0.00609,0.00764,0.03799,0.1521
30.9667,JELLY_B,0.0679,2.5526,1.00,J_PULSE_CRUISE,29.72,0.0283,0.115,1.4910,3.0863,-3.7057,0.00127,0.00891,0.00637,0.04056,0.0359
30.9667,JELLY_C,0.7028,0.0000,1.00,J_GLIDE,10.55,0.0066,0.176,0.5410,3.7188,-3.8049,0.00068,0.00454,0.00305,0.02176,0.0594
31.0000,JELLY_A,0.1206,2.4217,1.00,J_PULSE_CRUISE,13.39,0.0222,0.121,1.1160,2.2531,-3.3827,0.00237,0.00621,0.00765,0.03798,0.1995
31.0000,JELLY_B,0.0803,2.7759,1.00,J_PULSE_CRUISE,29.66,0.0331,0.115,1.4911,3.0866,-3.7055,0.00129,0.00900,0.00642,0.04056,0.0603
31.0000,JELLY_C,0.7165,0.0000,1.00,J_GLIDE,10.56,0.0060,0.176,0.5410,3.7189,-3.8048,0.00069,0.00476,0.00308,0.02201,0.0429
31.0333,JELLY_A,0.1314,2.2487,1.00,J_PULSE_CRUISE,13.43,0.0257,0.121,1.1161,2.2533,-3.3825,0.00237,0.00631,0.00765,0.03797,0.2531
31.0333,JELLY_B,0.0927,2.8947,1.00,J_PULSE_CRUISE,29.60,0.0380,0.115,1.4911,3.0869,-3.7052,0.00132,0.00912,0.00649,0.04056,0.0935
31.0333,JELLY_C,0.7303,0.0000,1.00,J_GLIDE,10.57,0.0055,0.176,0.5410,3.7191,-3.8047,0.00071,0.00496,0.00310,0.02227,0.0296
31.0667,JELLY_A,0.1423,2.0108,1.00,J_PULSE_CRUISE,13.49,0.0287,0.121,1.1162,2.2535,-3.3822,0.00237,0.00637,0.00765,0.03795,0.3121
31.0667,JELLY_B,0.1050,2.9045,1.00,J_PULSE_CRUISE,29.52,0.0428,0.115,1.4911,3.0872,-3.7050,0.00134,0.00924,0.00656,0.04056,0.1359
31.0667,JELLY_C,0.7441,0.0000,1.00,J_GLIDE,10.58,0.0050,0.176,0.5410,3.7193,-3.8046,0.00073,0.00515,0.00312,0.02255,0.0191
31.1000,JELLY_A,0.1531,1.7148,1.00,J_PULSE_CRUISE,13.54,0.0310,0.121,1.1163,2.2537,-3.3820,0.00237,0.00639,0.00763,0.03793,0.3752
31.1000,JELLY_B,0.1174,2.8051,1.00,J_PULSE_CRUISE,29.44,0.0474,0.115,1.4912,3.0875,-3.7048,0.00137,0.00935,0.00662,0.04056,0.1874
31.1000,JELLY_C,0.7579,0.0000,1.00,J_GLIDE,10.59,0.0045,0.176,0.5411,3.7194,-3.8045,0.00075,0.00533,0.00314,0.02284,0.0111
31.1333,JELLY_A,0.1639,1.3695,1.00,J_PULSE_CRUISE,13.60,0.0326,0.121,1.1163,2.2540,-3.3817,0.00236,0.00638,0.00761,0.03791,0.4411
31.1333,JELLY_B,0.1298,2.6004,1.00,J_PULSE_CRUISE,29.35,0.0516,0.115,1.4912,3.0878,-3.7046,0.00139,0.00943,0.00667,0.04055,0.2473
31.1333,JELLY_C,0.7717,0.0000,1.00,J_GLIDE,10.60,0.0040,0.176,0.5411,3.7196,-3.8044,0.00076,0.00550,0.00315,0.02315,0.0053
31.1667,JELLY_A,0.1748,0.9848,1.00,J_PULSE_CRUISE,13.66,0.0334,0.121,1.1164,2.2542,-3.3814,0.00235,0.00634,0.00758,0.03789,0.5082
31.1667,JELLY_B,0.1421,2.2979,1.00,J_PULSE_CRUISE,29.25,0.0552,0.115,1.4913,3.0881,-3.7044,0.00140,0.00947,0.00669,0.04055,0.3142
31.1667,JELLY_C,0.7855,0.0000,1.00,J_GLIDE,10.60,0.0036,0.176,0.5411,3.7198,-3.8043,0.00078,0.00566,0.00316,0.02346,0.0012
31.2000,JELLY_A,0.1856,0.5718,1.00,J_PULSE_CRUISE,13.73,0.0333,0.121,1.1165,2.2544,-3.3812,0.00233,0.00627,0.00755,0.03787,0.5748
31.2000,JELLY_B,0.1545,1.9093,1.00,J_PULSE_CRUISE,29.15,0.0581,0.115,1.4913,3.0885,-3.7041,0.00141,0.00946,0.00668,0.04055,0.3865
31.2000,JELLY_C,0.7993,0.0000,1.00,J_GLIDE,10.61,0.0032,0.176,0.5411,3.7200,-3.8042,0.00079,0.00581,0.00317,0.02377,-0.0015
31.2333,JELLY_A,0.1964,0.1425,1.00,J_PULSE_CRUISE,13.79,0.0324,0.121,1.1166,2.2546,-3.3809,0.00232,0.00618,0.00752,0.03785,0.6393
31.2333,JELLY_B,0.1668,1.4491,1.00,J_PULSE_CRUISE,29.04,0.0602,0.115,1.4914,3.0888,-3.7039,0.00141,0.00940,0.00665,0.04055,0.4621
31.2333,JELLY_C,0.8131,0.0000,1.00,J_GLIDE,10.61,0.0029,0.176,0.5412,3.7202,-3.8041,0.00081,0.00595,0.00318,0.02409,-0.0031
31.2667,JELLY_A,0.2073,-0.0466,1.00,J_PULSE_CRUISE,13.85,0.0309,0.121,1.1166,2.2548,-3.3807,0.00230,0.00609,0.00748,0.03784,0.6998
31.2667,JELLY_B,0.1792,0.9346,1.00,J_PULSE_CRUISE,28.92,0.0614,0.115,1.4914,3.0891,-3.7037,0.00140,0.00930,0.00660,0.04055,0.5386
31.2667,JELLY_C,0.8269,0.0000,1.00,J_GLIDE,10.61,0.0026,0.176,0.5412,3.7204,-3.8040,0.00082,0.00608,0.00319,0.02441,-0.0039
31.3000,JELLY_A,0.2181,-0.1157,1.00,J_PULSE_CRUISE,13.91,0.0294,0.121,1.1167,2.2550,-3.3804,0.00228,0.00601,0.00744,0.03782,0.7551
31.3000,JELLY_B,0.1915,0.3854,1.00,J_PULSE_CRUISE,28.81,0.0617,0.115,1.4915,3.0894,-3.7035,0.00139,0.00918,0.00653,0.04055,0.6134
31.3000,JELLY_C,0.8407,0.0000,1.00,J_GLIDE,10.61,0.0024,0.176,0.5412,3.7206,-3.8039,0.00084,0.00620,0.00319,0.02472,-0.0042
31.3333,JELLY_A,0.2289,-0.1843,1.00,J_PULSE_CRUISE,13.96,0.0280,0.121,1.1168,2.2552,-3.3802,0.00227,0.00592,0.00741,0.03780,0.8043
31.3333,JELLY_B,0.2039,-0.0285,1.00,J_PULSE_CRUISE,28.70,0.0611,0.115,1.4915,3.0897,-3.7033,0.00138,0.00904,0.00646,0.04054,0.6841
31.3333,JELLY_C,0.8545,0.0000,1.00,J_GLIDE,10.61,0.0022,0.176,0.5412,3.7208,-3.8037,0.00085,0.00631,0.00320,0.02504,-0.0041
31.3667,JELLY_A,0.2397,-0.2520,1.00,J_PULSE_CRUISE,14.01,0.0266,0.121,1.1169,2.2554,-3.3800,0.00225,0.00584,0.00737,0.03779,0.8468
31.3667,JELLY_B,0.2163,-0.1186,1.00,J_PULSE_CRUISE,28.58,0.0603,0.115,1.4916,3.0900,-3.7030,0.00136,0.00891,0.00638,0.04054,0.7484
31.3667,JELLY_C,0.8683,0.0000,1.00,J_GLIDE,10.61,0.0022,0.176,0.5413,3.7210,-3.8036,0.00086,0.00642,0.00320,0.02534,-0.0038
31.4000,JELLY_A,0.2506,-0.3185,1.00,J_PULSE_CRUISE,14.06,0.0253,0.121,1.1169,2.2556,-3.3797,0.00224,0.00575,0.00734,0.03778,0.8825
31.4000,JELLY_B,0.2286,-0.2080,1.00,J_PULSE_CRUISE,28.47,0.0596,0.115,1.4916,3.0903,-3.7028,0.00135,0.00878,0.00631,0.04054,0.8048
31.4000,JELLY_C,0.8822,0.0000,1.00,J_GLIDE,10.61,0.0022,0.176,0.5413,3.7212,-3.8035,0.00087,0.00652,0.00320,0.02564,-0.0033
31.4333,JELLY_A,0.2614,-0.3835,1.00,J_PULSE_CRUISE,14.11,0.0240,0.121,1.1170,2.2558,-3.3795,0.00222,0.00567,0.00730,0.03777,0.9115
31.4333,JELLY_B,0.2409,-0.2961,1.00,J_PULSE_CRUISE,28.36,0.0589,0.115,1.4917,3.0906,-3.7026,0.00134,0.00865,0.00625,0.04054,0.8525
31.4333,JELLY_C,0.8960,0.0000,1.00,J_GLIDE,10.61,0.0023,0.176,0.5413,3.7214,-3.8034,0.00088,0.00661,0.00319,0.02593,-0.0028
31.4667,JELLY_A,0.2722,-0.4466,1.00,J_PULSE_CRUISE,14.15,0.0227,0.121,1.1171,2.2560,-3.3792,0.00220,0.00559,0.00727,0.03776,0.9340
31.4667,JELLY_B,0.2533,-0.3823,1.00,J_PULSE_CRUISE,28.25,0.0582,0.115,1.4917,3.0909,-3.7024,0.00133,0.00852,0.00618,0.04054,0.8915
31.4667,JELLY_C,0.9098,0.0000,1.00,J_GLIDE,10.61,0.0025,0.176,0.5414,3.7217,-3.8033,0.00089,0.00669,0.00319,0.02621,-0.0023
31.5000,JELLY_A,0.2830,-0.5077,1.00,J_PULSE_CRUISE,14.20,0.0215,0.121,1.1172,2.2561,-3.3790,0.00219,0.00551,0.00724,0.03775,0.9504
31.5000,JELLY_B,0.2656,-0.4662,1.00,J_PULSE_CRUISE,28.15,0.0575,0.115,1.4917,3.0912,-3.7022,0.00132,0.00840,0.00611,0.04054,0.9217
31.5000,JELLY_C,0.9236,0.0000,1.00,J_GLIDE,10.61,0.0027,0.176,0.5414,3.7219,-3.8032,0.00090,0.00676,0.00318,0.02647,-0.0018
31.5333,JELLY_A,0.2938,-0.5664,1.00,J_PULSE_CRUISE,14.24,0.0203,0.121,1.1172,2.2563,-3.3787,0.00217,0.00543,0.00720,0.03773,0.9610
31.5333,JELLY_B,0.2780,-0.5473,1.00,J_PULSE_CRUISE,28.04,0.0569,0.115,1.4918,3.0914,-3.7020,0.00131,0.00828,0.00605,0.04054,0.9437
31.5333,JELLY_C,0.9374,0.0000,1.00,J_GLIDE,10.60,0.0029,0.176,0.5414,3.7221,-3.8031,0.00091,0.00683,0.00318,0.02672,-0.0014
31.5667,JELLY_A,0.3046,-0.6225,1.00,J_PULSE_CRUISE,14.27,0.0191,0.121,1.1173,2.2565,-3.3785,0.00216,0.00535,0.00717,0.03763,0.9665
31.5667,JELLY_B,0.2903,-0.6251,1.00,J_PULSE_CRUISE,27.93,0.0563,0.115,1.4918,3.0917,-3.7018,0.00130,0.00815,0.00598,0.04054,0.9581
31.5667,JELLY_C,0.9512,0.0000,1.00,J_GLIDE,10.60,0.0032,0.176,0.5414,3.7223,-3.8030,0.00092,0.00689,0.00317,0.02695,-0.0010
31.6000,JELLY_A,0.3154,-0.6756,1.00,J_PULSE_CRUISE,14.31,0.0180,0.121,1.1174,2.2567,-3.3783,0.00214,0.00527,0.00714,0.03740,0.9671
31.6000,JELLY_B,0.3027,-0.6990,1.00,J_PULSE_CRUISE,27.83,0.0557,0.115,1.4919,3.0920,-3.7016,0.00129,0.00804,0.00592,0.04054,0.9655
31.6000,JELLY_C,0.9650,0.0000,1.00,J_GLIDE,10.59,0.0034,0.176,0.5415,3.7226,-3.8029,0.00093,0.00695,0.00316,0.02717,-0.0007
31.6333,JELLY_A,0.3262,-0.7257,1.00,J_PULSE_CRUISE,14.34,0.0169,0.121,1.1175,2.2569,-3.3780,0.00213,0.00519,0.00710,0.03701,0.9634
31.6333,JELLY_B,0.3150,-0.7687,1.00,J_PULSE_CRUISE,27.73,0.0551,0.115,1.4919,3.0922,-3.7014,0.00127,0.00792,0.00586,0.04054,0.9666
31.6333,JELLY_C,0.9788,0.0000,1.00,J_GLIDE,10.59,0.0037,0.176,0.5415,3.7228,-3.8028,0.00094,0.00699,0.00315,0.02736,-0.0005
31.6667,JELLY_A,0.3370,-0.7723,1.00,J_PULSE_CRUISE,14.37,0.0158,0.121,1.1175,2.2570,-3.3778,0.00211,0.00511,0.00707,0.03646,0.9559
31.6667,JELLY_B,0.3273,-0.8338,1.00,J_PULSE_CRUISE,27.62,0.0545,0.115,1.4920,3.0925,-3.7012,0.00126,0.00780,0.00580,0.04054,0.9620
31.6667,JELLY_C,0.9926,0.0000,1.00,J_GLIDE,10.58,0.0040,0.176,0.5415,3.7230,-3.8027,0.00094,0.00704,0.00314,0.02754,-0.0003
31.7000,JELLY_A,0.3478,-0.8154,1.00,J_PULSE_CRUISE,14.40,0.0148,0.121,1.1176,2.2572,-3.3776,0.00210,0.00503,0.00704,0.03575,0.9448
31.7000,JELLY_B,0.3397,-0.8938,1.00,J_PULSE_CRUISE,27.52,0.0539,0.115,1.4920,3.0928,-3.7010,0.00125,0.00769,0.00574,0.04051,0.9525
31.7000,JELLY_C,0.0064,0.3260,1.00,J_PULSE_CRUISE,10.57,0.0041,0.135,0.5416,3.7233,-3.8026,0.00095,0.00699,0.00311,0.02769,-0.0001
31.7333,JELLY_A,0.3586,-0.8546,1.00,J_PULSE_CRUISE,14.43,0.0138,0.121,1.1177,2.2574,-3.3773,0.00208,0.00496,0.00701,0.03491,0.9305
31.7333,JELLY_B,0.3520,-0.9485,1.00,J_PULSE_CRUISE,27.42,0.0533,0.115,1.4920,3.0930,-3.7008,0.00125,0.00758,0.00568,0.04038,0.9385
31.7333,JELLY_C,0.0202,1.0147,1.00,J_PULSE_CRUISE,10.57,0.0032,0.135,0.5416,3.7235,-3.8025,0.00094,0.00689,0.00307,0.02781,0.0008
31.7667,JELLY_A,0.3694,-0.8900,1.00,J_PULSE_CRUISE,14.45,0.0128,0.121,1.1177,2.2575,-3.3771,0.00207,0.00488,0.00698,0.03395,0.9135
31.7667,JELLY_B,0.3643,-0.9974,1.00,J_PULSE_CRUISE,27.32,0.0528,0.115,1.4921,3.0933,-3.7007,0.00124,0.00747,0.00562,0.04011,0.9207
31.7667,JELLY_C,0.0340,1.6558,1.00,J_PULSE_CRUISE,10.56,0.0022,0.135,0.5416,3.7237,-3.8024,0.00094,0.00683,0.00305,0.02789,0.0039
31.8000,JELLY_A,0.3802,-0.9212,1.00,J_PULSE_CRUISE,14.48,0.0119,0.121,1.1178,2.2577,-3.3769,0.00205,0.00481,0.00695,0.03291,0.8940
31.8000,JELLY_B,0.3766,-1.0403,1.00,J_PULSE_CRUISE,27.22,0.0523,0.115,1.4921,3.0935,-3.7005,0.00123,0.00736,0.00557,0.03969,0.8995
31.8000,JELLY_C,0.0478,2.2194,1.00,J_PULSE_CRUISE,10.56,0.0037,0.135,0.5417,3.7240,-3.8023,0.00095,0.00685,0.00303,0.02794,0.0116
31.8333,JELLY_A,0.3910,-0.9481,1.00,J_PULSE_CRUISE,14.50,0.0110,0.121,1.1179,2.2578,-3.3766,0.00204,0.00473,0.00692,0.03181,0.8723
31.8333,JELLY_B,0.3890,-1.0770,1.00,J_PULSE_CRUISE,27.13,0.0517,0.115,1.4922,3.0937,-3.7003,0.00122,0.00725,0.00551,0.03913,0.8753
31.8333,JELLY_C,0.0616,2.6790,1.00,J_PULSE_CRUISE,10.57,0.0073,0.135,0.5417,3.7242,-3.8022,0.00096,0.00694,0.00303,0.02796,0.0261
31.8667,JELLY_A,0.4018,-0.9707,1.00,J_PULSE_CRUISE,14.52,0.0101,0.121,1.1179,2.2580,-3.3764,0.00202,0.00466,0.00689,0.03068,0.8485
31.8667,JELLY_B,0.4013,-1.1072,1.00,J_PULSE_CRUISE,27.03,0.0512,0.115,1.4922,3.0940,-3.7001,0.00121,0.00714,0.00546,0.03844,0.8484
31.8667,JELLY_C,0.0754,3.0132,1.00,J_PULSE_CRUISE,10.59,0.0117,0.135,0.5417,3.7244,-3.8021,0.00097,0.00710,0.00304,0.02796,0.0498
31.9000,JELLY_A,0.4126,-0.9888,1.00,J_PULSE_CRUISE,14.54,0.0092,0.121,1.1180,2.2582,-3.3762,0.00201,0.00459,0.00686,0.02955,0.8231
31.9000,JELLY_B,0.4136,-1.1308,1.00,J_PULSE_CRUISE,26.93,0.0508,0.115,1.4922,3.0942,-3.6999,0.00120,0.00704,0.00540,0.03765,0.8193
31.9000,JELLY_C,0.0892,3.2061,1.00,J_PULSE_CRUISE,10.61,0.0164,0.135,0.5418,3.7247,-3.8020,0.00099,0.00731,0.00305,0.02794,0.0841
31.9333,JELLY_A,0.4234,-1.0024,1.00,J_PULSE_CRUISE,14.55,0.0084,0.121,1.1181,2.2583,-3.3759,0.00200,0.00453,0.00683,0.02847,0.7961
31.9333,JELLY_B,0.4259,-1.1475,1.00,J_PULSE_CRUISE,26.84,0.0503,0.115,1.4923,3.0945,-3.6997,0.00119,0.00696,0.00536,0.03679,0.7882
31.9333,JELLY_C,0.1030,3.2489,1.00,J_PULSE_CRUISE,10.64,0.0212,0.135,0.5418,3.7249,-3.8019,0.00102,0.00754,0.00307,0.02793,0.1297
31.9667,JELLY_A,0.4342,-1.0113,1.00,J_PULSE_CRUISE,14.57,0.0076,0.121,1.1181,2.2585,-3.3757,0.00198,0.00448,0.00681,0.02746,0.7678
31.9667,JELLY_B,0.4382,-1.1574,1.00,J_PULSE_CRUISE,26.74,0.0498,0.115,1.4923,3.0947,-3.6996,0.00119,0.00688,0.00532,0.03588,0.7554
31.9667,JELLY_C,0.1168,3.1396,1.00,J_PULSE_CRUISE,10.69,0.0258,0.135,0.5418,3.7252,-3.8018,0.00104,0.00776,0.00309,0.02791,0.1867
32.0000,JELLY_A,0.4450,-1.0156,1.00,J_PULSE_CRUISE,14.58,0.0068,0.121,1.1182,2.2586,-3.3755,0.00197,0.00443,0.00679,0.02655,0.7383
32.0000,JELLY_B,0.4505,-1.1604,1.00,J_PULSE_CRUISE,26.65,0.0493,0.115,1.4924,3.0949,-3.6994,0.00119,0.00682,0.00529,0.03496,0.7212
32.0000,JELLY_C,0.1306,2.8831,1.00,J_PULSE_CRUISE,10.74,0.0299,0.135,0.5419,3.7254,-3.8017,0.00105,0.00793,0.00310,0.02790,0.2541
32.0333,JELLY_A,0.4557,-1.0152,1.00,J_PULSE_CRUISE,14.59,0.0060,0.121,1.1183,2.2588,-3.3753,0.00196,0.00440,0.00677,0.02577,0.7077
32.0333,JELLY_B,0.4629,-1.1564,1.00,J_PULSE_CRUISE,26.56,0.0489,0.115,1.4924,3.0951,-3.6992,0.00119,0.00678,0.00526,0.03406,0.6858
32.0333,JELLY_C,0.1444,2.4917,1.00,J_PULSE_CRUISE,10.80,0.0333,0.135,0.5419,3.7257,-3.8016,0.00106,0.00803,0.00310,0.02789,0.3300
32.0667,JELLY_A,0.4665,-1.0102,1.00,J_PULSE_CRUISE,14.60,0.0053,0.121,1.1183,2.2589,-3.3750,0.00196,0.00439,0.00675,0.02515,0.6764
32.0667,JELLY_B,0.4752,-1.1455,1.00,J_PULSE_CRUISE,26.47,0.0485,0.115,1.4924,3.0954,-3.6990,0.00119,0.00676,0.00525,0.03322,0.6493
32.0667,JELLY_C,0.1582,1.9836,1.00,J_PULSE_CRUISE,10.86,0.0357,0.135,0.5419,3.7260,-3.8015,0.00107,0.00806,0.00308,0.02789,0.4120
32.1000,JELLY_A,0.4773,-1.0006,1.00,J_PULSE_CRUISE,14.61,0.0046,0.121,1.1184,2.2590,-3.3748,0.00195,0.00438,0.00674,0.02470,0.6443
32.1000,JELLY_B,0.4875,-1.1278,1.00,J_PULSE_CRUISE,26.38,0.0480,0.115,1.4925,3.0956,-3.6989,0.00119,0.00675,0.00525,0.03247,0.6122
32.1000,JELLY_C,0.1720,1.3827,1.00,J_PULSE_CRUISE,10.93,0.0371,0.135,0.5420,3.7262,-3.8014,0.00107,0.00800,0.00305,0.02788,0.4971
32.1333,JELLY_A,0.4881,-0.9864,1.00,J_PULSE_CRUISE,14.62,0.0040,0.121,1.1185,2.2592,-3.3746,0.00194,0.00440,0.00673,0.02443,0.6117
32.1333,JELLY_B,0.4998,-1.1033,1.00,J_PULSE_CRUISE,26.29,0.0476,0.115,1.4925,3.0958,-3.6987,0.00120,0.00677,0.00525,0.03183,0.5745
32.1333,JELLY_C,0.1858,0.7170,1.00,J_PULSE_CRUISE,11.00,0.0373,0.135,0.5420,3.7265,-3.8013,0.00107,0.00790,0.00301,0.02786,0.5818
32.1667,JELLY_A,0.4988,-0.9676,1.00,J_PULSE_CRUISE,14.63,0.0034,0.121,1.1185,2.2593,-3.3744,0.00194,0.00442,0.00672,0.02432,0.5787
32.1667,JELLY_B,0.5121,-1.0723,1.00,J_PULSE_CRUISE,26.20,0.0472,0.115,1.4926,3.0960,-3.6985,0.00121,0.00681,0.00527,0.03133,0.5365
32.1667,JELLY_C,0.1997,0.0179,1.00,J_PULSE_CRUISE,11.07,0.0362,0.135,0.5420,3.7268,-3.8012,0.00106,0.00776,0.00297,0.02785,0.6627
32.2000,JELLY_A,0.5096,-0.9445,1.00,J_PULSE_CRUISE,14.63,0.0028,0.121,1.1186,2.2595,-3.3741,0.00194,0.00446,0.00672,0.02431,0.5454
32.2000,JELLY_B,0.5244,-1.0348,1.00,J_PULSE_CRUISE,26.11,0.0468,0.115,1.4926,3.0963,-3.6983,0.00123,0.00687,0.00529,0.03100,0.4984
32.2000,JELLY_C,0.2135,-0.1098,1.00,J_PULSE_CRUISE,11.13,0.0347,0.135,0.5421,3.7270,-3.8011,0.00106,0.00762,0.00292,0.02783,0.7363
32.2333,JELLY_A,0.5204,-0.9170,1.00,J_PULSE_CRUISE,14.63,0.0023,0.121,1.1187,2.2596,-3.3739,0.00194,0.00452,0.00672,0.02436,0.5121
32.2333,JELLY_B,0.5367,-0.9913,1.00,J_PULSE_CRUISE,26.02,0.0464,0.115,1.4926,3.0965,-3.6982,0.00124,0.00694,0.00532,0.03083,0.4604
32.2333,JELLY_C,0.2273,-0.2216,1.00,J_PULSE_CRUISE,11.20,0.0333,0.135,0.5421,3.7273,-3.8010,0.00105,0.00749,0.00288,0.02782,0.8005
32.2667,JELLY_A,0.5311,-0.8854,1.00,J_PULSE_CRUISE,14.64,0.0019,0.121,1.1187,2.2598,-3.3737,0.00194,0.00459,0.00672,0.02446,0.4787
32.2667,JELLY_B,0.5490,-0.9418,1.00,J_PULSE_CRUISE,25.93,0.0461,0.115,1.4927,3.0967,-3.6980,0.00126,0.00704,0.00536,0.03076,0.4228
32.2667,JELLY_C,0.2411,-0.3318,1.00,J_PULSE_CRUISE,11.26,0.0318,0.135,0.5422,3.7275,-3.8009,0.00105,0.00735,0.00284,0.02780,0.8539
32.3000,JELLY_A,0.5419,-0.8497,1.00,J_PULSE_CRUISE,14.64,0.0016,0.121,1.1188,2.2599,-3.3735,0.00195,0.00467,0.00672,0.02461,0.4456
32.3000,JELLY_B,0.5613,-0.8867,1.00,J_PULSE_CRUISE,25.85,0.0457,0.115,1.4927,3.0970,-3.6978,0.00128,0.00714,0.00540,0.03076,0.3856
32.3000,JELLY_C,0.2549,-0.4395,1.00,J_PULSE_CRUISE,11.32,0.0305,0.135,0.5422,3.7278,-3.8008,0.00104,0.00722,0.00280,0.02779,0.8963
32.3333,JELLY_A,0.5527,-0.8102,1.00,J_PULSE_CRUISE,14.64,0.0016,0.121,1.1189,2.2601,-3.3732,0.00195,0.00476,0.00673,0.02479,0.4127
32.3333,JELLY_B,0.5736,-0.8264,1.00,J_PULSE_CRUISE,25.76,0.0453,0.115,1.4928,3.0972,-3.6976,0.00130,0.00726,0.00545,0.03081,0.3492
32.3333,JELLY_C,0.2687,-0.5438,1.00,J_PULSE_CRUISE,11.37,0.0291,0.135,0.5422,3.7280,-3.8007,0.00104,0.00709,0.00276,0.02778,0.9279
32.3667,JELLY_A,0.5634,-0.7670,1.00,J_PULSE_CRUISE,14.64,0.0017,0.121,1.1189,2.2603,-3.3730,0.00196,0.00486,0.00674,0.02500,0.3803
32.3667,JELLY_B,0.5858,-0.7612,1.00,J_PULSE_CRUISE,25.67,0.0450,0.115,1.4928,3.0975,-3.6974,0.00132,0.00739,0.00550,0.03090,0.3138
32.3667,JELLY_C,0.2825,-0.6440,1.00,J_PULSE_CRUISE,11.43,0.0278,0.135,0.5423,3.7282,-3.8006,0.00103,0.00697,0.00272,0.02777,0.9495
32.4000,JELLY_A,0.5742,-0.7204,1.00,J_PULSE_CRUISE,14.64,0.0021,0.121,1.1190,2.2604,-3.3728,0.00196,0.00497,0.00675,0.02524,0.3485
32.4000,JELLY_B,0.5981,-0.6915,1.00,J_PULSE_CRUISE,25.59,0.0446,0.115,1.4929,3.0977,-3.6973,0.00135,0.00751,0.00555,0.03102,0.2795
32.4000,JELLY_C,0.2963,-0.7394,1.00,J_PULSE_CRUISE,11.48,0.0265,0.135,0.5423,3.7285,-3.8005,0.00103,0.00684,0.00268,0.02777,0.9619
32.4333,JELLY_A,0.5849,-0.6704,1.00,J_PULSE_CRUISE,14.63,0.0024,0.121,1.1190,2.2606,-3.3726,0.00197,0.00509,0.00676,0.02551,0.3175
32.4333,JELLY_B,0.6104,-0.6177,1.00,J_PULSE_CRUISE,25.51,0.0443,0.115,1.4929,3.0980,-3.6971,0.00137,0.00764,0.00560,0.03118,0.2466
32.4333,JELLY_C,0.3101,-0.8292,1.00,J_PULSE_CRUISE,11.52,0.0253,0.135,0.5423,3.7287,-3.8004,0.00102,0.00671,0.00264,0.02777,0.9660
32.4667,JELLY_A,0.5957,-0.6175,1.00,J_PULSE_CRUISE,14.63,0.0029,0.121,1.1191,2.2608,-3.3723,0.00198,0.00520,0.00677,0.02581,0.2873
32.4667,JELLY_B,0.6227,-0.5403,1.00,J_PULSE_CRUISE,25.42,0.0439,0.115,1.4929,3.0982,-3.6969,0.00139,0.00777,0.00565,0.03136,0.2151
32.4667,JELLY_C,0.3238,-0.9128,1.00,J_PULSE_CRUISE,11.57,0.0241,0.135,0.5424,3.7289,-3.8003,0.00102,0.00659,0.00260,0.02777,0.9628
32.5000,JELLY_A,0.6064,-0.5618,1.00,J_PULSE_CRUISE,14.62,0.0033,0.121,1.1192,2.2609,-3.3721,0.00199,0.00532,0.00679,0.02613,0.2581
32.5000,JELLY_B,0.6350,-0.4597,1.00,J_PULSE_CRUISE,25.34,0.0436,0.115,1.4930,3.0985,-3.6967,0.00141,0.00789,0.00570,0.03157,0.1854
32.5000,JELLY_C,0.3376,-0.9895,1.00,J_PULSE_CRUISE,11.61,0.0229,0.135,0.5424,3.7291,-3.8002,0.00101,0.00647,0.00256,0.02776,0.9532
32.5333,JELLY_A,0.6172,-0.5035,1.00,J_PULSE_CRUISE,14.62,0.0037,0.121,1.1192,2.2611,-3.3719,0.00199,0.00544,0.00680,0.02647,0.2300
32.5333,JELLY_B,0.6473,-0.3764,1.00,J_PULSE_CRUISE,25.26,0.0433,0.115,1.4930,3.0987,-3.6965,0.00143,0.00801,0.00574,0.03181,0.1576
32.5333,JELLY_C,0.3514,-1.0587,1.00,J_PULSE_CRUISE,11.66,0.0218,0.135,0.5424,3.7293,-3.8002,0.00101,0.00635,0.00253,0.02776,0.9379
32.5667,JELLY_A,0.6279,-0.4430,1.00,J_PULSE_CRUISE,14.61,0.0042,0.121,1.1193,2.2613,-3.3717,0.00200,0.00555,0.00681,0.02684,0.2031
32.5667,JELLY_B,0.6595,-0.2910,1.00,J_PULSE_CRUISE,25.17,0.0430,0.115,1.4931,3.0990,-3.6963,0.00145,0.00813,0.00579,0.03206,0.1318
32.5667,JELLY_C,0.3652,-1.1200,1.00,J_PULSE_CRUISE,11.70,0.0207,0.135,0.5425,3.7296,-3.8001,0.00100,0.00623,0.00249,0.02774,0.9179
32.6000,JELLY_A,0.6387,-0.3805,1.00,J_PULSE_CRUISE,14.60,0.0046,0.121,1.1194,2.2615,-3.3714,0.00201,0.00567,0.00682,0.02722,0.1777
32.6000,JELLY_B,0.6718,-0.2038,1.00,J_PULSE_CRUISE,25.09,0.0427,0.115,1.4931,3.0993,-3.6961,0.00147,0.00825,0.00583,0.03234,0.1082
32.6000,JELLY_C,0.3790,-1.1729,1.00,J_PULSE_CRUISE,11.73,0.0196,0.135,0.5425,3.7298,-3.8000,0.00100,0.00611,0.00246,0.02770,0.8936
32.6333,JELLY_A,0.6494,-0.3163,1.00,J_PULSE_CRUISE,14.59,0.0050,0.121,1.1194,2.2617,-3.3712,0.00201,0.00578,0.00682,0.02762,0.1537
32.6333,JELLY_B,0.6841,-0.1155,1.00,J_PULSE_CRUISE,25.01,0.0424,0.115,1.4932,3.0996,-3.6959,0.00149,0.00837,0.00587,0.03264,0.0870
32.6333,JELLY_C,0.3928,-1.2169,1.00,J_PULSE_CRUISE,11.77,0.0186,0.135,0.5425,3.7300,-3.7999,0.00100,0.00600,0.00242,0.02757,0.8656
32.6667,JELLY_A,0.6601,-0.2508,1.00,J_PULSE_CRUISE,14.58,0.0055,0.121,1.1195,2.2619,-3.3710,0.00202,0.00589,0.00683,0.02804,0.1313
32.6667,JELLY_B,0.6963,-0.0266,1.00,J_PULSE_CRUISE,24.93,0.0421,0.115,1.4932,3.0998,-3.6957,0.00151,0.00848,0.00591,0.03296,0.0682
32.6667,JELLY_C,0.4066,-1.2518,1.00,J_PULSE_CRUISE,11.80,0.0176,0.135,0.5426,3.7302,-3.7998,0.00099,0.00589,0.00239,0.02733,0.8346
32.7000,JELLY_A,0.6709,-0.1841,1.00,J_PULSE_CRUISE,14.57,0.0059,0.121,1.1196,2.2621,-3.3707,0.00203,0.00600,0.00684,0.02847,0.1105
32.7000,JELLY_B,0.7086,0.0000,1.00,J_GLIDE,24.85,0.0418,0.115,1.4933,3.1001,-3.6955,0.00153,0.00859,0.00595,0.03329,0.0519
32.7000,JELLY_C,0.4204,-1.2773,1.00,J_PULSE_CRUISE,11.83,0.0166,0.135,0.5426,3.7303,-3.7997,0.00099,0.00579,0.00236,0.02695,0.8009
32.7333,JELLY_A,0.6816,-0.1167,1.00,J_PULSE_CRUISE,14.56,0.0063,0.121,1.1197,2.2623,-3.3705,0.00203,0.00611,0.00685,0.02892,0.0916
32.7333,JELLY_B,0.7209,0.0000,1.00,J_GLIDE,24.77,0.0415,0.115,1.4933,3.1004,-3.6953,0.00155,0.00870,0.00598,0.03364,0.0382
32.7333,JELLY_C,0.4342,-1.2932,1.00,J_PULSE_CRUISE,11.86,0.0157,0.135,0.5426,3.7305,-3.7997,0.00099,0.00570,0.00233,0.02645,0.7649
32.7667,JELLY_A,0.6923,-0.0487,1.00,J_PULSE_CRUISE,14.55,0.0066,0.121,1.1197,2.2625,-3.3703,0.00204,0.00622,0.00685,0.02937,0.0745
32.7667,JELLY_B,0.7331,0.0000,1.00,J_GLIDE,24.70,0.0413,0.115,1.4934,3.1007,-3.6951,0.00156,0.00879,0.00601,0.03400,0.0270
32.7667,JELLY_C,0.4480,-1.2994,1.00,J_PULSE_CRUISE,11.89,0.0147,0.135,0.5427,3.7307,-3.7996,0.00099,0.00564,0.00231,0.02585,0.7270
32.8000,JELLY_A,0.7031,0.0000,1.00,J_GLIDE,14.54,0.0070,0.121,1.1198,2.2627,-3.3701,0.00204,0.00633,0.00686,0.02983,0.0593
32.8000,JELLY_B,0.7454,0.0000,1.00,J_GLIDE,24.62,0.0410,0.115,1.4934,3.1010,-3.6949,0.00158,0.00888,0.00604,0.03437,0.0180
32.8000,JELLY_C,0.4618,-1.2959,1.00,J_PULSE_CRUISE,11.92,0.0138,0.135,0.5427,3.7309,-3.7995,0.00099,0.00561,0.00229,0.02517,0.6875
32.8333,JELLY_A,0.7138,0.0000,1.00,J_GLIDE,14.52,0.0074,0.121,1.1199,2.2629,-3.3698,0.00205,0.00643,0.00686,0.03029,0.0461
32.8333,JELLY_B,0.7576,0.0000,1.00,J_GLIDE,24.54,0.0407,0.115,1.4935,3.1013,-3.6947,0.00159,0.00896,0.00606,0.03474,0.0110
32.8333,JELLY_C,0.4756,-1.2826,1.00,J_PULSE_CRUISE,11.94,0.0130,0.135,0.5427,3.7311,-3.7994,0.00100,0.00561,0.00228,0.02444,0.6468
32.8667,JELLY_A,0.7245,0.0000,1.00,J_GLIDE,14.51,0.0077,0.121,1.1199,2.2631,-3.3696,0.00205,0.00653,0.00686,0.03076,0.0348
32.8667,JELLY_B,0.7699,0.0000,1.00,J_GLIDE,24.46,0.0405,0.115,1.4936,3.1016,-3.6945,0.00161,0.00904,0.00608,0.03513,0.0057
32.8667,JELLY_C,0.4893,-1.2597,1.00,J_PULSE_CRUISE,11.97,0.0121,0.135,0.5428,3.7313,-3.7994,0.00101,0.00563,0.00227,0.02370,0.6051
32.9000,JELLY_A,0.7352,0.0000,1.00,J_GLIDE,14.49,0.0081,0.121,1.1200,2.2633,-3.3694,0.00205,0.00662,0.00686,0.03123,0.0254
32.9000,JELLY_B,0.7821,0.0000,1.00,J_GLIDE,24.39,0.0402,0.115,1.4936,3.1019,-3.6943,0.00162,0.00911,0.00609,0.03551,0.0018
32.9000,JELLY_C,0.5031,-1.2274,1.00,J_PULSE_CRUISE,11.99,0.0113,0.135,0.5428,3.7315,-3.7993,0.00102,0.00569,0.00227,0.02298,0.5628
32.9333,JELLY_A,0.7459,0.0000,1.00,J_GLIDE,14.48,0.0084,0.121,1.1201,2.2636,-3.3691,0.00205,0.00670,0.00686,0.03171,0.0177
32.9333,JELLY_B,0.7944,0.0000,1.00,J_GLIDE,24.31,0.0400,0.115,1.4937,3.1022,-3.6941,0.00163,0.00917,0.00610,0.03589,-0.0009
32.9333,JELLY_C,0.5169,-1.1858,1.00,J_PULSE_CRUISE,12.01,0.0105,0.135,0.5428,3.7317,-3.7992,0.00103,0.00578,0.00228,0.02232,0.5202
32.9667,JELLY_A,0.7566,0.0000,1.00,J_GLIDE,14.46,0.0087,0.121,1.1201,2.2638,-3.3689,0.00206,0.00678,0.00686,0.03218,0.0115
32.9667,JELLY_B,0.8066,0.0000,1.00,J_GLIDE,24.23,0.0397,0.115,1.4937,3.1025,-3.6939,0.00164,0.00923,0.00611,0.03628,-0.0027
32.9667,JELLY_C,0.5307,-1.1354,1.00,J_PULSE_CRUISE,12.03,0.0098,0.135,0.5429,3.7319,-3.7991,0.00105,0.00590,0.00229,0.02175,0.4776
33.0000,JELLY_A,0.7674,0.0000,1.00,J_GLIDE,14.45,0.0091,0.121,1.1202,2.2640,-3.3687,0.00206,0.00686,0.00686,0.03264,0.0066
33.0000,JELLY_B,0.8189,0.0000,1.00,J_GLIDE,24.16,0.0395,0.115,1.4938,3.1028,-3.6937,0.00165,0.00928,0.00612,0.03666,-0.0038
33.0000,JELLY_C,0.5445,-1.0766,1.00,J_PULSE_CRUISE,12.04,0.0090,0.135,0.5429,3.7321,-3.7991,0.00106,0.00604,0.00230,0.02131,0.4353
33.0333,JELLY_A,0.7781,0.0000,1.00,J_GLIDE,14.43,0.0094,0.121,1.1203,2.2643,-3.3685,0.00206,0.00693,0.00685,0.03310,0.0028
33.0333,JELLY_B,0.8311,0.0000,1.00,J_GLIDE,24.08,0.0393,0.115,1.4938,3.1031,-3.6935,0.00166,0.00932,0.00612,0.03703,-0.0043
33.0333,JELLY_C,0.5582,-1.0096,1.00,J_PULSE_CRUISE,12.06,0.0083,0.135,0.5429,3.7323,-3.7990,0.00108,0.00621,0.00232,0.02100,0.3935
33.0667,JELLY_A,0.7888,0.0000,1.00,J_GLIDE,14.41,0.0097,0.121,1.1203,2.2645,-3.3682,0.00206,0.00700,0.00684,0.03355,0.0000
33.0667,JELLY_B,0.8434,0.0000,1.00,J_GLIDE,24.01,0.0390,0.115,1.4939,3.1035,-3.6933,0.00166,0.00936,0.00612,0.03740,-0.0044
33.0667,JELLY_C,0.5720,-0.9351,1.00,J_PULSE_CRUISE,12.07,0.0076,0.135,0.5430,3.7325,-3.7989,0.00111,0.00639,0.00235,0.02085,0.3526
33.1000,JELLY_A,0.7995,0.0000,1.00,J_GLIDE,14.39,0.0099,0.121,1.1204,2.2647,-3.3680,0.00206,0.00706,0.00684,0.03400,-0.0019
33.1000,JELLY_B,0.8556,0.0000,1.00,J_GLIDE,23.93,0.0388,0.115,1.4939,3.1038,-3.6931,0.00167,0.00939,0.00612,0.03775,-0.0043
33.1000,JELLY_C,0.5858,-0.8537,1.00,J_PULSE_CRUISE,12.09,0.0070,0.135,0.5430,3.7327,-3.7988,0.00113,0.00659,0.00237,0.02080,0.3129
33.1333,JELLY_A,0.8102,0.0000,1.00,J_GLIDE,14.37,0.0102,0.121,1.1205,2.2650,-3.3678,0.00205,0.00712,0.00683,0.03442,-0.0033
33.1333,JELLY_B,0.8678,0.0000,1.00,J_GLIDE,23.86,0.0386,0.115,1.4940,3.1041,-3.6929,0.00168,0.00942,0.00612,0.03810,-0.0040
33.1333,JELLY_C,0.5996,-0.7658,1.00,J_PULSE_CRUISE,12.10,0.0063,0.135,0.5430,3.7329,-3.7987,0.00115,0.00679,0.00240,0.02082,0.2746
33.1667,JELLY_A,0.8209,0.0000,1.00,J_GLIDE,14.35,0.0105,0.121,1.1205,2.2652,-3.3676,0.00205,0.00717,0.00682,0.03484,-0.0041
33.1667,JELLY_B,0.8801,0.0000,1.00,J_GLIDE,23.79,0.0384,0.115,1.4940,3.1044,-3.6927,0.00168,0.00945,0.00611,0.03842,-0.0035
33.1667,JELLY_C,0.6134,-0.6723,1.00,J_PULSE_CRUISE,12.11,0.0057,0.135,0.5431,3.7332,-3.7987,0.00117,0.00699,0.00242,0.02090,0.2380
33.2000,JELLY_A,0.8316,0.0000,1.00,J_GLIDE,14.33,0.0107,0.121,1.1206,2.2654,-3.3673,0.00205,0.00722,0.00681,0.03524,-0.0045
33.2000,JELLY_B,0.8923,0.0000,1.00,J_GLIDE,23.71,0.0382,0.115,1.4941,3.1047,-3.6925,0.00169,0.00947,0.00610,0.03874,-0.0031
33.2000,JELLY_C,0.6271,-0.5738,1.00,J_PULSE_CRUISE,12.12,0.0051,0.135,0.5431,3.7334,-3.7986,0.00120,0.00718,0.00245,0.02100,0.2034
33.2333,JELLY_A,0.8423,0.0000,1.00,J_GLIDE,14.31,0.0110,0.121,1.1207,2.2657,-3.3671,0.00204,0.00727,0.00679,0.03562,-0.0046
33.2333,JELLY_B,0.9045,0.0000,1.00,J_GLIDE,23.64,0.0380,0.115,1.4942,3.1050,-3.6923,0.00169,0.00948,0.00609,0.03903,-0.0026
33.2333,JELLY_C,0.6409,-0.4710,1.00,J_PULSE_CRUISE,12.12,0.0046,0.135,0.5432,3.7336,-3.7985,0.00122,0.00738,0.00247,0.02114,0.1711
33.2667,JELLY_A,0.8530,0.0000,1.00,J_GLIDE,14.29,0.0112,0.121,1.1207,2.2659,-3.3669,0.00204,0.00731,0.00678,0.03598,-0.0045
33.2667,JELLY_B,0.9167,0.0000,1.00,J_GLIDE,23.57,0.0377,0.115,1.4942,3.1053,-3.6921,0.00169,0.00949,0.00608,0.03931,-0.0021
33.2667,JELLY_C,0.6547,-0.3647,1.00,J_PULSE_CRUISE,12.13,0.0040,0.135,0.5432,3.7339,-3.7984,0.00124,0.00757,0.00249,0.02130,0.1412
33.3000,JELLY_A,0.8636,0.0000,1.00,J_GLIDE,14.27,0.0115,0.121,1.1208,2.2662,-3.3666,0.00204,0.00735,0.00677,0.03633,-0.0042
33.3000,JELLY_B,0.9290,0.0000,1.00,J_GLIDE,23.50,0.0375,0.115,1.4943,3.1057,-3.6919,0.00170,0.00950,0.00607,0.03956,-0.0017
33.3000,JELLY_C,0.6684,-0.2557,1.00,J_PULSE_CRUISE,12.14,0.0036,0.135,0.5432,3.7341,-3.7983,0.00126,0.00776,0.00251,0.02148,0.1140
33.3333,JELLY_A,0.8743,0.0000,1.00,J_GLIDE,14.25,0.0117,0.121,1.1209,2.2664,-3.3664,0.00203,0.00739,0.00675,0.03665,-0.0039
33.3333,JELLY_B,0.9412,0.0000,1.00,J_GLIDE,23.43,0.0373,0.115,1.4943,3.1060,-3.6917,0.00170,0.00950,0.00605,0.03979,-0.0013
33.3333,JELLY_C,0.6822,-0.1448,1.00,J_PULSE_CRUISE,12.14,0.0031,0.135,0.5433,3.7344,-3.7983,0.00129,0.00794,0.00253,0.02169,0.0897
33.3667,JELLY_A,0.8850,0.0000,1.00,J_GLIDE,14.22,0.0119,0.121,1.1209,2.2667,-3.3662,0.00203,0.00742,0.00673,0.03695,-0.0034
33.3667,JELLY_B,0.9534,0.0000,1.00,J_GLIDE,23.36,0.0372,0.115,1.4944,3.1063,-3.6915,0.00170,0.00950,0.00603,0.04000,-0.0010
33.3667,JELLY_C,0.6960,-0.0330,1.00,J_PULSE_CRUISE,12.14,0.0028,0.135,0.5433,3.7347,-3.7982,0.00131,0.00812,0.00255,0.02192,0.0685
33.4000,JELLY_A,0.8957,0.0000,1.00,J_GLIDE,14.20,0.0121,0.121,1.1210,2.2669,-3.3660,0.00202,0.00745,0.00672,0.03723,-0.0030
33.4000,JELLY_B,0.9656,0.0000,1.00,J_GLIDE,23.29,0.0370,0.115,1.4944,3.1066,-3.6913,0.00170,0.00950,0.00601,0.04019,-0.0007
33.4000,JELLY_C,0.7097,0.0000,1.00,J_GLIDE,12.15,0.0025,0.135,0.5434,3.7349,-3.7981,0.00133,0.00830,0.00257,0.02216,0.0504
33.4333,JELLY_A,0.9064,0.0000,1.00,J_GLIDE,14.18,0.0123,0.121,1.1211,2.2672,-3.3657,0.00201,0.00747,0.00670,0.03749,-0.0026
33.4333,JELLY_B,0.9778,0.0000,1.00,J_GLIDE,23.22,0.0368,0.115,1.4945,3.1069,-3.6911,0.00170,0.00949,0.00599,0.04034,-0.0005
33.4333,JELLY_C,0.7235,0.0000,1.00,J_GLIDE,12.15,0.0022,0.135,0.5434,3.7352,-3.7980,0.00135,0.00847,0.00258,0.02242,0.0356
33.4667,JELLY_A,0.9170,0.0000,1.00,J_GLIDE,14.15,0.0125,0.121,1.1211,2.2674,-3.3655,0.00201,0.00749,0.00668,0.03772,-0.0022
33.4667,JELLY_B,0.9900,0.0000,1.00,J_GLIDE,23.15,0.0366,0.115,1.4946,3.1072,-3.6909,0.00170,0.00948,0.00597,0.04047,-0.0003
33.4667,JELLY_C,0.7372,0.0000,1.00,J_GLIDE,12.15,0.0021,0.135,0.5435,3.7355,-3.7979,0.00137,0.00862,0.00259,0.02269,0.0238
33.5000,JELLY_A,0.9277,0.0000,1.00,J_GLIDE,14.13,0.0127,0.121,1.1212,2.2677,-3.3653,0.00200,0.00751,0.00666,0.03792,-0.0018
33.5000,JELLY_B,0.0022,0.0050,0.05,J_DRIFT_IDLE,23.08,0.0364,0.000,1.4946,3.1076,-3.6907,0.00169,0.00943,0.00593,0.04057,-0.0002
33.5000,JELLY_C,0.7510,0.0000,1.00,J_GLIDE,12.15,0.0022,0.135,0.5435,3.7358,-3.7978,0.00138,0.00876,0.00260,0.02298,0.0146
33.5333,JELLY_A,0.9384,0.0000,1.00,J_GLIDE,14.11,0.0129,0.121,1.1213,2.2679,-3.3651,0.00199,0.00753,0.00664,0.03809,-0.0015
33.5333,JELLY_B,0.0144,0.0323,0.05,J_DRIFT_IDLE,23.01,0.0362,0.000,1.4947,3.1079,-3.6905,0.00168,0.00930,0.00586,0.04063,-0.0001
33.5333,JELLY_C,0.7647,0.0000,1.00,J_GLIDE,12.15,0.0023,0.135,0.5436,3.7361,-3.7977,0.00140,0.00889,0.00261,0.02328,0.0078
33.5667,JELLY_A,0.9490,0.0000,1.00,J_GLIDE,14.08,0.0131,0.121,1.1213,2.2682,-3.3649,0.00198,0.00754,0.00662,0.03824,-0.0011
33.5667,JELLY_B,0.0266,0.0583,0.05,J_DRIFT_IDLE,22.94,0.0360,0.000,1.4947,3.1082,-3.6903,0.00166,0.00917,0.00579,0.04066,0.0001
33.5667,JELLY_C,0.7785,0.0000,1.00,J_GLIDE,12.14,0.0025,0.135,0.5436,3.7364,-3.7976,0.00141,0.00901,0.00261,0.02358,0.0030
33.6000,JELLY_A,0.9597,0.0000,1.00,J_GLIDE,14.06,0.0133,0.121,1.1214,2.2684,-3.3646,0.00198,0.00755,0.00660,0.03836,-0.0009
33.6000,JELLY_B,0.0388,0.0823,0.05,J_DRIFT_IDLE,22.87,0.0359,0.000,1.4948,3.1085,-3.6901,0.00165,0.00904,0.00572,0.04067,0.0003
33.6000,JELLY_C,0.7923,0.0000,1.00,J_GLIDE,12.14,0.0027,0.135,0.5437,3.7367,-3.7976,0.00143,0.00912,0.00262,0.02390,-0.0004
33.6333,JELLY_A,0.9704,0.0000,1.00,J_GLIDE,14.03,0.0134,0.121,1.1215,2.2687,-3.3644,0.00197,0.00756,0.00658,0.03845,-0.0007
33.6333,JELLY_B,0.0510,0.1032,0.05,J_DRIFT_IDLE,22.80,0.0357,0.000,1.4948,3.1088,-3.6899,0.00163,0.00891,0.00566,0.04068,0.0007
33.6333,JELLY_C,0.8060,0.0000,1.00,J_GLIDE,12.14,0.0030,0.135,0.5437,3.7370,-3.7975,0.00144,0.00922,0.00262,0.02421,-0.0025
33.6667,JELLY_A,0.9810,0.0000,1.00,J_GLIDE,14.00,0.0136,0.121,1.1215,2.2689,-3.3642,0.00196,0.00757,0.00655,0.03851,-0.0005
33.6667,JELLY_B,0.0632,0.1203,0.05,J_DRIFT_IDLE,22.73,0.0355,0.000,1.4949,3.1091,-3.6897,0.00162,0.00878,0.00559,0.04068,0.0014
33.6667,JELLY_C,0.8197,0.0000,1.00,J_GLIDE,12.13,0.0033,0.135,0.5437,3.7373,-3.7974,0.00145,0.00931,0.00261,0.02453,-0.0036
33.7000,JELLY_A,0.9917,0.0000,1.00,J_GLIDE,13.98,0.0137,0.121,1.1216,2.2692,-3.3640,0.00195,0.00757,0.00653,0.03855,-0.0003
33.7000,JELLY_B,0.0754,0.1330,0.05,J_DRIFT_IDLE,22.67,0.0354,0.000,1.4949,3.1094,-3.6895,0.00160,0.00866,0.00552,0.04069,0.0025
33.7000,JELLY_C,0.8335,0.0000,1.00,J_GLIDE,12.13,0.0036,0.135,0.5438,3.7376,-3.7973,0.00147,0.00940,0.00261,0.02485,-0.0042
33.7333,JELLY_A,0.0023,0.0924,1.00,J_PULSE_CRUISE,13.95,0.0138,0.128,1.1217,2.2694,-3.3638,0.00194,0.00754,0.00650,0.03856,-0.0002
33.7333,JELLY_B,0.0876,0.1408,0.05,J_DRIFT_IDLE,22.60,0.0352,0.000,1.4950,3.1096,-3.6893,0.00159,0.00853,0.00546,0.04069,0.0039
33.7333,JELLY_C,0.8472,0.0000,1.00,J_GLIDE,12.12,0.0040,0.135,0.5438,3.7379,-3.7972,0.00148,0.00947,0.00260,0.02517,-0.0042
33.7667,JELLY_A,0.0130,0.5087,1.00,J_PULSE_CRUISE,13.93,0.0133,0.128,1.1217,2.2697,-3.3636,0.00192,0.00745,0.00646,0.03857,0.0001
33.7667,JELLY_B,0.0998,0.1435,0.05,J_DRIFT_IDLE,22.53,0.0350,0.000,1.4950,3.1099,-3.6892,0.00157,0.00841,0.00540,0.04069,0.0058
33.7667,JELLY_C,0.8610,0.0000,1.00,J_GLIDE,12.11,0.0043,0.135,0.5439,3.7383,-3.7971,0.00149,0.00954,0.00260,0.02548,-0.0040
33.8000,JELLY_A,0.0236,0.9104,1.00,J_PULSE_CRUISE,13.90,0.0119,0.128,1.1218,2.2699,-3.3633,0.00190,0.00738,0.00642,0.03857,0.0011
33.8000,JELLY_B,0.1119,0.1410,0.05,J_DRIFT_IDLE,22.46,0.0349,0.000,1.4951,3.1102,-3.6890,0.00156,0.00830,0.00534,0.04069,0.0082
33.8000,JELLY_C,0.8747,0.0000,1.00,J_GLIDE,12.11,0.0046,0.135,0.5439,3.7386,-3.7970,0.00150,0.00959,0.00259,0.02578,-0.0036
33.8333,JELLY_A,0.0343,1.2865,1.00,J_PULSE_CRUISE,13.88,0.0099,0.128,1.1219,2.2702,-3.3631,0.00188,0.00733,0.00639,0.03855,0.0036
33.8333,JELLY_B,0.1241,0.1333,0.05,J_DRIFT_IDLE,22.40,0.0347,0.000,1.4952,3.1105,-3.6888,0.00154,0.00818,0.00528,0.04069,0.0109
33.8333,JELLY_C,0.8885,0.0000,1.00,J_GLIDE,12.10,0.0049,0.135,0.5440,3.7389,-3.7970,0.00150,0.00964,0.00258,0.02608,-0.0031
33.8667,JELLY_A,0.0449,1.6264,1.00,J_PULSE_CRUISE,13.86,0.0076,0.128,1.1219,2.2704,-3.3629,0.00187,0.00731,0.00636,0.03853,0.0088
33.8667,JELLY_B,0.1363,0.1207,0.05,J_DRIFT_IDLE,22.33,0.0346,0.000,1.4952,3.1107,-3.6886,0.00153,0.00806,0.00522,0.04069,0.0141
33.8667,JELLY_C,0.9022,0.0000,1.00,J_GLIDE,12.09,0.0052,0.135,0.5440,3.7392,-3.7969,0.00151,0.00969,0.00257,0.02636,-0.0026
33.9000,JELLY_A,0.0556,1.9207,1.00,J_PULSE_CRUISE,13.85,0.0058,0.128,1.1220,2.2706,-3.3627,0.00186,0.00733,0.00634,0.03851,0.0177
33.9000,JELLY_B,0.1485,0.1038,0.05,J_DRIFT_IDLE,22.27,0.0344,0.000,1.4953,3.1110,-3.6885,0.00152,0.00795,0.00516,0.04069,0.0175
33.9000,JELLY_C,0.9159,0.0000,1.00,J_GLIDE,12.08,0.0055,0.135,0.5441,3.7395,-3.7968,0.00152,0.00972,0.00255,0.02663,-0.0021
33.9333,JELLY_A,0.0662,2.1613,1.00,J_PULSE_CRUISE,13.85,0.0060,0.128,1.1221,2.2709,-3.3625,0.00186,0.00738,0.00633,0.03849,0.0313
33.9333,JELLY_B,0.1606,0.0831,0.05,J_DRIFT_IDLE,22.20,0.0343,0.000,1.4953,3.1113,-3.6883,0.00150,0.00784,0.00510,0.04069,0.0212
33.9333,JELLY_C,0.9296,0.0000,1.00,J_GLIDE,12.07,0.0058,0.135,0.5441,3.7399,-3.7967,0.00152,0.00975,0.00254,0.02689,-0.0016
33.9667,JELLY_A,0.0768,2.3416,1.00,J_PULSE_CRUISE,13.85,0.0088,0.128,1.1221,2.2711,-3.3623,0.00186,0.00746,0.00632,0.03846,0.0506
33.9667,JELLY_B,0.1728,0.0594,0.05,J_DRIFT_IDLE,22.14,0.0341,0.000,1.4954,3.1115,-3.6881,0.00149,0.00773,0.00504,0.04069,0.0249
33.9667,JELLY_C,0.9434,0.0000,1.00,J_GLIDE,12.06,0.0061,0.135,0.5442,3.7402,-3.7966,0.00153,0.00977,0.00252,0.02713,-0.0012
34.0000,JELLY_A,0.0875,2.4565,1.00,J_PULSE_CRUISE,13.86,0.0127,0.128,1.1222,2.2714,-3.3621,0.00186,0.00756,0.00632,0.03844,0.0763
34.0000,JELLY_B,0.1850,0.0335,0.05,J_DRIFT_IDLE,22.07,0.0340,0.000,1.4954,3.1118,-3.6880,0.00148,0.00762,0.00499,0.04069,0.0287
34.0000,JELLY_C,0.9571,0.0000,1.00,J_GLIDE,12.05,0.0064,0.135,0.5442,3.7405,-3.7965,0.00154,0.00979,0.00250,0.02735,-0.0009
34.0333,JELLY_A,0.0981,2.5031,1.00,J_PULSE_CRUISE,13.88,0.0170,0.128,1.1222,2.2716,-3.3619,0.00186,0.00768,0.00632,0.03842,0.1087
34.0333,JELLY_B,0.1971,0.0065,0.05,J_DRIFT_IDLE,22.01,0.0338,0.000,1.4955,3.1120,-3.6878,0.00146,0.00751,0.00494,0.04069,0.0323
34.0333,JELLY_C,0.9708,0.0000,1.00,J_GLIDE,12.03,0.0067,0.135,0.5443,3.7408,-3.7964,0.00154,0.00980,0.00249,0.02756,-0.0006
34.0667,JELLY_A,0.1087,2.4801,1.00,J_PULSE_CRUISE,13.91,0.0212,0.128,1.1223,2.2719,-3.3616,0.00187,0.00779,0.00632,0.03841,0.1478
34.0667,JELLY_B,0.2093,-0.0033,0.05,J_DRIFT_IDLE,21.94,0.0337,0.000,1.4955,3.1123,-3.6876,0.00145,0.00740,0.00488,0.04069,0.0357
34.0667,JELLY_C,0.9845,0.0000,1.00,J_GLIDE,12.02,0.0070,0.135,0.5444,3.7412,-3.7964,0.00154,0.00981,0.00247,0.02774,-0.0004
34.1000,JELLY_A,0.1194,2.3881,1.00,J_PULSE_CRUISE,13.95,0.0253,0.128,1.1224,2.2722,-3.3614,0.00187,0.00789,0.00632,0.03840,0.1936
34.1000,JELLY_B,0.2214,-0.0077,0.05,J_DRIFT_IDLE,21.88,0.0336,0.000,1.4955,3.1125,-3.6875,0.00144,0.00730,0.00483,0.04069,0.0387
34.1000,JELLY_C,0.9983,0.0000,1.00,J_GLIDE,12.01,0.0072,0.135,0.5444,3.7415,-3.7963,0.00155,0.00981,0.00245,0.02790,-0.0002
34.1333,JELLY_A,0.1300,2.2300,1.00,J_PULSE_CRUISE,13.99,0.0290,0.128,1.1224,2.2724,-3.3612,0.00187,0.00797,0.00632,0.03838,0.2454
34.1333,JELLY_B,0.2336,-0.0120,0.05,J_DRIFT_IDLE,21.81,0.0334,0.000,1.4956,3.1128,-3.6873,0.00143,0.00720,0.00478,0.04069,0.0413
34.1333,JELLY_C,0.0120,0.6044,1.00,J_PULSE_CRUISE,11.99,0.0070,0.121,0.5445,3.7418,-3.7962,0.00154,0.00965,0.00240,0.02804,0.0001
34.1667,JELLY_A,0.1406,2.0100,1.00,J_PULSE_CRUISE,14.04,0.0322,0.128,1.1225,2.2727,-3.3610,0.00186,0.00802,0.00630,0.03836,0.3024
34.1667,JELLY_B,0.2457,-0.0162,0.05,J_DRIFT_IDLE,21.75,0.0333,0.000,1.4956,3.1130,-3.6871,0.00141,0.00709,0.00473,0.04069,0.0435
34.1667,JELLY_C,0.0257,1.2687,1.00,J_PULSE_CRUISE,11.98,0.0057,0.121,0.5445,3.7421,-3.7961,0.00153,0.00952,0.00235,0.02814,0.0016
34.2000,JELLY_A,0.1512,1.7345,1.00,J_PULSE_CRUISE,14.10,0.0347,0.128,1.1225,2.2730,-3.3608,0.00185,0.00804,0.00628,0.03834,0.3637
34.2000,JELLY_B,0.2579,-0.0204,0.05,J_DRIFT_IDLE,21.69,0.0331,0.000,1.4957,3.1132,-3.6870,0.00140,0.00699,0.00468,0.04069,0.0452
34.2000,JELLY_C,0.0394,1.8741,1.00,J_PULSE_CRUISE,11.97,0.0037,0.121,0.5446,3.7425,-3.7960,0.00153,0.00946,0.00232,0.02821,0.0061
34.2333,JELLY_A,0.1618,1.4110,1.00,J_PULSE_CRUISE,14.15,0.0365,0.128,1.1226,2.2732,-3.3606,0.00184,0.00801,0.00625,0.03832,0.4278
34.2333,JELLY_B,0.2700,-0.0244,0.05,J_DRIFT_IDLE,21.62,0.0330,0.000,1.4957,3.1135,-3.6868,0.00139,0.00689,0.00463,0.04069,0.0466
34.2333,JELLY_C,0.0531,2.3925,1.00,J_PULSE_CRUISE,11.97,0.0023,0.121,0.5446,3.7428,-3.7960,0.00153,0.00947,0.00230,0.02825,0.0160
34.2667,JELLY_A,0.1724,1.0488,1.00,J_PULSE_CRUISE,14.22,0.0375,0.128,1.1227,2.2735,-3.3604,0.00183,0.00796,0.00622,0.03830,0.4934
34.2667,JELLY_B,0.2822,-0.0282,0.05,J_DRIFT_IDLE,21.56,0.0329,0.000,1.4958,3.1137,-3.6867,0.00138,0.00680,0.00458,0.04069,0.0475
34.2667,JELLY_C,0.0668,2.8002,1.00,J_PULSE_CRUISE,11.97,0.0047,0.121,0.5447,3.7431,-3.7959,0.00154,0.00955,0.00230,0.02826,0.0336
34.3000,JELLY_A,0.1830,0.6577,1.00,J_PULSE_CRUISE,14.28,0.0377,0.128,1.1227,2.2738,-3.3602,0.00181,0.00788,0.00618,0.03827,0.5589
34.3000,JELLY_B,0.2943,-0.0319,0.05,J_DRIFT_IDLE,21.50,0.0328,0.000,1.4958,3.1139,-3.6865,0.00137,0.00670,0.00453,0.04069,0.0481
34.3000,JELLY_C,0.0805,3.0785,1.00,J_PULSE_CRUISE,11.98,0.0086,0.121,0.5447,3.7434,-3.7958,0.00156,0.00970,0.00231,0.02825,0.0608
34.3333,JELLY_A,0.1937,0.2487,1.00,J_PULSE_CRUISE,14.34,0.0369,0.128,1.1228,2.2740,-3.3600,0.00179,0.00779,0.00613,0.03825,0.6226
34.3333,JELLY_B,0.3064,-0.0355,0.05,J_DRIFT_IDLE,21.43,0.0326,0.000,1.4959,3.1142,-3.6864,0.00136,0.00660,0.00449,0.04069,0.0484
34.3333,JELLY_C,0.0942,3.2146,1.00,J_PULSE_CRUISE,12.00,0.0129,0.121,0.5448,3.7437,-3.7957,0.00158,0.00988,0.00233,0.02823,0.0988
34.3667,JELLY_A,0.2043,-0.0267,1.00,J_PULSE_CRUISE,14.40,0.0354,0.128,1.1229,2.2743,-3.3598,0.00176,0.00769,0.00609,0.03823,0.6831
34.3667,JELLY_B,0.3186,-0.0388,0.05,J_DRIFT_IDLE,21.37,0.0325,0.000,1.4959,3.1144,-3.6862,0.00135,0.00651,0.00444,0.04069,0.0483
34.3667,JELLY_C,0.1079,3.2023,1.00,J_PULSE_CRUISE,12.02,0.0172,0.121,0.5448,3.7441,-3.7957,0.00160,0.01007,0.00234,0.02821,0.1482
34.4000,JELLY_A,0.2149,-0.0931,1.00,J_PULSE_CRUISE,14.46,0.0339,0.128,1.1229,2.2745,-3.3596,0.00174,0.00759,0.00604,0.03821,0.7389
34.4000,JELLY_B,0.3307,-0.0418,0.05,J_DRIFT_IDLE,21.31,0.0324,0.000,1.4960,3.1146,-3.6861,0.00133,0.00641,0.00440,0.04069,0.0480
34.4000,JELLY_C,0.1216,3.0424,1.00,J_PULSE_CRUISE,12.06,0.0212,0.121,0.5449,3.7444,-3.7956,0.00161,0.01023,0.00236,0.02820,0.2085
34.4333,JELLY_A,0.2255,-0.1590,1.00,J_PULSE_CRUISE,14.52,0.0324,0.128,1.1230,2.2748,-3.3594,0.00172,0.00750,0.00600,0.03819,0.7890
34.4333,JELLY_B,0.3428,-0.0447,0.05,J_DRIFT_IDLE,21.25,0.0322,0.000,1.4960,3.1148,-3.6859,0.00132,0.00632,0.00435,0.04069,0.0475
34.4333,JELLY_C,0.1353,2.7424,1.00,J_PULSE_CRUISE,12.10,0.0247,0.121,0.5449,3.7448,-3.7955,0.00163,0.01034,0.00236,0.02819,0.2785
34.4667,JELLY_A,0.2360,-0.2242,1.00,J_PULSE_CRUISE,14.57,0.0309,0.128,1.1230,2.2750,-3.3592,0.00170,0.00740,0.00596,0.03817,0.8328
34.4667,JELLY_B,0.3550,-0.0472,0.05,J_DRIFT_IDLE,21.19,0.0321,0.000,1.4961,3.1150,-3.6858,0.00131,0.00623,0.00431,0.04068,0.0468
34.4667,JELLY_C,0.1490,2.3163,1.00,J_PULSE_CRUISE,12.15,0.0275,0.121,0.5450,3.7451,-3.7954,0.00163,0.01038,0.00234,0.02818,0.3562
34.5000,JELLY_A,0.2466,-0.2883,1.00,J_PULSE_CRUISE,14.62,0.0295,0.128,1.1231,2.2753,-3.3590,0.00168,0.00731,0.00591,0.03816,0.8701
34.5000,JELLY_B,0.3671,-0.0495,0.05,J_DRIFT_IDLE,21.13,0.0320,0.000,1.4961,3.1152,-3.6857,0.00130,0.00614,0.00427,0.04066,0.0458
34.5000,JELLY_C,0.1627,1.7838,1.00,J_PULSE_CRUISE,12.20,0.0294,0.121,0.5450,3.7454,-3.7953,0.00163,0.01034,0.00232,0.02817,0.4389
34.5333,JELLY_A,0.2572,-0.3511,1.00,J_PULSE_CRUISE,14.67,0.0281,0.128,1.1231,2.2755,-3.3588,0.00166,0.00721,0.00587,0.03814,0.9010
34.5333,JELLY_B,0.3792,-0.0516,0.05,J_DRIFT_IDLE,21.07,0.0319,0.000,1.4961,3.1154,-3.6855,0.00129,0.00605,0.00422,0.04064,0.0448
34.5333,JELLY_C,0.1764,1.1695,1.00,J_PULSE_CRUISE,12.26,0.0303,0.121,0.5451,3.7458,-3.7953,0.00162,0.01024,0.00228,0.02816,0.5236
34.5667,JELLY_A,0.2678,-0.4123,1.00,J_PULSE_CRUISE,14.71,0.0268,0.128,1.1232,2.2758,-3.3586,0.00164,0.00712,0.00583,0.03813,0.9255
34.5667,JELLY_B,0.3913,-0.0533,0.05,J_DRIFT_IDLE,21.00,0.0318,0.000,1.4962,3.1156,-3.6854,0.00128,0.00596,0.00418,0.04061,0.0435
34.5667,JELLY_C,0.1901,0.5017,1.00,J_PULSE_CRUISE,12.31,0.0301,0.121,0.5451,3.7461,-3.7952,0.00161,0.01009,0.00223,0.02815,0.6069
34.6000,JELLY_A,0.2784,-0.4717,1.00,J_PULSE_CRUISE,14.76,0.0255,0.128,1.1232,2.2760,-3.3584,0.00162,0.00703,0.00579,0.03812,0.9441
34.6000,JELLY_B,0.4034,-0.0547,0.05,J_DRIFT_IDLE,20.94,0.0316,0.000,1.4962,3.1158,-3.6852,0.00127,0.00587,0.00414,0.04057,0.0422
34.6000,JELLY_C,0.2037,-0.0302,1.00,J_PULSE_CRUISE,12.37,0.0290,0.121,0.5452,3.7465,-3.7951,0.00160,0.00992,0.00218,0.02813,0.6853
34.6333,JELLY_A,0.2890,-0.5289,1.00,J_PULSE_CRUISE,14.80,0.0242,0.128,1.1233,2.2762,-3.3582,0.00160,0.00694,0.00575,0.03809,0.9569
34.6333,JELLY_B,0.4156,-0.0557,0.05,J_DRIFT_IDLE,20.88,0.0315,0.000,1.4963,3.1160,-3.6851,0.00126,0.00579,0.00410,0.04053,0.0408
34.6333,JELLY_C,0.2174,-0.1407,1.00,J_PULSE_CRUISE,12.42,0.0276,0.121,0.5452,3.7468,-3.7951,0.00159,0.00975,0.00213,0.02811,0.7559
34.6667,JELLY_A,0.2996,-0.5837,1.00,J_PULSE_CRUISE,14.84,0.0230,0.128,1.1234,2.2765,-3.3580,0.00158,0.00685,0.00571,0.03798,0.9646
34.6667,JELLY_B,0.4277,-0.0565,0.05,J_DRIFT_IDLE,20.82,0.0314,0.000,1.4963,3.1162,-3.6850,0.00125,0.00570,0.00406,0.04048,0.0392
34.6667,JELLY_C,0.2311,-0.2500,1.00,J_PULSE_CRUISE,12.47,0.0263,0.121,0.5453,3.7471,-3.7950,0.00157,0.00959,0.00208,0.02810,0.8166
34.7000,JELLY_A,0.3101,-0.6359,1.00,J_PULSE_CRUISE,14.87,0.0218,0.128,1.1234,2.2767,-3.3578,0.00156,0.00676,0.00567,0.03774,0.9674
34.7000,JELLY_B,0.4398,-0.0569,0.05,J_DRIFT_IDLE,20.76,0.0313,0.000,1.4964,3.1164,-3.6848,0.00124,0.00562,0.00402,0.04044,0.0376
34.7000,JELLY_C,0.2447,-0.3575,1.00,J_PULSE_CRUISE,12.52,0.0250,0.121,0.5453,3.7474,-3.7949,0.00156,0.00943,0.00203,0.02808,0.8665
34.7333,JELLY_A,0.3207,-0.6853,1.00,J_PULSE_CRUISE,14.90,0.0207,0.128,1.1235,2.2769,-3.3576,0.00154,0.00668,0.00563,0.03735,0.9659
34.7333,JELLY_B,0.4519,-0.0570,0.05,J_DRIFT_IDLE,20.70,0.0312,0.000,1.4964,3.1166,-3.6847,0.00123,0.00554,0.00399,0.04040,0.0359
34.7333,JELLY_C,0.2584,-0.4622,1.00,J_PULSE_CRUISE,12.57,0.0238,0.121,0.5454,3.7477,-3.7948,0.00155,0.00927,0.00199,0.02807,0.9057
34.7667,JELLY_A,0.3313,-0.7316,1.00,J_PULSE_CRUISE,14.94,0.0196,0.128,1.1235,2.2771,-3.3574,0.00152,0.00659,0.00559,0.03680,0.9605
34.7667,JELLY_B,0.4640,-0.0568,0.05,J_DRIFT_IDLE,20.64,0.0311,0.000,1.4964,3.1168,-3.6846,0.00122,0.00546,0.00395,0.04035,0.0341
34.7667,JELLY_C,0.2721,-0.5635,1.00,J_PULSE_CRUISE,12.61,0.0226,0.121,0.5455,3.7480,-3.7948,0.00154,0.00912,0.00194,0.02806,0.9345
34.8000,JELLY_A,0.3418,-0.7747,1.00,J_PULSE_CRUISE,14.97,0.0185,0.128,1.1236,2.2773,-3.3573,0.00150,0.00650,0.00555,0.03610,0.9515
34.8000,JELLY_B,0.4761,-0.0562,0.05,J_DRIFT_IDLE,20.59,0.0310,0.000,1.4965,3.1169,-3.6844,0.00121,0.00538,0.00391,0.04031,0.0324
34.8000,JELLY_C,0.2857,-0.6605,1.00,J_PULSE_CRUISE,12.65,0.0215,0.121,0.5455,3.7483,-3.7947,0.00153,0.00897,0.00189,0.02805,0.9536
34.8333,JELLY_A,0.3524,-0.8143,1.00,J_PULSE_CRUISE,14.99,0.0175,0.128,1.1236,2.2776,-3.3571,0.00148,0.00642,0.00552,0.03528,0.9392
34.8333,JELLY_B,0.4882,-0.0554,0.05,J_DRIFT_IDLE,20.53,0.0309,0.000,1.4965,3.1171,-3.6843,0.00121,0.00530,0.00388,0.04028,0.0305
34.8333,JELLY_C,0.2994,-0.7527,1.00,J_PULSE_CRUISE,12.69,0.0203,0.121,0.5456,3.7486,-3.7947,0.00152,0.00882,0.00185,0.02804,0.9639
34.8667,JELLY_A,0.3630,-0.8503,1.00,J_PULSE_CRUISE,15.02,0.0165,0.128,1.1237,2.2778,-3.3569,0.00146,0.00634,0.00548,0.03434,0.9242
34.8667,JELLY_B,0.5003,-0.0542,0.05,J_DRIFT_IDLE,20.47,0.0308,0.000,1.4966,3.1173,-3.6842,0.00120,0.00522,0.00385,0.04025,0.0287
34.8667,JELLY_C,0.3131,-0.8392,1.00,J_PULSE_CRUISE,12.73,0.0192,0.121,0.5456,3.7489,-3.7946,0.00151,0.00867,0.00181,0.02804,0.9662
34.9000,JELLY_A,0.3735,-0.8825,1.00,J_PULSE_CRUISE,15.04,0.0156,0.128,1.1237,2.2780,-3.3567,0.00144,0.00625,0.00544,0.03332,0.9065
34.9000,JELLY_B,0.5124,-0.0527,0.05,J_DRIFT_IDLE,20.41,0.0306,0.000,1.4966,3.1175,-3.6840,0.00119,0.00515,0.00381,0.04023,0.0268
34.9000,JELLY_C,0.3267,-0.9195,1.00,J_PULSE_CRUISE,12.76,0.0182,0.121,0.5457,3.7492,-3.7945,0.00150,0.00853,0.00177,0.02804,0.9616
34.9333,JELLY_A,0.3841,-0.9108,1.00,J_PULSE_CRUISE,15.07,0.0147,0.128,1.1237,2.2782,-3.3565,0.00142,0.00617,0.00541,0.03224,0.8866
34.9333,JELLY_B,0.5244,-0.0508,0.05,J_DRIFT_IDLE,20.35,0.0305,0.000,1.4966,3.1176,-3.6839,0.00118,0.00508,0.00378,0.04022,0.0249
34.9333,JELLY_C,0.3404,-0.9930,1.00,J_PULSE_CRUISE,12.79,0.0171,0.121,0.5457,3.7495,-3.7945,0.00149,0.00838,0.00172,0.02803,0.9509
34.9667,JELLY_A,0.3946,-0.9351,1.00,J_PULSE_CRUISE,15.09,0.0138,0.128,1.1238,2.2784,-3.3563,0.00140,0.00609,0.00537,0.03114,0.8647
34.9667,JELLY_B,0.5365,-0.0487,0.05,J_DRIFT_IDLE,20.29,0.0304,0.000,1.4967,3.1178,-3.6838,0.00117,0.00501,0.00375,0.04022,0.0231
34.9667,JELLY_C,0.3540,-1.0591,1.00,J_PULSE_CRUISE,12.83,0.0161,0.121,0.5458,3.7498,-3.7944,0.00148,0.00824,0.00168,0.02803,0.9348
35.0000,JELLY_A,0.4052,-0.9553,1.00,J_PULSE_CRUISE,15.10,0.0129,0.128,1.1238,2.2786,-3.3562,0.00138,0.00601,0.00534,0.03004,0.8409
35.0000,JELLY_B,0.5486,-0.0463,0.05,J_DRIFT_IDLE,20.23,0.0303,0.000,1.4967,3.1180,-3.6837,0.00116,0.00494,0.00372,0.04022,0.0212
35.0000,JELLY_C,0.3677,-1.1174,1.00,J_PULSE_CRUISE,12.85,0.0152,0.121,0.5458,3.7500,-3.7944,0.00147,0.00810,0.00165,0.02801,0.9142
35.0333,JELLY_A,0.4157,-0.9712,1.00,J_PULSE_CRUISE,15.12,0.0121,0.128,1.1239,2.2788,-3.3560,0.00137,0.00594,0.00530,0.02897,0.8156
35.0333,JELLY_B,0.5607,-0.0437,0.05,J_DRIFT_IDLE,20.18,0.0302,0.000,1.4967,3.1181,-3.6835,0.00116,0.00487,0.00369,0.04022,0.0194
35.0333,JELLY_C,0.3813,-1.1675,1.00,J_PULSE_CRUISE,12.88,0.0142,0.121,0.5459,3.7503,-3.7943,0.00146,0.00797,0.00161,0.02794,0.8895
35.0667,JELLY_A,0.4263,-0.9829,1.00,J_PULSE_CRUISE,15.14,0.0114,0.128,1.1239,2.2790,-3.3558,0.00135,0.00587,0.00527,0.02798,0.7888
35.0667,JELLY_B,0.5728,-0.0408,0.05,J_DRIFT_IDLE,20.12,0.0301,0.000,1.4968,3.1183,-3.6834,0.00115,0.00481,0.00366,0.04022,0.0176
35.0667,JELLY_C,0.3949,-1.2090,1.00,J_PULSE_CRUISE,12.91,0.0133,0.121,0.5459,3.7506,-3.7943,0.00145,0.00783,0.00157,0.02777,0.8613
35.1000,JELLY_A,0.4368,-0.9903,1.00,J_PULSE_CRUISE,15.15,0.0107,0.128,1.1240,2.2792,-3.3556,0.00133,0.00581,0.00524,0.02707,0.7608
35.1000,JELLY_B,0.5849,-0.0377,0.05,J_DRIFT_IDLE,20.06,0.0300,0.000,1.4968,3.1184,-3.6833,0.00114,0.00474,0.00363,0.04023,0.0158
35.1000,JELLY_C,0.4086,-1.2415,1.00,J_PULSE_CRUISE,12.93,0.0124,0.121,0.5459,3.7508,-3.7942,0.00144,0.00771,0.00153,0.02747,0.8302
35.1333,JELLY_A,0.4474,-0.9933,1.00,J_PULSE_CRUISE,15.16,0.0100,0.128,1.1240,2.2794,-3.3555,0.00132,0.00576,0.00521,0.02629,0.7317
35.1333,JELLY_B,0.5969,-0.0343,0.05,J_DRIFT_IDLE,20.00,0.0299,0.000,1.4969,3.1186,-3.6832,0.00113,0.00468,0.00360,0.04023,0.0142
35.1333,JELLY_C,0.4222,-1.2650,1.00,J_PULSE_CRUISE,12.95,0.0116,0.121,0.5460,3.7511,-3.7942,0.00143,0.00759,0.00150,0.02705,0.7965
35.1667,JELLY_A,0.4579,-0.9919,1.00,J_PULSE_CRUISE,15.17,0.0093,0.128,1.1241,2.2796,-3.3553,0.00131,0.00573,0.00519,0.02566,0.7016
35.1667,JELLY_B,0.6090,-0.0308,0.05,J_DRIFT_IDLE,19.95,0.0298,0.000,1.4969,3.1188,-3.6831,0.00113,0.00462,0.00357,0.04024,0.0125
35.1667,JELLY_C,0.4358,-1.2791,1.00,J_PULSE_CRUISE,12.97,0.0107,0.121,0.5460,3.7513,-3.7941,0.00142,0.00749,0.00147,0.02651,0.7607
35.2000,JELLY_A,0.4685,-0.9863,1.00,J_PULSE_CRUISE,15.18,0.0087,0.128,1.1241,2.2798,-3.3551,0.00130,0.00570,0.00517,0.02518,0.6708
35.2000,JELLY_B,0.6211,-0.0271,0.05,J_DRIFT_IDLE,19.89,0.0297,0.000,1.4969,3.1189,-3.6829,0.00112,0.00455,0.00355,0.04025,0.0110
35.2000,JELLY_C,0.4494,-1.2839,1.00,J_PULSE_CRUISE,12.99,0.0099,0.121,0.5461,3.7516,-3.7941,0.00142,0.00742,0.00145,0.02588,0.7230
35.2333,JELLY_A,0.4790,-0.9763,1.00,J_PULSE_CRUISE,15.19,0.0082,0.128,1.1242,2.2799,-3.3549,0.00129,0.00569,0.00515,0.02488,0.6394
35.2333,JELLY_B,0.6331,-0.0232,0.05,J_DRIFT_IDLE,19.83,0.0296,0.000,1.4970,3.1191,-3.6828,0.00111,0.00449,0.00352,0.04026,0.0095
35.2333,JELLY_C,0.4631,-1.2793,1.00,J_PULSE_CRUISE,13.01,0.0092,0.121,0.5461,3.7518,-3.7940,0.00142,0.00737,0.00143,0.02519,0.6839
35.2667,JELLY_A,0.4895,-0.9620,1.00,J_PULSE_CRUISE,15.20,0.0077,0.128,1.1242,2.2801,-3.3548,0.00128,0.00570,0.00514,0.02475,0.6074
35.2667,JELLY_B,0.6452,-0.0192,0.05,J_DRIFT_IDLE,19.78,0.0295,0.000,1.4970,3.1192,-3.6827,0.00111,0.00443,0.00349,0.04028,0.0081
35.2667,JELLY_C,0.4767,-1.2653,1.00,J_PULSE_CRUISE,13.02,0.0084,0.121,0.5462,3.7521,-3.7940,0.00142,0.00735,0.00141,0.02446,0.6435
35.3000,JELLY_A,0.5001,-0.9435,1.00,J_PULSE_CRUISE,15.20,0.0073,0.128,1.1242,2.2803,-3.3546,0.00128,0.00571,0.00513,0.02472,0.5751
35.3000,JELLY_B,0.6572,-0.0151,0.05,J_DRIFT_IDLE,19.72,0.0294,0.000,1.4970,3.1194,-3.6826,0.00110,0.00437,0.00346,0.04029,0.0068
35.3000,JELLY_C,0.4903,-1.2421,1.00,J_PULSE_CRUISE,13.04,0.0077,0.121,0.5462,3.7523,-3.7939,0.00143,0.00735,0.00141,0.02373,0.6023
35.3333,JELLY_A,0.5106,-0.9210,1.00,J_PULSE_CRUISE,15.20,0.0069,0.128,1.1243,2.2805,-3.3544,0.00128,0.00575,0.00512,0.02476,0.5426
35.3333,JELLY_B,0.6693,-0.0109,0.05,J_DRIFT_IDLE,19.66,0.0293,0.000,1.4971,3.1195,-3.6825,0.00109,0.00430,0.00344,0.04030,0.0056
35.3333,JELLY_C,0.5039,-1.2098,1.00,J_PULSE_CRUISE,13.05,0.0070,0.121,0.5463,3.7526,-3.7939,0.00143,0.00739,0.00141,0.02303,0.5605
35.3667,JELLY_A,0.5211,-0.8944,1.00,J_PULSE_CRUISE,15.21,0.0066,0.128,1.1243,2.2807,-3.3543,0.00127,0.00579,0.00511,0.02485,0.5100
35.3667,JELLY_B,0.6814,-0.0066,0.05,J_DRIFT_IDLE,19.61,0.0292,0.000,1.4971,3.1196,-3.6824,0.00108,0.00424,0.00341,0.04032,0.0046
35.3667,JELLY_C,0.5175,-1.1687,1.00,J_PULSE_CRUISE,13.06,0.0063,0.121,0.5463,3.7528,-3.7938,0.00144,0.00746,0.00141,0.02241,0.5185
35.4000,JELLY_A,0.5316,-0.8639,1.00,J_PULSE_CRUISE,15.21,0.0063,0.128,1.1244,2.2809,-3.3541,0.00128,0.00585,0.00511,0.02498,0.4774
35.4000,JELLY_B,0.6934,-0.0023,0.05,J_DRIFT_IDLE,19.55,0.0291,0.000,1.4972,3.1198,-3.6823,0.00108,0.00418,0.00339,0.04033,0.0036
35.4000,JELLY_C,0.5311,-1.1191,1.00,J_PULSE_CRUISE,13.07,0.0057,0.121,0.5464,3.7531,-3.7938,0.00146,0.00756,0.00142,0.02188,0.4764
35.4333,JELLY_A,0.5421,-0.8297,1.00,J_PULSE_CRUISE,15.21,0.0062,0.128,1.1244,2.2811,-3.3539,0.00128,0.00592,0.00511,0.02514,0.4450
35.4333,JELLY_B,0.7055,0.0000,0.05,J_DRIFT_IDLE,19.50,0.0291,0.000,1.4972,3.1199,-3.6821,0.00107,0.00412,0.00336,0.04035,0.0028
35.4333,JELLY_C,0.5447,-1.0614,1.00,J_PULSE_CRUISE,13.08,0.0051,0.121,0.5464,3.7533,-3.7937,0.00147,0.00768,0.00144,0.02148,0.4346
35.4667,JELLY_A,0.5527,-0.7919,1.00,J_PULSE_CRUISE,15.21,0.0060,0.128,1.1245,2.2813,-3.3538,0.00128,0.00599,0.00511,0.02534,0.4129
35.4667,JELLY_B,0.7175,0.0000,0.05,J_DRIFT_IDLE,19.44,0.0290,0.000,1.4972,3.1201,-3.6820,0.00106,0.00407,0.00334,0.04037,0.0021
35.4667,JELLY_C,0.5583,-0.9959,1.00,J_PULSE_CRUISE,13.09,0.0045,0.121,0.5465,3.7536,-3.7937,0.00149,0.00782,0.00146,0.02123,0.3934
35.5000,JELLY_A,0.5632,-0.7507,1.00,J_PULSE_CRUISE,15.20,0.0060,0.128,1.1245,2.2815,-3.3536,0.00129,0.00608,0.00511,0.02557,0.3812
35.5000,JELLY_B,0.7296,0.0000,0.05,J_DRIFT_IDLE,19.39,0.0289,0.000,1.4973,3.1202,-3.6819,0.00106,0.00401,0.00331,0.04039,0.0015
35.5000,JELLY_C,0.5719,-0.9233,1.00,J_PULSE_CRUISE,13.10,0.0040,0.121,0.5465,3.7538,-3.7936,0.00151,0.00798,0.00149,0.02112,0.3530
35.5333,JELLY_A,0.5737,-0.7062,1.00,J_PULSE_CRUISE,15.20,0.0060,0.128,1.1245,2.2817,-3.3534,0.00129,0.00618,0.00512,0.02583,0.3501
35.5333,JELLY_B,0.7416,0.0000,0.05,J_DRIFT_IDLE,19.33,0.0288,0.000,1.4973,3.1203,-3.6818,0.00105,0.00395,0.00329,0.04040,0.0010
35.5333,JELLY_C,0.5855,-0.8439,1.00,J_PULSE_CRUISE,13.10,0.0035,0.121,0.5466,3.7541,-3.7936,0.00153,0.00815,0.00151,0.02110,0.3138
35.5667,JELLY_A,0.5842,-0.6587,1.00,J_PULSE_CRUISE,15.20,0.0061,0.128,1.1246,2.2819,-3.3532,0.00130,0.00628,0.00513,0.02611,0.3197
35.5667,JELLY_B,0.7536,0.0000,0.05,J_DRIFT_IDLE,19.28,0.0287,0.000,1.4973,3.1205,-3.6817,0.00104,0.00389,0.00326,0.04042,0.0006
35.5667,JELLY_C,0.5991,-0.7585,1.00,J_PULSE_CRUISE,13.10,0.0030,0.121,0.5466,3.7544,-3.7935,0.00155,0.00832,0.00154,0.02114,0.2760
35.6000,JELLY_A,0.5947,-0.6083,1.00,J_PULSE_CRUISE,15.19,0.0062,0.128,1.1246,2.2821,-3.3531,0.00131,0.00638,0.00513,0.02642,0.2901
35.6000,JELLY_B,0.7657,0.0000,0.05,J_DRIFT_IDLE,19.22,0.0286,0.000,1.4974,3.1206,-3.6816,0.00104,0.00383,0.00324,0.04044,0.0004
35.6000,JELLY_C,0.6127,-0.6676,1.00,J_PULSE_CRUISE,13.11,0.0027,0.121,0.5467,3.7547,-3.7935,0.00157,0.00850,0.00156,0.02122,0.2398
35.6333,JELLY_A,0.6052,-0.5553,1.00,J_PULSE_CRUISE,15.19,0.0063,0.128,1.1247,2.2823,-3.3529,0.00131,0.00648,0.00514,0.02675,0.2615
35.6333,JELLY_B,0.7777,0.0000,0.05,J_DRIFT_IDLE,19.17,0.0285,0.000,1.4974,3.1207,-3.6815,0.00103,0.00377,0.00322,0.04046,0.0001
35.6333,JELLY_C,0.6263,-0.5720,1.00,J_PULSE_CRUISE,13.11,0.0024,0.121,0.5467,3.7550,-3.7934,0.00159,0.00867,0.00159,0.02133,0.2056
35.6667,JELLY_A,0.6157,-0.5000,1.00,J_PULSE_CRUISE,15.18,0.0065,0.128,1.1247,2.2826,-3.3527,0.00132,0.00658,0.00514,0.02710,0.2339
35.6667,JELLY_B,0.7897,0.0000,0.05,J_DRIFT_IDLE,19.11,0.0284,0.000,1.4974,3.1208,-3.6814,0.00102,0.00371,0.00319,0.04048,-0.0000
35.6667,JELLY_C,0.6398,-0.4722,1.00,J_PULSE_CRUISE,13.11,0.0023,0.121,0.5468,3.7552,-3.7934,0.00161,0.00883,0.00161,0.02147,0.1735
35.7000,JELLY_A,0.6262,-0.4425,1.00,J_PULSE_CRUISE,15.17,0.0067,0.128,1.1248,2.2828,-3.3526,0.00133,0.00668,0.00515,0.02747,0.2075
35.7000,JELLY_B,0.8018,0.0000,0.05,J_DRIFT_IDLE,19.06,0.0283,0.000,1.4975,3.1210,-3.6813,0.00102,0.00365,0.00317,0.04050,-0.0001
35.7000,JELLY_C,0.6534,-0.3691,1.00,J_PULSE_CRUISE,13.11,0.0023,0.121,0.5468,3.7555,-3.7933,0.00163,0.00900,0.00164,0.02164,0.1438
35.7333,JELLY_A,0.6367,-0.3831,1.00,J_PULSE_CRUISE,15.16,0.0069,0.128,1.1248,2.2830,-3.3524,0.00133,0.00678,0.00515,0.02786,0.1823
35.7333,JELLY_B,0.8138,0.0000,0.05,J_DRIFT_IDLE,19.00,0.0282,0.000,1.4975,3.1211,-3.6812,0.00101,0.00359,0.00314,0.04052,-0.0002
35.7333,JELLY_C,0.6670,-0.2634,1.00,J_PULSE_CRUISE,13.11,0.0024,0.121,0.5469,3.7558,-3.7933,0.00165,0.00916,0.00166,0.02183,0.1167
35.7667,JELLY_A,0.6472,-0.3221,1.00,J_PULSE_CRUISE,15.15,0.0072,0.128,1.1248,2.2832,-3.3522,0.00134,0.00688,0.00516,0.02826,0.1586
35.7667,JELLY_B,0.8258,0.0000,0.05,J_DRIFT_IDLE,18.95,0.0281,0.000,1.4975,3.1212,-3.6811,0.00100,0.00354,0.00312,0.04054,-0.0002
35.7667,JELLY_C,0.6806,-0.1558,1.00,J_PULSE_CRUISE,13.11,0.0026,0.121,0.5470,3.7562,-3.7932,0.00167,0.00932,0.00168,0.02204,0.0924
35.8000,JELLY_A,0.6577,-0.2598,1.00,J_PULSE_CRUISE,15.14,0.0074,0.128,1.1249,2.2835,-3.3520,0.00134,0.00698,0.00516,0.02868,0.1363
35.8000,JELLY_B,0.8378,0.0000,0.05,J_DRIFT_IDLE,18.90,0.0281,0.000,1.4976,3.1213,-3.6810,0.00100,0.00348,0.00310,0.04056,-0.0002
35.8000,JELLY_C,0.6941,-0.0472,1.00,J_PULSE_CRUISE,13.10,0.0028,0.121,0.5470,3.7565,-3.7931,0.00169,0.00948,0.00170,0.02227,0.0711
35.8333,JELLY_A,0.6682,-0.1963,1.00,J_PULSE_CRUISE,15.13,0.0077,0.128,1.1249,2.2837,-3.3519,0.00135,0.00708,0.00516,0.02911,0.1157
35.8333,JELLY_B,0.8499,0.0000,0.05,J_DRIFT_IDLE,18.84,0.0280,0.000,1.4976,3.1214,-3.6809,0.00099,0.00342,0.00308,0.04057,-0.0002
35.8333,JELLY_C,0.7077,0.0000,1.00,J_GLIDE,13.10,0.0031,0.121,0.5471,3.7568,-3.7931,0.00170,0.00963,0.00172,0.02251,0.0528
35.8667,JELLY_A,0.6787,-0.1321,1.00,J_PULSE_CRUISE,15.12,0.0080,0.128,1.1250,2.2839,-3.3517,0.00135,0.00717,0.00517,0.02955,0.0967
35.8667,JELLY_B,0.8619,0.0000,0.05,J_DRIFT_IDLE,18.79,0.0279,0.000,1.4976,3.1215,-3.6808,0.00098,0.00336,0.00305,0.04059,-0.0002
35.8667,JELLY_C,0.7212,0.0000,1.00,J_GLIDE,13.09,0.0035,0.121,0.5471,3.7571,-3.7930,0.00172,0.00977,0.00174,0.02277,0.0377
35.9000,JELLY_A,0.6891,-0.0673,1.00,J_PULSE_CRUISE,15.10,0.0083,0.128,1.1250,2.2842,-3.3515,0.00136,0.00727,0.00517,0.02999,0.0794
35.9000,JELLY_B,0.8739,0.0000,0.05,J_DRIFT_IDLE,18.74,0.0278,0.000,1.4977,3.1216,-3.6806,0.00098,0.00330,0.00303,0.04061,-0.0002
35.9000,JELLY_C,0.7348,0.0000,1.00,J_GLIDE,13.09,0.0038,0.121,0.5472,3.7574,-3.7930,0.00173,0.00990,0.00175,0.02304,0.0256
35.9333,JELLY_A,0.6996,-0.0023,1.00,J_PULSE_CRUISE,15.09,0.0085,0.128,1.1251,2.2844,-3.3514,0.00136,0.00736,0.00517,0.03045,0.0640
35.9333,JELLY_B,0.8859,0.0000,0.05,J_DRIFT_IDLE,18.68,0.0277,0.000,1.4977,3.1218,-3.6805,0.00097,0.00325,0.00301,0.04062,-0.0002
35.9333,JELLY_C,0.7483,0.0000,1.00,J_GLIDE,13.08,0.0041,0.121,0.5472,3.7578,-3.7929,0.00175,0.01001,0.00176,0.02333,0.0161
35.9667,JELLY_A,0.7101,0.0000,1.00,J_GLIDE,15.07,0.0088,0.128,1.1251,2.2847,-3.3512,0.00137,0.00745,0.00517,0.03091,0.0505
35.9667,JELLY_B,0.8979,0.0000,0.05,J_DRIFT_IDLE,18.63,0.0276,0.000,1.4977,3.1219,-3.6804,0.00096,0.00319,0.00299,0.04064,-0.0001
35.9667,JELLY_C,0.7619,0.0000,1.00,J_GLIDE,13.07,0.0045,0.121,0.5473,3.7581,-3.7929,0.00176,0.01012,0.00177,0.02363,0.0090
36.0000,JELLY_A,0.7206,0.0000,1.00,J_GLIDE,15.06,0.0091,0.128,1.1252,2.2849,-3.3510,0.00137,0.00753,0.00517,0.03137,0.0388
36.0000,JELLY_B,0.9099,0.0000,0.05,J_DRIFT_IDLE,18.58,0.0275,0.000,1.4978,3.1220,-3.6804,0.00096,0.00313,0.00297,0.04065,-0.0001
36.0000,JELLY_C,0.7754,0.0000,1.00,J_GLIDE,13.07,0.0048,0.121,0.5474,3.7585,-3.7928,0.00177,0.01022,0.00178,0.02393,0.0038
36.0333,JELLY_A,0.7311,0.0000,1.00,J_GLIDE,15.04,0.0094,0.128,1.1252,2.2852,-3.3508,0.00137,0.00761,0.00517,0.03183,0.0289
36.0333,JELLY_B,0.9219,0.0000,0.05,J_DRIFT_IDLE,18.53,0.0275,0.000,1.4978,3.1221,-3.6803,0.00095,0.00307,0.00294,0.04067,-0.0001
36.0333,JELLY_C,0.7890,0.0000,1.00,J_GLIDE,13.06,0.0052,0.121,0.5474,3.7588,-3.7927,0.00178,0.01030,0.00178,0.02424,0.0002
36.0667,JELLY_A,0.7415,0.0000,1.00,J_GLIDE,15.03,0.0097,0.128,1.1253,2.2854,-3.3507,0.00137,0.00769,0.00516,0.03230,0.0207
36.0667,JELLY_B,0.9339,0.0000,0.05,J_DRIFT_IDLE,18.47,0.0274,0.000,1.4978,3.1222,-3.6802,0.00094,0.00302,0.00292,0.04068,-0.0001
36.0667,JELLY_C,0.8025,0.0000,1.00,J_GLIDE,13.05,0.0055,0.121,0.5475,3.7591,-3.7927,0.00179,0.01038,0.00179,0.02456,-0.0021
36.1000,JELLY_A,0.7520,0.0000,1.00,J_GLIDE,15.01,0.0099,0.128,1.1253,2.2857,-3.3505,0.00137,0.00776,0.00516,0.03276,0.0140
36.1000,JELLY_B,0.9459,0.0000,0.05,J_DRIFT_IDLE,18.42,0.0273,0.000,1.4979,3.1223,-3.6801,0.00094,0.00296,0.00290,0.04069,-0.0001
36.1000,JELLY_C,0.8160,0.0000,1.00,J_GLIDE,13.04,0.0059,0.121,0.5475,3.7595,-3.7926,0.00180,0.01045,0.00179,0.02487,-0.0035
36.1333,JELLY_A,0.7625,0.0000,1.00,J_GLIDE,14.99,0.0102,0.128,1.1253,2.2859,-3.3503,0.00137,0.00783,0.00515,0.03321,0.0087
36.1333,JELLY_B,0.9579,0.0000,0.05,J_DRIFT_IDLE,18.37,0.0272,0.000,1.4979,3.1224,-3.6800,0.00093,0.00290,0.00288,0.04070,-0.0000
36.1333,JELLY_C,0.8296,0.0000,1.00,J_GLIDE,13.03,0.0062,0.121,0.5476,3.7598,-3.7926,0.00180,0.01051,0.00179,0.02519,-0.0041
36.1667,JELLY_A,0.7729,0.0000,1.00,J_GLIDE,14.97,0.0105,0.128,1.1254,2.2862,-3.3501,0.00137,0.00789,0.00515,0.03366,0.0045
36.1667,JELLY_B,0.9699,0.0000,0.05,J_DRIFT_IDLE,18.32,0.0271,0.000,1.4979,3.1225,-3.6799,0.00093,0.00285,0.00286,0.04071,-0.0000
36.1667,JELLY_C,0.8431,0.0000,1.00,J_GLIDE,13.01,0.0065,0.121,0.5477,3.7602,-3.7925,0.00181,0.01057,0.00178,0.02550,-0.0043
36.2000,JELLY_A,0.7834,0.0000,1.00,J_GLIDE,14.95,0.0107,0.128,1.1254,2.2865,-3.3500,0.00137,0.00795,0.00514,0.03410,0.0013
36.2000,JELLY_B,0.9819,0.0000,0.05,J_DRIFT_IDLE,18.27,0.0271,0.000,1.4980,3.1226,-3.6798,0.00092,0.00279,0.00284,0.04071,-0.0000
36.2000,JELLY_C,0.8566,0.0000,1.00,J_GLIDE,13.00,0.0068,0.121,0.5477,3.7605,-3.7924,0.00181,0.01061,0.00178,0.02581,-0.0041
36.2333,JELLY_A,0.7939,0.0000,1.00,J_GLIDE,14.93,0.0110,0.128,1.1255,2.2867,-3.3498,0.00137,0.00800,0.00513,0.03454,-0.0010
36.2333,JELLY_B,0.9939,0.0000,0.05,J_DRIFT_IDLE,18.21,0.0270,0.000,1.4980,3.1227,-3.6797,0.00091,0.00274,0.00282,0.04072,-0.0000
36.2333,JELLY_C,0.8701,0.0000,1.00,J_GLIDE,12.99,0.0071,0.121,0.5478,3.7609,-3.7924,0.00182,0.01065,0.00177,0.02611,-0.0038
36.2667,JELLY_A,0.8043,0.0000,1.00,J_GLIDE,14.91,0.0112,0.128,1.1255,2.2870,-3.3496,0.00137,0.00805,0.00512,0.03496,-0.0026
36.2667,JELLY_B,0.0059,0.2622,1.00,J_DESCEND,18.16,0.0271,0.173,1.4980,3.1227,-3.6796,0.00091,0.00265,0.00280,0.04073,0.0000
36.2667,JELLY_C,0.8836,0.0000,1.00,J_GLIDE,12.97,0.0074,0.121,0.5478,3.7613,-3.7923,0.00182,0.01068,0.00177,0.02640,-0.0033
36.3000,JELLY_A,0.8148,0.0000,1.00,J_GLIDE,14.89,0.0115,0.128,1.1256,2.2873,-3.3495,0.00136,0.00809,0.00511,0.03536,-0.0037
36.3000,JELLY_B,0.0179,0.7840,1.00,J_DESCEND,18.11,0.0285,0.173,1.4980,3.1228,-3.6795,0.00090,0.00255,0.00278,0.04074,0.0006
36.3000,JELLY_C,0.8971,0.0000,1.00,J_GLIDE,12.96,0.0077,0.121,0.5479,3.7616,-3.7923,0.00182,0.01070,0.00176,0.02668,-0.0028
36.3333,JELLY_A,0.8252,0.0000,1.00,J_GLIDE,14.87,0.0117,0.128,1.1256,2.2875,-3.3493,0.00136,0.00813,0.00510,0.03575,-0.0043
36.3333,JELLY_B,0.0299,1.2778,1.00,J_DESCEND,18.05,0.0312,0.173,1.4981,3.1229,-3.6794,0.00090,0.00249,0.00277,0.04075,0.0027
36.3333,JELLY_C,0.9106,0.0000,1.00,J_GLIDE,12.95,0.0080,0.121,0.5480,3.7620,-3.7922,0.00182,0.01072,0.00175,0.02695,-0.0023
36.3667,JELLY_A,0.8357,0.0000,1.00,J_GLIDE,14.85,0.0119,0.128,1.1257,2.2878,-3.3491,0.00136,0.00817,0.00508,0.03612,-0.0046
36.3667,JELLY_B,0.0419,1.7262,1.00,J_DESCEND,17.99,0.0349,0.173,1.4981,3.1230,-3.6793,0.00090,0.00246,0.00278,0.04075,0.0076
36.3667,JELLY_C,0.9241,0.0000,1.00,J_GLIDE,12.93,0.0083,0.121,0.5480,3.7623,-3.7921,0.00182,0.01073,0.00174,0.02720,-0.0018
36.4000,JELLY_A,0.8461,0.0000,1.00,J_GLIDE,14.83,0.0122,0.128,1.1257,2.2881,-3.3490,0.00135,0.00821,0.00507,0.03648,-0.0046
36.4000,JELLY_B,0.0539,2.1134,1.00,J_DESCEND,17.92,0.0397,0.173,1.4981,3.1231,-3.6792,0.00091,0.00248,0.00279,0.04074,0.0169
36.4000,JELLY_C,0.9376,0.0000,1.00,J_GLIDE,12.91,0.0085,0.121,0.5481,3.7627,-3.7921,0.00182,0.01074,0.00172,0.02744,-0.0014
36.4333,JELLY_A,0.8566,0.0000,1.00,J_GLIDE,14.80,0.0124,0.128,1.1258,2.2884,-3.3488,0.00135,0.00824,0.00505,0.03682,-0.0044
36.4333,JELLY_B,0.0658,2.4258,1.00,J_DESCEND,17.84,0.0452,0.173,1.4982,3.1232,-3.6791,0.00092,0.00255,0.00283,0.04074,0.0321
36.4333,JELLY_C,0.9511,0.0000,1.00,J_GLIDE,12.90,0.0088,0.121,0.5481,3.7630,-3.7920,0.00182,0.01074,0.00171,0.02766,-0.0010
36.4667,JELLY_A,0.8670,0.0000,1.00,J_GLIDE,14.78,0.0126,0.128,1.1258,2.2886,-3.3486,0.00134,0.00827,0.00504,0.03714,-0.0041
36.4667,JELLY_B,0.0778,2.6524,1.00,J_DESCEND,17.75,0.0512,0.173,1.4982,3.1232,-3.6790,0.00093,0.00266,0.00287,0.04073,0.0545
36.4667,JELLY_C,0.9646,0.0000,1.00,J_GLIDE,12.88,0.0091,0.121,0.5482,3.7634,-3.7920,0.00182,0.01073,0.00170,0.02786,-0.0007
36.5000,JELLY_A,0.8775,0.0000,1.00,J_GLIDE,14.76,0.0128,0.128,1.1258,2.2889,-3.3485,0.00133,0.00829,0.00502,0.03743,-0.0038
36.5000,JELLY_B,0.0898,2.7853,1.00,J_DESCEND,17.65,0.0575,0.173,1.4982,3.1233,-3.6789,0.00095,0.00281,0.00293,0.04073,0.0850
36.5000,JELLY_C,0.9781,0.0000,1.00,J_GLIDE,12.86,0.0093,0.121,0.5483,3.7638,-3.7919,0.00182,0.01072,0.00168,0.02804,-0.0005
36.5333,JELLY_A,0.8879,0.0000,1.00,J_GLIDE,14.73,0.0130,0.128,1.1259,2.2892,-3.3483,0.00133,0.00831,0.00500,0.03771,-0.0033
36.5333,JELLY_B,0.1018,2.8200,1.00,J_DESCEND,17.54,0.0638,0.173,1.4983,3.1234,-3.6788,0.00097,0.00296,0.00299,0.04072,0.1240
36.5333,JELLY_C,0.9916,0.0000,1.00,J_GLIDE,12.85,0.0095,0.121,0.5483,3.7641,-3.7919,0.00182,0.01071,0.00166,0.02820,-0.0003
36.5667,JELLY_A,0.8984,0.0000,1.00,J_GLIDE,14.71,0.0132,0.128,1.1259,2.2895,-3.3481,0.00132,0.00833,0.00499,0.03796,-0.0029
36.5667,JELLY_B,0.1137,2.7552,1.00,J_DESCEND,17.42,0.0699,0.173,1.4983,3.1235,-3.6787,0.00099,0.00311,0.00304,0.04072,0.1715
36.5667,JELLY_C,0.0051,0.0127,0.05,J_PAUSE_OPEN,12.83,0.0098,0.000,0.5484,3.7645,-3.7918,0.00180,0.01061,0.00163,0.02833,-0.0002
36.6000,JELLY_A,0.9088,0.0000,1.00,J_GLIDE,14.68,0.0134,0.128,1.1260,2.2897,-3.3480,0.00131,0.00835,0.00497,0.03818,-0.0025
36.6000,JELLY_B,0.1257,2.5933,1.00,J_DESCEND,17.28,0.0754,0.173,1.4983,3.1236,-3.6786,0.00100,0.00324,0.00309,0.04071,0.2270
36.6000,JELLY_C,0.0186,0.0456,0.05,J_PAUSE_OPEN,12.81,0.0100,0.000,0.5484,3.7648,-3.7918,0.00178,0.01043,0.00158,0.02840,-0.0000
36.6333,JELLY_A,0.9192,0.0000,1.00,J_GLIDE,14.66,0.0135,0.128,1.1260,2.2900,-3.3478,0.00130,0.00836,0.00495,0.03838,-0.0021
36.6333,JELLY_B,0.1377,2.3401,1.00,J_DESCEND,17.14,0.0802,0.173,1.4984,3.1238,-3.6785,0.00101,0.00332,0.00312,0.04071,0.2896
36.6333,JELLY_C,0.0320,0.0765,0.05,J_PAUSE_OPEN,12.79,0.0102,0.000,0.5485,3.7652,-3.7917,0.00177,0.01026,0.00154,0.02844,0.0002
36.6667,JELLY_A,0.9297,0.0000,1.00,J_GLIDE,14.63,0.0137,0.128,1.1261,2.2903,-3.3476,0.00129,0.00837,0.00493,0.03856,-0.0017
36.6667,JELLY_B,0.1496,2.0047,1.00,J_DESCEND,16.99,0.0841,0.173,1.4984,3.1239,-3.6784,0.00102,0.00336,0.00314,0.04071,0.3577
36.6667,JELLY_C,0.0455,0.1040,0.05,J_PAUSE_OPEN,12.77,0.0104,0.000,0.5486,3.7655,-3.7917,0.00175,0.01009,0.00149,0.02846,0.0005
36.7000,JELLY_A,0.9401,0.0000,1.00,J_GLIDE,14.60,0.0139,0.128,1.1261,2.2906,-3.3475,0.00128,0.00838,0.00491,0.03871,-0.0014
36.7000,JELLY_B,0.1616,1.5988,1.00,J_DESCEND,16.83,0.0868,0.173,1.4984,3.1240,-3.6783,0.00102,0.00335,0.00314,0.04071,0.4296
36.7000,JELLY_C,0.0590,0.1268,0.05,J_PAUSE_OPEN,12.75,0.0106,0.000,0.5486,3.7658,-3.7916,0.00173,0.00993,0.00145,0.02847,0.0012
36.7333,JELLY_A,0.9505,0.0000,1.00,J_GLIDE,14.58,0.0140,0.128,1.1261,2.2909,-3.3473,0.00128,0.00838,0.00489,0.03883,-0.0011
36.7333,JELLY_B,0.1736,1.1368,1.00,J_DESCEND,16.67,0.0883,0.173,1.4985,3.1241,-3.6782,0.00102,0.00330,0.00314,0.04070,0.5033
36.7333,JELLY_C,0.0724,0.1439,0.05,J_PAUSE_OPEN,12.73,0.0108,0.000,0.5487,3.7662,-3.7916,0.00171,0.00976,0.00140,0.02848,0.0022
36.7667,JELLY_A,0.9609,0.0000,1.00,J_GLIDE,14.55,0.0142,0.128,1.1262,2.2911,-3.3471,0.00127,0.00838,0.00487,0.03893,-0.0009
36.7667,JELLY_B,0.1855,0.6350,1.00,J_DESCEND,16.50,0.0885,0.173,1.4985,3.1242,-3.6781,0.00101,0.00321,0.00312,0.04070,0.5766
36.7667,JELLY_C,0.0859,0.1546,0.05,J_PAUSE_OPEN,12.71,0.0110,0.000,0.5487,3.7665,-3.7915,0.00170,0.00960,0.00136,0.02848,0.0037
36.8000,JELLY_A,0.9714,0.0000,1.00,J_GLIDE,14.52,0.0144,0.128,1.1262,2.2914,-3.3470,0.00126,0.00838,0.00485,0.03899,-0.0006
36.8000,JELLY_B,0.1975,0.1112,1.00,J_DESCEND,16.34,0.0873,0.173,1.4985,3.1243,-3.6780,0.00100,0.00310,0.00309,0.04070,0.6471
36.8000,JELLY_C,0.0993,0.1585,0.05,J_PAUSE_OPEN,12.69,0.0112,0.000,0.5488,3.7668,-3.7915,0.00168,0.00945,0.00132,0.02849,0.0058
36.8333,JELLY_A,0.9818,0.0000,1.00,J_GLIDE,14.50,0.0145,0.128,1.1263,2.2917,-3.3468,0.00125,0.00838,0.00482,0.03903,-0.0005
36.8333,JELLY_B,0.2094,-0.0668,1.00,J_DESCEND,16.18,0.0854,0.173,1.4986,3.1244,-3.6779,0.00099,0.00299,0.00307,0.04069,0.7127
36.8333,JELLY_C,0.1128,0.1552,0.05,J_PAUSE_OPEN,12.67,0.0113,0.000,0.5488,3.7671,-3.7914,0.00166,0.00929,0.00128,0.02849,0.0084
36.8667,JELLY_A,0.9922,0.0000,1.00,J_GLIDE,14.47,0.0146,0.128,1.1263,2.2920,-3.3466,0.00123,0.00838,0.00480,0.03906,-0.0003
36.8667,JELLY_B,0.2214,-0.1510,1.00,J_DESCEND,16.02,0.0834,0.173,1.4986,3.1245,-3.6778,0.00099,0.00287,0.00305,0.04069,0.7717
36.8667,JELLY_C,0.1262,0.1451,0.05,J_PAUSE_OPEN,12.65,0.0115,0.000,0.5489,3.7674,-3.7914,0.00165,0.00914,0.00124,0.02849,0.0115
36.9000,JELLY_A,0.0026,0.0051,0.05,J_PAUSE_OPEN,14.44,0.0148,0.000,1.1264,2.2923,-3.3465,0.00122,0.00832,0.00477,0.03907,-0.0002
36.9000,JELLY_B,0.2334,-0.2343,1.00,J_DESCEND,15.87,0.0816,0.173,1.4986,3.1246,-3.6777,0.00098,0.00276,0.00302,0.04069,0.8230
36.9000,JELLY_C,0.1397,0.1286,0.05,J_PAUSE_OPEN,12.62,0.0117,0.000,0.5490,3.7677,-3.7913,0.00163,0.00899,0.00120,0.02849,0.0151
36.9333,JELLY_A,0.0130,0.0250,0.05,J_PAUSE_OPEN,14.41,0.0149,0.000,1.1264,2.2925,-3.3463,0.00119,0.00823,0.00473,0.03908,-0.0001
36.9333,JELLY_B,0.2453,-0.3163,1.00,J_DESCEND,15.72,0.0798,0.173,1.4987,3.1247,-3.6776,0.00097,0.00265,0.00300,0.04069,0.8661
36.9333,JELLY_C,0.1531,0.1063,0.05,J_PAUSE_OPEN,12.60,0.0118,0.000,0.5490,3.7680,-3.7913,0.00161,0.00885,0.00116,0.02849,0.0190
36.9667,JELLY_A,0.0235,0.0442,0.05,J_PAUSE_OPEN,14.39,0.0150,0.000,1.1264,2.2928,-3.3462,0.00117,0.00813,0.00469,0.03908,0.0000
36.9667,JELLY_B,0.2573,-0.3964,1.00,J_DESCEND,15.57,0.0780,0.173,1.4987,3.1248,-3.6775,0.00096,0.00254,0.00298,0.04069,0.9010
36.9667,JELLY_C,0.1666,0.0794,0.05,J_PAUSE_OPEN,12.58,0.0120,0.000,0.5491,3.7683,-3.7913,0.00160,0.00870,0.00113,0.02849,0.0231
37.0000,JELLY_A,0.0339,0.0622,0.05,J_PAUSE_OPEN,14.36,0.0152,0.000,1.1265,2.2931,-3.3460,0.00115,0.00803,0.00464,0.03909,0.0002
37.0000,JELLY_B,0.2692,-0.4743,1.00,J_DESCEND,15.43,0.0763,0.173,1.4987,3.1249,-3.6774,0.00095,0.00243,0.00295,0.04069,0.9279
37.0000,JELLY_C,0.1800,0.0489,0.05,J_PAUSE_OPEN,12.56,0.0121,0.000,0.5491,3.7686,-3.7912,0.00158,0.00856,0.00109,0.02849,0.0273
37.0333,JELLY_A,0.0443,0.0786,0.05,J_PAUSE_OPEN,14.33,0.0153,0.000,1.1265,2.2933,-3.3459,0.00112,0.00793,0.00460,0.03909,0.0004
37.0333,JELLY_B,0.2811,-0.5495,1.00,J_DESCEND,15.29,0.0746,0.173,1.4988,3.1249,-3.6773,0.00095,0.00232,0.00293,0.04069,0.9472
37.0333,JELLY_C,0.1934,0.0163,0.05,J_PAUSE_OPEN,12.53,0.0123,0.000,0.5492,3.7689,-3.7912,0.00157,0.00842,0.00105,0.02850,0.0313
37.0667,JELLY_A,0.0547,0.0929,0.05,J_PAUSE_OPEN,14.30,0.0154,0.000,1.1265,2.2936,-3.3457,0.00110,0.00784,0.00456,0.03909,0.0009
37.0667,JELLY_B,0.2931,-0.6215,1.00,J_DESCEND,15.15,0.0730,0.173,1.4988,3.1250,-3.6772,0.00094,0.00221,0.00291,0.04069,0.9596
37.0667,JELLY_C,0.2068,-0.0027,0.05,J_PAUSE_OPEN,12.51,0.0124,0.000,0.5492,3.7692,-3.7912,0.00156,0.00828,0.00102,0.02850,0.0351
37.1000,JELLY_A,0.0651,0.1046,0.05,J_PAUSE_OPEN,14.27,0.0155,0.000,1.1266,2.2939,-3.3456,0.00108,0.00775,0.00452,0.03909,0.0015
37.1000,JELLY_B,0.3050,-0.6901,1.00,J_DESCEND,15.02,0.0714,0.173,1.4988,3.1251,-3.6771,0.00093,0.00210,0.00289,0.04069,0.9655
37.1000,JELLY_C,0.2203,-0.0080,0.05,J_PAUSE_OPEN,12.49,0.0125,0.000,0.5493,3.7694,-3.7911,0.00154,0.00814,0.00099,0.02850,0.0385
37.1333,JELLY_A,0.0755,0.1136,0.05,J_PAUSE_OPEN,14.24,0.0156,0.000,1.1266,2.2941,-3.3454,0.00105,0.00765,0.00448,0.03909,0.0024
37.1333,JELLY_B,0.3170,-0.7547,1.00,J_DESCEND,14.89,0.0699,0.173,1.4988,3.1251,-3.6770,0.00092,0.00200,0.00287,0.04069,0.9656
37.1333,JELLY_C,0.2337,-0.0133,0.05,J_PAUSE_OPEN,12.46,0.0126,0.000,0.5493,3.7697,-3.7911,0.00153,0.00801,0.00095,0.02850,0.0414
37.1667,JELLY_A,0.0859,0.1196,0.05,J_PAUSE_OPEN,14.21,0.0157,0.000,1.1267,2.2944,-3.3453,0.00103,0.00756,0.00445,0.03909,0.0036
37.1667,JELLY_B,0.3289,-0.8150,1.00,J_DESCEND,14.76,0.0684,0.173,1.4989,3.1252,-3.6769,0.00092,0.00189,0.00285,0.04067,0.9606
37.1667,JELLY_C,0.2471,-0.0184,0.05,J_PAUSE_OPEN,12.44,0.0128,0.000,0.5494,3.7700,-3.7911,0.00151,0.00788,0.00092,0.02851,0.0437
37.2000,JELLY_A,0.0963,0.1223,0.05,J_PAUSE_OPEN,14.18,0.0158,0.000,1.1267,2.2946,-3.3451,0.00101,0.00747,0.00441,0.03909,0.0052
37.2000,JELLY_B,0.3409,-0.8707,1.00,J_DESCEND,14.63,0.0669,0.173,1.4989,3.1253,-3.6768,0.00091,0.00178,0.00282,0.04054,0.9509
37.2000,JELLY_C,0.2605,-0.0234,0.05,J_PAUSE_OPEN,12.41,0.0129,0.000,0.5494,3.7702,-3.7910,0.00150,0.00774,0.00089,0.02851,0.0456
37.2333,JELLY_A,0.1067,0.1218,0.05,J_PAUSE_OPEN,14.15,0.0159,0.000,1.1267,2.2949,-3.3450,0.00099,0.00738,0.00437,0.03910,0.0070
37.2333,JELLY_B,0.3528,-0.9216,1.00,J_DESCEND,14.51,0.0655,0.173,1.4989,3.1253,-3.6767,0.00090,0.00168,0.00280,0.04029,0.9372
37.2333,JELLY_C,0.2739,-0.0283,0.05,J_PAUSE_OPEN,12.39,0.0130,0.000,0.5495,3.7705,-3.7910,0.00149,0.00761,0.00086,0.02851,0.0469
37.2667,JELLY_A,0.1171,0.1181,0.05,J_PAUSE_OPEN,14.12,0.0160,0.000,1.1268,2.2951,-3.3448,0.00097,0.00729,0.00433,0.03910,0.0092
37.2667,JELLY_B,0.3647,-0.9672,1.00,J_DESCEND,14.39,0.0641,0.173,1.4990,3.1254,-3.6766,0.00090,0.00157,0.00278,0.03990,0.9198
37.2667,JELLY_C,0.2873,-0.0329,0.05,J_PAUSE_OPEN,12.36,0.0131,0.000,0.5495,3.7707,-3.7910,0.00148,0.00749,0.00083,0.02851,0.0478
37.3000,JELLY_A,0.1275,0.1112,0.05,J_PAUSE_OPEN,14.09,0.0161,0.000,1.1268,2.2954,-3.3447,0.00095,0.00721,0.00430,0.03910,0.0116
37.3000,JELLY_B,0.3767,-1.0074,1.00,J_DESCEND,14.27,0.0627,0.173,1.4990,3.1254,-3.6765,0.00089,0.00146,0.00276,0.03937,0.8992
37.3000,JELLY_C,0.3007,-0.0373,0.05,J_PAUSE_OPEN,12.34,0.0132,0.000,0.5496,3.7710,-3.7909,0.00146,0.00736,0.00080,0.02851,0.0483
37.3333,JELLY_A,0.1379,0.1014,0.05,J_PAUSE_OPEN,14.06,0.0162,0.000,1.1268,2.2956,-3.3445,0.00093,0.00712,0.00426,0.03910,0.0144
37.3333,JELLY_B,0.3886,-1.0419,1.00,J_DESCEND,14.16,0.0614,0.173,1.4990,3.1255,-3.6764,0.00088,0.00136,0.00274,0.03872,0.8758
37.3333,JELLY_C,0.3141,-0.0415,0.05,J_PAUSE_OPEN,12.31,0.0133,0.000,0.5496,3.7712,-3.7909,0.00145,0.00724,0.00077,0.02851,0.0483
37.3667,JELLY_A,0.1483,0.0889,0.05,J_PAUSE_OPEN,14.03,0.0162,0.000,1.1268,2.2958,-3.3444,0.00091,0.00703,0.00423,0.03910,0.0173
37.3667,JELLY_B,0.4005,-1.0705,1.00,J_DESCEND,14.04,0.0602,0.173,1.4991,3.1255,-3.6764,0.00087,0.00126,0.00272,0.03797,0.8500
37.3667,JELLY_C,0.3275,-0.0453,0.05,J_PAUSE_OPEN,12.29,0.0134,0.000,0.5497,3.7715,-3.7909,0.00144,0.00711,0.00074,0.02852,0.0481
37.4000,JELLY_A,0.1587,0.0740,0.05,J_PAUSE_OPEN,14.00,0.0163,0.000,1.1269,2.2961,-3.3443,0.00089,0.00695,0.00419,0.03910,0.0204
37.4000,JELLY_B,0.4125,-1.0931,1.00,J_DESCEND,13.93,0.0589,0.173,1.4991,3.1256,-3.6763,0.00087,0.00116,0.00271,0.03714,0.8220
37.4000,JELLY_C,0.3409,-0.0488,0.05,J_PAUSE_OPEN,12.26,0.0135,0.000,0.5497,3.7717,-3.7909,0.00143,0.00699,0.00071,0.02852,0.0476
37.4333,JELLY_A,0.1691,0.0571,0.05,J_PAUSE_OPEN,13.97,0.0164,0.000,1.1269,2.2963,-3.3441,0.00086,0.00687,0.00416,0.03910,0.0236
37.4333,JELLY_B,0.4244,-1.1096,1.00,J_DESCEND,13.83,0.0577,0.173,1.4991,3.1256,-3.6762,0.00086,0.00107,0.00269,0.03627,0.7921
37.4333,JELLY_C,0.3542,-0.0520,0.05,J_PAUSE_OPEN,12.24,0.0136,0.000,0.5498,3.7719,-3.7909,0.00142,0.00687,0.00068,0.02852,0.0468
37.4667,JELLY_A,0.1795,0.0388,0.05,J_PAUSE_OPEN,13.93,0.0165,0.000,1.1269,2.2965,-3.3440,0.00084,0.00678,0.00412,0.03910,0.0268
37.4667,JELLY_B,0.4363,-1.1199,1.00,J_DESCEND,13.72,0.0565,0.173,1.4991,3.1256,-3.6761,0.00086,0.00099,0.00268,0.03538,0.7606
37.4667,JELLY_C,0.3676,-0.0548,0.05,J_PAUSE_OPEN,12.21,0.0137,0.000,0.5498,3.7721,-3.7908,0.00140,0.00675,0.00065,0.02852,0.0457
37.5000,JELLY_A,0.1899,0.0194,0.05,J_PAUSE_OPEN,13.90,0.0165,0.000,1.1270,2.2967,-3.3438,0.00082,0.00670,0.00409,0.03910,0.0300
37.5000,JELLY_B,0.4482,-1.1238,1.00,J_DESCEND,13.62,0.0554,0.173,1.4992,3.1257,-3.6760,0.00085,0.00092,0.00267,0.03450,0.7277
37.5000,JELLY_C,0.3810,-0.0572,0.05,J_PAUSE_OPEN,12.18,0.0138,0.000,0.5499,3.7724,-3.7908,0.00139,0.00663,0.00063,0.02852,0.0445
37.5333,JELLY_A,0.2002,-0.0001,0.05,J_PAUSE_OPEN,13.87,0.0166,0.000,1.1270,2.2970,-3.3437,0.00081,0.00662,0.00406,0.03910,0.0330
37.5333,JELLY_B,0.4602,-1.1215,1.00,J_DESCEND,13.51,0.0543,0.173,1.4992,3.1257,-3.6759,0.00085,0.00088,0.00266,0.03366,0.6936
37.5333,JELLY_C,0.3944,-0.0592,0.05,J_PAUSE_OPEN,12.16,0.0138,0.000,0.5499,3.7726,-3.7908,0.00138,0.00652,0.00060,0.02851,0.0432
37.5667,JELLY_A,0.2106,-0.0033,0.05,J_PAUSE_OPEN,13.84,0.0166,0.000,1.1270,2.2972,-3.3436,0.00079,0.00654,0.00402,0.03910,0.0359
37.5667,JELLY_B,0.4721,-1.1129,1.00,J_DESCEND,13.41,0.0532,0.173,1.4992,3.1257,-3.6758,0.00085,0.00085,0.00266,0.03290,0.6585
37.5667,JELLY_C,0.4077,-0.0608,0.05,J_PAUSE_OPEN,12.13,0.0139,0.000,0.5499,3.7728,-3.7908,0.00137,0.00640,0.00058,0.02849,0.0416
37.6000,JELLY_A,0.2210,-0.0064,0.05,J_PAUSE_OPEN,13.81,0.0167,0.000,1.1270,2.2974,-3.3434,0.00077,0.00646,0.00399,0.03910,0.0385
37.6000,JELLY_B,0.4840,-1.0980,1.00,J_DESCEND,13.32,0.0521,0.173,1.4993,3.1257,-3.6757,0.00085,0.00084,0.00266,0.03223,0.6227
37.6000,JELLY_C,0.4211,-0.0619,0.05,J_PAUSE_OPEN,12.10,0.0140,0.000,0.5500,3.7730,-3.7907,0.00136,0.00629,0.00055,0.02847,0.0400
37.6333,JELLY_A,0.2314,-0.0096,0.05,J_PAUSE_OPEN,13.78,0.0168,0.000,1.1271,2.2976,-3.3433,0.00075,0.00638,0.00396,0.03910,0.0407
37.6333,JELLY_B,0.4959,-1.0770,1.00,J_DESCEND,13.22,0.0511,0.173,1.4993,3.1258,-3.6756,0.00086,0.00085,0.00267,0.03169,0.5864
37.6333,JELLY_C,0.4345,-0.0627,0.05,J_PAUSE_OPEN,12.08,0.0140,0.000,0.5500,3.7732,-3.7907,0.00135,0.00618,0.00053,0.02845,0.0382
37.6667,JELLY_A,0.2418,-0.0127,0.05,J_PAUSE_OPEN,13.74,0.0168,0.000,1.1271,2.2978,-3.3432,0.00073,0.00630,0.00393,0.03910,0.0427
37.6667,JELLY_B,0.5078,-1.0499,1.00,J_DESCEND,13.13,0.0501,0.173,1.4993,3.1258,-3.6756,0.00086,0.00088,0.00268,0.03130,0.5497
37.6667,JELLY_C,0.4478,-0.0629,0.05,J_PAUSE_OPEN,12.05,0.0141,0.000,0.5501,3.7734,-3.7907,0.00134,0.00607,0.00050,0.02842,0.0364
37.7000,JELLY_A,0.2521,-0.0157,0.05,J_PAUSE_OPEN,13.71,0.0169,0.000,1.1271,2.2980,-3.3430,0.00071,0.00622,0.00389,0.03910,0.0444
37.7000,JELLY_B,0.5198,-1.0170,1.00,J_DESCEND,13.03,0.0491,0.173,1.4993,3.1258,-3.6755,0.00087,0.00093,0.00269,0.03106,0.5128
37.7000,JELLY_C,0.4612,-0.0628,0.05,J_PAUSE_OPEN,12.02,0.0142,0.000,0.5501,3.7736,-3.7907,0.00133,0.00596,0.00048,0.02839,0.0345
37.7333,JELLY_A,0.2625,-0.0187,0.05,J_PAUSE_OPEN,13.68,0.0169,0.000,1.1271,2.2982,-3.3429,0.00069,0.00614,0.00386,0.03910,0.0457
37.7333,JELLY_B,0.5317,-0.9784,1.00,J_DESCEND,12.94,0.0481,0.173,1.4994,3.1259,-3.6754,0.00088,0.00100,0.00271,0.03095,0.4759
37.7333,JELLY_C,0.4745,-0.0622,0.05,J_PAUSE_OPEN,12.00,0.0142,0.000,0.5502,3.7738,-3.7907,0.00132,0.00586,0.00046,0.02836,0.0325
37.7667,JELLY_A,0.2729,-0.0216,0.05,J_PAUSE_OPEN,13.65,0.0169,0.000,1.1272,2.2984,-3.3428,0.00067,0.00607,0.00383,0.03910,0.0468
37.7667,JELLY_B,0.5436,-0.9343,1.00,J_DESCEND,12.86,0.0472,0.173,1.4994,3.1259,-3.6753,0.00089,0.00109,0.00273,0.03092,0.4393
37.7667,JELLY_C,0.4879,-0.0611,0.05,J_PAUSE_OPEN,11.97,0.0143,0.000,0.5502,3.7740,-3.7907,0.00131,0.00576,0.00044,0.02833,0.0305
37.8000,JELLY_A,0.2833,-0.0244,0.05,J_PAUSE_OPEN,13.62,0.0170,0.000,1.1272,2.2986,-3.3427,0.00066,0.00599,0.00380,0.03910,0.0476
37.8000,JELLY_B,0.5555,-0.8851,1.00,J_DESCEND,12.77,0.0463,0.173,1.4994,3.1259,-3.6752,0.00090,0.00119,0.00275,0.03095,0.4031
37.8000,JELLY_C,0.5012,-0.0596,0.05,J_PAUSE_OPEN,11.94,0.0143,0.000,0.5503,3.7742,-3.7907,0.00130,0.00566,0.00042,0.02830,0.0285
37.8333,JELLY_A,0.2936,-0.0271,0.05,J_PAUSE_OPEN,13.58,0.0170,0.000,1.1272,2.2988,-3.3425,0.00064,0.00591,0.00377,0.03910,0.0481
37.8333,JELLY_B,0.5674,-0.8308,1.00,J_DESCEND,12.68,0.0454,0.173,1.4995,3.1260,-3.6751,0.00091,0.00131,0.00278,0.03102,0.3675
37.8333,JELLY_C,0.5146,-0.0577,0.05,J_PAUSE_OPEN,11.92,0.0144,0.000,0.5503,3.7744,-3.7906,0.00129,0.00556,0.00039,0.02828,0.0264
37.8667,JELLY_A,0.3040,-0.0297,0.05,J_PAUSE_OPEN,13.55,0.0171,0.000,1.1272,2.2990,-3.3424,0.00062,0.00584,0.00374,0.03909,0.0484
37.8667,JELLY_B,0.5793,-0.7720,1.00,J_DESCEND,12.60,0.0446,0.173,1.4995,3.1260,-3.6750,0.00092,0.00144,0.00281,0.03112,0.3326
37.8667,JELLY_C,0.5279,-0.0555,0.05,J_PAUSE_OPEN,11.89,0.0144,0.000,0.5503,3.7746,-3.7906,0.00128,0.00546,0.00037,0.02826,0.0243
37.9000,JELLY_A,0.3144,-0.0322,0.05,J_PAUSE_OPEN,13.52,0.0171,0.000,1.1272,2.2992,-3.3423,0.00060,0.00576,0.00372,0.03907,0.0484
37.9000,JELLY_B,0.5912,-0.7088,1.00,J_DESCEND,12.52,0.0437,0.173,1.4995,3.1261,-3.6749,0.00093,0.00157,0.00284,0.03125,0.2988
37.9000,JELLY_C,0.5412,-0.0528,0.05,J_PAUSE_OPEN,11.86,0.0145,0.000,0.5504,3.7748,-3.7906,0.00128,0.00537,0.00036,0.02824,0.0223
37.9333,JELLY_A,0.3248,-0.0345,0.05,J_PAUSE_OPEN,13.49,0.0171,0.000,1.1273,2.2994,-3.3422,0.00059,0.00569,0.00369,0.03904,0.0483
37.9333,JELLY_B,0.6032,-0.6417,1.00,J_DESCEND,12.44,0.0429,0.173,1.4996,3.1261,-3.6748,0.00095,0.00171,0.00287,0.03141,0.2661
37.9333,JELLY_C,0.5545,-0.0497,0.05,J_PAUSE_OPEN,11.83,0.0145,0.000,0.5504,3.7749,-3.7906,0.00127,0.00528,0.00034,0.02823,0.0203
37.9667,JELLY_A,0.3351,-0.0367,0.05,J_PAUSE_OPEN,13.45,0.0171,0.000,1.1273,2.2996,-3.3420,0.00057,0.00562,0.00366,0.03901,0.0479
37.9667,JELLY_B,0.6151,-0.5709,1.00,J_DESCEND,12.36,0.0421,0.173,1.4996,3.1262,-3.6747,0.00096,0.00184,0.00289,0.03159,0.2347
37.9667,JELLY_C,0.5679,-0.0463,0.05,J_PAUSE_OPEN,11.80,0.0146,0.000,0.5505,3.7751,-3.7906,0.00126,0.00519,0.00032,0.02823,0.0183
38.0000,JELLY_A,0.3455,-0.0387,0.05,J_PAUSE_OPEN,13.42,0.0172,0.000,1.1273,2.2998,-3.3419,0.00055,0.00555,0.00363,0.03898,0.0474
38.0000,JELLY_B,0.6270,-0.4971,1.00,J_DESCEND,12.28,0.0414,0.173,1.4996,3.1263,-3.6746,0.00097,0.00198,0.00292,0.03180,0.2049
38.0000,JELLY_C,0.5812,-0.0426,0.05,J_PAUSE_OPEN,11.78,0.0146,0.000,0.5505,3.7753,-3.7906,0.00125,0.00510,0.00030,0.02824,0.0163
38.0333,JELLY_A,0.3558,-0.0405,0.05,J_PAUSE_OPEN,13.39,0.0172,0.000,1.1273,2.3000,-3.3418,0.00053,0.00547,0.00360,0.03893,0.0468
38.0333,JELLY_B,0.6389,-0.4204,1.00,J_DESCEND,12.20,0.0406,0.173,1.4997,3.1263,-3.6745,0.00098,0.00211,0.00295,0.03204,0.1767
38.0333,JELLY_C,0.5945,-0.0386,0.05,J_PAUSE_OPEN,11.75,0.0146,0.000,0.5506,3.7754,-3.7906,0.00125,0.00502,0.00028,0.02824,0.0144
38.0667,JELLY_A,0.3662,-0.0422,0.05,J_PAUSE_OPEN,13.35,0.0172,0.000,1.1273,2.3002,-3.3417,0.00052,0.00540,0.00357,0.03889,0.0460
38.0667,JELLY_B,0.6508,-0.3414,1.00,J_DESCEND,12.13,0.0399,0.173,1.4997,3.1264,-3.6744,0.00100,0.00224,0.00298,0.03229,0.1503
38.0667,JELLY_C,0.6078,-0.0343,0.05,J_PAUSE_OPEN,11.72,0.0147,0.000,0.5506,3.7756,-3.7906,0.00124,0.00493,0.00027,0.02825,0.0126
38.1000,JELLY_A,0.3766,-0.0437,0.05,J_PAUSE_OPEN,13.32,0.0172,0.000,1.1274,2.3003,-3.3416,0.00050,0.00533,0.00355,0.03884,0.0451
38.1000,JELLY_B,0.6627,-0.2606,1.00,J_DESCEND,12.05,0.0392,0.173,1.4997,3.1265,-3.6743,0.00101,0.00238,0.00300,0.03257,0.1258
38.1000,JELLY_C,0.6211,-0.0298,0.05,J_PAUSE_OPEN,11.69,0.0147,0.000,0.5506,3.7758,-3.7906,0.00123,0.00484,0.00025,0.02826,0.0109
38.1333,JELLY_A,0.3869,-0.0450,0.05,J_PAUSE_OPEN,13.29,0.0173,0.000,1.1274,2.3005,-3.3414,0.00048,0.00526,0.00352,0.03879,0.0441
38.1333,JELLY_B,0.6746,-0.1783,1.00,J_DESCEND,11.98,0.0385,0.173,1.4998,3.1266,-3.6742,0.00102,0.00251,0.00303,0.03286,0.1035
38.1333,JELLY_C,0.6344,-0.0251,0.05,J_PAUSE_OPEN,11.66,0.0147,0.000,0.5507,3.7759,-3.7905,0.00122,0.00476,0.00023,0.02826,0.0093
38.1667,JELLY_A,0.3973,-0.0462,0.05,J_PAUSE_OPEN,13.26,0.0173,0.000,1.1274,2.3007,-3.3413,0.00047,0.00519,0.00349,0.03875,0.0430
38.1667,JELLY_B,0.6865,-0.0950,1.00,J_DESCEND,11.91,0.0378,0.173,1.4998,3.1266,-3.6741,0.00103,0.00264,0.00305,0.03317,0.0834
38.1667,JELLY_C,0.6477,-0.0202,0.05,J_PAUSE_OPEN,11.64,0.0148,0.000,0.5507,3.7761,-3.7905,0.00122,0.00467,0.00022,0.02828,0.0078
38.2000,JELLY_A,0.4076,-0.0471,0.05,J_PAUSE_OPEN,13.22,0.0173,0.000,1.1274,2.3009,-3.3412,0.00045,0.00512,0.00347,0.03870,0.0418
38.2000,JELLY_B,0.6984,-0.0112,1.00,J_DESCEND,11.84,0.0371,0.173,1.4998,3.1267,-3.6740,0.00104,0.00277,0.00308,0.03349,0.0656
38.2000,JELLY_C,0.6610,-0.0152,0.05,J_PAUSE_OPEN,11.61,0.0148,0.000,0.5508,3.7762,-3.7905,0.00121,0.00459,0.00020,0.02829,0.0064
38.2333,JELLY_A,0.4180,-0.0478,0.05,J_PAUSE_OPEN,13.19,0.0173,0.000,1.1274,2.3010,-3.3411,0.00044,0.00506,0.00344,0.03865,0.0405
38.2333,JELLY_B,0.7103,0.0000,1.00,J_GLIDE,11.77,0.0365,0.173,1.4999,3.1268,-3.6739,0.00105,0.00295,0.00310,0.03382,0.0502
38.2333,JELLY_C,0.6743,-0.0101,0.05,J_PAUSE_OPEN,11.58,0.0148,0.000,0.5508,3.7764,-3.7905,0.00120,0.00451,0.00019,0.02830,0.0052
38.2667,JELLY_A,0.4284,-0.0483,0.05,J_PAUSE_OPEN,13.16,0.0173,0.000,1.1274,2.3012,-3.3410,0.00042,0.00499,0.00342,0.03861,0.0392
38.2667,JELLY_B,0.7222,0.0000,1.00,J_GLIDE,11.70,0.0359,0.173,1.4999,3.1269,-3.6738,0.00106,0.00311,0.00312,0.03417,0.0372
38.2667,JELLY_C,0.6876,-0.0049,0.05,J_PAUSE_OPEN,11.55,0.0148,0.000,0.5508,3.7765,-3.7905,0.00120,0.00443,0.00017,0.02831,0.0040
38.3000,JELLY_A,0.4387,-0.0487,0.05,J_PAUSE_OPEN,13.12,0.0173,0.000,1.1274,2.3014,-3.3409,0.00041,0.00492,0.00339,0.03858,0.0378
38.3000,JELLY_B,0.7341,0.0000,1.00,J_GLIDE,11.64,0.0353,0.173,1.4999,3.1270,-3.6737,0.00107,0.00328,0.00314,0.03453,0.0265
38.3000,JELLY_C,0.7009,0.0000,0.05,J_PAUSE_OPEN,11.52,0.0149,0.000,0.5509,3.7767,-3.7905,0.00119,0.00434,0.00016,0.02833,0.0031
38.3333,JELLY_A,0.4491,-0.0488,0.05,J_PAUSE_OPEN,13.09,0.0173,0.000,1.1275,2.3015,-3.3408,0.00039,0.00486,0.00337,0.03855,0.0364
38.3333,JELLY_B,0.7460,0.0000,1.00,J_GLIDE,11.57,0.0347,0.173,1.5000,3.1272,-3.6736,0.00108,0.00343,0.00316,0.03489,0.0178
38.3333,JELLY_C,0.7142,0.0000,0.05,J_PAUSE_OPEN,11.49,0.0149,0.000,0.5509,3.7768,-3.7905,0.00119,0.00426,0.00014,0.02834,0.0022
38.3667,JELLY_A,0.4594,-0.0487,0.05,J_PAUSE_OPEN,13.06,0.0173,0.000,1.1275,2.3017,-3.3406,0.00038,0.00479,0.00334,0.03853,0.0349
38.3667,JELLY_B,0.7579,0.0000,1.00,J_GLIDE,11.51,0.0341,0.173,1.5000,3.1273,-3.6735,0.00109,0.00358,0.00317,0.03526,0.0110
38.3667,JELLY_C,0.7275,0.0000,0.05,J_PAUSE_OPEN,11.47,0.0149,0.000,0.5510,3.7770,-3.7905,0.00118,0.00418,0.00013,0.02836,0.0016
38.4000,JELLY_A,0.4698,-0.0484,0.05,J_PAUSE_OPEN,13.02,0.0174,0.000,1.1275,2.3018,-3.3405,0.00036,0.00473,0.00332,0.03852,0.0334
38.4000,JELLY_B,0.7698,0.0000,1.00,J_GLIDE,11.45,0.0335,0.173,1.5000,3.1274,-3.6734,0.00110,0.00372,0.00318,0.03563,0.0059
38.4000,JELLY_C,0.7408,0.0000,0.05,J_PAUSE_OPEN,11.44,0.0149,0.000,0.5510,3.7771,-3.7905,0.00117,0.00410,0.00011,0.02837,0.0010
38.4333,JELLY_A,0.4801,-0.0479,0.05,J_PAUSE_OPEN,12.99,0.0174,0.000,1.1275,2.3020,-3.3404,0.00035,0.00467,0.00329,0.03851,0.0318
38.4333,JELLY_B,0.7817,0.0000,1.00,J_GLIDE,11.38,0.0330,0.173,1.5001,3.1275,-3.6733,0.00110,0.00386,0.00320,0.03601,0.0020
38.4333,JELLY_C,0.7540,0.0000,0.05,J_PAUSE_OPEN,11.41,0.0149,0.000,0.5510,3.7772,-3.7905,0.00117,0.00402,0.00010,0.02839,0.0006
38.4667,JELLY_A,0.4905,-0.0472,0.05,J_PAUSE_OPEN,12.96,0.0174,0.000,1.1275,2.3021,-3.3403,0.00033,0.00461,0.00327,0.03851,0.0303
38.4667,JELLY_B,0.7936,0.0000,1.00,J_GLIDE,11.32,0.0324,0.173,1.5001,3.1277,-3.6732,0.00111,0.00399,0.00321,0.03638,-0.0007
38.4667,JELLY_C,0.7673,0.0000,0.05,J_PAUSE_OPEN,11.38,0.0149,0.000,0.5511,3.7774,-3.7905,0.00116,0.00394,0.00008,0.02841,0.0003
38.5000,JELLY_A,0.5008,-0.0463,0.05,J_PAUSE_OPEN,12.92,0.0174,0.000,1.1275,2.3023,-3.3402,0.00032,0.00455,0.00325,0.03852,0.0287
38.5000,JELLY_B,0.8055,0.0000,1.00,J_GLIDE,11.26,0.0319,0.173,1.5001,3.1278,-3.6731,0.00111,0.00411,0.00322,0.03675,-0.0025
38.5000,JELLY_C,0.7806,0.0000,0.05,J_PAUSE_OPEN,11.35,0.0150,0.000,0.5511,3.7775,-3.7905,0.00115,0.00385,0.00007,0.02843,0.0001
38.5333,JELLY_A,0.5112,-0.0452,0.05,J_PAUSE_OPEN,12.89,0.0174,0.000,1.1275,2.3025,-3.3401,0.00030,0.00449,0.00323,0.03852,0.0271
38.5333,JELLY_B,0.8174,0.0000,1.00,J_GLIDE,11.20,0.0314,0.173,1.5002,3.1279,-3.6730,0.00112,0.00423,0.00323,0.03711,-0.0036
38.5333,JELLY_C,0.7939,0.0000,0.05,J_PAUSE_OPEN,11.32,0.0150,0.000,0.5511,3.7776,-3.7905,0.00115,0.00377,0.00005,0.02844,-0.0000
38.5667,JELLY_A,0.5215,-0.0439,0.05,J_PAUSE_OPEN,12.86,0.0174,0.000,1.1275,2.3026,-3.3400,0.00029,0.00443,0.00320,0.03853,0.0255
38.5667,JELLY_B,0.8293,0.0000,1.00,J_GLIDE,11.14,0.0309,0.173,1.5002,3.1281,-3.6729,0.00112,0.00434,0.00323,0.03747,-0.0042
38.5667,JELLY_C,0.8071,0.0000,0.05,J_PAUSE_OPEN,11.30,0.0150,0.000,0.5512,3.7778,-3.7905,0.00114,0.00369,0.00004,0.02846,-0.0001
38.6000,JELLY_A,0.5318,-0.0424,0.05,J_PAUSE_OPEN,12.82,0.0174,0.000,1.1275,2.3027,-3.3399,0.00028,0.00437,0.00318,0.03854,0.0239
38.6000,JELLY_B,0.8412,0.0000,1.00,J_GLIDE,11.09,0.0304,0.173,1.5003,3.1282,-3.6728,0.00112,0.00445,0.00324,0.03781,-0.0044
38.6000,JELLY_C,0.8204,0.0000,0.05,J_PAUSE_OPEN,11.27,0.0150,0.000,0.5512,3.7779,-3.7905,0.00114,0.00361,0.00003,0.02848,-0.0002
38.6333,JELLY_A,0.5422,-0.0408,0.05,J_PAUSE_OPEN,12.79,0.0174,0.000,1.1276,2.3029,-3.3398,0.00026,0.00432,0.00316,0.03855,0.0223
38.6333,JELLY_B,0.8531,0.0000,1.00,J_GLIDE,11.03,0.0300,0.173,1.5003,3.1284,-3.6726,0.00113,0.00455,0.00324,0.03815,-0.0043
38.6333,JELLY_C,0.8336,0.0000,0.05,J_PAUSE_OPEN,11.24,0.0150,0.000,0.5513,3.7780,-3.7905,0.00113,0.00353,0.00001,0.02850,-0.0002
38.6667,JELLY_A,0.5525,-0.0390,0.05,J_PAUSE_OPEN,12.76,0.0173,0.000,1.1276,2.3030,-3.3397,0.00025,0.00426,0.00314,0.03857,0.0207
38.6667,JELLY_B,0.8650,0.0000,1.00,J_GLIDE,10.97,0.0295,0.173,1.5003,3.1285,-3.6725,0.00113,0.00465,0.00325,0.03848,-0.0040
38.6667,JELLY_C,0.8469,0.0000,0.05,J_PAUSE_OPEN,11.21,0.0150,0.000,0.5513,3.7781,-3.7905,0.00112,0.00345,-0.00000,0.02851,-0.0002
38.7000,JELLY_A,0.5629,-0.0370,0.05,J_PAUSE_OPEN,12.73,0.0173,0.000,1.1276,2.3032,-3.3396,0.00024,0.00421,0.00312,0.03858,0.0191
38.7000,JELLY_B,0.8769,0.0000,1.00,J_GLIDE,10.92,0.0291,0.173,1.5004,3.1287,-3.6724,0.00113,0.00474,0.00325,0.03879,-0.0037
38.7000,JELLY_C,0.8601,0.0000,0.05,J_PAUSE_OPEN,11.18,0.0150,0.000,0.5513,3.7782,-3.7905,0.00112,0.00337,-0.00001,0.02853,-0.0002
38.7333,JELLY_A,0.5732,-0.0348,0.05,J_PAUSE_OPEN,12.69,0.0173,0.000,1.1276,2.3033,-3.3395,0.00022,0.00415,0.00310,0.03860,0.0176
38.7333,JELLY_B,0.8888,0.0000,1.00,J_GLIDE,10.87,0.0286,0.173,1.5004,3.1288,-3.6723,0.00113,0.00482,0.00325,0.03908,-0.0032
38.7333,JELLY_C,0.8734,0.0000,0.05,J_PAUSE_OPEN,11.15,0.0150,0.000,0.5514,3.7783,-3.7905,0.00111,0.00329,-0.00003,0.02855,-0.0002
38.7667,JELLY_A,0.5836,-0.0326,0.05,J_PAUSE_OPEN,12.66,0.0173,0.000,1.1276,2.3035,-3.3394,0.00021,0.00410,0.00308,0.03862,0.0161
38.7667,JELLY_B,0.9007,0.0000,1.00,J_GLIDE,10.81,0.0282,0.173,1.5004,3.1290,-3.6722,0.00113,0.00491,0.00325,0.03936,-0.0027
38.7667,JELLY_C,0.8866,0.0000,0.05,J_PAUSE_OPEN,11.12,0.0150,0.000,0.5514,3.7784,-3.7905,0.00111,0.00321,-0.00004,0.02856,-0.0002
38.8000,JELLY_A,0.5939,-0.0301,0.05,J_PAUSE_OPEN,12.63,0.0173,0.000,1.1276,2.3036,-3.3393,0.00020,0.00405,0.00306,0.03863,0.0146
38.8000,JELLY_B,0.9126,0.0000,1.00,J_GLIDE,10.76,0.0278,0.173,1.5005,3.1292,-3.6721,0.00113,0.00498,0.00325,0.03961,-0.0023
38.8000,JELLY_C,0.8999,0.0000,0.05,J_PAUSE_OPEN,11.09,0.0150,0.000,0.5514,3.7785,-3.7905,0.00110,0.00313,-0.00005,0.02858,-0.0001
38.8333,JELLY_A,0.6042,-0.0276,0.05,J_PAUSE_OPEN,12.59,0.0173,0.000,1.1276,2.3037,-3.3392,0.00019,0.00399,0.00304,0.03865,0.0132
38.8333,JELLY_B,0.9245,0.0000,1.00,J_GLIDE,10.71,0.0274,0.173,1.5005,3.1293,-3.6720,0.00113,0.00506,0.00325,0.03985,-0.0019
38.8333,JELLY_C,0.9131,0.0000,0.05,J_PAUSE_OPEN,11.07,0.0150,0.000,0.5515,3.7787,-3.7905,0.00110,0.00305,-0.00007,0.02859,-0.0001
38.8667,JELLY_A,0.6146,-0.0249,0.05,J_PAUSE_OPEN,12.56,0.0173,0.000,1.1276,2.3039,-3.3391,0.00017,0.00394,0.00302,0.03867,0.0119
38.8667,JELLY_B,0.9364,0.0000,1.00,J_GLIDE,10.66,0.0270,0.173,1.5006,3.1295,-3.6719,0.00113,0.00512,0.00324,0.04007,-0.0015
38.8667,JELLY_C,0.9263,0.0000,0.05,J_PAUSE_OPEN,11.04,0.0150,0.000,0.5515,3.7788,-3.7905,0.00109,0.00297,-0.00008,0.02861,-0.0001
38.9000,JELLY_A,0.6249,-0.0221,0.05,J_PAUSE_OPEN,12.53,0.0173,0.000,1.1276,2.3040,-3.3390,0.00016,0.00389,0.00300,0.03869,0.0105
38.9000,JELLY_B,0.9483,0.0000,1.00,J_GLIDE,10.61,0.0266,0.173,1.5006,3.1297,-3.6718,0.00113,0.00519,0.00324,0.04026,-0.0011
38.9000,JELLY_C,0.9396,0.0000,0.05,J_PAUSE_OPEN,11.01,0.0150,0.000,0.5516,3.7788,-3.7905,0.00109,0.00288,-0.00009,0.02862,-0.0001
38.9333,JELLY_A,0.6353,-0.0193,0.05,J_PAUSE_OPEN,12.49,0.0173,0.000,1.1276,2.3041,-3.3389,0.00015,0.00384,0.00298,0.03872,0.0093
38.9333,JELLY_B,0.9602,0.0000,1.00,J_GLIDE,10.56,0.0262,0.173,1.5006,3.1299,-3.6717,0.00113,0.00525,0.00324,0.04043,-0.0009
38.9333,JELLY_C,0.9528,0.0000,0.05,J_PAUSE_OPEN,10.98,0.0150,0.000,0.5516,3.7789,-3.7905,0.00108,0.00280,-0.00010,0.02863,-0.0001
38.9667,JELLY_A,0.6456,-0.0163,0.05,J_PAUSE_OPEN,12.46,0.0173,0.000,1.1276,2.3042,-3.3388,0.00014,0.00379,0.00296,0.03874,0.0081
38.9667,JELLY_B,0.9721,0.0000,1.00,J_GLIDE,10.51,0.0259,0.173,1.5007,3.1300,-3.6716,0.00113,0.00530,0.00323,0.04057,-0.0006
38.9667,JELLY_C,0.9660,0.0000,0.05,J_PAUSE_OPEN,10.95,0.0150,0.000,0.5516,3.7790,-3.7905,0.00108,0.00272,-0.00012,0.02864,-0.0000
39.0000,JELLY_A,0.6559,-0.0133,0.05,J_PAUSE_OPEN,12.43,0.0172,0.000,1.1276,2.3044,-3.3387,0.00013,0.00374,0.00294,0.03876,0.0070
39.0000,JELLY_B,0.9840,0.0000,1.00,J_GLIDE,10.46,0.0255,0.173,1.5007,3.1302,-3.6715,0.00113,0.00536,0.00322,0.04069,-0.0004
39.0000,JELLY_C,0.9792,0.0000,0.05,J_PAUSE_OPEN,10.92,0.0150,0.000,0.5517,3.7791,-3.7905,0.00107,0.00264,-0.00013,0.02865,-0.0000
39.0333,JELLY_A,0.6663,-0.0102,0.05,J_PAUSE_OPEN,12.40,0.0172,0.000,1.1276,2.3045,-3.3386,0.00011,0.00369,0.00292,0.03878,0.0060
39.0333,JELLY_B,0.9959,0.0000,1.00,J_GLIDE,10.41,0.0252,0.173,1.5007,3.1304,-3.6713,0.00112,0.00541,0.00322,0.04078,-0.0003
39.0333,JELLY_C,0.9924,0.0000,0.05,J_PAUSE_OPEN,10.89,0.0150,0.000,0.5517,3.7792,-3.7905,0.00107,0.00256,-0.00014,0.02866,-0.0000
39.0667,JELLY_A,0.6766,-0.0071,0.05,J_PAUSE_OPEN,12.36,0.0172,0.000,1.1276,2.3046,-3.3385,0.00010,0.00364,0.00290,0.03881,0.0050
39.0667,JELLY_B,0.0078,0.3422,1.00,J_PULSE_CRUISE,10.36,0.0246,0.096,1.5008,3.1306,-3.6712,0.00111,0.00536,0.00320,0.04085,-0.0001
39.0667,JELLY_C,0.0057,0.2764,1.00,J_PULSE_CRUISE,10.87,0.0146,0.275,0.5517,3.7793,-3.7905,0.00106,0.00248,-0.00015,0.02868,0.0001
39.1000,JELLY_A,0.6869,-0.0040,0.05,J_PAUSE_OPEN,12.33,0.0172,0.000,1.1276,2.3047,-3.3384,0.00009,0.00359,0.00288,0.03883,0.0041
39.1000,JELLY_B,0.0197,0.8532,1.00,J_PULSE_CRUISE,10.32,0.0234,0.096,1.5008,3.1307,-3.6711,0.00110,0.00530,0.00317,0.04088,0.0006
39.1000,JELLY_C,0.0189,0.9091,1.00,J_PULSE_CRUISE,10.84,0.0120,0.275,0.5518,3.7794,-3.7905,0.00106,0.00241,-0.00016,0.02872,0.0012
39.1333,JELLY_A,0.6973,-0.0008,0.05,J_PAUSE_OPEN,12.30,0.0172,0.000,1.1276,2.3048,-3.3383,0.00008,0.00354,0.00286,0.03886,0.0034
39.1333,JELLY_B,0.0316,1.3345,1.00,J_PULSE_CRUISE,10.28,0.0216,0.096,1.5009,3.1309,-3.6710,0.00109,0.00527,0.00315,0.04090,0.0027
39.1333,JELLY_C,0.0321,1.5025,1.00,J_PULSE_CRUISE,10.82,0.0073,0.275,0.5518,3.7795,-3.7905,0.00105,0.00238,-0.00017,0.02875,0.0045
39.1667,JELLY_A,0.7076,0.0000,0.05,J_PAUSE_OPEN,12.26,0.0172,0.000,1.1276,2.3050,-3.3382,0.00007,0.00349,0.00285,0.03888,0.0027
39.1667,JELLY_B,0.0435,1.7694,1.00,J_PULSE_CRUISE,10.24,0.0194,0.096,1.5009,3.1311,-3.6709,0.00109,0.00528,0.00314,0.04090,0.0079
39.1667,JELLY_C,0.0453,2.0311,1.00,J_PULSE_CRUISE,10.81,0.0010,0.275,0.5518,3.7795,-3.7905,0.00106,0.00241,-0.00016,0.02876,0.0118
39.2000,JELLY_A,0.7179,0.0000,0.05,J_PAUSE_OPEN,12.23,0.0171,0.000,1.1276,2.3051,-3.3381,0.00006,0.00344,0.00283,0.03891,0.0021
39.2000,JELLY_B,0.0554,2.1427,1.00,J_PULSE_CRUISE,10.20,0.0168,0.096,1.5009,3.1313,-3.6708,0.00109,0.00534,0.00314,0.04090,0.0175
39.2000,JELLY_C,0.0585,2.4722,1.00,J_PULSE_CRUISE,10.82,0.0079,0.275,0.5519,3.7796,-3.7905,0.00107,0.00251,-0.00014,0.02875,0.0251
39.2333,JELLY_A,0.7283,0.0000,0.05,J_PAUSE_OPEN,12.20,0.0171,0.000,1.1276,2.3052,-3.3380,0.00005,0.00339,0.00281,0.03893,0.0016
39.2333,JELLY_B,0.0673,2.4414,1.00,J_PULSE_CRUISE,10.18,0.0141,0.096,1.5010,3.1315,-3.6707,0.00109,0.00546,0.00314,0.04090,0.0331
39.2333,JELLY_C,0.0717,2.8072,1.00,J_PULSE_CRUISE,10.84,0.0175,0.275,0.5519,3.7797,-3.7905,0.00109,0.00267,-0.00011,0.02872,0.0461
39.2667,JELLY_A,0.7386,0.0000,0.05,J_PAUSE_OPEN,12.17,0.0171,0.000,1.1276,2.3053,-3.3379,0.00003,0.00334,0.00279,0.03896,0.0011
39.2667,JELLY_B,0.0792,2.6551,1.00,J_PULSE_CRUISE,10.16,0.0116,0.096,1.5010,3.1316,-3.6706,0.00110,0.00561,0.00315,0.04090,0.0560
39.2667,JELLY_C,0.0849,3.0218,1.00,J_PULSE_CRUISE,10.88,0.0277,0.275,0.5520,3.7798,-3.7905,0.00111,0.00289,-0.00007,0.02869,0.0763
39.3000,JELLY_A,0.7489,0.0000,0.05,J_PAUSE_OPEN,12.13,0.0171,0.000,1.1276,2.3054,-3.3378,0.00002,0.00329,0.00277,0.03898,0.0008
39.3000,JELLY_B,0.0911,2.7763,1.00,J_PULSE_CRUISE,10.14,0.0100,0.096,1.5010,3.1318,-3.6705,0.00110,0.00579,0.00317,0.04089,0.0870
39.3000,JELLY_C,0.0981,3.1070,1.00,J_PULSE_CRUISE,10.94,0.0381,0.275,0.5520,3.7799,-3.7906,0.00113,0.00313,-0.00003,0.02866,0.1164
39.3333,JELLY_A,0.7592,0.0000,0.05,J_PAUSE_OPEN,12.10,0.0170,0.000,1.1276,2.3055,-3.3377,0.00001,0.00324,0.00276,0.03901,0.0005
39.3333,JELLY_B,0.1030,2.8008,1.00,J_PULSE_CRUISE,10.14,0.0097,0.096,1.5011,3.1320,-3.6704,0.00111,0.00598,0.00318,0.04089,0.1266
39.3333,JELLY_C,0.1113,3.0592,1.00,J_PULSE_CRUISE,11.02,0.0483,0.275,0.5520,3.7800,-3.7906,0.00115,0.00337,0.00001,0.02863,0.1668
39.3667,JELLY_A,0.7696,0.0000,0.05,J_PAUSE_OPEN,12.07,0.0170,0.000,1.1276,2.3056,-3.3376,0.00000,0.00320,0.00274,0.03903,0.0003
39.3667,JELLY_B,0.1149,2.7277,1.00,J_PULSE_CRUISE,10.14,0.0107,0.096,1.5011,3.1322,-3.6703,0.00112,0.00616,0.00319,0.04089,0.1746
39.3667,JELLY_C,0.1245,2.8806,1.00,J_PULSE_CRUISE,11.12,0.0576,0.275,0.5521,3.7801,-3.7905,0.00117,0.00358,0.00005,0.02861,0.2267
39.4000,JELLY_A,0.7799,0.0000,0.05,J_PAUSE_OPEN,12.04,0.0170,0.000,1.1276,2.3057,-3.3375,-0.00001,0.00315,0.00272,0.03906,0.0001
39.4000,JELLY_B,0.1268,2.5596,1.00,J_PULSE_CRUISE,10.14,0.0125,0.096,1.5012,3.1324,-3.6702,0.00112,0.00632,0.00320,0.04088,0.2305
39.4000,JELLY_C,0.1376,2.5790,1.00,J_PULSE_CRUISE,11.23,0.0657,0.275,0.5521,3.7802,-3.7905,0.00118,0.00374,0.00008,0.02859,0.2950
39.4333,JELLY_A,0.7902,0.0000,0.05,J_PAUSE_OPEN,12.00,0.0170,0.000,1.1276,2.3058,-3.3374,-0.00002,0.00310,0.00270,0.03908,-0.0000
39.4333,JELLY_B,0.1387,2.3023,1.00,J_PULSE_CRUISE,10.16,0.0145,0.096,1.5012,3.1326,-3.6701,0.00113,0.00643,0.00321,0.04088,0.2934
39.4333,JELLY_C,0.1508,2.1675,1.00,J_PULSE_CRUISE,11.36,0.0721,0.275,0.5521,3.7804,-3.7905,0.00119,0.00383,0.00010,0.02858,0.3698
39.4667,JELLY_A,0.8006,0.0000,0.05,J_PAUSE_OPEN,11.97,0.0170,0.000,1.1276,2.3059,-3.3374,-0.00003,0.00305,0.00269,0.03911,-0.0001
39.4667,JELLY_B,0.1506,1.9647,1.00,J_PULSE_CRUISE,10.17,0.0164,0.096,1.5012,3.1329,-3.6700,0.00113,0.00650,0.00320,0.04088,0.3617
39.4667,JELLY_C,0.1640,1.6636,1.00,J_PULSE_CRUISE,11.50,0.0766,0.275,0.5522,3.7805,-3.7905,0.00120,0.00386,0.00010,0.02856,0.4487
39.5000,JELLY_A,0.8109,0.0000,0.05,J_PAUSE_OPEN,11.94,0.0169,0.000,1.1276,2.3060,-3.3373,-0.00004,0.00300,0.00267,0.03913,-0.0002
39.5000,JELLY_B,0.1625,1.5586,1.00,J_PULSE_CRUISE,10.20,0.0177,0.096,1.5013,3.1331,-3.6699,0.00112,0.00651,0.00319,0.04088,0.4338
39.5000,JELLY_C,0.1772,1.0891,1.00,J_PULSE_CRUISE,11.65,0.0788,0.275,0.5522,3.7806,-3.7905,0.00119,0.00382,0.00010,0.02855,0.5291
39.5333,JELLY_A,0.8212,0.0000,0.05,J_PAUSE_OPEN,11.91,0.0169,0.000,1.1276,2.3061,-3.3372,-0.00005,0.00295,0.00265,0.03915,-0.0002
39.5333,JELLY_B,0.1744,1.0981,1.00,J_PULSE_CRUISE,10.22,0.0186,0.096,1.5013,3.1333,-3.6698,0.00111,0.00648,0.00317,0.04087,0.5076
39.5333,JELLY_C,0.1904,0.4684,1.00,J_PULSE_CRUISE,11.80,0.0787,0.275,0.5523,3.7808,-3.7905,0.00119,0.00375,0.00009,0.02853,0.6078
39.5667,JELLY_A,0.8315,0.0000,0.05,J_PAUSE_OPEN,11.87,0.0169,0.000,1.1276,2.3062,-3.3371,-0.00006,0.00290,0.00264,0.03917,-0.0002
39.5667,JELLY_B,0.1863,0.5993,1.00,J_PULSE_CRUISE,10.25,0.0188,0.096,1.5013,3.1335,-3.6697,0.00110,0.00642,0.00314,0.04087,0.5808
39.5667,JELLY_C,0.2035,-0.0275,1.00,J_PULSE_CRUISE,11.95,0.0763,0.275,0.5523,3.7809,-3.7905,0.00118,0.00366,0.00007,0.02851,0.6821
39.6000,JELLY_A,0.8419,0.0000,0.05,J_PAUSE_OPEN,11.84,0.0169,0.000,1.1276,2.3063,-3.3370,-0.00007,0.00285,0.00262,0.03919,-0.0002
39.6000,JELLY_B,0.1982,0.0795,1.00,J_PULSE_CRUISE,10.27,0.0182,0.096,1.5014,3.1337,-3.6696,0.00109,0.00633,0.00312,0.04087,0.6512
39.6000,JELLY_C,0.2167,-0.1300,1.00,J_PULSE_CRUISE,12.09,0.0736,0.275,0.5523,3.7810,-3.7905,0.00117,0.00356,0.00005,0.02850,0.7495
39.6333,JELLY_A,0.8522,0.0000,0.05,J_PAUSE_OPEN,11.81,0.0168,0.000,1.1276,2.3064,-3.3369,-0.00008,0.00281,0.00260,0.03921,-0.0002
39.6333,JELLY_B,0.2101,-0.0712,1.00,J_PULSE_CRUISE,10.30,0.0174,0.096,1.5014,3.1339,-3.6694,0.00107,0.00625,0.00309,0.04087,0.7165
39.6333,JELLY_C,0.2299,-0.2315,1.00,J_PULSE_CRUISE,12.23,0.0709,0.275,0.5524,3.7811,-3.7905,0.00116,0.00347,0.00004,0.02848,0.8081
39.6667,JELLY_A,0.8625,0.0000,0.05,J_PAUSE_OPEN,11.78,0.0168,0.000,1.1276,2.3065,-3.3368,-0.00009,0.00276,0.00259,0.03923,-0.0002
39.6667,JELLY_B,0.2220,-0.1547,1.00,J_PULSE_CRUISE,10.32,0.0166,0.096,1.5014,3.1341,-3.6693,0.00106,0.00616,0.00306,0.04086,0.7751
39.6667,JELLY_C,0.2430,-0.3313,1.00,J_PULSE_CRUISE,12.37,0.0683,0.275,0.5524,3.7812,-3.7905,0.00116,0.00338,0.00003,0.02847,0.8572
39.7000,JELLY_A,0.8728,0.0000,0.05,J_PAUSE_OPEN,11.75,0.0168,0.000,1.1276,2.3066,-3.3367,-0.00010,0.00271,0.00257,0.03925,-0.0002
39.7000,JELLY_B,0.2339,-0.2373,1.00,J_PULSE_CRUISE,10.35,0.0158,0.096,1.5015,3.1343,-3.6692,0.00105,0.00608,0.00303,0.04086,0.8259
39.7000,JELLY_C,0.2562,-0.4288,1.00,J_PULSE_CRUISE,12.49,0.0658,0.275,0.5525,3.7813,-3.7905,0.00115,0.00329,0.00001,0.02846,0.8965
39.7333,JELLY_A,0.8832,0.0000,0.05,J_PAUSE_OPEN,11.71,0.0167,0.000,1.1276,2.3067,-3.3367,-0.00011,0.00266,0.00255,0.03926,-0.0002
39.7333,JELLY_B,0.2458,-0.3187,1.00,J_PULSE_CRUISE,10.37,0.0150,0.096,1.5015,3.1345,-3.6691,0.00103,0.00600,0.00301,0.04086,0.8686
39.7333,JELLY_C,0.2693,-0.5234,1.00,J_PULSE_CRUISE,12.62,0.0633,0.275,0.5525,3.7814,-3.7905,0.00114,0.00320,-0.00000,0.02845,0.9261
39.7667,JELLY_A,0.8935,0.0000,0.05,J_PAUSE_OPEN,11.68,0.0167,0.000,1.1276,2.3068,-3.3366,-0.00012,0.00261,0.00254,0.03928,-0.0002
39.7667,JELLY_B,0.2577,-0.3982,1.00,J_PULSE_CRUISE,10.39,0.0143,0.096,1.5016,3.1347,-3.6690,0.00102,0.00592,0.00298,0.04086,0.9031
39.7667,JELLY_C,0.2825,-0.6143,1.00,J_PULSE_CRUISE,12.74,0.0609,0.275,0.5525,3.7816,-3.7905,0.00113,0.00311,-0.00002,0.02845,0.9467
39.8000,JELLY_A,0.9038,0.0000,0.05,J_PAUSE_OPEN,11.65,0.0167,0.000,1.1276,2.3069,-3.3365,-0.00013,0.00256,0.00252,0.03929,-0.0001
39.8000,JELLY_B,0.2696,-0.4756,1.00,J_PULSE_CRUISE,10.40,0.0136,0.096,1.5016,3.1349,-3.6689,0.00101,0.00583,0.00295,0.04086,0.9296
39.8000,JELLY_C,0.2957,-0.7010,1.00,J_PULSE_CRUISE,12.85,0.0586,0.275,0.5526,3.7817,-3.7905,0.00113,0.00302,-0.00003,0.02844,0.9589
39.8333,JELLY_A,0.9141,0.0000,0.05,J_PAUSE_OPEN,11.62,0.0167,0.000,1.1276,2.3070,-3.3364,-0.00014,0.00252,0.00250,0.03930,-0.0001
39.8333,JELLY_B,0.2815,-0.5503,1.00,J_PULSE_CRUISE,10.42,0.0129,0.096,1.5016,3.1351,-3.6688,0.00100,0.00575,0.00293,0.04086,0.9486
39.8333,JELLY_C,0.3088,-0.7828,1.00,J_PULSE_CRUISE,12.96,0.0564,0.275,0.5526,3.7818,-3.7905,0.00112,0.00293,-0.00005,0.02844,0.9636
39.8667,JELLY_A,0.9245,0.0000,0.05,J_PAUSE_OPEN,11.59,0.0166,0.000,1.1276,2.3070,-3.3363,-0.00015,0.00247,0.00249,0.03931,-0.0001
39.8667,JELLY_B,0.2935,-0.6220,1.00,J_PULSE_CRUISE,10.44,0.0123,0.096,1.5017,3.1353,-3.6687,0.00099,0.00567,0.00290,0.04086,0.9607
39.8667,JELLY_C,0.3220,-0.8593,1.00,J_PULSE_CRUISE,13.07,0.0542,0.275,0.5526,3.7818,-3.7905,0.00111,0.00284,-0.00006,0.02843,0.9615
39.9000,JELLY_A,0.9348,0.0000,0.05,J_PAUSE_OPEN,11.55,0.0166,0.000,1.1276,2.3071,-3.3362,-0.00016,0.00242,0.00247,0.03932,-0.0001
39.9000,JELLY_B,0.3054,-0.6902,1.00,J_PULSE_CRUISE,10.45,0.0116,0.096,1.5017,3.1355,-3.6687,0.00097,0.00559,0.00288,0.04087,0.9664
39.9000,JELLY_C,0.3351,-0.9298,1.00,J_PULSE_CRUISE,13.17,0.0520,0.275,0.5527,3.7819,-3.7905,0.00111,0.00275,-0.00007,0.02843,0.9535
39.9333,JELLY_A,0.9451,0.0000,0.05,J_PAUSE_OPEN,11.52,0.0166,0.000,1.1276,2.3072,-3.3362,-0.00017,0.00237,0.00246,0.03933,-0.0001
39.9333,JELLY_B,0.3173,-0.7545,1.00,J_PULSE_CRUISE,10.46,0.0110,0.096,1.5017,3.1357,-3.6686,0.00096,0.00552,0.00285,0.04087,0.9664
39.9333,JELLY_C,0.3482,-0.9940,1.00,J_PULSE_CRUISE,13.27,0.0500,0.275,0.5527,3.7820,-3.7905,0.00110,0.00266,-0.00009,0.02842,0.9402
39.9667,JELLY_A,0.9554,0.0000,0.05,J_PAUSE_OPEN,11.49,0.0165,0.000,1.1276,2.3073,-3.3361,-0.00018,0.00233,0.00244,0.03934,-0.0000
39.9667,JELLY_B,0.3292,-0.8147,1.00,J_PULSE_CRUISE,10.48,0.0105,0.096,1.5017,3.1359,-3.6685,0.00095,0.00544,0.00283,0.04083,0.9612
39.9667,JELLY_C,0.3614,-1.0514,1.00,J_PULSE_CRUISE,13.36,0.0480,0.275,0.5528,3.7821,-3.7905,0.00109,0.00257,-0.00010,0.02838,0.9224
40.0000,JELLY_A,0.9658,0.0000,0.05,J_PAUSE_OPEN,11.46,0.0165,0.000,1.1276,2.3074,-3.3360,-0.00019,0.00228,0.00243,0.03935,-0.0000
40.0000,JELLY_B,0.3411,-0.8703,1.00,J_PULSE_CRUISE,10.49,0.0099,0.096,1.5018,3.1361,-3.6684,0.00094,0.00536,0.00281,0.04069,0.9514
40.0000,JELLY_C,0.3745,-1.1016,1.00,J_PULSE_CRUISE,13.45,0.0460,0.275,0.5528,3.7822,-3.7905,0.00109,0.00248,-0.00011,0.02827,0.9005
40.0333,JELLY_A,0.9761,0.0000,0.05,J_PAUSE_OPEN,11.43,0.0165,0.000,1.1276,2.3074,-3.3359,-0.00020,0.00223,0.00241,0.03935,-0.0000
40.0333,JELLY_B,0.3530,-0.9210,1.00,J_PULSE_CRUISE,10.50,0.0094,0.096,1.5018,3.1362,-3.6683,0.00093,0.00528,0.00278,0.04042,0.9376
40.0333,JELLY_C,0.3877,-1.1443,1.00,J_PULSE_CRUISE,13.54,0.0441,0.275,0.5528,3.7823,-3.7905,0.00108,0.00239,-0.00012,0.02804,0.8752
40.0667,JELLY_A,0.9864,0.0000,0.05,J_PAUSE_OPEN,11.40,0.0164,0.000,1.1276,2.3075,-3.3358,-0.00021,0.00218,0.00240,0.03935,-0.0000
40.0667,JELLY_B,0.3649,-0.9666,1.00,J_PULSE_CRUISE,10.51,0.0089,0.096,1.5018,3.1364,-3.6682,0.00092,0.00521,0.00276,0.04001,0.9201
40.0667,JELLY_C,0.4008,-1.1791,1.00,J_PULSE_CRUISE,13.62,0.0422,0.275,0.5529,3.7824,-3.7906,0.00107,0.00231,-0.00014,0.02770,0.8468
40.1000,JELLY_A,0.9967,0.0000,0.05,J_PAUSE_OPEN,11.37,0.0164,0.000,1.1276,2.3076,-3.3357,-0.00022,0.00213,0.00238,0.03936,-0.0000
40.1000,JELLY_B,0.3769,-1.0068,1.00,J_PULSE_CRUISE,10.51,0.0085,0.096,1.5019,3.1366,-3.6681,0.00091,0.00513,0.00274,0.03947,0.8995
40.1000,JELLY_C,0.4139,-1.2059,1.00,J_PULSE_CRUISE,13.70,0.0404,0.275,0.5529,3.7824,-3.7906,0.00107,0.00223,-0.00015,0.02724,0.8159
40.1333,JELLY_A,0.0071,0.2698,1.00,J_PULSE_CRUISE,11.33,0.0159,0.352,1.1276,2.3077,-3.3357,-0.00023,0.00208,0.00236,0.03936,0.0002
40.1333,JELLY_B,0.3888,-1.0414,1.00,J_PULSE_CRUISE,10.52,0.0080,0.096,1.5019,3.1368,-3.6680,0.00090,0.00506,0.00272,0.03881,0.8761
40.1333,JELLY_C,0.4271,-1.2245,1.00,J_PULSE_CRUISE,13.77,0.0387,0.275,0.5529,3.7825,-3.7906,0.00106,0.00216,-0.00016,0.02669,0.7827
40.1667,JELLY_A,0.0174,0.6567,1.00,J_PULSE_CRUISE,11.30,0.0145,0.352,1.1275,2.3077,-3.3356,-0.00024,0.00204,0.00235,0.03935,0.0012
40.1667,JELLY_B,0.4007,-1.0701,1.00,J_PULSE_CRUISE,10.53,0.0076,0.096,1.5019,3.1369,-3.6679,0.00089,0.00499,0.00270,0.03805,0.8502
40.1667,JELLY_C,0.4402,-1.2348,1.00,J_PULSE_CRUISE,13.85,0.0370,0.275,0.5530,3.7826,-3.7906,0.00106,0.00211,-0.00016,0.02606,0.7477
40.2000,JELLY_A,0.0277,1.0264,1.00,J_PULSE_CRUISE,11.28,0.0135,0.352,1.1275,2.3078,-3.3355,-0.00025,0.00202,0.00234,0.03934,0.0037
40.2000,JELLY_B,0.4126,-1.0929,1.00,J_PULSE_CRUISE,10.53,0.0073,0.096,1.5020,3.1371,-3.6678,0.00088,0.00492,0.00268,0.03723,0.8222
40.2000,JELLY_C,0.4533,-1.2367,1.00,J_PULSE_CRUISE,13.92,0.0354,0.275,0.5530,3.7826,-3.7906,0.00106,0.00208,-0.00016,0.02537,0.7110
40.2333,JELLY_A,0.0381,1.3691,1.00,J_PULSE_CRUISE,11.26,0.0156,0.352,1.1275,2.3079,-3.3354,-0.00025,0.00202,0.00233,0.03931,0.0082
40.2333,JELLY_B,0.4246,-1.1095,1.00,J_PULSE_CRUISE,10.54,0.0069,0.096,1.5020,3.1372,-3.6677,0.00087,0.00486,0.00266,0.03636,0.7923
40.2333,JELLY_C,0.4664,-1.2302,1.00,J_PULSE_CRUISE,13.98,0.0337,0.275,0.5530,3.7827,-3.7906,0.00107,0.00207,-0.00015,0.02467,0.6730
40.2667,JELLY_A,0.0484,1.6759,1.00,J_PULSE_CRUISE,11.25,0.0217,0.352,1.1275,2.3079,-3.3354,-0.00025,0.00205,0.00233,0.03928,0.0156
40.2667,JELLY_B,0.4365,-1.1199,1.00,J_PULSE_CRUISE,10.54,0.0066,0.096,1.5020,3.1374,-3.6676,0.00086,0.00481,0.00264,0.03547,0.7607
40.2667,JELLY_C,0.4796,-1.2153,1.00,J_PULSE_CRUISE,14.05,0.0322,0.275,0.5531,3.7828,-3.7906,0.00107,0.00208,-0.00014,0.02397,0.6340
40.3000,JELLY_A,0.0587,1.9388,1.00,J_PULSE_CRUISE,11.25,0.0308,0.352,1.1275,2.3080,-3.3353,-0.00025,0.00212,0.00234,0.03925,0.0269
40.3000,JELLY_B,0.4484,-1.1240,1.00,J_PULSE_CRUISE,10.54,0.0064,0.096,1.5020,3.1376,-3.6676,0.00086,0.00478,0.00263,0.03461,0.7278
40.3000,JELLY_C,0.4927,-1.1922,1.00,J_PULSE_CRUISE,14.11,0.0307,0.275,0.5531,3.7829,-3.7906,0.00108,0.00213,-0.00013,0.02331,0.5943
40.3333,JELLY_A,0.0690,2.1508,1.00,J_PULSE_CRUISE,11.27,0.0417,0.352,1.1275,2.3081,-3.3352,-0.00024,0.00222,0.00234,0.03921,0.0428
40.3333,JELLY_B,0.4603,-1.1219,1.00,J_PULSE_CRUISE,10.54,0.0061,0.096,1.5021,3.1377,-3.6675,0.00085,0.00476,0.00261,0.03378,0.6937
40.3333,JELLY_C,0.5058,-1.1610,1.00,J_PULSE_CRUISE,14.16,0.0292,0.275,0.5532,3.7829,-3.7906,0.00109,0.00220,-0.00010,0.02272,0.5540
40.3667,JELLY_A,0.0794,2.3063,1.00,J_PULSE_CRUISE,11.30,0.0537,0.352,1.1275,2.3081,-3.3351,-0.00023,0.00234,0.00236,0.03918,0.0641
40.3667,JELLY_B,0.4723,-1.1134,1.00,J_PULSE_CRUISE,10.54,0.0060,0.096,1.5021,3.1379,-3.6674,0.00085,0.00477,0.00261,0.03303,0.6586
40.3667,JELLY_C,0.5189,-1.1219,1.00,J_PULSE_CRUISE,14.22,0.0278,0.275,0.5532,3.7830,-3.7906,0.00111,0.00229,-0.00008,0.02223,0.5136
40.4000,JELLY_A,0.0897,2.4013,1.00,J_PULSE_CRUISE,11.34,0.0663,0.352,1.1275,2.3082,-3.3350,-0.00022,0.00248,0.00237,0.03914,0.0912
40.4000,JELLY_B,0.4842,-1.0987,1.00,J_PULSE_CRUISE,10.54,0.0058,0.096,1.5021,3.1380,-3.6673,0.00085,0.00479,0.00260,0.03238,0.6227
40.4000,JELLY_C,0.5320,-1.0753,1.00,J_PULSE_CRUISE,14.27,0.0264,0.275,0.5532,3.7831,-3.7906,0.00113,0.00242,-0.00004,0.02186,0.4731
40.4333,JELLY_A,0.1000,2.4332,1.00,J_PULSE_CRUISE,11.40,0.0789,0.352,1.1275,2.3083,-3.3350,-0.00020,0.00263,0.00239,0.03911,0.1243
40.4333,JELLY_B,0.4961,-1.0778,1.00,J_PULSE_CRUISE,10.54,0.0057,0.096,1.5022,3.1382,-3.6672,0.00085,0.00483,0.00260,0.03186,0.5863
40.4333,JELLY_C,0.5451,-1.0213,1.00,J_PULSE_CRUISE,14.32,0.0250,0.275,0.5533,3.7832,-3.7906,0.00115,0.00256,-0.00000,0.02162,0.4330
40.4667,JELLY_A,0.1103,2.4013,1.00,J_PULSE_CRUISE,11.47,0.0912,0.352,1.1275,2.3084,-3.3349,-0.00019,0.00278,0.00241,0.03908,0.1635
40.4667,JELLY_B,0.5081,-1.0508,1.00,J_PULSE_CRUISE,10.54,0.0056,0.096,1.5022,3.1384,-3.6671,0.00085,0.00490,0.00260,0.03148,0.5495
40.4667,JELLY_C,0.5582,-0.9605,1.00,J_PULSE_CRUISE,14.37,0.0237,0.275,0.5533,3.7833,-3.7906,0.00117,0.00273,0.00004,0.02151,0.3934
40.5000,JELLY_A,0.1207,2.3063,1.00,J_PULSE_CRUISE,11.56,0.1027,0.352,1.1275,2.3085,-3.3348,-0.00017,0.00292,0.00242,0.03906,0.2085
40.5000,JELLY_B,0.5200,-1.0179,1.00,J_PULSE_CRUISE,10.54,0.0055,0.096,1.5022,3.1385,-3.6670,0.00086,0.00498,0.00261,0.03125,0.5125
40.5000,JELLY_C,0.5713,-0.8932,1.00,J_PULSE_CRUISE,14.41,0.0224,0.275,0.5533,3.7834,-3.7906,0.00120,0.00291,0.00009,0.02149,0.3545
40.5333,JELLY_A,0.1310,2.1508,1.00,J_PULSE_CRUISE,11.67,0.1130,0.352,1.1275,2.3086,-3.3347,-0.00016,0.00303,0.00243,0.03903,0.2588
40.5333,JELLY_B,0.5319,-0.9793,1.00,J_PULSE_CRUISE,10.53,0.0055,0.096,1.5022,3.1387,-3.6669,0.00087,0.00509,0.00262,0.03115,0.4756
40.5333,JELLY_C,0.5845,-0.8199,1.00,J_PULSE_CRUISE,14.45,0.0212,0.275,0.5534,3.7835,-3.7906,0.00122,0.00310,0.00014,0.02153,0.3168
40.5667,JELLY_A,0.1413,1.9387,1.00,J_PULSE_CRUISE,11.79,0.1218,0.352,1.1275,2.3087,-3.3346,-0.00015,0.00312,0.00244,0.03901,0.3137
40.5667,JELLY_B,0.5439,-0.9352,1.00,J_PULSE_CRUISE,10.53,0.0055,0.096,1.5023,3.1389,-3.6669,0.00087,0.00521,0.00263,0.03113,0.4389
40.5667,JELLY_C,0.5976,-0.7411,1.00,J_PULSE_CRUISE,14.49,0.0200,0.275,0.5534,3.7836,-3.7906,0.00125,0.00329,0.00019,0.02160,0.2803
40.6000,JELLY_A,0.1516,1.6757,1.00,J_PULSE_CRUISE,11.92,0.1289,0.352,1.1275,2.3088,-3.3346,-0.00015,0.00317,0.00244,0.03898,0.3722
40.6000,JELLY_B,0.5558,-0.8857,1.00,J_PULSE_CRUISE,10.52,0.0055,0.096,1.5023,3.1390,-3.6668,0.00088,0.00534,0.00264,0.03115,0.4026
40.6000,JELLY_C,0.6107,-0.6573,1.00,J_PULSE_CRUISE,14.53,0.0188,0.275,0.5535,3.7837,-3.7906,0.00128,0.00349,0.00024,0.02171,0.2453
40.6333,JELLY_A,0.1620,1.3687,1.00,J_PULSE_CRUISE,12.07,0.1340,0.352,1.1275,2.3089,-3.3345,-0.00015,0.00319,0.00243,0.03895,0.4332
40.6333,JELLY_B,0.5677,-0.8313,1.00,J_PULSE_CRUISE,10.52,0.0056,0.096,1.5023,3.1392,-3.6667,0.00089,0.00549,0.00266,0.03122,0.3668
40.6333,JELLY_C,0.6238,-0.5690,1.00,J_PULSE_CRUISE,14.56,0.0177,0.275,0.5535,3.7838,-3.7906,0.00130,0.00369,0.00030,0.02184,0.2121
40.6667,JELLY_A,0.1723,1.0257,1.00,J_PULSE_CRUISE,12.22,0.1369,0.352,1.1274,2.3090,-3.3344,-0.00015,0.00318,0.00242,0.03892,0.4953
40.6667,JELLY_B,0.5797,-0.7722,1.00,J_PULSE_CRUISE,10.51,0.0057,0.096,1.5024,3.1394,-3.6666,0.00090,0.00565,0.00267,0.03132,0.3319
40.6667,JELLY_C,0.6369,-0.4770,1.00,J_PULSE_CRUISE,14.60,0.0166,0.275,0.5536,3.7839,-3.7906,0.00133,0.00388,0.00035,0.02199,0.1808
40.7000,JELLY_A,0.1826,0.6558,1.00,J_PULSE_CRUISE,12.38,0.1374,0.352,1.1274,2.3091,-3.3343,-0.00016,0.00315,0.00241,0.03889,0.5572
40.7000,JELLY_B,0.5916,-0.7087,1.00,J_PULSE_CRUISE,10.51,0.0058,0.096,1.5024,3.1396,-3.6665,0.00092,0.00581,0.00269,0.03146,0.2979
40.7000,JELLY_C,0.6500,-0.3817,1.00,J_PULSE_CRUISE,14.63,0.0155,0.275,0.5536,3.7841,-3.7905,0.00135,0.00408,0.00040,0.02217,0.1517
40.7333,JELLY_A,0.1930,0.2685,1.00,J_PULSE_CRUISE,12.54,0.1356,0.352,1.1274,2.3092,-3.3342,-0.00017,0.00310,0.00239,0.03886,0.6176
40.7333,JELLY_B,0.6036,-0.6412,1.00,J_PULSE_CRUISE,10.50,0.0059,0.096,1.5024,3.1398,-3.6664,0.00093,0.00597,0.00271,0.03162,0.2651
40.7333,JELLY_C,0.6630,-0.2840,1.00,J_PULSE_CRUISE,14.66,0.0145,0.275,0.5536,3.7842,-3.7905,0.00138,0.00427,0.00045,0.02237,0.1250
40.7667,JELLY_A,0.2033,-0.0201,1.00,J_PULSE_CRUISE,12.71,0.1316,0.352,1.1274,2.3093,-3.3342,-0.00018,0.00305,0.00238,0.03884,0.6750
40.7667,JELLY_B,0.6155,-0.5701,1.00,J_PULSE_CRUISE,10.49,0.0060,0.096,1.5025,3.1400,-3.6663,0.00094,0.00614,0.00272,0.03180,0.2337
40.7667,JELLY_C,0.6761,-0.1843,1.00,J_PULSE_CRUISE,14.68,0.0135,0.275,0.5537,3.7843,-3.7905,0.00140,0.00446,0.00050,0.02258,0.1008
40.8000,JELLY_A,0.2136,-0.0832,1.00,J_PULSE_CRUISE,12.87,0.1274,0.352,1.1274,2.3094,-3.3341,-0.00019,0.00299,0.00236,0.03882,0.7285
40.8000,JELLY_B,0.6275,-0.4957,1.00,J_PULSE_CRUISE,10.48,0.0061,0.096,1.5025,3.1402,-3.6662,0.00095,0.00630,0.00274,0.03201,0.2037
40.8000,JELLY_C,0.6892,-0.0834,1.00,J_PULSE_CRUISE,14.71,0.0125,0.275,0.5537,3.7845,-3.7905,0.00143,0.00465,0.00055,0.02281,0.0793
40.8333,JELLY_A,0.2240,-0.1460,1.00,J_PULSE_CRUISE,13.02,0.1233,0.352,1.1274,2.3095,-3.3340,-0.00020,0.00294,0.00234,0.03880,0.7771
40.8333,JELLY_B,0.6394,-0.4184,1.00,J_PULSE_CRUISE,10.47,0.0063,0.096,1.5025,3.1404,-3.6661,0.00096,0.00646,0.00275,0.03224,0.1755
40.8333,JELLY_C,0.7023,0.0000,1.00,J_GLIDE,14.73,0.0115,0.275,0.5538,3.7847,-3.7905,0.00145,0.00483,0.00059,0.02305,0.0606
40.8667,JELLY_A,0.2343,-0.2082,1.00,J_PULSE_CRUISE,13.18,0.1193,0.352,1.1274,2.3096,-3.3339,-0.00021,0.00288,0.00233,0.03878,0.8202
40.8667,JELLY_B,0.6514,-0.3388,1.00,J_PULSE_CRUISE,10.46,0.0064,0.096,1.5026,3.1406,-3.6661,0.00097,0.00662,0.00277,0.03250,0.1490
40.8667,JELLY_C,0.7154,0.0000,1.00,J_GLIDE,14.75,0.0106,0.275,0.5538,3.7848,-3.7905,0.00147,0.00501,0.00064,0.02330,0.0448
40.9000,JELLY_A,0.2446,-0.2694,1.00,J_PULSE_CRUISE,13.33,0.1154,0.352,1.1274,2.3097,-3.3338,-0.00022,0.00283,0.00231,0.03877,0.8574
40.9000,JELLY_B,0.6633,-0.2573,1.00,J_PULSE_CRUISE,10.45,0.0066,0.096,1.5026,3.1409,-3.6660,0.00098,0.00678,0.00278,0.03277,0.1245
40.9000,JELLY_C,0.7285,0.0000,1.00,J_GLIDE,14.77,0.0097,0.275,0.5539,3.7850,-3.7904,0.00149,0.00518,0.00069,0.02357,0.0318
40.9333,JELLY_A,0.2550,-0.3296,1.00,J_PULSE_CRUISE,13.47,0.1116,0.352,1.1274,2.3098,-3.3338,-0.00023,0.00277,0.00229,0.03875,0.8886
40.9333,JELLY_B,0.6753,-0.1742,1.00,J_PULSE_CRUISE,10.44,0.0067,0.096,1.5026,3.1411,-3.6659,0.00099,0.00693,0.00280,0.03307,0.1022
40.9333,JELLY_C,0.7416,0.0000,1.00,J_GLIDE,14.79,0.0088,0.275,0.5539,3.7852,-3.7904,0.00151,0.00534,0.00073,0.02385,0.0214
40.9667,JELLY_A,0.2653,-0.3884,1.00,J_PULSE_CRUISE,13.62,0.1079,0.352,1.1274,2.3099,-3.3337,-0.00024,0.00272,0.00228,0.03874,0.9140
40.9667,JELLY_B,0.6873,-0.0901,1.00,J_PULSE_CRUISE,10.43,0.0069,0.096,1.5027,3.1413,-3.6658,0.00100,0.00709,0.00281,0.03337,0.0821
40.9667,JELLY_C,0.7547,0.0000,1.00,J_GLIDE,14.81,0.0080,0.275,0.5540,3.7853,-3.7904,0.00153,0.00550,0.00077,0.02414,0.0133
41.0000,JELLY_A,0.2756,-0.4455,1.00,J_PULSE_CRUISE,13.76,0.1043,0.352,1.1274,2.3100,-3.3336,-0.00024,0.00267,0.00226,0.03872,0.9336
41.0000,JELLY_B,0.6992,-0.0055,1.00,J_PULSE_CRUISE,10.42,0.0070,0.096,1.5027,3.1416,-3.6657,0.00101,0.00724,0.00283,0.03370,0.0643
41.0000,JELLY_C,0.7677,0.0000,1.00,J_GLIDE,14.82,0.0072,0.275,0.5540,3.7855,-3.7904,0.00155,0.00564,0.00081,0.02444,0.0072
41.0333,JELLY_A,0.2860,-0.5008,1.00,J_PULSE_CRUISE,13.89,0.1008,0.352,1.1274,2.3101,-3.3335,-0.00025,0.00261,0.00225,0.03866,0.9479
41.0333,JELLY_B,0.7112,0.0000,1.00,J_GLIDE,10.41,0.0072,0.096,1.5027,3.1418,-3.6656,0.00102,0.00739,0.00284,0.03403,0.0490
41.0333,JELLY_C,0.7808,0.0000,1.00,J_GLIDE,14.83,0.0064,0.275,0.5541,3.7857,-3.7903,0.00156,0.00577,0.00084,0.02474,0.0027
41.0667,JELLY_A,0.2963,-0.5540,1.00,J_PULSE_CRUISE,14.02,0.0975,0.352,1.1274,2.3102,-3.3335,-0.00026,0.00256,0.00223,0.03850,0.9571
41.0667,JELLY_B,0.7232,0.0000,1.00,J_GLIDE,10.40,0.0073,0.096,1.5028,3.1421,-3.6655,0.00103,0.00753,0.00285,0.03438,0.0361
41.0667,JELLY_C,0.7939,0.0000,1.00,J_GLIDE,14.84,0.0056,0.275,0.5541,3.7859,-3.7903,0.00158,0.00590,0.00088,0.02504,-0.0003
41.1000,JELLY_A,0.3066,-0.6049,1.00,J_PULSE_CRUISE,14.15,0.0942,0.352,1.1274,2.3102,-3.3334,-0.00027,0.00251,0.00222,0.03821,0.9616
41.1000,JELLY_B,0.7351,0.0000,1.00,J_GLIDE,10.38,0.0075,0.096,1.5028,3.1423,-3.6654,0.00104,0.00766,0.00286,0.03474,0.0255
41.1000,JELLY_C,0.8070,0.0000,1.00,J_GLIDE,14.85,0.0048,0.275,0.5542,3.7861,-3.7903,0.00159,0.00601,0.00091,0.02535,-0.0023
41.1333,JELLY_A,0.3170,-0.6532,1.00,J_PULSE_CRUISE,14.28,0.0910,0.352,1.1273,2.3103,-3.3333,-0.00028,0.00245,0.00220,0.03777,0.9619
41.1333,JELLY_B,0.7471,0.0000,1.00,J_GLIDE,10.37,0.0077,0.096,1.5028,3.1426,-3.6653,0.00104,0.00779,0.00287,0.03510,0.0170
41.1333,JELLY_C,0.8201,0.0000,1.00,J_GLIDE,14.86,0.0041,0.275,0.5542,3.7863,-3.7902,0.00160,0.00612,0.00094,0.02565,-0.0035
41.1667,JELLY_A,0.3273,-0.6988,1.00,J_PULSE_CRUISE,14.40,0.0879,0.352,1.1273,2.3104,-3.3332,-0.00029,0.00240,0.00218,0.03718,0.9582
41.1667,JELLY_B,0.7591,0.0000,1.00,J_GLIDE,10.36,0.0078,0.096,1.5029,3.1428,-3.6652,0.00105,0.00791,0.00287,0.03547,0.0103
41.1667,JELLY_C,0.8331,0.0000,1.00,J_GLIDE,14.87,0.0034,0.275,0.5543,3.7865,-3.7902,0.00161,0.00623,0.00097,0.02595,-0.0041
41.2000,JELLY_A,0.3376,-0.7414,1.00,J_PULSE_CRUISE,14.52,0.0849,0.352,1.1273,2.3105,-3.3332,-0.00030,0.00235,0.00217,0.03647,0.9510
41.2000,JELLY_B,0.7710,0.0000,1.00,J_GLIDE,10.34,0.0080,0.096,1.5029,3.1431,-3.6651,0.00106,0.00802,0.00288,0.03584,0.0053
41.2000,JELLY_C,0.8462,0.0000,1.00,J_GLIDE,14.88,0.0027,0.275,0.5544,3.7867,-3.7902,0.00162,0.00632,0.00099,0.02624,-0.0042
41.2333,JELLY_A,0.3480,-0.7809,1.00,J_PULSE_CRUISE,14.63,0.0819,0.352,1.1273,2.3106,-3.3331,-0.00031,0.00230,0.00216,0.03563,0.9405
41.2333,JELLY_B,0.7830,0.0000,1.00,J_GLIDE,10.33,0.0081,0.096,1.5029,3.1434,-3.6650,0.00106,0.00812,0.00288,0.03622,0.0016
41.2333,JELLY_C,0.8593,0.0000,1.00,J_GLIDE,14.88,0.0021,0.275,0.5544,3.7869,-3.7901,0.00163,0.00641,0.00102,0.02653,-0.0040
41.2667,JELLY_A,0.3583,-0.8172,1.00,J_PULSE_CRUISE,14.74,0.0791,0.352,1.1273,2.3106,-3.3330,-0.00031,0.00224,0.00214,0.03470,0.9272
41.2667,JELLY_B,0.7950,0.0000,1.00,J_GLIDE,10.31,0.0083,0.096,1.5030,3.1436,-3.6649,0.00107,0.00822,0.00289,0.03659,-0.0010
41.2667,JELLY_C,0.8723,0.0000,1.00,J_GLIDE,14.88,0.0015,0.275,0.5545,3.7872,-3.7901,0.00164,0.00649,0.00104,0.02681,-0.0037
41.3000,JELLY_A,0.3687,-0.8500,1.00,J_PULSE_CRUISE,14.84,0.0763,0.352,1.1273,2.3107,-3.3330,-0.00032,0.00219,0.00213,0.03369,0.9112
41.3000,JELLY_B,0.8070,0.0000,1.00,J_GLIDE,10.30,0.0084,0.096,1.5030,3.1439,-3.6648,0.00107,0.00831,0.00289,0.03696,-0.0027
41.3000,JELLY_C,0.8854,0.0000,1.00,J_GLIDE,14.89,0.0010,0.275,0.5545,3.7874,-3.7901,0.00164,0.00656,0.00106,0.02708,-0.0032
41.3333,JELLY_A,0.3790,-0.8792,1.00,J_PULSE_CRUISE,14.95,0.0736,0.352,1.1273,2.3108,-3.3329,-0.00033,0.00214,0.00211,0.03264,0.8930
41.3333,JELLY_B,0.8190,0.0000,1.00,J_GLIDE,10.28,0.0086,0.096,1.5030,3.1442,-3.6647,0.00107,0.00840,0.00289,0.03732,-0.0038
41.3333,JELLY_C,0.8985,0.0000,1.00,J_GLIDE,14.89,0.0007,0.275,0.5546,3.7876,-3.7900,0.00165,0.00663,0.00108,0.02734,-0.0028
41.3667,JELLY_A,0.3893,-0.9047,1.00,J_PULSE_CRUISE,15.05,0.0710,0.352,1.1273,2.3109,-3.3328,-0.00034,0.00209,0.00210,0.03157,0.8726
41.3667,JELLY_B,0.8310,0.0000,1.00,J_GLIDE,10.27,0.0087,0.096,1.5031,3.1445,-3.6646,0.00108,0.00848,0.00289,0.03768,-0.0043
41.3667,JELLY_C,0.9115,0.0000,1.00,J_GLIDE,14.89,0.0009,0.275,0.5546,3.7878,-3.7900,0.00165,0.00669,0.00110,0.02758,-0.0023
41.4000,JELLY_A,0.3997,-0.9264,1.00,J_PULSE_CRUISE,15.14,0.0685,0.352,1.1273,2.3109,-3.3328,-0.00035,0.00204,0.00208,0.03051,0.8504
41.4000,JELLY_B,0.8429,0.0000,1.00,J_GLIDE,10.25,0.0088,0.096,1.5031,3.1448,-3.6645,0.00108,0.00856,0.00289,0.03803,-0.0044
41.4000,JELLY_C,0.9246,0.0000,1.00,J_GLIDE,14.89,0.0013,0.275,0.5547,3.7880,-3.7900,0.00166,0.00675,0.00112,0.02781,-0.0018
41.4333,JELLY_A,0.4100,-0.9442,1.00,J_PULSE_CRUISE,15.23,0.0660,0.352,1.1273,2.3110,-3.3327,-0.00035,0.00199,0.00207,0.02948,0.8265
41.4333,JELLY_B,0.8549,0.0000,1.00,J_GLIDE,10.23,0.0090,0.096,1.5031,3.1451,-3.6644,0.00108,0.00862,0.00289,0.03836,-0.0043
41.4333,JELLY_C,0.9377,0.0000,1.00,J_GLIDE,14.88,0.0018,0.275,0.5547,3.7883,-3.7899,0.00166,0.00680,0.00113,0.02802,-0.0014
41.4667,JELLY_A,0.4204,-0.9580,1.00,J_PULSE_CRUISE,15.32,0.0636,0.352,1.1272,2.3111,-3.3326,-0.00036,0.00195,0.00206,0.02852,0.8012
41.4667,JELLY_B,0.8669,0.0000,1.00,J_GLIDE,10.22,0.0091,0.096,1.5032,3.1453,-3.6643,0.00108,0.00869,0.00289,0.03869,-0.0040
41.4667,JELLY_C,0.9507,0.0000,1.00,J_GLIDE,14.88,0.0023,0.275,0.5548,3.7885,-3.7899,0.00166,0.00684,0.00115,0.02822,-0.0011
41.5000,JELLY_A,0.4307,-0.9678,1.00,J_PULSE_CRUISE,15.41,0.0613,0.352,1.1272,2.3111,-3.3325,-0.00036,0.00191,0.00204,0.02766,0.7745
41.5000,JELLY_B,0.8789,0.0000,1.00,J_GLIDE,10.20,0.0092,0.096,1.5032,3.1456,-3.6642,0.00108,0.00875,0.00289,0.03900,-0.0036
41.5000,JELLY_C,0.9638,0.0000,1.00,J_GLIDE,14.87,0.0028,0.275,0.5548,3.7887,-3.7898,0.00167,0.00688,0.00116,0.02840,-0.0008
41.5333,JELLY_A,0.4411,-0.9735,1.00,J_PULSE_CRUISE,15.49,0.0591,0.352,1.1272,2.3112,-3.3325,-0.00037,0.00188,0.00203,0.02691,0.7467
41.5333,JELLY_B,0.8909,0.0000,1.00,J_GLIDE,10.18,0.0093,0.096,1.5033,3.1459,-3.6641,0.00108,0.00880,0.00288,0.03929,-0.0031
41.5333,JELLY_C,0.9769,0.0000,1.00,J_GLIDE,14.87,0.0033,0.275,0.5549,3.7890,-3.7898,0.00167,0.00692,0.00117,0.02856,-0.0005
41.5667,JELLY_A,0.4514,-0.9751,1.00,J_PULSE_CRUISE,15.57,0.0569,0.352,1.1272,2.3112,-3.3324,-0.00037,0.00186,0.00203,0.02630,0.7179
41.5667,JELLY_B,0.9029,0.0000,1.00,J_GLIDE,10.17,0.0095,0.096,1.5033,3.1462,-3.6640,0.00108,0.00885,0.00288,0.03957,-0.0026
41.5667,JELLY_C,0.9899,0.0000,1.00,J_GLIDE,14.86,0.0038,0.275,0.5550,3.7892,-3.7898,0.00167,0.00695,0.00118,0.02869,-0.0003
41.6000,JELLY_A,0.4617,-0.9726,1.00,J_PULSE_CRUISE,15.64,0.0548,0.352,1.1272,2.3113,-3.3323,-0.00036,0.00186,0.00202,0.02584,0.6882
41.6000,JELLY_B,0.9149,0.0000,1.00,J_GLIDE,10.15,0.0096,0.096,1.5033,3.1465,-3.6640,0.00108,0.00889,0.00287,0.03983,-0.0022
41.6000,JELLY_C,0.0030,0.1442,1.00,J_PULSE_CRUISE,14.86,0.0040,0.465,0.5550,3.7894,-3.7897,0.00166,0.00693,0.00118,0.02881,0.0000
41.6333,JELLY_A,0.4721,-0.9659,1.00,J_PULSE_CRUISE,15.72,0.0527,0.352,1.1272,2.3114,-3.3323,-0.00036,0.00186,0.00201,0.02556,0.6579
41.6333,JELLY_B,0.9269,0.0000,1.00,J_GLIDE,10.13,0.0097,0.096,1.5034,3.1468,-3.6639,0.00108,0.00893,0.00287,0.04006,-0.0018
41.6333,JELLY_C,0.0160,0.7671,1.00,J_PULSE_CRUISE,14.85,0.0011,0.465,0.5551,3.7897,-3.7897,0.00164,0.00682,0.00116,0.02890,0.0018
41.6667,JELLY_A,0.4824,-0.9552,1.00,J_PULSE_CRUISE,15.79,0.0507,0.352,1.1272,2.3114,-3.3322,-0.00035,0.00188,0.00201,0.02542,0.6269
41.6667,JELLY_B,0.9389,0.0000,1.00,J_GLIDE,10.11,0.0098,0.096,1.5034,3.1471,-3.6638,0.00108,0.00897,0.00286,0.04028,-0.0014
41.6667,JELLY_C,0.0291,1.3578,1.00,J_PULSE_CRUISE,14.85,0.0058,0.465,0.5551,3.7899,-3.7897,0.00163,0.00674,0.00115,0.02896,0.0062
41.7000,JELLY_A,0.4928,-0.9404,1.00,J_PULSE_CRUISE,15.85,0.0487,0.352,1.1272,2.3115,-3.3321,-0.00034,0.00191,0.00201,0.02540,0.5956
41.7000,JELLY_B,0.9510,0.0000,1.00,J_GLIDE,10.09,0.0099,0.096,1.5034,3.1474,-3.6637,0.00108,0.00900,0.00285,0.04047,-0.0011
41.7000,JELLY_C,0.0422,1.8914,1.00,J_PULSE_CRUISE,14.87,0.0161,0.465,0.5552,3.7901,-3.7896,0.00163,0.00672,0.00115,0.02899,0.0146
41.7333,JELLY_A,0.5031,-0.9217,1.00,J_PULSE_CRUISE,15.92,0.0469,0.352,1.1271,2.3116,-3.3321,-0.00032,0.00196,0.00201,0.02544,0.5639
41.7333,JELLY_B,0.9630,0.0000,1.00,J_GLIDE,10.08,0.0100,0.096,1.5035,3.1477,-3.6636,0.00108,0.00903,0.00284,0.04064,-0.0008
41.7333,JELLY_C,0.0552,2.3457,1.00,J_PULSE_CRUISE,14.91,0.0291,0.465,0.5552,3.7903,-3.7896,0.00163,0.00676,0.00116,0.02899,0.0284
41.7667,JELLY_A,0.5135,-0.8990,1.00,J_PULSE_CRUISE,15.98,0.0450,0.352,1.1271,2.3116,-3.3320,-0.00030,0.00201,0.00201,0.02552,0.5320
41.7667,JELLY_B,0.9750,0.0000,1.00,J_GLIDE,10.06,0.0101,0.096,1.5035,3.1480,-3.6635,0.00107,0.00905,0.00284,0.04078,-0.0006
41.7667,JELLY_C,0.0683,2.7016,1.00,J_PULSE_CRUISE,14.98,0.0444,0.465,0.5553,3.7906,-3.7895,0.00164,0.00687,0.00119,0.02897,0.0491
41.8000,JELLY_A,0.5238,-0.8726,1.00,J_PULSE_CRUISE,16.03,0.0433,0.352,1.1271,2.3117,-3.3319,-0.00028,0.00208,0.00202,0.02565,0.5001
41.8000,JELLY_B,0.9870,0.0000,1.00,J_GLIDE,10.04,0.0102,0.096,1.5035,3.1483,-3.6634,0.00107,0.00907,0.00283,0.04090,-0.0004
41.8000,JELLY_C,0.0813,2.9442,1.00,J_PULSE_CRUISE,15.07,0.0610,0.465,0.5553,3.7908,-3.7895,0.00166,0.00703,0.00123,0.02895,0.0781
41.8333,JELLY_A,0.5342,-0.8424,1.00,J_PULSE_CRUISE,16.09,0.0415,0.352,1.1271,2.3118,-3.3319,-0.00026,0.00216,0.00202,0.02581,0.4682
41.8333,JELLY_B,0.9990,0.0000,1.00,J_GLIDE,10.02,0.0103,0.096,1.5036,3.1486,-3.6633,0.00107,0.00908,0.00282,0.04099,-0.0002
41.8333,JELLY_C,0.0944,3.0635,1.00,J_PULSE_CRUISE,15.20,0.0782,0.465,0.5554,3.7910,-3.7895,0.00168,0.00721,0.00128,0.02893,0.1161
41.8667,JELLY_A,0.5446,-0.8087,1.00,J_PULSE_CRUISE,16.14,0.0399,0.352,1.1271,2.3118,-3.3318,-0.00023,0.00226,0.00203,0.02601,0.4365
41.8667,JELLY_B,0.0111,0.4899,1.00,J_PULSE_CRUISE,10.00,0.0100,0.109,1.5036,3.1489,-3.6632,0.00106,0.00898,0.00279,0.04106,0.0000
41.8667,JELLY_C,0.1074,3.0544,1.00,J_PULSE_CRUISE,15.36,0.0951,0.465,0.5555,3.7913,-3.7894,0.00170,0.00741,0.00133,0.02892,0.1634
41.9000,JELLY_A,0.5549,-0.7715,1.00,J_PULSE_CRUISE,16.19,0.0383,0.352,1.1271,2.3119,-3.3317,-0.00020,0.00236,0.00204,0.02623,0.4052
41.9000,JELLY_B,0.0231,1.0056,1.00,J_PULSE_CRUISE,9.98,0.0088,0.109,1.5036,3.1492,-3.6631,0.00104,0.00889,0.00277,0.04109,0.0010
41.9000,JELLY_C,0.1205,2.9174,1.00,J_PULSE_CRUISE,15.56,0.1110,0.465,0.5555,3.7915,-3.7894,0.00172,0.00758,0.00138,0.02890,0.2196
41.9333,JELLY_A,0.5653,-0.7311,1.00,J_PULSE_CRUISE,16.24,0.0367,0.352,1.1271,2.3120,-3.3317,-0.00016,0.00247,0.00205,0.02647,0.3743
41.9333,JELLY_B,0.0351,1.4858,1.00,J_PULSE_CRUISE,9.97,0.0071,0.109,1.5037,3.1495,-3.6630,0.00104,0.00884,0.00275,0.04111,0.0039
41.9333,JELLY_C,0.1335,2.6583,1.00,J_PULSE_CRUISE,15.78,0.1250,0.465,0.5556,3.7918,-3.7893,0.00173,0.00770,0.00141,0.02889,0.2837
41.9667,JELLY_A,0.5756,-0.6876,1.00,J_PULSE_CRUISE,16.28,0.0352,0.352,1.1271,2.3121,-3.3316,-0.00013,0.00259,0.00206,0.02675,0.3439
41.9667,JELLY_B,0.0472,1.9135,1.00,J_PULSE_CRUISE,9.95,0.0051,0.109,1.5037,3.1498,-3.6629,0.00103,0.00884,0.00274,0.04111,0.0104
41.9667,JELLY_C,0.1466,2.2879,1.00,J_PULSE_CRUISE,16.03,0.1364,0.465,0.5556,3.7920,-3.7893,0.00174,0.00777,0.00144,0.02888,0.3541
42.0000,JELLY_A,0.5860,-0.6411,1.00,J_PULSE_CRUISE,16.33,0.0337,0.352,1.1271,2.3122,-3.3315,-0.00009,0.00271,0.00207,0.02704,0.3142
42.0000,JELLY_B,0.0592,2.2733,1.00,J_PULSE_CRUISE,9.95,0.0039,0.109,1.5037,3.1501,-3.6628,0.00103,0.00889,0.00273,0.04111,0.0219
42.0000,JELLY_C,0.1596,1.8217,1.00,J_PULSE_CRUISE,16.29,0.1447,0.465,0.5557,3.7923,-3.7892,0.00173,0.00777,0.00144,0.02887,0.4289
42.0333,JELLY_A,0.5963,-0.5919,1.00,J_PULSE_CRUISE,16.37,0.0323,0.352,1.1271,2.3123,-3.3315,-0.00006,0.00284,0.00208,0.02736,0.2854
42.0333,JELLY_B,0.0712,2.5522,1.00,J_PULSE_CRUISE,9.95,0.0054,0.109,1.5038,3.1504,-3.6627,0.00104,0.00899,0.00274,0.04111,0.0401
42.0333,JELLY_C,0.1727,1.2794,1.00,J_PULSE_CRUISE,16.57,0.1494,0.465,0.5557,3.7925,-3.7892,0.00172,0.00772,0.00144,0.02886,0.5055
42.0667,JELLY_A,0.6067,-0.5402,1.00,J_PULSE_CRUISE,16.41,0.0310,0.352,1.1271,2.3124,-3.3314,-0.00002,0.00296,0.00209,0.02770,0.2575
42.0667,JELLY_B,0.0833,2.7403,1.00,J_PULSE_CRUISE,9.96,0.0085,0.109,1.5038,3.1507,-3.6626,0.00105,0.00912,0.00275,0.04110,0.0660
42.0667,JELLY_C,0.1857,0.6835,1.00,J_PULSE_CRUISE,16.86,0.1502,0.465,0.5558,3.7928,-3.7891,0.00171,0.00761,0.00142,0.02885,0.5814
42.1000,JELLY_A,0.6171,-0.4862,1.00,J_PULSE_CRUISE,16.44,0.0296,0.352,1.1271,2.3125,-3.3313,0.00002,0.00309,0.00210,0.02805,0.2306
42.1000,JELLY_B,0.0953,2.8307,1.00,J_PULSE_CRUISE,9.97,0.0122,0.109,1.5039,3.1510,-3.6626,0.00106,0.00928,0.00276,0.04110,0.1004
42.1000,JELLY_C,0.1988,0.0592,1.00,J_PULSE_CRUISE,17.14,0.1469,0.465,0.5559,3.7931,-3.7891,0.00169,0.00748,0.00139,0.02884,0.6539
42.1333,JELLY_A,0.6274,-0.4301,1.00,J_PULSE_CRUISE,16.47,0.0284,0.352,1.1271,2.3126,-3.3313,0.00006,0.00321,0.00211,0.02843,0.2049
42.1333,JELLY_B,0.1074,2.8201,1.00,J_PULSE_CRUISE,10.00,0.0160,0.109,1.5039,3.1513,-3.6625,0.00107,0.00944,0.00278,0.04110,0.1436
42.1333,JELLY_C,0.2118,-0.0913,1.00,J_PULSE_CRUISE,17.42,0.1419,0.465,0.5559,3.7933,-3.7890,0.00167,0.00735,0.00136,0.02882,0.7210
42.1667,JELLY_A,0.6378,-0.3722,1.00,J_PULSE_CRUISE,16.51,0.0272,0.352,1.1271,2.3127,-3.3312,0.00010,0.00334,0.00212,0.02882,0.1804
42.1667,JELLY_B,0.1194,2.7088,1.00,J_PULSE_CRUISE,10.03,0.0196,0.109,1.5039,3.1516,-3.6624,0.00108,0.00959,0.00279,0.04109,0.1954
42.1667,JELLY_C,0.2249,-0.1914,1.00,J_PULSE_CRUISE,17.69,0.1370,0.465,0.5560,3.7935,-3.7890,0.00165,0.00723,0.00134,0.02881,0.7808
42.2000,JELLY_A,0.6481,-0.3127,1.00,J_PULSE_CRUISE,16.54,0.0260,0.352,1.1271,2.3128,-3.3311,0.00013,0.00346,0.00213,0.02922,0.1572
42.2000,JELLY_B,0.1315,2.5005,1.00,J_PULSE_CRUISE,10.06,0.0228,0.109,1.5040,3.1520,-3.6623,0.00109,0.00970,0.00279,0.04109,0.2549
42.2000,JELLY_C,0.2379,-0.2902,1.00,J_PULSE_CRUISE,17.95,0.1322,0.465,0.5560,3.7938,-3.7889,0.00163,0.00710,0.00131,0.02880,0.8322
42.2333,JELLY_A,0.6585,-0.2518,1.00,J_PULSE_CRUISE,16.56,0.0248,0.352,1.1271,2.3129,-3.3310,0.00017,0.00358,0.00214,0.02964,0.1356
42.2333,JELLY_B,0.1435,2.2026,1.00,J_PULSE_CRUISE,10.10,0.0256,0.109,1.5040,3.1523,-3.6622,0.00109,0.00977,0.00279,0.04109,0.3210
42.2333,JELLY_C,0.2510,-0.3870,1.00,J_PULSE_CRUISE,18.20,0.1276,0.465,0.5561,3.7940,-3.7889,0.00161,0.00697,0.00129,0.02879,0.8744
42.2667,JELLY_A,0.6689,-0.1898,1.00,J_PULSE_CRUISE,16.59,0.0237,0.352,1.1271,2.3130,-3.3310,0.00021,0.00371,0.00215,0.03007,0.1155
42.2667,JELLY_B,0.1556,1.8257,1.00,J_PULSE_CRUISE,10.15,0.0276,0.109,1.5040,3.1526,-3.6621,0.00109,0.00978,0.00278,0.04109,0.3920
42.2667,JELLY_C,0.2640,-0.4812,1.00,J_PULSE_CRUISE,18.44,0.1231,0.465,0.5561,3.7942,-3.7889,0.00159,0.00685,0.00127,0.02878,0.9075
42.3000,JELLY_A,0.6792,-0.1270,1.00,J_PULSE_CRUISE,16.61,0.0227,0.352,1.1271,2.3132,-3.3309,0.00025,0.00383,0.00216,0.03050,0.0970
42.3000,JELLY_B,0.1676,1.3831,1.00,J_PULSE_CRUISE,10.20,0.0290,0.109,1.5041,3.1529,-3.6620,0.00108,0.00975,0.00277,0.04108,0.4660
42.3000,JELLY_C,0.2771,-0.5722,1.00,J_PULSE_CRUISE,18.67,0.1187,0.465,0.5562,3.7945,-3.7888,0.00157,0.00673,0.00124,0.02877,0.9317
42.3333,JELLY_A,0.6896,-0.0637,1.00,J_PULSE_CRUISE,16.63,0.0217,0.352,1.1271,2.3133,-3.3308,0.00028,0.00395,0.00217,0.03094,0.0802
42.3333,JELLY_B,0.1797,0.8907,1.00,J_PULSE_CRUISE,10.25,0.0295,0.109,1.5041,3.1533,-3.6619,0.00107,0.00967,0.00274,0.04108,0.5408
42.3333,JELLY_C,0.2901,-0.6594,1.00,J_PULSE_CRUISE,18.89,0.1144,0.465,0.5562,3.7947,-3.7888,0.00156,0.00661,0.00122,0.02877,0.9475
42.3667,JELLY_A,0.7000,-0.0001,1.00,J_PULSE_CRUISE,16.65,0.0207,0.352,1.1271,2.3134,-3.3308,0.00032,0.00407,0.00218,0.03139,0.0651
42.3667,JELLY_B,0.1918,0.3660,1.00,J_PULSE_CRUISE,10.31,0.0291,0.109,1.5041,3.1536,-3.6618,0.00106,0.00956,0.00272,0.04108,0.6139
42.3667,JELLY_C,0.3031,-0.7421,1.00,J_PULSE_CRUISE,19.11,0.1103,0.465,0.5563,3.7949,-3.7887,0.00154,0.00649,0.00120,0.02877,0.9556
42.4000,JELLY_A,0.7104,0.0000,1.00,J_GLIDE,16.67,0.0198,0.352,1.1271,2.3136,-3.3307,0.00036,0.00419,0.00219,0.03184,0.0519
42.4000,JELLY_B,0.2039,-0.0276,1.00,J_PULSE_CRUISE,10.36,0.0280,0.109,1.5042,3.1539,-3.6617,0.00105,0.00944,0.00269,0.04107,0.6830
42.4000,JELLY_C,0.3162,-0.8198,1.00,J_PULSE_CRUISE,19.31,0.1062,0.465,0.5563,3.7951,-3.7887,0.00152,0.00637,0.00117,0.02877,0.9568
42.4333,JELLY_A,0.7207,0.0000,1.00,J_GLIDE,16.69,0.0189,0.352,1.1272,2.3137,-3.3306,0.00039,0.00430,0.00220,0.03230,0.0403
42.4333,JELLY_B,0.2159,-0.1138,1.00,J_PULSE_CRUISE,10.41,0.0268,0.109,1.5042,3.1542,-3.6616,0.00103,0.00932,0.00266,0.04107,0.7461
42.4333,JELLY_C,0.3292,-0.8920,1.00,J_PULSE_CRUISE,19.51,0.1023,0.465,0.5564,3.7953,-3.7887,0.00151,0.00625,0.00115,0.02876,0.9517
42.4667,JELLY_A,0.7311,0.0000,1.00,J_GLIDE,16.70,0.0181,0.352,1.1272,2.3139,-3.3305,0.00043,0.00441,0.00220,0.03275,0.0305
42.4667,JELLY_B,0.2280,-0.1993,1.00,J_PULSE_CRUISE,10.46,0.0256,0.109,1.5042,3.1545,-3.6615,0.00102,0.00921,0.00264,0.04107,0.8016
42.4667,JELLY_C,0.3423,-0.9583,1.00,J_PULSE_CRUISE,19.71,0.0985,0.465,0.5564,3.7955,-3.7886,0.00149,0.00614,0.00113,0.02875,0.9412
42.5000,JELLY_A,0.7415,0.0000,1.00,J_GLIDE,16.71,0.0173,0.352,1.1272,2.3140,-3.3305,0.00046,0.00452,0.00221,0.03321,0.0223
42.5000,JELLY_B,0.2401,-0.2839,1.00,J_PULSE_CRUISE,10.50,0.0245,0.109,1.5043,3.1548,-3.6615,0.00101,0.00910,0.00261,0.04107,0.8489
42.5000,JELLY_C,0.3553,-1.0181,1.00,J_PULSE_CRUISE,19.89,0.0948,0.465,0.5565,3.7957,-3.7886,0.00148,0.00602,0.00111,0.02873,0.9259
42.5333,JELLY_A,0.7519,0.0000,1.00,J_GLIDE,16.72,0.0166,0.352,1.1272,2.3142,-3.3304,0.00050,0.00462,0.00221,0.03366,0.0155
42.5333,JELLY_B,0.2522,-0.3668,1.00,J_PULSE_CRUISE,10.54,0.0233,0.109,1.5043,3.1551,-3.6614,0.00100,0.00898,0.00258,0.04107,0.8878
42.5333,JELLY_C,0.3684,-1.0710,1.00,J_PULSE_CRUISE,20.07,0.0912,0.465,0.5565,3.7959,-3.7885,0.00146,0.00591,0.00109,0.02864,0.9063
42.5667,JELLY_A,0.7622,0.0000,1.00,J_GLIDE,16.73,0.0159,0.352,1.1272,2.3143,-3.3303,0.00053,0.00471,0.00222,0.03410,0.0100
42.5667,JELLY_B,0.2643,-0.4477,1.00,J_PULSE_CRUISE,10.58,0.0223,0.109,1.5043,3.1554,-3.6613,0.00098,0.00887,0.00256,0.04106,0.9183
42.5667,JELLY_C,0.3814,-1.1168,1.00,J_PULSE_CRUISE,20.24,0.0877,0.465,0.5566,3.7961,-3.7885,0.00145,0.00580,0.00107,0.02844,0.8830
42.6000,JELLY_A,0.7726,0.0000,1.00,J_GLIDE,16.74,0.0152,0.352,1.1272,2.3145,-3.3302,0.00056,0.00481,0.00222,0.03454,0.0057
42.6000,JELLY_B,0.2764,-0.5261,1.00,J_PULSE_CRUISE,10.62,0.0212,0.109,1.5044,3.1557,-3.6612,0.00097,0.00876,0.00253,0.04107,0.9409
42.6000,JELLY_C,0.3944,-1.1551,1.00,J_PULSE_CRUISE,20.41,0.0843,0.465,0.5566,3.7963,-3.7885,0.00143,0.00568,0.00105,0.02813,0.8565
42.6333,JELLY_A,0.7830,0.0000,1.00,J_GLIDE,16.75,0.0146,0.352,1.1273,2.3146,-3.3302,0.00059,0.00490,0.00222,0.03497,0.0024
42.6333,JELLY_B,0.2885,-0.6015,1.00,J_PULSE_CRUISE,10.66,0.0202,0.109,1.5044,3.1560,-3.6611,0.00096,0.00866,0.00251,0.04107,0.9561
42.6333,JELLY_C,0.4075,-1.1856,1.00,J_PULSE_CRUISE,20.57,0.0810,0.465,0.5567,3.7965,-3.7884,0.00142,0.00558,0.00103,0.02770,0.8272
42.6667,JELLY_A,0.7934,0.0000,1.00,J_GLIDE,16.75,0.0141,0.352,1.1273,2.3148,-3.3301,0.00062,0.00498,0.00223,0.03539,-0.0001
42.6667,JELLY_B,0.3005,-0.6734,1.00,J_PULSE_CRUISE,10.70,0.0192,0.109,1.5044,3.1563,-3.6610,0.00095,0.00855,0.00249,0.04107,0.9645
42.6667,JELLY_C,0.4205,-1.2082,1.00,J_PULSE_CRUISE,20.72,0.0778,0.465,0.5567,3.7967,-3.7884,0.00141,0.00548,0.00102,0.02717,0.7956
42.7000,JELLY_A,0.8038,0.0000,1.00,J_GLIDE,16.76,0.0136,0.352,1.1273,2.3150,-3.3300,0.00065,0.00506,0.00223,0.03580,-0.0019
42.7000,JELLY_B,0.3126,-0.7416,1.00,J_PULSE_CRUISE,10.73,0.0182,0.109,1.5045,3.1566,-3.6610,0.00094,0.00845,0.00246,0.04107,0.9667
42.7000,JELLY_C,0.4336,-1.2226,1.00,J_PULSE_CRUISE,20.87,0.0746,0.465,0.5568,3.7969,-3.7884,0.00140,0.00540,0.00101,0.02656,0.7618
42.7333,JELLY_A,0.8141,0.0000,1.00,J_GLIDE,16.76,0.0131,0.352,1.1273,2.3151,-3.3299,0.00067,0.00514,0.00223,0.03620,-0.0031
42.7333,JELLY_B,0.3248,-0.8055,1.00,J_PULSE_CRUISE,10.76,0.0173,0.109,1.5045,3.1569,-3.6609,0.00093,0.00834,0.00244,0.04107,0.9634
42.7333,JELLY_C,0.4466,-1.2289,1.00,J_PULSE_CRUISE,21.01,0.0716,0.465,0.5568,3.7971,-3.7883,0.00139,0.00533,0.00100,0.02589,0.7264
42.7667,JELLY_A,0.8245,0.0000,1.00,J_GLIDE,16.76,0.0127,0.352,1.1273,2.3153,-3.3299,0.00070,0.00521,0.00223,0.03658,-0.0038
42.7667,JELLY_B,0.3369,-0.8648,1.00,J_PULSE_CRUISE,10.79,0.0164,0.109,1.5045,3.1571,-3.6608,0.00092,0.00824,0.00242,0.04100,0.9551
42.7667,JELLY_C,0.4597,-1.2269,1.00,J_PULSE_CRUISE,21.14,0.0686,0.465,0.5569,3.7972,-3.7883,0.00139,0.00529,0.00101,0.02519,0.6895
42.8000,JELLY_A,0.8349,0.0000,1.00,J_GLIDE,16.76,0.0123,0.352,1.1274,2.3155,-3.3298,0.00072,0.00528,0.00223,0.03694,-0.0042
42.8000,JELLY_B,0.3490,-0.9192,1.00,J_PULSE_CRUISE,10.82,0.0155,0.109,1.5046,3.1574,-3.6607,0.00091,0.00814,0.00239,0.04083,0.9424
42.8000,JELLY_C,0.4727,-1.2167,1.00,J_PULSE_CRUISE,21.27,0.0658,0.465,0.5569,3.7974,-3.7883,0.00139,0.00527,0.00102,0.02449,0.6514
42.8333,JELLY_A,0.8453,0.0000,1.00,J_GLIDE,16.76,0.0120,0.352,1.1274,2.3157,-3.3297,0.00075,0.00535,0.00223,0.03729,-0.0043
42.8333,JELLY_B,0.3611,-0.9683,1.00,J_PULSE_CRUISE,10.84,0.0146,0.109,1.5046,3.1577,-3.6606,0.00090,0.00804,0.00237,0.04051,0.9259
42.8333,JELLY_C,0.4857,-1.1983,1.00,J_PULSE_CRUISE,21.39,0.0630,0.465,0.5570,3.7976,-3.7882,0.00140,0.00527,0.00104,0.02382,0.6125
42.8667,JELLY_A,0.8557,0.0000,1.00,J_GLIDE,16.76,0.0117,0.352,1.1274,2.3158,-3.3296,0.00077,0.00541,0.00223,0.03762,-0.0042
42.8667,JELLY_B,0.3732,-1.0118,1.00,J_PULSE_CRUISE,10.87,0.0138,0.109,1.5046,3.1579,-3.6606,0.00089,0.00794,0.00235,0.04006,0.9059
42.8667,JELLY_C,0.4988,-1.1719,1.00,J_PULSE_CRUISE,21.51,0.0603,0.465,0.5570,3.7978,-3.7882,0.00141,0.00530,0.00107,0.02321,0.5730
42.9000,JELLY_A,0.8661,0.0000,1.00,J_GLIDE,16.76,0.0115,0.352,1.1274,2.3160,-3.3296,0.00079,0.00547,0.00222,0.03793,-0.0040
42.9000,JELLY_B,0.3853,-1.0495,1.00,J_PULSE_CRUISE,10.89,0.0130,0.109,1.5047,3.1582,-3.6605,0.00088,0.00784,0.00233,0.03947,0.8829
42.9000,JELLY_C,0.5118,-1.1376,1.00,J_PULSE_CRUISE,21.62,0.0576,0.465,0.5571,3.7979,-3.7882,0.00143,0.00535,0.00111,0.02269,0.5331
42.9333,JELLY_A,0.8765,0.0000,1.00,J_GLIDE,16.75,0.0113,0.352,1.1275,2.3162,-3.3295,0.00082,0.00553,0.00222,0.03821,-0.0037
42.9333,JELLY_B,0.3974,-1.0811,1.00,J_PULSE_CRUISE,10.91,0.0122,0.109,1.5047,3.1585,-3.6604,0.00087,0.00775,0.00231,0.03877,0.8573
42.9333,JELLY_C,0.5249,-1.0957,1.00,J_PULSE_CRUISE,21.73,0.0551,0.465,0.5571,3.7981,-3.7881,0.00145,0.00543,0.00115,0.02227,0.4930
42.9667,JELLY_A,0.8869,0.0000,1.00,J_GLIDE,16.74,0.0111,0.352,1.1275,2.3164,-3.3294,0.00084,0.00558,0.00222,0.03848,-0.0033
42.9667,JELLY_B,0.4096,-1.1065,1.00,J_PULSE_CRUISE,10.93,0.0115,0.109,1.5047,3.1587,-3.6603,0.00087,0.00765,0.00229,0.03798,0.8293
42.9667,JELLY_C,0.5379,-1.0464,1.00,J_PULSE_CRUISE,21.84,0.0526,0.465,0.5571,3.7983,-3.7881,0.00148,0.00553,0.00121,0.02198,0.4532
43.0000,JELLY_A,0.8973,0.0000,1.00,J_GLIDE,16.74,0.0110,0.352,1.1275,2.3166,-3.3293,0.00086,0.00563,0.00222,0.03872,-0.0029
43.0000,JELLY_B,0.4217,-1.1255,1.00,J_PULSE_CRUISE,10.95,0.0108,0.109,1.5047,3.1590,-3.6602,0.00086,0.00757,0.00227,0.03713,0.7993
43.0000,JELLY_C,0.5509,-0.9901,1.00,J_PULSE_CRUISE,21.93,0.0502,0.465,0.5572,3.7985,-3.7880,0.00151,0.00565,0.00127,0.02183,0.4137
43.0333,JELLY_A,0.9077,0.0000,1.00,J_GLIDE,16.73,0.0110,0.352,1.1276,2.3168,-3.3293,0.00088,0.00568,0.00221,0.03894,-0.0025
43.0333,JELLY_B,0.4338,-1.1379,1.00,J_PULSE_CRUISE,10.97,0.0101,0.109,1.5048,3.1592,-3.6602,0.00085,0.00750,0.00226,0.03624,0.7676
43.0333,JELLY_C,0.5640,-0.9272,1.00,J_PULSE_CRUISE,22.03,0.0478,0.465,0.5572,3.7987,-3.7880,0.00154,0.00578,0.00134,0.02178,0.3749
43.0667,JELLY_A,0.9180,0.0000,1.00,J_GLIDE,16.72,0.0109,0.352,1.1276,2.3170,-3.3292,0.00090,0.00572,0.00221,0.03914,-0.0022
43.0667,JELLY_B,0.4460,-1.1438,1.00,J_PULSE_CRUISE,10.99,0.0094,0.109,1.5048,3.1595,-3.6601,0.00085,0.00745,0.00224,0.03535,0.7344
43.0667,JELLY_C,0.5770,-0.8580,1.00,J_PULSE_CRUISE,22.12,0.0455,0.465,0.5573,3.7989,-3.7880,0.00158,0.00593,0.00141,0.02179,0.3370
43.1000,JELLY_A,0.9284,0.0000,1.00,J_GLIDE,16.71,0.0109,0.352,1.1276,2.3171,-3.3291,0.00091,0.00577,0.00220,0.03931,-0.0018
43.1000,JELLY_B,0.4581,-1.1430,1.00,J_PULSE_CRUISE,11.00,0.0087,0.109,1.5048,3.1597,-3.6600,0.00085,0.00741,0.00223,0.03448,0.6999
43.1000,JELLY_C,0.5901,-0.7831,1.00,J_PULSE_CRUISE,22.20,0.0433,0.465,0.5574,3.7991,-3.7879,0.00161,0.00609,0.00149,0.02185,0.3003
43.1333,JELLY_A,0.9388,0.0000,1.00,J_GLIDE,16.70,0.0109,0.352,1.1276,2.3173,-3.3291,0.00093,0.00581,0.00220,0.03945,-0.0015
43.1333,JELLY_B,0.4703,-1.1355,1.00,J_PULSE_CRUISE,11.01,0.0081,0.109,1.5049,3.1600,-3.6599,0.00085,0.00739,0.00223,0.03367,0.6643
43.1333,JELLY_C,0.6031,-0.7029,1.00,J_PULSE_CRUISE,22.29,0.0411,0.465,0.5574,3.7993,-3.7879,0.00165,0.00625,0.00156,0.02195,0.2649
43.1667,JELLY_A,0.9492,0.0000,1.00,J_GLIDE,16.69,0.0110,0.352,1.1277,2.3175,-3.3290,0.00095,0.00584,0.00219,0.03957,-0.0012
43.1667,JELLY_B,0.4824,-1.1214,1.00,J_PULSE_CRUISE,11.03,0.0075,0.109,1.5049,3.1602,-3.6599,0.00085,0.00740,0.00222,0.03295,0.6279
43.1667,JELLY_C,0.6162,-0.6180,1.00,J_PULSE_CRUISE,22.36,0.0390,0.465,0.5575,3.7995,-3.7878,0.00169,0.00640,0.00164,0.02207,0.2311
43.2000,JELLY_A,0.9596,0.0000,1.00,J_GLIDE,16.68,0.0111,0.352,1.1277,2.3177,-3.3289,0.00096,0.00588,0.00219,0.03966,-0.0009
43.2000,JELLY_B,0.4946,-1.1008,1.00,J_PULSE_CRUISE,11.04,0.0069,0.109,1.5049,3.1605,-3.6598,0.00085,0.00742,0.00222,0.03234,0.5909
43.2000,JELLY_C,0.6292,-0.5290,1.00,J_PULSE_CRUISE,22.44,0.0370,0.465,0.5575,3.7997,-3.7877,0.00172,0.00656,0.00172,0.02221,0.1991
43.2333,JELLY_A,0.9701,0.0000,1.00,J_GLIDE,16.66,0.0112,0.352,1.1277,2.3179,-3.3288,0.00098,0.00591,0.00218,0.03972,-0.0007
43.2333,JELLY_B,0.5067,-1.0738,1.00,J_PULSE_CRUISE,11.05,0.0064,0.109,1.5049,3.1607,-3.6597,0.00086,0.00747,0.00223,0.03187,0.5535
43.2333,JELLY_C,0.6422,-0.4364,1.00,J_PULSE_CRUISE,22.50,0.0350,0.465,0.5576,3.7999,-3.7877,0.00176,0.00671,0.00179,0.02238,0.1691
43.2667,JELLY_A,0.9805,0.0000,1.00,J_GLIDE,16.65,0.0113,0.352,1.1278,2.3181,-3.3288,0.00100,0.00594,0.00217,0.03976,-0.0005
43.2667,JELLY_B,0.5189,-1.0404,1.00,J_PULSE_CRUISE,11.06,0.0059,0.109,1.5050,3.1610,-3.6596,0.00087,0.00754,0.00223,0.03156,0.5158
43.2667,JELLY_C,0.6553,-0.3408,1.00,J_PULSE_CRUISE,22.57,0.0331,0.465,0.5576,3.8002,-3.7876,0.00179,0.00686,0.00187,0.02256,0.1414
43.3000,JELLY_A,0.9909,0.0000,1.00,J_GLIDE,16.63,0.0114,0.352,1.1278,2.3183,-3.3287,0.00101,0.00596,0.00217,0.03978,-0.0003
43.3000,JELLY_B,0.5310,-1.0010,1.00,J_PULSE_CRUISE,11.06,0.0054,0.109,1.5050,3.1612,-3.6596,0.00088,0.00762,0.00224,0.03139,0.4782
43.3000,JELLY_C,0.6683,-0.2430,1.00,J_PULSE_CRUISE,22.63,0.0312,0.465,0.5577,3.8004,-3.7876,0.00183,0.00701,0.00194,0.02276,0.1161
43.3333,JELLY_A,0.0013,0.0489,1.00,J_PULSE_CRUISE,16.62,0.0116,0.133,1.1278,2.3185,-3.3286,0.00102,0.00597,0.00216,0.03979,-0.0000
43.3333,JELLY_B,0.5432,-0.9557,1.00,J_PULSE_CRUISE,11.07,0.0049,0.109,1.5050,3.1615,-3.6595,0.00090,0.00773,0.00226,0.03133,0.4408
43.3333,JELLY_C,0.6814,-0.1435,1.00,J_PULSE_CRUISE,22.69,0.0294,0.465,0.5578,3.8006,-3.7875,0.00186,0.00715,0.00201,0.02298,0.0934
43.3667,JELLY_A,0.0117,0.4474,1.00,J_PULSE_CRUISE,16.60,0.0115,0.133,1.1279,2.3187,-3.3285,0.00101,0.00590,0.00214,0.03980,0.0004
43.3667,JELLY_B,0.5554,-0.9047,1.00,J_PULSE_CRUISE,11.08,0.0045,0.109,1.5051,3.1617,-3.6594,0.00091,0.00785,0.00227,0.03133,0.4037
43.3667,JELLY_C,0.6944,-0.0431,1.00,J_PULSE_CRUISE,22.75,0.0277,0.465,0.5578,3.8009,-3.7874,0.00189,0.00730,0.00209,0.02322,0.0733
43.4000,JELLY_A,0.0221,0.8341,1.00,J_PULSE_CRUISE,16.58,0.0112,0.133,1.1279,2.3189,-3.3285,0.00100,0.00585,0.00212,0.03979,0.0014
43.4000,JELLY_B,0.5675,-0.8484,1.00,J_PULSE_CRUISE,11.08,0.0042,0.109,1.5051,3.1620,-3.6593,0.00093,0.00799,0.00229,0.03138,0.3673
43.4000,JELLY_C,0.7075,0.0000,1.00,J_GLIDE,22.80,0.0259,0.465,0.5579,3.8011,-3.7874,0.00193,0.00744,0.00216,0.02347,0.0560
43.4333,JELLY_A,0.0325,1.1988,1.00,J_PULSE_CRUISE,16.57,0.0110,0.133,1.1279,2.3191,-3.3284,0.00100,0.00582,0.00211,0.03978,0.0036
43.4333,JELLY_B,0.5797,-0.7871,1.00,J_PULSE_CRUISE,11.08,0.0038,0.109,1.5051,3.1623,-3.6593,0.00095,0.00813,0.00231,0.03147,0.3317
43.4333,JELLY_C,0.7205,0.0000,1.00,J_GLIDE,22.85,0.0243,0.465,0.5580,3.8014,-3.7873,0.00196,0.00757,0.00223,0.02373,0.0414
43.4667,JELLY_A,0.0429,1.5315,1.00,J_PULSE_CRUISE,16.56,0.0113,0.133,1.1280,2.3193,-3.3283,0.00101,0.00582,0.00210,0.03975,0.0081
43.4667,JELLY_B,0.5919,-0.7212,1.00,J_PULSE_CRUISE,11.09,0.0036,0.109,1.5052,3.1625,-3.6592,0.00097,0.00828,0.00233,0.03159,0.2971
43.4667,JELLY_C,0.7336,0.0000,1.00,J_GLIDE,22.89,0.0227,0.465,0.5580,3.8016,-3.7872,0.00199,0.00769,0.00229,0.02400,0.0294
43.5000,JELLY_A,0.0533,1.8235,1.00,J_PULSE_CRUISE,16.56,0.0125,0.133,1.1280,2.3195,-3.3283,0.00102,0.00585,0.00209,0.03973,0.0160
43.5000,JELLY_B,0.6041,-0.6509,1.00,J_PULSE_CRUISE,11.09,0.0034,0.109,1.5052,3.1628,-3.6591,0.00099,0.00843,0.00235,0.03174,0.2637
43.5000,JELLY_C,0.7466,0.0000,1.00,J_GLIDE,22.93,0.0211,0.465,0.5581,3.8019,-3.7871,0.00201,0.00780,0.00235,0.02429,0.0197
43.5333,JELLY_A,0.0637,2.0670,1.00,J_PULSE_CRUISE,16.56,0.0147,0.133,1.1280,2.3197,-3.3282,0.00105,0.00592,0.00209,0.03970,0.0282
43.5333,JELLY_B,0.6163,-0.5768,1.00,J_PULSE_CRUISE,11.09,0.0032,0.109,1.5052,3.1631,-3.6590,0.00100,0.00858,0.00237,0.03192,0.2317
43.5333,JELLY_C,0.7597,0.0000,1.00,J_GLIDE,22.97,0.0196,0.465,0.5582,3.8021,-3.7871,0.00204,0.00790,0.00241,0.02458,0.0123
43.5667,JELLY_A,0.0742,2.2552,1.00,J_PULSE_CRUISE,16.57,0.0178,0.133,1.1281,2.3199,-3.3281,0.00108,0.00601,0.00209,0.03968,0.0456
43.5667,JELLY_B,0.6285,-0.4993,1.00,J_PULSE_CRUISE,11.09,0.0031,0.109,1.5053,3.1634,-3.6590,0.00102,0.00873,0.00239,0.03212,0.2013
43.5667,JELLY_C,0.7727,0.0000,1.00,J_GLIDE,23.01,0.0181,0.465,0.5582,3.8024,-3.7870,0.00206,0.00799,0.00247,0.02487,0.0066
43.6000,JELLY_A,0.0846,2.3833,1.00,J_PULSE_CRUISE,16.58,0.0215,0.133,1.1281,2.3201,-3.3281,0.00112,0.00613,0.00210,0.03965,0.0690
43.6000,JELLY_B,0.6407,-0.4187,1.00,J_PULSE_CRUISE,11.09,0.0031,0.109,1.5053,3.1637,-3.6589,0.00104,0.00888,0.00241,0.03235,0.1726
43.6000,JELLY_C,0.7858,0.0000,1.00,J_GLIDE,23.04,0.0166,0.465,0.5583,3.8027,-3.7869,0.00208,0.00808,0.00252,0.02517,0.0025
43.6333,JELLY_A,0.0950,2.4478,1.00,J_PULSE_CRUISE,16.61,0.0255,0.133,1.1282,2.3203,-3.3280,0.00116,0.00626,0.00210,0.03963,0.0988
43.6333,JELLY_B,0.6529,-0.3356,1.00,J_PULSE_CRUISE,11.09,0.0032,0.109,1.5053,3.1640,-3.6588,0.00106,0.00902,0.00243,0.03260,0.1459
43.6333,JELLY_C,0.7988,0.0000,1.00,J_GLIDE,23.07,0.0152,0.465,0.5584,3.8029,-3.7868,0.00211,0.00816,0.00257,0.02548,-0.0003
43.6667,JELLY_A,0.1054,2.4468,1.00,J_PULSE_CRUISE,16.64,0.0296,0.133,1.1282,2.3205,-3.3279,0.00120,0.00639,0.00211,0.03961,0.1351
43.6667,JELLY_B,0.6651,-0.2505,1.00,J_PULSE_CRUISE,11.08,0.0033,0.109,1.5054,3.1643,-3.6587,0.00108,0.00916,0.00245,0.03287,0.1212
43.6667,JELLY_C,0.8118,0.0000,1.00,J_GLIDE,23.10,0.0139,0.465,0.5584,3.8032,-3.7867,0.00212,0.00823,0.00261,0.02578,-0.0022
43.7000,JELLY_A,0.1158,2.3803,1.00,J_PULSE_CRUISE,16.67,0.0335,0.133,1.1282,2.3207,-3.3278,0.00125,0.00651,0.00212,0.03960,0.1778
43.7000,JELLY_B,0.6773,-0.1638,1.00,J_PULSE_CRUISE,11.08,0.0034,0.109,1.5054,3.1646,-3.6586,0.00110,0.00930,0.00247,0.03316,0.0987
43.7000,JELLY_C,0.8249,0.0000,1.00,J_GLIDE,23.13,0.0126,0.465,0.5585,3.8035,-3.7866,0.00214,0.00829,0.00266,0.02608,-0.0033
43.7333,JELLY_A,0.1263,2.2502,1.00,J_PULSE_CRUISE,16.72,0.0372,0.133,1.1283,2.3209,-3.3278,0.00128,0.00662,0.00212,0.03958,0.2266
43.7333,JELLY_B,0.6895,-0.0761,1.00,J_PULSE_CRUISE,11.08,0.0036,0.109,1.5054,3.1649,-3.6586,0.00112,0.00944,0.00248,0.03347,0.0786
43.7333,JELLY_C,0.8379,0.0000,1.00,J_GLIDE,23.15,0.0113,0.465,0.5586,3.8038,-3.7865,0.00216,0.00835,0.00270,0.02638,-0.0038
43.7667,JELLY_A,0.1367,2.0598,1.00,J_PULSE_CRUISE,16.77,0.0404,0.133,1.1283,2.3212,-3.3277,0.00131,0.00670,0.00212,0.03956,0.2807
43.7667,JELLY_B,0.7017,0.0000,1.00,J_GLIDE,11.07,0.0038,0.109,1.5055,3.1652,-3.6585,0.00113,0.00958,0.00250,0.03379,0.0610
43.7667,JELLY_C,0.8510,0.0000,1.00,J_GLIDE,23.17,0.0101,0.465,0.5586,3.8041,-3.7864,0.00217,0.00840,0.00274,0.02667,-0.0039
43.8000,JELLY_A,0.1471,1.8141,1.00,J_PULSE_CRUISE,16.83,0.0430,0.133,1.1284,2.3214,-3.3276,0.00134,0.00675,0.00211,0.03954,0.3394
43.8000,JELLY_B,0.7139,0.0000,1.00,J_GLIDE,11.07,0.0040,0.109,1.5055,3.1655,-3.6584,0.00115,0.00971,0.00252,0.03413,0.0459
43.8000,JELLY_C,0.8640,0.0000,1.00,J_GLIDE,23.19,0.0088,0.465,0.5587,3.8043,-3.7864,0.00218,0.00844,0.00277,0.02695,-0.0037
43.8333,JELLY_A,0.1575,1.5198,1.00,J_PULSE_CRUISE,16.89,0.0449,0.133,1.1284,2.3216,-3.3276,0.00135,0.00677,0.00210,0.03952,0.4013
43.8333,JELLY_B,0.7261,0.0000,1.00,J_GLIDE,11.06,0.0042,0.109,1.5055,3.1659,-3.6583,0.00117,0.00984,0.00253,0.03448,0.0333
43.8333,JELLY_C,0.8771,0.0000,1.00,J_GLIDE,23.20,0.0077,0.465,0.5588,3.8046,-3.7863,0.00220,0.00848,0.00281,0.02722,-0.0034
43.8667,JELLY_A,0.1680,1.1847,1.00,J_PULSE_CRUISE,16.95,0.0460,0.133,1.1285,2.3218,-3.3275,0.00135,0.00675,0.00209,0.03949,0.4653
43.8667,JELLY_B,0.7383,0.0000,1.00,J_GLIDE,11.05,0.0045,0.109,1.5056,3.1662,-3.6582,0.00118,0.00995,0.00255,0.03484,0.0231
43.8667,JELLY_C,0.8902,0.0000,1.00,J_GLIDE,23.22,0.0065,0.465,0.5589,3.8049,-3.7862,0.00221,0.00851,0.00284,0.02749,-0.0030
43.9000,JELLY_A,0.1784,0.8177,1.00,J_PULSE_CRUISE,17.02,0.0463,0.133,1.1285,2.3221,-3.3274,0.00135,0.00671,0.00208,0.03947,0.5298
43.9000,JELLY_B,0.7506,0.0000,1.00,J_GLIDE,11.05,0.0047,0.109,1.5056,3.1665,-3.6581,0.00120,0.01006,0.00256,0.03521,0.0149
43.9000,JELLY_C,0.9032,0.0000,1.00,J_GLIDE,23.23,0.0054,0.465,0.5589,3.8052,-3.7861,0.00222,0.00853,0.00287,0.02774,-0.0026
43.9333,JELLY_A,0.1888,0.4286,1.00,J_PULSE_CRUISE,17.08,0.0457,0.133,1.1285,2.3223,-3.3274,0.00134,0.00665,0.00206,0.03944,0.5934
43.9333,JELLY_B,0.7628,0.0000,1.00,J_GLIDE,11.04,0.0050,0.109,1.5057,3.1669,-3.6580,0.00121,0.01016,0.00257,0.03558,0.0087
43.9333,JELLY_C,0.9163,0.0000,1.00,J_GLIDE,23.24,0.0044,0.465,0.5590,3.8055,-3.7860,0.00223,0.00855,0.00289,0.02797,-0.0021
43.9667,JELLY_A,0.1993,0.0279,1.00,J_PULSE_CRUISE,17.15,0.0443,0.133,1.1286,2.3225,-3.3273,0.00133,0.00658,0.00204,0.03942,0.6546
43.9667,JELLY_B,0.7750,0.0000,1.00,J_GLIDE,11.03,0.0052,0.109,1.5057,3.1672,-3.6580,0.00123,0.01025,0.00258,0.03596,0.0040
43.9667,JELLY_C,0.9293,0.0000,1.00,J_GLIDE,23.25,0.0033,0.465,0.5591,3.8058,-3.7859,0.00223,0.00857,0.00292,0.02820,-0.0017
44.0000,JELLY_A,0.2097,-0.0600,1.00,J_PULSE_CRUISE,17.21,0.0425,0.133,1.1286,2.3227,-3.3272,0.00132,0.00650,0.00202,0.03940,0.7118
44.0000,JELLY_B,0.7873,0.0000,1.00,J_GLIDE,11.02,0.0055,0.109,1.5057,3.1676,-3.6579,0.00124,0.01033,0.00259,0.03634,0.0006
44.0000,JELLY_C,0.9424,0.0000,1.00,J_GLIDE,23.25,0.0023,0.465,0.5592,3.8060,-3.7858,0.00224,0.00858,0.00294,0.02840,-0.0013
44.0333,JELLY_A,0.2202,-0.1242,1.00,J_PULSE_CRUISE,17.27,0.0407,0.133,1.1287,2.3229,-3.3272,0.00131,0.00643,0.00200,0.03939,0.7640
44.0333,JELLY_B,0.7995,0.0000,1.00,J_GLIDE,11.01,0.0057,0.109,1.5058,3.1679,-3.6578,0.00125,0.01041,0.00260,0.03672,-0.0017
44.0333,JELLY_C,0.9554,0.0000,1.00,J_GLIDE,23.26,0.0013,0.465,0.5592,3.8063,-3.7857,0.00224,0.00858,0.00296,0.02859,-0.0010
44.0667,JELLY_A,0.2306,-0.1879,1.00,J_PULSE_CRUISE,17.32,0.0390,0.133,1.1287,2.3232,-3.3271,0.00130,0.00636,0.00198,0.03937,0.8103
44.0667,JELLY_B,0.8118,0.0000,1.00,J_GLIDE,11.00,0.0060,0.109,1.5058,3.1682,-3.6577,0.00126,0.01048,0.00260,0.03710,-0.0032
44.0667,JELLY_C,0.9685,0.0000,1.00,J_GLIDE,23.26,0.0004,0.465,0.5593,3.8066,-3.7856,0.00225,0.00858,0.00298,0.02876,-0.0007
44.1000,JELLY_A,0.2410,-0.2509,1.00,J_PULSE_CRUISE,17.37,0.0373,0.133,1.1288,2.3234,-3.3270,0.00129,0.00629,0.00196,0.03936,0.8505
44.1000,JELLY_B,0.8240,0.0000,1.00,J_GLIDE,10.99,0.0062,0.109,1.5059,3.1686,-3.6576,0.00127,0.01055,0.00261,0.03747,-0.0040
44.1000,JELLY_C,0.9815,0.0000,1.00,J_GLIDE,23.26,0.0006,0.465,0.5594,3.8069,-3.7855,0.00225,0.00858,0.00300,0.02891,-0.0005
44.1333,JELLY_A,0.2515,-0.3128,1.00,J_PULSE_CRUISE,17.42,0.0357,0.133,1.1288,2.3236,-3.3270,0.00127,0.00622,0.00194,0.03935,0.8844
44.1333,JELLY_B,0.8363,0.0000,1.00,J_GLIDE,10.98,0.0064,0.109,1.5059,3.1690,-3.6575,0.00128,0.01061,0.00261,0.03784,-0.0043
44.1333,JELLY_C,0.9946,0.0000,1.00,J_GLIDE,23.26,0.0014,0.465,0.5595,3.8072,-3.7854,0.00226,0.00857,0.00302,0.02904,-0.0000
44.1667,JELLY_A,0.2619,-0.3733,1.00,J_PULSE_CRUISE,17.47,0.0342,0.133,1.1288,2.3238,-3.3269,0.00126,0.00615,0.00193,0.03933,0.9120
44.1667,JELLY_B,0.8485,0.0000,1.00,J_GLIDE,10.97,0.0067,0.109,1.5060,3.1693,-3.6574,0.00129,0.01066,0.00261,0.03819,-0.0044
44.1667,JELLY_C,0.0076,0.3688,1.00,J_PULSE_CRUISE,23.25,0.0014,0.392,0.5595,3.8075,-3.7853,0.00224,0.00846,0.00299,0.02915,0.0010
44.2000,JELLY_A,0.2724,-0.4323,1.00,J_PULSE_CRUISE,17.52,0.0327,0.133,1.1289,2.3240,-3.3268,0.00125,0.00608,0.00191,0.03932,0.9336
44.2000,JELLY_B,0.8608,0.0000,1.00,J_GLIDE,10.95,0.0069,0.109,1.5060,3.1697,-3.6574,0.00130,0.01071,0.00262,0.03854,-0.0041
44.2000,JELLY_C,0.0207,0.9833,1.00,J_PULSE_CRUISE,23.25,0.0018,0.392,0.5596,3.8077,-3.7852,0.00222,0.00833,0.00296,0.02923,0.0034
44.2333,JELLY_A,0.2828,-0.4894,1.00,J_PULSE_CRUISE,17.56,0.0312,0.133,1.1289,2.3242,-3.3268,0.00124,0.00601,0.00189,0.03929,0.9496
44.2333,JELLY_B,0.8730,0.0000,1.00,J_GLIDE,10.94,0.0071,0.109,1.5060,3.1700,-3.6573,0.00131,0.01075,0.00262,0.03887,-0.0038
44.2333,JELLY_C,0.0338,1.5567,1.00,J_PULSE_CRUISE,23.26,0.0082,0.392,0.5597,3.8080,-3.7851,0.00220,0.00824,0.00295,0.02927,0.0084
44.2667,JELLY_A,0.2933,-0.5445,1.00,J_PULSE_CRUISE,17.60,0.0298,0.133,1.1290,2.3244,-3.3267,0.00123,0.00594,0.00187,0.03919,0.9602
44.2667,JELLY_B,0.8853,0.0000,1.00,J_GLIDE,10.93,0.0073,0.109,1.5061,3.1704,-3.6572,0.00132,0.01079,0.00262,0.03918,-0.0033
44.2667,JELLY_C,0.0468,2.0649,1.00,J_PULSE_CRUISE,23.28,0.0173,0.392,0.5598,3.8083,-3.7850,0.00220,0.00821,0.00296,0.02929,0.0176
44.3000,JELLY_A,0.3037,-0.5972,1.00,J_PULSE_CRUISE,17.64,0.0285,0.133,1.1290,2.3246,-3.3266,0.00122,0.00588,0.00186,0.03897,0.9659
44.3000,JELLY_B,0.8976,0.0000,1.00,J_GLIDE,10.91,0.0075,0.109,1.5061,3.1707,-3.6571,0.00133,0.01082,0.00262,0.03949,-0.0028
44.3000,JELLY_C,0.0599,2.4866,1.00,J_PULSE_CRUISE,23.32,0.0286,0.392,0.5598,3.8086,-3.7849,0.00222,0.00824,0.00299,0.02928,0.0327
44.3333,JELLY_A,0.3141,-0.6474,1.00,J_PULSE_CRUISE,17.67,0.0272,0.133,1.1291,2.3248,-3.3266,0.00121,0.00581,0.00184,0.03861,0.9670
44.3333,JELLY_B,0.9099,0.0000,1.00,J_GLIDE,10.90,0.0077,0.109,1.5062,3.1711,-3.6570,0.00134,0.01085,0.00262,0.03977,-0.0024
44.3333,JELLY_C,0.0729,2.8041,1.00,J_PULSE_CRUISE,23.39,0.0416,0.392,0.5599,3.8088,-3.7848,0.00224,0.00833,0.00304,0.02927,0.0553
44.3667,JELLY_A,0.3246,-0.6948,1.00,J_PULSE_CRUISE,17.70,0.0259,0.133,1.1291,2.3250,-3.3265,0.00121,0.00574,0.00182,0.03810,0.9641
44.3667,JELLY_B,0.9221,0.0000,1.00,J_GLIDE,10.88,0.0079,0.109,1.5062,3.1715,-3.6569,0.00134,0.01087,0.00262,0.04003,-0.0019
44.3667,JELLY_C,0.0860,3.0039,1.00,J_PULSE_CRUISE,23.48,0.0554,0.392,0.5600,3.8091,-3.7847,0.00227,0.00846,0.00311,0.02925,0.0866
44.4000,JELLY_A,0.3351,-0.7392,1.00,J_PULSE_CRUISE,17.73,0.0247,0.133,1.1291,2.3252,-3.3265,0.00120,0.00568,0.00181,0.03744,0.9574
44.4000,JELLY_B,0.9344,0.0000,1.00,J_GLIDE,10.87,0.0081,0.109,1.5063,3.1718,-3.6568,0.00135,0.01089,0.00262,0.04027,-0.0015
44.4000,JELLY_C,0.0991,3.0778,1.00,J_PULSE_CRUISE,23.59,0.0696,0.392,0.5601,3.8094,-3.7846,0.00231,0.00861,0.00319,0.02923,0.1275
44.4333,JELLY_A,0.3455,-0.7805,1.00,J_PULSE_CRUISE,17.76,0.0236,0.133,1.1292,2.3253,-3.3264,0.00119,0.00561,0.00179,0.03666,0.9474
44.4333,JELLY_B,0.9467,0.0000,1.00,J_GLIDE,10.85,0.0083,0.109,1.5063,3.1722,-3.6567,0.00135,0.01090,0.00261,0.04049,-0.0012
44.4333,JELLY_C,0.1121,3.0225,1.00,J_PULSE_CRUISE,23.73,0.0832,0.392,0.5601,3.8097,-3.7845,0.00234,0.00876,0.00326,0.02922,0.1779
44.4667,JELLY_A,0.3560,-0.8184,1.00,J_PULSE_CRUISE,17.79,0.0225,0.133,1.1292,2.3255,-3.3263,0.00118,0.00555,0.00178,0.03576,0.9344
44.4667,JELLY_B,0.9590,0.0000,1.00,J_GLIDE,10.84,0.0085,0.109,1.5064,3.1726,-3.6567,0.00136,0.01091,0.00261,0.04068,-0.0009
44.4667,JELLY_C,0.1252,2.8404,1.00,J_PULSE_CRUISE,23.90,0.0957,0.392,0.5602,3.8100,-3.7844,0.00237,0.00887,0.00333,0.02920,0.2373
44.5000,JELLY_A,0.3664,-0.8528,1.00,J_PULSE_CRUISE,17.81,0.0214,0.133,1.1293,2.3257,-3.3263,0.00117,0.00548,0.00176,0.03478,0.9186
44.5000,JELLY_B,0.9713,0.0000,1.00,J_GLIDE,10.82,0.0087,0.109,1.5064,3.1729,-3.6566,0.00137,0.01092,0.00261,0.04085,-0.0006
44.5000,JELLY_C,0.1383,2.5389,1.00,J_PULSE_CRUISE,24.09,0.1065,0.392,0.5603,3.8103,-3.7843,0.00240,0.00894,0.00338,0.02919,0.3045
44.5333,JELLY_A,0.3769,-0.8835,1.00,J_PULSE_CRUISE,17.84,0.0204,0.133,1.1293,2.3259,-3.3262,0.00116,0.00542,0.00175,0.03374,0.9004
44.5333,JELLY_B,0.9836,0.0000,1.00,J_GLIDE,10.81,0.0088,0.109,1.5064,3.1733,-3.6565,0.00137,0.01092,0.00260,0.04100,-0.0004
44.5333,JELLY_C,0.1513,2.1309,1.00,J_PULSE_CRUISE,24.30,0.1148,0.392,0.5604,3.8106,-3.7841,0.00240,0.00895,0.00340,0.02919,0.3776
44.5667,JELLY_A,0.3873,-0.9105,1.00,J_PULSE_CRUISE,17.86,0.0194,0.133,1.1293,2.3261,-3.3262,0.00115,0.00535,0.00173,0.03267,0.8801
44.5667,JELLY_B,0.9959,0.0000,1.00,J_GLIDE,10.79,0.0090,0.109,1.5065,3.1736,-3.6564,0.00138,0.01092,0.00260,0.04111,-0.0003
44.5667,JELLY_C,0.1644,1.6332,1.00,J_PULSE_CRUISE,24.53,0.1204,0.392,0.5605,3.8109,-3.7840,0.00240,0.00890,0.00340,0.02918,0.4544
44.6000,JELLY_A,0.3978,-0.9335,1.00,J_PULSE_CRUISE,17.87,0.0185,0.133,1.1294,2.3263,-3.3261,0.00114,0.00529,0.00171,0.03159,0.8578
44.6000,JELLY_B,0.0082,0.0186,0.05,J_DRIFT_IDLE,10.77,0.0092,0.000,1.5065,3.1740,-3.6563,0.00137,0.01081,0.00257,0.04119,-0.0001
44.6000,JELLY_C,0.1775,1.0669,1.00,J_PULSE_CRUISE,24.76,0.1229,0.392,0.5605,3.8112,-3.7839,0.00238,0.00880,0.00338,0.02916,0.5324
44.6333,JELLY_A,0.4083,-0.9524,1.00,J_PULSE_CRUISE,17.89,0.0176,0.133,1.1294,2.3264,-3.3260,0.00114,0.00523,0.00170,0.03053,0.8338
44.6333,JELLY_B,0.0205,0.0459,0.05,J_DRIFT_IDLE,10.75,0.0093,0.000,1.5066,3.1744,-3.6562,0.00136,0.01068,0.00255,0.04123,-0.0000
44.6333,JELLY_C,0.1905,0.4557,1.00,J_PULSE_CRUISE,24.99,0.1220,0.392,0.5606,3.8115,-3.7838,0.00236,0.00866,0.00335,0.02915,0.6087
44.6667,JELLY_A,0.4187,-0.9673,1.00,J_PULSE_CRUISE,17.91,0.0167,0.133,1.1294,2.3266,-3.3260,0.00113,0.00517,0.00169,0.02953,0.8082
44.6667,JELLY_B,0.0328,0.0715,0.05,J_DRIFT_IDLE,10.74,0.0095,0.000,1.5066,3.1747,-3.6561,0.00135,0.01054,0.00252,0.04125,0.0002
44.6667,JELLY_C,0.2036,-0.0280,1.00,J_PULSE_CRUISE,25.22,0.1180,0.392,0.5607,3.8118,-3.7837,0.00234,0.00851,0.00331,0.02914,0.6807
44.7000,JELLY_A,0.4292,-0.9780,1.00,J_PULSE_CRUISE,17.92,0.0160,0.133,1.1295,2.3268,-3.3259,0.00113,0.00512,0.00167,0.02861,0.7813
44.7000,JELLY_B,0.0451,0.0945,0.05,J_DRIFT_IDLE,10.72,0.0096,0.000,1.5067,3.1751,-3.6561,0.00134,0.01041,0.00250,0.04126,0.0005
44.7000,JELLY_C,0.2167,-0.1289,1.00,J_PULSE_CRUISE,25.44,0.1135,0.392,0.5608,3.8120,-3.7836,0.00231,0.00836,0.00327,0.02912,0.7463
44.7333,JELLY_A,0.4397,-0.9845,1.00,J_PULSE_CRUISE,17.93,0.0152,0.133,1.1295,2.3269,-3.3259,0.00112,0.00508,0.00166,0.02780,0.7532
44.7333,JELLY_B,0.0574,0.1139,0.05,J_DRIFT_IDLE,10.70,0.0098,0.000,1.5067,3.1754,-3.6560,0.00133,0.01028,0.00247,0.04127,0.0010
44.7333,JELLY_C,0.2298,-0.2290,1.00,J_PULSE_CRUISE,25.66,0.1092,0.392,0.5608,3.8123,-3.7835,0.00229,0.00821,0.00323,0.02910,0.8038
44.7667,JELLY_A,0.4501,-0.9867,1.00,J_PULSE_CRUISE,17.94,0.0145,0.133,1.1296,2.3271,-3.3258,0.00113,0.00505,0.00165,0.02712,0.7241
44.7667,JELLY_B,0.0698,0.1291,0.05,J_DRIFT_IDLE,10.68,0.0099,0.000,1.5068,3.1758,-3.6559,0.00132,0.01016,0.00245,0.04127,0.0019
44.7667,JELLY_C,0.2428,-0.3276,1.00,J_PULSE_CRUISE,25.86,0.1049,0.392,0.5609,3.8126,-3.7834,0.00226,0.00806,0.00320,0.02909,0.8523
44.8000,JELLY_A,0.4606,-0.9846,1.00,J_PULSE_CRUISE,17.95,0.0139,0.133,1.1296,2.3273,-3.3258,0.00113,0.00503,0.00164,0.02659,0.6941
44.8000,JELLY_B,0.0821,0.1395,0.05,J_DRIFT_IDLE,10.66,0.0100,0.000,1.5068,3.1761,-3.6558,0.00132,0.01003,0.00243,0.04127,0.0032
44.8000,JELLY_C,0.2559,-0.4240,1.00,J_PULSE_CRUISE,26.06,0.1008,0.392,0.5610,3.8129,-3.7833,0.00224,0.00792,0.00316,0.02908,0.8913
44.8333,JELLY_A,0.4711,-0.9783,1.00,J_PULSE_CRUISE,17.95,0.0133,0.133,1.1296,2.3274,-3.3257,0.00114,0.00503,0.00163,0.02622,0.6633
44.8333,JELLY_B,0.0944,0.1447,0.05,J_DRIFT_IDLE,10.64,0.0101,0.000,1.5069,3.1764,-3.6557,0.00131,0.00991,0.00241,0.04127,0.0049
44.8333,JELLY_C,0.2690,-0.5175,1.00,J_PULSE_CRUISE,26.25,0.0968,0.392,0.5611,3.8131,-3.7832,0.00222,0.00777,0.00312,0.02907,0.9210
44.8667,JELLY_A,0.4815,-0.9677,1.00,J_PULSE_CRUISE,17.96,0.0128,0.133,1.1297,2.3276,-3.3257,0.00115,0.00503,0.00163,0.02603,0.6319
44.8667,JELLY_B,0.1068,0.1445,0.05,J_DRIFT_IDLE,10.62,0.0103,0.000,1.5069,3.1767,-3.6556,0.00130,0.00979,0.00238,0.04127,0.0071
44.8667,JELLY_C,0.2821,-0.6076,1.00,J_PULSE_CRUISE,26.43,0.0929,0.392,0.5611,3.8134,-3.7831,0.00220,0.00763,0.00309,0.02907,0.9418
44.9000,JELLY_A,0.4920,-0.9530,1.00,J_PULSE_CRUISE,17.96,0.0123,0.133,1.1297,2.3278,-3.3256,0.00117,0.00505,0.00162,0.02595,0.6001
44.9000,JELLY_B,0.1191,0.1389,0.05,J_DRIFT_IDLE,10.60,0.0104,0.000,1.5069,3.1771,-3.6556,0.00129,0.00967,0.00236,0.04128,0.0097
44.9000,JELLY_C,0.2951,-0.6936,1.00,J_PULSE_CRUISE,26.61,0.0891,0.392,0.5612,3.8136,-3.7829,0.00218,0.00750,0.00306,0.02906,0.9545
44.9333,JELLY_A,0.5025,-0.9341,1.00,J_PULSE_CRUISE,17.96,0.0119,0.133,1.1297,2.3280,-3.3256,0.00119,0.00509,0.00162,0.02596,0.5679
44.9333,JELLY_B,0.1314,0.1280,0.05,J_DRIFT_IDLE,10.59,0.0105,0.000,1.5070,3.1774,-3.6555,0.00129,0.00955,0.00234,0.04128,0.0128
44.9333,JELLY_C,0.3082,-0.7750,1.00,J_PULSE_CRUISE,26.77,0.0854,0.392,0.5613,3.8139,-3.7828,0.00216,0.00736,0.00302,0.02906,0.9597
44.9667,JELLY_A,0.5130,-0.9112,1.00,J_PULSE_CRUISE,17.96,0.0115,0.133,1.1298,2.3281,-3.3255,0.00122,0.00513,0.00162,0.02602,0.5355
44.9667,JELLY_B,0.1438,0.1124,0.05,J_DRIFT_IDLE,10.57,0.0106,0.000,1.5070,3.1777,-3.6554,0.00128,0.00943,0.00232,0.04128,0.0162
44.9667,JELLY_C,0.3213,-0.8511,1.00,J_PULSE_CRUISE,26.93,0.0818,0.392,0.5614,3.8141,-3.7827,0.00214,0.00722,0.00299,0.02906,0.9582
45.0000,JELLY_A,0.5234,-0.8843,1.00,J_PULSE_CRUISE,17.96,0.0112,0.133,1.1298,2.3283,-3.3254,0.00125,0.00519,0.00161,0.02613,0.5030
45.0000,JELLY_B,0.1561,0.0925,0.05,J_DRIFT_IDLE,10.54,0.0107,0.000,1.5071,3.1780,-3.6553,0.00127,0.00932,0.00230,0.04128,0.0198
45.0000,JELLY_C,0.3344,-0.9215,1.00,J_PULSE_CRUISE,27.09,0.0784,0.392,0.5614,3.8143,-3.7826,0.00212,0.00709,0.00296,0.02905,0.9507
45.0333,JELLY_A,0.5339,-0.8535,1.00,J_PULSE_CRUISE,17.96,0.0110,0.133,1.1299,2.3285,-3.3254,0.00128,0.00527,0.00162,0.02628,0.4706
45.0333,JELLY_B,0.1685,0.0692,0.05,J_DRIFT_IDLE,10.52,0.0108,0.000,1.5071,3.1783,-3.6553,0.00127,0.00921,0.00228,0.04128,0.0236
45.0333,JELLY_C,0.3475,-0.9857,1.00,J_PULSE_CRUISE,27.23,0.0750,0.392,0.5615,3.8146,-3.7825,0.00210,0.00696,0.00293,0.02904,0.9380
45.0667,JELLY_A,0.5444,-0.8191,1.00,J_PULSE_CRUISE,17.96,0.0108,0.133,1.1299,2.3286,-3.3253,0.00132,0.00535,0.00162,0.02646,0.4383
45.0667,JELLY_B,0.1808,0.0432,0.05,J_DRIFT_IDLE,10.50,0.0109,0.000,1.5072,3.1786,-3.6552,0.00126,0.00909,0.00226,0.04128,0.0274
45.0667,JELLY_C,0.3605,-1.0432,1.00,J_PULSE_CRUISE,27.38,0.0717,0.392,0.5616,3.8148,-3.7825,0.00208,0.00683,0.00290,0.02900,0.9207
45.1000,JELLY_A,0.5549,-0.7811,1.00,J_PULSE_CRUISE,17.95,0.0106,0.133,1.1300,2.3288,-3.3253,0.00136,0.00544,0.00162,0.02666,0.4064
45.1000,JELLY_B,0.1932,0.0155,0.05,J_DRIFT_IDLE,10.48,0.0110,0.000,1.5072,3.1789,-3.6551,0.00126,0.00898,0.00224,0.04128,0.0312
45.1000,JELLY_C,0.3736,-1.0938,1.00,J_PULSE_CRUISE,27.51,0.0685,0.392,0.5616,3.8150,-3.7824,0.00206,0.00670,0.00287,0.02888,0.8994
45.1333,JELLY_A,0.5654,-0.7397,1.00,J_PULSE_CRUISE,17.95,0.0105,0.133,1.1300,2.3290,-3.3252,0.00140,0.00554,0.00162,0.02690,0.3750
45.1333,JELLY_B,0.2056,-0.0020,0.05,J_DRIFT_IDLE,10.46,0.0111,0.000,1.5072,3.1792,-3.6550,0.00125,0.00887,0.00222,0.04128,0.0347
45.1333,JELLY_C,0.3867,-1.1369,1.00,J_PULSE_CRUISE,27.64,0.0654,0.392,0.5617,3.8153,-3.7823,0.00205,0.00658,0.00284,0.02864,0.8746
45.1667,JELLY_A,0.5759,-0.6950,1.00,J_PULSE_CRUISE,17.94,0.0104,0.133,1.1301,2.3292,-3.3252,0.00144,0.00565,0.00163,0.02717,0.3441
45.1667,JELLY_B,0.2179,-0.0065,0.05,J_DRIFT_IDLE,10.44,0.0112,0.000,1.5073,3.1795,-3.6550,0.00125,0.00876,0.00220,0.04128,0.0378
45.1667,JELLY_C,0.3998,-1.1724,1.00,J_PULSE_CRUISE,27.76,0.0624,0.392,0.5618,3.8155,-3.7822,0.00203,0.00645,0.00281,0.02828,0.8467
45.2000,JELLY_A,0.5863,-0.6473,1.00,J_PULSE_CRUISE,17.93,0.0104,0.133,1.1301,2.3294,-3.3251,0.00149,0.00576,0.00163,0.02746,0.3139
45.2000,JELLY_B,0.2303,-0.0110,0.05,J_DRIFT_IDLE,10.42,0.0113,0.000,1.5073,3.1798,-3.6549,0.00124,0.00866,0.00218,0.04128,0.0406
45.2000,JELLY_C,0.4129,-1.1999,1.00,J_PULSE_CRUISE,27.88,0.0595,0.392,0.5618,3.8157,-3.7821,0.00202,0.00634,0.00279,0.02782,0.8162
45.2333,JELLY_A,0.5968,-0.5968,1.00,J_PULSE_CRUISE,17.92,0.0104,0.133,1.1302,2.3296,-3.3251,0.00154,0.00588,0.00164,0.02777,0.2845
45.2333,JELLY_B,0.2427,-0.0154,0.05,J_DRIFT_IDLE,10.40,0.0114,0.000,1.5074,3.1801,-3.6548,0.00124,0.00855,0.00216,0.04128,0.0429
45.2333,JELLY_C,0.4260,-1.2194,1.00,J_PULSE_CRUISE,27.99,0.0566,0.392,0.5619,3.8159,-3.7820,0.00200,0.00623,0.00277,0.02726,0.7835
45.2667,JELLY_A,0.6073,-0.5437,1.00,J_PULSE_CRUISE,17.91,0.0105,0.133,1.1302,2.3298,-3.3250,0.00158,0.00600,0.00164,0.02810,0.2561
45.2667,JELLY_B,0.2550,-0.0198,0.05,J_DRIFT_IDLE,10.38,0.0114,0.000,1.5074,3.1804,-3.6547,0.00123,0.00845,0.00214,0.04128,0.0448
45.2667,JELLY_C,0.4390,-1.2306,1.00,J_PULSE_CRUISE,28.10,0.0539,0.392,0.5620,3.8161,-3.7819,0.00200,0.00614,0.00276,0.02663,0.7488
45.3000,JELLY_A,0.6178,-0.4882,1.00,J_PULSE_CRUISE,17.90,0.0106,0.133,1.1303,2.3300,-3.3250,0.00163,0.00611,0.00164,0.02846,0.2288
45.3000,JELLY_B,0.2674,-0.0240,0.05,J_DRIFT_IDLE,10.35,0.0115,0.000,1.5074,3.1807,-3.6547,0.00123,0.00834,0.00212,0.04128,0.0463
45.3000,JELLY_C,0.4521,-1.2335,1.00,J_PULSE_CRUISE,28.20,0.0512,0.392,0.5620,3.8163,-3.7818,0.00199,0.00607,0.00275,0.02594,0.7125
45.3333,JELLY_A,0.6283,-0.4306,1.00,J_PULSE_CRUISE,17.89,0.0107,0.133,1.1303,2.3302,-3.3249,0.00168,0.00622,0.00165,0.02883,0.2026
45.3333,JELLY_B,0.2798,-0.0281,0.05,J_DRIFT_IDLE,10.33,0.0116,0.000,1.5075,3.1809,-3.6546,0.00122,0.00824,0.00211,0.04128,0.0473
45.3333,JELLY_C,0.4652,-1.2281,1.00,J_PULSE_CRUISE,28.29,0.0486,0.392,0.5621,3.8165,-3.7817,0.00200,0.00602,0.00276,0.02524,0.6748
45.3667,JELLY_A,0.6388,-0.3711,1.00,J_PULSE_CRUISE,17.88,0.0109,0.133,1.1304,2.3304,-3.3248,0.00172,0.00634,0.00165,0.02922,0.1777
45.3667,JELLY_B,0.2922,-0.0320,0.05,J_DRIFT_IDLE,10.31,0.0117,0.000,1.5075,3.1812,-3.6545,0.00122,0.00814,0.00209,0.04128,0.0480
45.3667,JELLY_C,0.4783,-1.2143,1.00,J_PULSE_CRUISE,28.38,0.0460,0.392,0.5622,3.8167,-3.7816,0.00201,0.00599,0.00278,0.02455,0.6362
45.4000,JELLY_A,0.6493,-0.3099,1.00,J_PULSE_CRUISE,17.86,0.0110,0.133,1.1304,2.3306,-3.3248,0.00177,0.00645,0.00165,0.02963,0.1543
45.4000,JELLY_B,0.3046,-0.0357,0.05,J_DRIFT_IDLE,10.29,0.0117,0.000,1.5076,3.1815,-3.6545,0.00121,0.00804,0.00207,0.04128,0.0483
45.4000,JELLY_C,0.4914,-1.1924,1.00,J_PULSE_CRUISE,28.47,0.0436,0.392,0.5622,3.8169,-3.7815,0.00202,0.00599,0.00281,0.02389,0.5967
45.4333,JELLY_A,0.6598,-0.2474,1.00,J_PULSE_CRUISE,17.85,0.0112,0.133,1.1305,2.3308,-3.3247,0.00182,0.00656,0.00166,0.03005,0.1323
45.4333,JELLY_B,0.3170,-0.0392,0.05,J_DRIFT_IDLE,10.27,0.0118,0.000,1.5076,3.1817,-3.6544,0.00121,0.00794,0.00206,0.04128,0.0483
45.4333,JELLY_C,0.5045,-1.1624,1.00,J_PULSE_CRUISE,28.55,0.0412,0.392,0.5623,3.8171,-3.7814,0.00204,0.00601,0.00285,0.02331,0.5567
45.4667,JELLY_A,0.6703,-0.1837,1.00,J_PULSE_CRUISE,17.83,0.0114,0.133,1.1305,2.3311,-3.3247,0.00186,0.00667,0.00166,0.03048,0.1120
45.4667,JELLY_B,0.3294,-0.0424,0.05,J_DRIFT_IDLE,10.24,0.0118,0.000,1.5076,3.1820,-3.6543,0.00120,0.00785,0.00204,0.04128,0.0481
45.4667,JELLY_C,0.5176,-1.1245,1.00,J_PULSE_CRUISE,28.63,0.0389,0.392,0.5624,3.8173,-3.7813,0.00207,0.00605,0.00290,0.02282,0.5164
45.5000,JELLY_A,0.6808,-0.1193,1.00,J_PULSE_CRUISE,17.81,0.0116,0.133,1.1306,2.3313,-3.3246,0.00191,0.00678,0.00166,0.03092,0.0933
45.5000,JELLY_B,0.3418,-0.0455,0.05,J_DRIFT_IDLE,10.22,0.0119,0.000,1.5077,3.1823,-3.6543,0.00120,0.00775,0.00202,0.04128,0.0475
45.5000,JELLY_C,0.5307,-1.0790,1.00,J_PULSE_CRUISE,28.70,0.0366,0.392,0.5624,3.8175,-3.7812,0.00210,0.00612,0.00296,0.02245,0.4762
45.5333,JELLY_A,0.6913,-0.0543,1.00,J_PULSE_CRUISE,17.80,0.0118,0.133,1.1307,2.3315,-3.3246,0.00195,0.00689,0.00167,0.03136,0.0764
45.5333,JELLY_B,0.3542,-0.0482,0.05,J_DRIFT_IDLE,10.20,0.0120,0.000,1.5077,3.1825,-3.6542,0.00120,0.00766,0.00201,0.04127,0.0468
45.5333,JELLY_C,0.5438,-1.0261,1.00,J_PULSE_CRUISE,28.77,0.0344,0.392,0.5625,3.8177,-3.7811,0.00214,0.00621,0.00303,0.02221,0.4362
45.5667,JELLY_A,0.7018,0.0000,1.00,J_GLIDE,17.78,0.0120,0.133,1.1307,2.3317,-3.3245,0.00200,0.00700,0.00167,0.03181,0.0613
45.5667,JELLY_B,0.3666,-0.0506,0.05,J_DRIFT_IDLE,10.17,0.0120,0.000,1.5078,3.1828,-3.6541,0.00119,0.00756,0.00199,0.04126,0.0459
45.5667,JELLY_C,0.5569,-0.9664,1.00,J_PULSE_CRUISE,28.83,0.0323,0.392,0.5626,3.8179,-3.7810,0.00219,0.00631,0.00312,0.02210,0.3967
45.6000,JELLY_A,0.7123,0.0000,1.00,J_GLIDE,17.76,0.0123,0.133,1.1308,2.3320,-3.3245,0.00204,0.00710,0.00167,0.03227,0.0481
45.6000,JELLY_B,0.3790,-0.0528,0.05,J_DRIFT_IDLE,10.15,0.0121,0.000,1.5078,3.1830,-3.6541,0.00119,0.00747,0.00198,0.04124,0.0448
45.6000,JELLY_C,0.5700,-0.9000,1.00,J_PULSE_CRUISE,28.89,0.0302,0.392,0.5627,3.8181,-3.7809,0.00224,0.00643,0.00320,0.02208,0.3580
45.6333,JELLY_A,0.7228,0.0000,1.00,J_GLIDE,17.74,0.0125,0.133,1.1309,2.3322,-3.3244,0.00209,0.00720,0.00167,0.03273,0.0368
45.6333,JELLY_B,0.3914,-0.0546,0.05,J_DRIFT_IDLE,10.13,0.0121,0.000,1.5078,3.1833,-3.6540,0.00119,0.00738,0.00196,0.04121,0.0435
45.6333,JELLY_C,0.5831,-0.8276,1.00,J_PULSE_CRUISE,28.95,0.0282,0.392,0.5627,3.8184,-3.7808,0.00229,0.00656,0.00330,0.02211,0.3203
45.6667,JELLY_A,0.7333,0.0000,1.00,J_GLIDE,17.72,0.0127,0.133,1.1310,2.3325,-3.3243,0.00213,0.00730,0.00167,0.03319,0.0272
45.6667,JELLY_B,0.4038,-0.0561,0.05,J_DRIFT_IDLE,10.11,0.0122,0.000,1.5079,3.1835,-3.6539,0.00118,0.00728,0.00195,0.04117,0.0421
45.6667,JELLY_C,0.5962,-0.7495,1.00,J_PULSE_CRUISE,29.00,0.0262,0.392,0.5628,3.8186,-3.7807,0.00234,0.00669,0.00339,0.02219,0.2838
45.7000,JELLY_A,0.7438,0.0000,1.00,J_GLIDE,17.70,0.0130,0.133,1.1310,2.3327,-3.3243,0.00217,0.00739,0.00167,0.03365,0.0193
45.7000,JELLY_B,0.4163,-0.0572,0.05,J_DRIFT_IDLE,10.08,0.0122,0.000,1.5079,3.1838,-3.6539,0.00118,0.00719,0.00193,0.04113,0.0407
45.7000,JELLY_C,0.6093,-0.6664,1.00,J_PULSE_CRUISE,29.05,0.0243,0.392,0.5629,3.8188,-3.7806,0.00239,0.00682,0.00349,0.02229,0.2488
45.7333,JELLY_A,0.7543,0.0000,1.00,J_GLIDE,17.67,0.0132,0.133,1.1311,2.3329,-3.3242,0.00221,0.00747,0.00167,0.03411,0.0129
45.7333,JELLY_B,0.4287,-0.0580,0.05,J_DRIFT_IDLE,10.06,0.0122,0.000,1.5080,3.1840,-3.6538,0.00118,0.00710,0.00192,0.04109,0.0391
45.7333,JELLY_C,0.6224,-0.5787,1.00,J_PULSE_CRUISE,29.09,0.0225,0.392,0.5630,3.8190,-3.7805,0.00244,0.00695,0.00358,0.02242,0.2156
45.7667,JELLY_A,0.7648,0.0000,1.00,J_GLIDE,17.65,0.0135,0.133,1.1312,2.3332,-3.3242,0.00224,0.00755,0.00167,0.03456,0.0078
45.7667,JELLY_B,0.4411,-0.0585,0.05,J_DRIFT_IDLE,10.04,0.0123,0.000,1.5080,3.1842,-3.6537,0.00118,0.00702,0.00190,0.04105,0.0374
45.7667,JELLY_C,0.6355,-0.4870,1.00,J_PULSE_CRUISE,29.14,0.0207,0.392,0.5631,3.8193,-3.7803,0.00249,0.00708,0.00367,0.02257,0.1843
45.8000,JELLY_A,0.7753,0.0000,1.00,J_GLIDE,17.63,0.0137,0.133,1.1312,2.3335,-3.3241,0.00228,0.00763,0.00167,0.03501,0.0038
45.8000,JELLY_B,0.4536,-0.0586,0.05,J_DRIFT_IDLE,10.01,0.0123,0.000,1.5080,3.1845,-3.6537,0.00117,0.00693,0.00189,0.04100,0.0357
45.8000,JELLY_C,0.6486,-0.3921,1.00,J_PULSE_CRUISE,29.17,0.0190,0.392,0.5631,3.8195,-3.7802,0.00254,0.00721,0.00376,0.02274,0.1551
45.8333,JELLY_A,0.7858,0.0000,1.00,J_GLIDE,17.60,0.0139,0.133,1.1313,2.3337,-3.3241,0.00231,0.00770,0.00167,0.03544,0.0008
45.8333,JELLY_B,0.4660,-0.0583,0.05,J_DRIFT_IDLE,9.99,0.0123,0.000,1.5081,3.1847,-3.6536,0.00117,0.00685,0.00187,0.04096,0.0338
45.8333,JELLY_C,0.6617,-0.2945,1.00,J_PULSE_CRUISE,29.21,0.0173,0.392,0.5632,3.8197,-3.7801,0.00259,0.00733,0.00386,0.02294,0.1283
45.8667,JELLY_A,0.7963,0.0000,1.00,J_GLIDE,17.58,0.0142,0.133,1.1314,2.3340,-3.3240,0.00235,0.00777,0.00166,0.03587,-0.0013
45.8667,JELLY_B,0.4784,-0.0577,0.05,J_DRIFT_IDLE,9.96,0.0124,0.000,1.5081,3.1849,-3.6535,0.00117,0.00677,0.00186,0.04092,0.0320
45.8667,JELLY_C,0.6748,-0.1948,1.00,J_PULSE_CRUISE,29.24,0.0157,0.392,0.5633,3.8200,-3.7800,0.00264,0.00745,0.00395,0.02315,0.1040
45.9000,JELLY_A,0.8068,0.0000,1.00,J_GLIDE,17.55,0.0144,0.133,1.1315,2.3342,-3.3240,0.00238,0.00784,0.00166,0.03628,-0.0028
45.9000,JELLY_B,0.4909,-0.0567,0.05,J_DRIFT_IDLE,9.94,0.0124,0.000,1.5082,3.1851,-3.6535,0.00117,0.00669,0.00185,0.04088,0.0301
45.9000,JELLY_C,0.6879,-0.0938,1.00,J_PULSE_CRUISE,29.27,0.0141,0.392,0.5634,3.8202,-3.7798,0.00269,0.00757,0.00403,0.02337,0.0823
45.9333,JELLY_A,0.8173,0.0000,1.00,J_GLIDE,17.53,0.0146,0.133,1.1316,2.3345,-3.3239,0.00241,0.00790,0.00166,0.03668,-0.0038
45.9333,JELLY_B,0.5033,-0.0554,0.05,J_DRIFT_IDLE,9.92,0.0124,0.000,1.5082,3.1854,-3.6534,0.00117,0.00661,0.00184,0.04085,0.0282
45.9333,JELLY_C,0.7010,0.0000,1.00,J_GLIDE,29.30,0.0125,0.392,0.5635,3.8205,-3.7797,0.00273,0.00769,0.00412,0.02361,0.0635
45.9667,JELLY_A,0.8279,0.0000,1.00,J_GLIDE,17.50,0.0148,0.133,1.1316,2.3348,-3.3238,0.00244,0.00795,0.00165,0.03707,-0.0043
45.9667,JELLY_B,0.5158,-0.0537,0.05,J_DRIFT_IDLE,9.89,0.0125,0.000,1.5082,3.1856,-3.6534,0.00116,0.00653,0.00182,0.04083,0.0263
45.9667,JELLY_C,0.7141,0.0000,1.00,J_GLIDE,29.32,0.0110,0.392,0.5636,3.8208,-3.7796,0.00278,0.00780,0.00421,0.02387,0.0474
46.0000,JELLY_A,0.8384,0.0000,1.00,J_GLIDE,17.47,0.0151,0.133,1.1317,2.3350,-3.3238,0.00247,0.00801,0.00165,0.03744,-0.0045
46.0000,JELLY_B,0.5282,-0.0517,0.05,J_DRIFT_IDLE,9.87,0.0125,0.000,1.5083,3.1858,-3.6533,0.00116,0.00646,0.00181,0.04081,0.0243
46.0000,JELLY_C,0.7272,0.0000,1.00,J_GLIDE,29.34,0.0096,0.392,0.5637,3.8210,-3.7794,0.00282,0.00790,0.00429,0.02414,0.0341
46.0333,JELLY_A,0.8489,0.0000,1.00,J_GLIDE,17.45,0.0153,0.133,1.1318,2.3353,-3.3237,0.00249,0.00806,0.00165,0.03779,-0.0045
46.0333,JELLY_B,0.5407,-0.0494,0.05,J_DRIFT_IDLE,9.85,0.0125,0.000,1.5083,3.1860,-3.6532,0.00116,0.00639,0.00180,0.04081,0.0224
46.0333,JELLY_C,0.7403,0.0000,1.00,J_GLIDE,29.36,0.0082,0.392,0.5638,3.8213,-3.7793,0.00286,0.00800,0.00436,0.02441,0.0233
46.0667,JELLY_A,0.8594,0.0000,1.00,J_GLIDE,17.42,0.0155,0.133,1.1319,2.3356,-3.3237,0.00252,0.00810,0.00164,0.03812,-0.0043
46.0667,JELLY_B,0.5531,-0.0468,0.05,J_DRIFT_IDLE,9.82,0.0125,0.000,1.5084,3.1862,-3.6532,0.00116,0.00632,0.00179,0.04080,0.0205
46.0667,JELLY_C,0.7534,0.0000,1.00,J_GLIDE,29.37,0.0068,0.392,0.5639,3.8216,-3.7791,0.00290,0.00808,0.00443,0.02470,0.0149
46.1000,JELLY_A,0.8699,0.0000,1.00,J_GLIDE,17.39,0.0157,0.133,1.1320,2.3358,-3.3236,0.00255,0.00815,0.00164,0.03843,-0.0040
46.1000,JELLY_B,0.5656,-0.0439,0.05,J_DRIFT_IDLE,9.80,0.0126,0.000,1.5084,3.1864,-3.6531,0.00116,0.00625,0.00178,0.04081,0.0186
46.1000,JELLY_C,0.7666,0.0000,1.00,J_GLIDE,29.38,0.0055,0.392,0.5640,3.8218,-3.7790,0.00294,0.00816,0.00450,0.02500,0.0085
46.1333,JELLY_A,0.8804,0.0000,1.00,J_GLIDE,17.36,0.0159,0.133,1.1321,2.3361,-3.3236,0.00257,0.00819,0.00163,0.03872,-0.0036
46.1333,JELLY_B,0.5781,-0.0407,0.05,J_DRIFT_IDLE,9.77,0.0126,0.000,1.5084,3.1866,-3.6531,0.00116,0.00618,0.00177,0.04081,0.0168
46.1333,JELLY_C,0.7797,0.0000,1.00,J_GLIDE,29.39,0.0042,0.392,0.5641,3.8221,-3.7788,0.00297,0.00822,0.00456,0.02529,0.0037
46.1667,JELLY_A,0.8910,0.0000,1.00,J_GLIDE,17.33,0.0161,0.133,1.1321,2.3364,-3.3235,0.00259,0.00822,0.00162,0.03899,-0.0032
46.1667,JELLY_B,0.5905,-0.0373,0.05,J_DRIFT_IDLE,9.75,0.0126,0.000,1.5085,3.1868,-3.6530,0.00116,0.00611,0.00176,0.04081,0.0150
46.1667,JELLY_C,0.7928,0.0000,1.00,J_GLIDE,29.40,0.0030,0.392,0.5642,3.8224,-3.7787,0.00300,0.00829,0.00462,0.02560,0.0004
46.2000,JELLY_A,0.9015,0.0000,1.00,J_GLIDE,17.30,0.0163,0.133,1.1322,2.3366,-3.3235,0.00262,0.00825,0.00162,0.03923,-0.0028
46.2000,JELLY_B,0.6030,-0.0336,0.05,J_DRIFT_IDLE,9.73,0.0126,0.000,1.5085,3.1870,-3.6529,0.00116,0.00604,0.00175,0.04082,0.0133
46.2000,JELLY_C,0.8059,0.0000,1.00,J_GLIDE,29.40,0.0019,0.392,0.5643,3.8227,-3.7785,0.00303,0.00834,0.00467,0.02590,-0.0018
46.2333,JELLY_A,0.9120,0.0000,1.00,J_GLIDE,17.27,0.0165,0.133,1.1323,2.3369,-3.3234,0.00264,0.00828,0.00161,0.03945,-0.0024
46.2333,JELLY_B,0.6155,-0.0298,0.05,J_DRIFT_IDLE,9.70,0.0126,0.000,1.5085,3.1872,-3.6529,0.00116,0.00598,0.00174,0.04083,0.0117
46.2333,JELLY_C,0.8190,0.0000,1.00,J_GLIDE,29.40,0.0011,0.392,0.5644,3.8229,-3.7784,0.00306,0.00839,0.00472,0.02620,-0.0031
46.2667,JELLY_A,0.9225,0.0000,1.00,J_GLIDE,17.24,0.0166,0.133,1.1324,2.3372,-3.3234,0.00266,0.00831,0.00161,0.03965,-0.0020
46.2667,JELLY_B,0.6280,-0.0257,0.05,J_DRIFT_IDLE,9.68,0.0126,0.000,1.5086,3.1874,-3.6528,0.00116,0.00591,0.00173,0.04084,0.0101
46.2667,JELLY_C,0.8321,0.0000,1.00,J_GLIDE,29.40,0.0012,0.392,0.5645,3.8232,-3.7782,0.00309,0.00842,0.00477,0.02650,-0.0038
46.3000,JELLY_A,0.9331,0.0000,1.00,J_GLIDE,17.21,0.0168,0.133,1.1325,2.3375,-3.3233,0.00268,0.00834,0.00160,0.03982,-0.0016
46.3000,JELLY_B,0.6404,-0.0215,0.05,J_DRIFT_IDLE,9.65,0.0127,0.000,1.5086,3.1876,-3.6528,0.00116,0.00585,0.00172,0.04085,0.0086
46.3000,JELLY_C,0.8453,0.0000,1.00,J_GLIDE,29.40,0.0020,0.392,0.5646,3.8235,-3.7780,0.00311,0.00846,0.00482,0.02680,-0.0040
46.3333,JELLY_A,0.9436,0.0000,1.00,J_GLIDE,17.18,0.0170,0.133,1.1326,2.3378,-3.3233,0.00270,0.00836,0.00159,0.03996,-0.0013
46.3333,JELLY_B,0.6529,-0.0172,0.05,J_DRIFT_IDLE,9.63,0.0127,0.000,1.5087,3.1878,-3.6527,0.00116,0.00578,0.00171,0.04086,0.0073
46.3333,JELLY_C,0.8584,0.0000,1.00,J_GLIDE,29.40,0.0030,0.392,0.5647,3.8238,-3.7779,0.00313,0.00849,0.00486,0.02709,-0.0039
46.3667,JELLY_A,0.9541,0.0000,1.00,J_GLIDE,17.15,0.0171,0.133,1.1327,2.3380,-3.3232,0.00272,0.00838,0.00158,0.04008,-0.0010
46.3667,JELLY_B,0.6654,-0.0127,0.05,J_DRIFT_IDLE,9.61,0.0127,0.000,1.5087,3.1880,-3.6527,0.00116,0.00572,0.00170,0.04087,0.0060
46.3667,JELLY_C,0.8715,0.0000,1.00,J_GLIDE,29.39,0.0040,0.392,0.5648,3.8241,-3.7777,0.00316,0.00851,0.00489,0.02737,-0.0036
46.4000,JELLY_A,0.9646,0.0000,1.00,J_GLIDE,17.11,0.0173,0.133,1.1328,2.3383,-3.3231,0.00273,0.00839,0.00158,0.04017,-0.0008
46.4000,JELLY_B,0.6779,-0.0081,0.05,J_DRIFT_IDLE,9.58,0.0127,0.000,1.5087,3.1882,-3.6526,0.00116,0.00565,0.00169,0.04089,0.0049
46.4000,JELLY_C,0.8846,0.0000,1.00,J_GLIDE,29.38,0.0050,0.392,0.5649,3.8243,-3.7776,0.00318,0.00852,0.00493,0.02764,-0.0032
46.4333,JELLY_A,0.9752,0.0000,1.00,J_GLIDE,17.08,0.0174,0.133,1.1329,2.3386,-3.3231,0.00275,0.00841,0.00157,0.04023,-0.0006
46.4333,JELLY_B,0.6904,-0.0036,0.05,J_DRIFT_IDLE,9.56,0.0127,0.000,1.5088,3.1884,-3.6526,0.00116,0.00559,0.00168,0.04090,0.0038
46.4333,JELLY_C,0.8977,0.0000,1.00,J_GLIDE,29.37,0.0060,0.392,0.5650,3.8246,-3.7774,0.00319,0.00853,0.00496,0.02790,-0.0028
46.4667,JELLY_A,0.9857,0.0000,1.00,J_GLIDE,17.05,0.0176,0.133,1.1330,2.3389,-3.3230,0.00277,0.00842,0.00156,0.04026,-0.0004
46.4667,JELLY_B,0.7029,0.0000,0.05,J_DRIFT_IDLE,9.53,0.0127,0.000,1.5088,3.1886,-3.6525,0.00116,0.00553,0.00167,0.04092,0.0030
46.4667,JELLY_C,0.9109,0.0000,1.00,J_GLIDE,29.36,0.0069,0.392,0.5651,3.8249,-3.7772,0.00321,0.00854,0.00499,0.02815,-0.0023
46.5000,JELLY_A,0.9962,0.0000,1.00,J_GLIDE,17.01,0.0177,0.133,1.1330,2.3392,-3.3230,0.00278,0.00843,0.00155,0.04028,-0.0003
46.5000,JELLY_B,0.7154,0.0000,0.05,J_DRIFT_IDLE,9.51,0.0127,0.000,1.5089,3.1888,-3.6524,0.00116,0.00546,0.00166,0.04094,0.0022
46.5000,JELLY_C,0.9240,0.0000,1.00,J_GLIDE,29.35,0.0079,0.392,0.5652,3.8252,-3.7771,0.00323,0.00854,0.00502,0.02838,-0.0019
46.5333,JELLY_A,0.0068,0.2629,1.00,J_PULSE_CRUISE,16.98,0.0176,0.131,1.1331,2.3394,-3.3229,0.00278,0.00837,0.00154,0.04029,-0.0001
46.5333,JELLY_B,0.7279,0.0000,0.05,J_DRIFT_IDLE,9.48,0.0127,0.000,1.5089,3.1890,-3.6524,0.00116,0.00540,0.00165,0.04096,0.0016
46.5333,JELLY_C,0.9371,0.0000,1.00,J_GLIDE,29.33,0.0087,0.392,0.5653,3.8255,-3.7769,0.00324,0.00853,0.00504,0.02859,-0.0015
46.5667,JELLY_A,0.0173,0.6658,1.00,J_PULSE_CRUISE,16.95,0.0166,0.131,1.1332,2.3397,-3.3229,0.00277,0.00829,0.00152,0.04029,0.0004
46.5667,JELLY_B,0.7404,0.0000,0.05,J_DRIFT_IDLE,9.46,0.0127,0.000,1.5089,3.1891,-3.6523,0.00116,0.00534,0.00164,0.04097,0.0011
46.5667,JELLY_C,0.9502,0.0000,1.00,J_GLIDE,29.31,0.0096,0.392,0.5654,3.8258,-3.7767,0.00325,0.00852,0.00506,0.02879,-0.0011
46.6000,JELLY_A,0.0278,1.0506,1.00,J_PULSE_CRUISE,16.92,0.0148,0.131,1.1333,2.3400,-3.3228,0.00276,0.00823,0.00151,0.04028,0.0019
46.6000,JELLY_B,0.7529,0.0000,0.05,J_DRIFT_IDLE,9.44,0.0127,0.000,1.5090,3.1893,-3.6523,0.00116,0.00528,0.00163,0.04099,0.0007
46.6000,JELLY_C,0.9634,0.0000,1.00,J_GLIDE,29.30,0.0105,0.392,0.5655,3.8260,-3.7765,0.00326,0.00851,0.00508,0.02897,-0.0008
46.6333,JELLY_A,0.0384,1.4068,1.00,J_PULSE_CRUISE,16.89,0.0123,0.131,1.1334,2.3403,-3.3228,0.00277,0.00820,0.00150,0.04026,0.0052
46.6333,JELLY_B,0.7654,0.0000,0.05,J_DRIFT_IDLE,9.41,0.0127,0.000,1.5090,3.1895,-3.6522,0.00116,0.00522,0.00162,0.04101,0.0004
46.6333,JELLY_C,0.9765,0.0000,1.00,J_GLIDE,29.28,0.0113,0.392,0.5656,3.8263,-3.7764,0.00327,0.00849,0.00510,0.02914,-0.0006
46.6667,JELLY_A,0.0489,1.7246,1.00,J_PULSE_CRUISE,16.87,0.0093,0.131,1.1335,2.3405,-3.3227,0.00278,0.00820,0.00149,0.04024,0.0116
46.6667,JELLY_B,0.7779,0.0000,0.05,J_DRIFT_IDLE,9.39,0.0127,0.000,1.5090,3.1897,-3.6522,0.00116,0.00515,0.00161,0.04103,0.0001
46.6667,JELLY_C,0.9896,0.0000,1.00,J_GLIDE,29.25,0.0121,0.392,0.5658,3.8266,-3.7762,0.00328,0.00847,0.00511,0.02928,-0.0003
46.7000,JELLY_A,0.0594,1.9954,1.00,J_PULSE_CRUISE,16.86,0.0061,0.131,1.1336,2.3408,-3.3227,0.00280,0.00824,0.00148,0.04021,0.0220
46.7000,JELLY_B,0.7905,0.0000,0.05,J_DRIFT_IDLE,9.36,0.0127,0.000,1.5091,3.1898,-3.6521,0.00116,0.00509,0.00160,0.04105,-0.0000
46.7000,JELLY_C,0.0028,0.0067,0.05,J_PAUSE_OPEN,29.23,0.0128,0.000,0.5659,3.8269,-3.7760,0.00328,0.00841,0.00511,0.02939,0.0002
46.7333,JELLY_A,0.0700,2.2117,1.00,J_PULSE_CRUISE,16.85,0.0043,0.131,1.1337,2.3411,-3.3226,0.00284,0.00831,0.00148,0.04019,0.0375
46.7333,JELLY_B,0.8030,0.0000,0.05,J_DRIFT_IDLE,9.34,0.0127,0.000,1.5091,3.1900,-3.6521,0.00116,0.00503,0.00159,0.04107,-0.0001
46.7333,JELLY_C,0.0159,0.0382,0.05,J_PAUSE_OPEN,29.20,0.0136,0.000,0.5660,3.8272,-3.7759,0.00326,0.00826,0.00506,0.02946,0.0006
46.7667,JELLY_A,0.0805,2.3675,1.00,J_PULSE_CRUISE,16.86,0.0062,0.131,1.1338,2.3414,-3.3226,0.00288,0.00840,0.00148,0.04016,0.0587
46.7667,JELLY_B,0.8155,0.0000,0.05,J_DRIFT_IDLE,9.31,0.0127,0.000,1.5092,3.1902,-3.6520,0.00116,0.00497,0.00159,0.04109,-0.0002
46.7667,JELLY_C,0.0290,0.0681,0.05,J_PAUSE_OPEN,29.18,0.0143,0.000,0.5661,3.8274,-3.7757,0.00323,0.00810,0.00501,0.02950,0.0010
46.8000,JELLY_A,0.0910,2.4587,1.00,J_PULSE_CRUISE,16.87,0.0101,0.131,1.1339,2.3416,-3.3225,0.00292,0.00852,0.00148,0.04014,0.0863
46.8000,JELLY_B,0.8280,0.0000,0.05,J_DRIFT_IDLE,9.29,0.0127,0.000,1.5092,3.1903,-3.6520,0.00116,0.00491,0.00158,0.04111,-0.0002
46.8000,JELLY_C,0.0421,0.0951,0.05,J_PAUSE_OPEN,29.15,0.0150,0.000,0.5662,3.8277,-3.7755,0.00320,0.00795,0.00496,0.02952,0.0013
46.8333,JELLY_A,0.1016,2.4827,1.00,J_PULSE_CRUISE,16.89,0.0144,0.131,1.1340,2.3419,-3.3225,0.00297,0.00863,0.00149,0.04012,0.1207
46.8333,JELLY_B,0.8405,0.0000,0.05,J_DRIFT_IDLE,9.27,0.0127,0.000,1.5092,3.1905,-3.6519,0.00116,0.00484,0.00157,0.04113,-0.0002
46.8333,JELLY_C,0.0553,0.1181,0.05,J_PAUSE_OPEN,29.12,0.0157,0.000,0.5663,3.8280,-3.7754,0.00318,0.00780,0.00491,0.02953,0.0018
46.8667,JELLY_A,0.1121,2.4387,1.00,J_PULSE_CRUISE,16.92,0.0188,0.131,1.1341,2.3422,-3.3224,0.00301,0.00875,0.00149,0.04011,0.1616
46.8667,JELLY_B,0.8531,0.0000,0.05,J_DRIFT_IDLE,9.24,0.0127,0.000,1.5093,3.1906,-3.6518,0.00116,0.00478,0.00156,0.04115,-0.0002
46.8667,JELLY_C,0.0684,0.1361,0.05,J_PAUSE_OPEN,29.09,0.0163,0.000,0.5664,3.8282,-3.7752,0.00315,0.00765,0.00486,0.02953,0.0027
46.9000,JELLY_A,0.1227,2.3281,1.00,J_PULSE_CRUISE,16.95,0.0228,0.131,1.1342,2.3425,-3.3224,0.00306,0.00885,0.00149,0.04009,0.2090
46.9000,JELLY_B,0.8656,0.0000,0.05,J_DRIFT_IDLE,9.22,0.0127,0.000,1.5093,3.1908,-3.6518,0.00116,0.00472,0.00155,0.04117,-0.0002
46.9000,JELLY_C,0.0816,0.1483,0.05,J_PAUSE_OPEN,29.06,0.0170,0.000,0.5665,3.8285,-3.7750,0.00313,0.00750,0.00482,0.02954,0.0039
46.9333,JELLY_A,0.1332,2.1537,1.00,J_PULSE_CRUISE,17.00,0.0264,0.131,1.1343,2.3428,-3.3223,0.00309,0.00892,0.00149,0.04007,0.2620
46.9333,JELLY_B,0.8782,0.0000,0.05,J_DRIFT_IDLE,9.19,0.0127,0.000,1.5094,3.1910,-3.6517,0.00116,0.00466,0.00154,0.04118,-0.0002
46.9333,JELLY_C,0.0947,0.1542,0.05,J_PAUSE_OPEN,29.03,0.0176,0.000,0.5666,3.8287,-3.7749,0.00311,0.00736,0.00477,0.02954,0.0056
46.9667,JELLY_A,0.1438,1.9203,1.00,J_PULSE_CRUISE,17.05,0.0295,0.131,1.1344,2.3431,-3.3223,0.00312,0.00897,0.00148,0.04005,0.3200
46.9667,JELLY_B,0.8907,0.0000,0.05,J_DRIFT_IDLE,9.17,0.0127,0.000,1.5094,3.1911,-3.6517,0.00116,0.00460,0.00153,0.04120,-0.0002
46.9667,JELLY_C,0.1078,0.1536,0.05,J_PAUSE_OPEN,28.99,0.0182,0.000,0.5667,3.8290,-3.7747,0.00309,0.00722,0.00473,0.02954,0.0079
47.0000,JELLY_A,0.1543,1.6343,1.00,J_PULSE_CRUISE,17.11,0.0318,0.131,1.1345,2.3434,-3.3222,0.00313,0.00898,0.00148,0.04003,0.3818
47.0000,JELLY_B,0.9032,0.0000,0.05,J_DRIFT_IDLE,9.14,0.0127,0.000,1.5094,3.1913,-3.6516,0.00116,0.00454,0.00152,0.04122,-0.0001
47.0000,JELLY_C,0.1210,0.1465,0.05,J_PAUSE_OPEN,28.96,0.0188,0.000,0.5668,3.8292,-3.7746,0.00307,0.00708,0.00468,0.02954,0.0107
47.0333,JELLY_A,0.1648,1.3035,1.00,J_PULSE_CRUISE,17.17,0.0334,0.131,1.1346,2.3437,-3.3222,0.00314,0.00895,0.00147,0.04000,0.4460
47.0333,JELLY_B,0.9158,0.0000,0.05,J_DRIFT_IDLE,9.12,0.0126,0.000,1.5095,3.1914,-3.6516,0.00117,0.00448,0.00152,0.04123,-0.0001
47.0333,JELLY_C,0.1341,0.1331,0.05,J_PAUSE_OPEN,28.92,0.0193,0.000,0.5669,3.8294,-3.7744,0.00305,0.00694,0.00464,0.02954,0.0139
47.0667,JELLY_A,0.1754,0.9370,1.00,J_PULSE_CRUISE,17.23,0.0342,0.131,1.1347,2.3440,-3.3221,0.00314,0.00890,0.00145,0.03998,0.5113
47.0667,JELLY_B,0.9283,0.0000,0.05,J_DRIFT_IDLE,9.10,0.0126,0.000,1.5095,3.1916,-3.6515,0.00117,0.00442,0.00151,0.04125,-0.0001
47.0667,JELLY_C,0.1472,0.1141,0.05,J_PAUSE_OPEN,28.88,0.0199,0.000,0.5670,3.8297,-3.7743,0.00303,0.00681,0.00460,0.02954,0.0175
47.1000,JELLY_A,0.1859,0.5447,1.00,J_PULSE_CRUISE,17.29,0.0341,0.131,1.1348,2.3443,-3.3221,0.00313,0.00883,0.00144,0.03995,0.5761
47.1000,JELLY_B,0.9409,0.0000,0.05,J_DRIFT_IDLE,9.07,0.0126,0.000,1.5096,3.1917,-3.6515,0.00117,0.00435,0.00150,0.04126,-0.0001
47.1000,JELLY_C,0.1604,0.0902,0.05,J_PAUSE_OPEN,28.85,0.0204,0.000,0.5671,3.8299,-3.7741,0.00301,0.00667,0.00456,0.02954,0.0214
47.1333,JELLY_A,0.1965,0.1375,1.00,J_PULSE_CRUISE,17.36,0.0330,0.131,1.1349,2.3446,-3.3220,0.00312,0.00874,0.00142,0.03992,0.6387
47.1333,JELLY_B,0.9534,0.0000,0.05,J_DRIFT_IDLE,9.05,0.0126,0.000,1.5096,3.1919,-3.6514,0.00117,0.00429,0.00149,0.04127,-0.0001
47.1333,JELLY_C,0.1735,0.0626,0.05,J_PAUSE_OPEN,28.81,0.0209,0.000,0.5672,3.8301,-3.7740,0.00299,0.00654,0.00452,0.02955,0.0254
47.1667,JELLY_A,0.2070,-0.0439,1.00,J_PULSE_CRUISE,17.42,0.0314,0.131,1.1350,2.3449,-3.3220,0.00310,0.00865,0.00141,0.03990,0.6977
47.1667,JELLY_B,0.9660,0.0000,0.05,J_DRIFT_IDLE,9.02,0.0126,0.000,1.5096,3.1920,-3.6514,0.00117,0.00423,0.00148,0.04128,-0.0000
47.1667,JELLY_C,0.1867,0.0322,0.05,J_PAUSE_OPEN,28.77,0.0214,0.000,0.5673,3.8303,-3.7738,0.00297,0.00641,0.00448,0.02955,0.0294
47.2000,JELLY_A,0.2176,-0.1095,1.00,J_PULSE_CRUISE,17.47,0.0298,0.131,1.1351,2.3452,-3.3220,0.00309,0.00856,0.00139,0.03988,0.7518
47.2000,JELLY_B,0.9785,0.0000,0.05,J_DRIFT_IDLE,9.00,0.0126,0.000,1.5097,3.1921,-3.6513,0.00117,0.00417,0.00147,0.04129,-0.0000
47.2000,JELLY_C,0.1998,0.0005,0.05,J_PAUSE_OPEN,28.73,0.0219,0.000,0.5674,3.8305,-3.7737,0.00295,0.00628,0.00445,0.02955,0.0332
47.2333,JELLY_A,0.2281,-0.1748,1.00,J_PULSE_CRUISE,17.53,0.0282,0.131,1.1352,2.3455,-3.3219,0.00308,0.00847,0.00137,0.03986,0.8002
47.2333,JELLY_B,0.9911,0.0000,0.05,J_DRIFT_IDLE,8.98,0.0126,0.000,1.5097,3.1923,-3.6513,0.00117,0.00411,0.00147,0.04130,-0.0000
47.2333,JELLY_C,0.2129,-0.0050,0.05,J_PAUSE_OPEN,28.68,0.0223,0.000,0.5675,3.8307,-3.7735,0.00293,0.00615,0.00441,0.02955,0.0367
47.2667,JELLY_A,0.2387,-0.2392,1.00,J_PULSE_CRUISE,17.58,0.0267,0.131,1.1353,2.3457,-3.3219,0.00307,0.00838,0.00136,0.03984,0.8422
47.2667,JELLY_B,0.0037,0.2012,1.18,J_ACTIVE_CRUISE,8.95,0.0124,0.178,1.5097,3.1924,-3.6512,0.00117,0.00405,0.00146,0.04131,0.0000
47.2667,JELLY_C,0.2261,-0.0101,0.05,J_PAUSE_OPEN,28.64,0.0228,0.000,0.5676,3.8310,-3.7734,0.00292,0.00603,0.00437,0.02955,0.0398
47.3000,JELLY_A,0.2492,-0.3026,1.00,J_PULSE_CRUISE,17.63,0.0252,0.131,1.1354,2.3460,-3.3218,0.00305,0.00830,0.00134,0.03983,0.8778
47.3000,JELLY_B,0.0162,0.8814,1.18,J_ACTIVE_CRUISE,8.93,0.0110,0.178,1.5098,3.1925,-3.6512,0.00117,0.00400,0.00145,0.04135,0.0006
47.3000,JELLY_C,0.2392,-0.0151,0.05,J_PAUSE_OPEN,28.60,0.0232,0.000,0.5677,3.8311,-3.7732,0.00290,0.00590,0.00434,0.02955,0.0424
47.3333,JELLY_A,0.2598,-0.3647,1.00,J_PULSE_CRUISE,17.68,0.0238,0.131,1.1355,2.3463,-3.3218,0.00304,0.00821,0.00133,0.03981,0.9070
47.3333,JELLY_B,0.0288,1.5277,1.18,J_ACTIVE_CRUISE,8.91,0.0085,0.178,1.5098,3.1927,-3.6512,0.00117,0.00399,0.00145,0.04139,0.0030
47.3333,JELLY_C,0.2524,-0.0200,0.05,J_PAUSE_OPEN,28.55,0.0236,0.000,0.5678,3.8313,-3.7731,0.00288,0.00578,0.00430,0.02956,0.0445
47.3667,JELLY_A,0.2703,-0.4253,1.00,J_PULSE_CRUISE,17.72,0.0224,0.131,1.1356,2.3466,-3.3217,0.00303,0.00813,0.00131,0.03980,0.9301
47.3667,JELLY_B,0.0414,2.1151,1.18,J_ACTIVE_CRUISE,8.90,0.0061,0.178,1.5099,3.1928,-3.6511,0.00118,0.00405,0.00146,0.04141,0.0089
47.3667,JELLY_C,0.2655,-0.0248,0.05,J_PAUSE_OPEN,28.51,0.0240,0.000,0.5679,3.8315,-3.7729,0.00287,0.00566,0.00427,0.02956,0.0461
47.4000,JELLY_A,0.2809,-0.4839,1.00,J_PULSE_CRUISE,17.76,0.0211,0.131,1.1357,2.3468,-3.3217,0.00302,0.00804,0.00130,0.03978,0.9472
47.4000,JELLY_B,0.0539,2.6205,1.18,J_ACTIVE_CRUISE,8.89,0.0076,0.178,1.5099,3.1929,-3.6511,0.00120,0.00419,0.00147,0.04141,0.0204
47.4000,JELLY_C,0.2787,-0.0294,0.05,J_PAUSE_OPEN,28.46,0.0244,0.000,0.5680,3.8317,-3.7728,0.00285,0.00554,0.00424,0.02956,0.0472
47.4333,JELLY_A,0.2914,-0.5405,1.00,J_PULSE_CRUISE,17.80,0.0197,0.131,1.1358,2.3471,-3.3216,0.00301,0.00796,0.00128,0.03973,0.9588
47.4333,JELLY_B,0.0665,3.0242,1.18,J_ACTIVE_CRUISE,8.90,0.0131,0.178,1.5099,3.1931,-3.6510,0.00123,0.00441,0.00150,0.04141,0.0397
47.4333,JELLY_C,0.2918,-0.0338,0.05,J_PAUSE_OPEN,28.41,0.0248,0.000,0.5681,3.8319,-3.7727,0.00284,0.00542,0.00421,0.02956,0.0480
47.4667,JELLY_A,0.3020,-0.5946,1.00,J_PULSE_CRUISE,17.83,0.0185,0.131,1.1359,2.3474,-3.3216,0.00299,0.00787,0.00127,0.03956,0.9653
47.4667,JELLY_B,0.0791,3.3105,1.18,J_ACTIVE_CRUISE,8.92,0.0202,0.178,1.5100,3.1932,-3.6510,0.00126,0.00470,0.00154,0.04141,0.0684
47.4667,JELLY_C,0.3050,-0.0380,0.05,J_PAUSE_OPEN,28.37,0.0251,0.000,0.5682,3.8321,-3.7725,0.00283,0.00530,0.00417,0.02956,0.0483
47.5000,JELLY_A,0.3125,-0.6462,1.00,J_PULSE_CRUISE,17.87,0.0172,0.131,1.1360,2.3476,-3.3216,0.00298,0.00779,0.00126,0.03926,0.9672
47.5000,JELLY_B,0.0917,3.4681,1.18,J_ACTIVE_CRUISE,8.95,0.0278,0.178,1.5100,3.1934,-3.6509,0.00130,0.00504,0.00158,0.04141,0.1077
47.5000,JELLY_C,0.3181,-0.0419,0.05,J_PAUSE_OPEN,28.32,0.0255,0.000,0.5683,3.8323,-3.7724,0.00281,0.00518,0.00414,0.02956,0.0483
47.5333,JELLY_A,0.3231,-0.6949,1.00,J_PULSE_CRUISE,17.90,0.0161,0.131,1.1361,2.3479,-3.3215,0.00297,0.00771,0.00124,0.03881,0.9648
47.5333,JELLY_B,0.1043,3.4908,1.18,J_ACTIVE_CRUISE,9.00,0.0355,0.178,1.5101,3.1936,-3.6508,0.00134,0.00539,0.00163,0.04140,0.1582
47.5333,JELLY_C,0.3313,-0.0455,0.05,J_PAUSE_OPEN,28.27,0.0258,0.000,0.5684,3.8324,-3.7722,0.00280,0.00507,0.00411,0.02956,0.0480
47.5667,JELLY_A,0.3336,-0.7406,1.00,J_PULSE_CRUISE,17.93,0.0149,0.131,1.1362,2.3481,-3.3215,0.00296,0.00763,0.00123,0.03821,0.9585
47.5667,JELLY_B,0.1168,3.3774,1.18,J_ACTIVE_CRUISE,9.06,0.0429,0.178,1.5101,3.1938,-3.6508,0.00138,0.00572,0.00167,0.04140,0.2197
47.5667,JELLY_C,0.3444,-0.0488,0.05,J_PAUSE_OPEN,28.22,0.0261,0.000,0.5685,3.8326,-3.7721,0.00279,0.00495,0.00408,0.02956,0.0474
47.6000,JELLY_A,0.3442,-0.7830,1.00,J_PULSE_CRUISE,17.95,0.0138,0.131,1.1363,2.3484,-3.3214,0.00295,0.00755,0.00122,0.03747,0.9488
47.6000,JELLY_B,0.1294,3.1324,1.18,J_ACTIVE_CRUISE,9.13,0.0496,0.178,1.5102,3.1940,-3.6507,0.00141,0.00601,0.00170,0.04140,0.2913
47.6000,JELLY_C,0.3575,-0.0518,0.05,J_PAUSE_OPEN,28.17,0.0265,0.000,0.5686,3.8328,-3.7720,0.00277,0.00484,0.00405,0.02956,0.0465
47.6333,JELLY_A,0.3548,-0.8220,1.00,J_PULSE_CRUISE,17.98,0.0127,0.131,1.1364,2.3486,-3.3214,0.00294,0.00747,0.00120,0.03661,0.9360
47.6333,JELLY_B,0.1420,2.7651,1.18,J_ACTIVE_CRUISE,9.21,0.0552,0.178,1.5102,3.1942,-3.6507,0.00144,0.00622,0.00173,0.04139,0.3715
47.6333,JELLY_C,0.3707,-0.0544,0.05,J_PAUSE_OPEN,28.12,0.0268,0.000,0.5687,3.8329,-3.7718,0.00276,0.00473,0.00403,0.02956,0.0455
47.6667,JELLY_A,0.3653,-0.8574,1.00,J_PULSE_CRUISE,18.00,0.0116,0.131,1.1365,2.3489,-3.3214,0.00293,0.00739,0.00119,0.03565,0.9204
47.6667,JELLY_B,0.1546,2.2898,1.18,J_ACTIVE_CRUISE,9.30,0.0596,0.178,1.5103,3.1944,-3.6506,0.00146,0.00636,0.00175,0.04139,0.4583
47.6667,JELLY_C,0.3838,-0.0567,0.05,J_PAUSE_OPEN,28.07,0.0271,0.000,0.5687,3.8331,-3.7717,0.00275,0.00462,0.00400,0.02955,0.0443
47.7000,JELLY_A,0.3759,-0.8890,1.00,J_PULSE_CRUISE,18.02,0.0106,0.131,1.1366,2.3491,-3.3213,0.00292,0.00732,0.00118,0.03462,0.9022
47.7000,JELLY_B,0.1672,1.7250,1.18,J_ACTIVE_CRUISE,9.40,0.0624,0.178,1.5103,3.1946,-3.6506,0.00147,0.00641,0.00175,0.04139,0.5489
47.7000,JELLY_C,0.3970,-0.0586,0.05,J_PAUSE_OPEN,28.02,0.0273,0.000,0.5688,3.8332,-3.7716,0.00274,0.00451,0.00397,0.02954,0.0429
47.7333,JELLY_A,0.3864,-0.9167,1.00,J_PULSE_CRUISE,18.04,0.0096,0.131,1.1367,2.3494,-3.3213,0.00291,0.00724,0.00116,0.03355,0.8819
47.7333,JELLY_B,0.1798,1.0925,1.18,J_ACTIVE_CRUISE,9.51,0.0637,0.178,1.5104,3.1948,-3.6505,0.00148,0.00639,0.00175,0.04139,0.6404
47.7333,JELLY_C,0.4102,-0.0600,0.05,J_PAUSE_OPEN,27.96,0.0276,0.000,0.5689,3.8334,-3.7714,0.00273,0.00440,0.00394,0.02952,0.0414
47.7667,JELLY_A,0.3970,-0.9404,1.00,J_PULSE_CRUISE,18.05,0.0087,0.131,1.1368,2.3496,-3.3212,0.00290,0.00716,0.00115,0.03245,0.8595
47.7667,JELLY_B,0.1924,0.4171,1.18,J_ACTIVE_CRUISE,9.61,0.0632,0.178,1.5104,3.1950,-3.6504,0.00148,0.00632,0.00174,0.04138,0.7298
47.7667,JELLY_C,0.4233,-0.0611,0.05,J_PAUSE_OPEN,27.91,0.0279,0.000,0.5690,3.8335,-3.7713,0.00272,0.00429,0.00392,0.02950,0.0397
47.8000,JELLY_A,0.4075,-0.9600,1.00,J_PULSE_CRUISE,18.07,0.0078,0.131,1.1369,2.3498,-3.3212,0.00289,0.00709,0.00114,0.03138,0.8354
47.8000,JELLY_B,0.2050,-0.0440,1.18,J_ACTIVE_CRUISE,9.72,0.0611,0.178,1.5105,3.1952,-3.6504,0.00148,0.00624,0.00173,0.04138,0.8139
47.8000,JELLY_C,0.4365,-0.0618,0.05,J_PAUSE_OPEN,27.86,0.0281,0.000,0.5691,3.8337,-3.7712,0.00271,0.00419,0.00389,0.02947,0.0380
47.8333,JELLY_A,0.4181,-0.9753,1.00,J_PULSE_CRUISE,18.08,0.0069,0.131,1.1370,2.3501,-3.3212,0.00288,0.00702,0.00113,0.03034,0.8097
47.8333,JELLY_B,0.2176,-0.1547,1.18,J_ACTIVE_CRUISE,9.82,0.0590,0.178,1.5105,3.1954,-3.6503,0.00148,0.00616,0.00171,0.04138,0.8901
47.8333,JELLY_C,0.4496,-0.0620,0.05,J_PAUSE_OPEN,27.80,0.0284,0.000,0.5692,3.8338,-3.7710,0.00270,0.00408,0.00387,0.02944,0.0362
47.8667,JELLY_A,0.4287,-0.9863,1.00,J_PULSE_CRUISE,18.09,0.0061,0.131,1.1371,2.3503,-3.3211,0.00288,0.00696,0.00112,0.02938,0.7826
47.8667,JELLY_B,0.2302,-0.2645,1.18,J_ACTIVE_CRUISE,9.91,0.0569,0.178,1.5106,3.1956,-3.6503,0.00148,0.00607,0.00170,0.04138,0.9565
47.8667,JELLY_C,0.4628,-0.0618,0.05,J_PAUSE_OPEN,27.75,0.0286,0.000,0.5693,3.8339,-3.7709,0.00269,0.00398,0.00385,0.02941,0.0343
47.9000,JELLY_A,0.4392,-0.9930,1.00,J_PULSE_CRUISE,18.10,0.0053,0.131,1.1372,2.3505,-3.3211,0.00288,0.00691,0.00111,0.02853,0.7543
47.9000,JELLY_B,0.2428,-0.3726,1.18,J_ACTIVE_CRUISE,10.01,0.0549,0.178,1.5106,3.1958,-3.6502,0.00148,0.00599,0.00169,0.04138,1.0124
47.9000,JELLY_C,0.4759,-0.0612,0.05,J_PAUSE_OPEN,27.69,0.0288,0.000,0.5694,3.8341,-3.7708,0.00268,0.00388,0.00382,0.02938,0.0323
47.9333,JELLY_A,0.4498,-0.9953,1.00,J_PULSE_CRUISE,18.11,0.0046,0.131,1.1373,2.3508,-3.3211,0.00288,0.00686,0.00110,0.02780,0.7250
47.9333,JELLY_B,0.2554,-0.4785,1.18,J_ACTIVE_CRUISE,10.10,0.0529,0.178,1.5107,3.1960,-3.6502,0.00148,0.00591,0.00168,0.04138,1.0575
47.9333,JELLY_C,0.4891,-0.0601,0.05,J_PAUSE_OPEN,27.64,0.0290,0.000,0.5695,3.8342,-3.7707,0.00267,0.00378,0.00380,0.02935,0.0303
47.9667,JELLY_A,0.4603,-0.9933,1.00,J_PULSE_CRUISE,18.12,0.0040,0.131,1.1374,2.3510,-3.3210,0.00288,0.00683,0.00109,0.02722,0.6947
47.9667,JELLY_B,0.2680,-0.5814,1.18,J_ACTIVE_CRUISE,10.18,0.0510,0.178,1.5107,3.1962,-3.6501,0.00148,0.00584,0.00167,0.04138,1.0920
47.9667,JELLY_C,0.5022,-0.0587,0.05,J_PAUSE_OPEN,27.58,0.0292,0.000,0.5696,3.8343,-3.7705,0.00266,0.00368,0.00378,0.02932,0.0283
48.0000,JELLY_A,0.4709,-0.9868,1.00,J_PULSE_CRUISE,18.12,0.0034,0.131,1.1375,2.3512,-3.3210,0.00289,0.00682,0.00108,0.02680,0.6637
48.0000,JELLY_B,0.2806,-0.6807,1.18,J_ACTIVE_CRUISE,10.27,0.0491,0.178,1.5108,3.1964,-3.6500,0.00148,0.00576,0.00166,0.04138,1.1166
48.0000,JELLY_C,0.5154,-0.0568,0.05,J_PAUSE_OPEN,27.53,0.0294,0.000,0.5696,3.8344,-3.7704,0.00266,0.00359,0.00376,0.02930,0.0263
48.0333,JELLY_A,0.4815,-0.9760,1.00,J_PULSE_CRUISE,18.12,0.0030,0.131,1.1376,2.3515,-3.3209,0.00290,0.00681,0.00108,0.02655,0.6320
48.0333,JELLY_B,0.2933,-0.7758,1.18,J_ACTIVE_CRUISE,10.35,0.0473,0.178,1.5108,3.1966,-3.6500,0.00148,0.00568,0.00165,0.04138,1.1319
48.0333,JELLY_C,0.5285,-0.0546,0.05,J_PAUSE_OPEN,27.47,0.0296,0.000,0.5697,3.8345,-3.7703,0.00265,0.00350,0.00374,0.02928,0.0243
48.0667,JELLY_A,0.4920,-0.9609,1.00,J_PULSE_CRUISE,18.12,0.0027,0.131,1.1377,2.3517,-3.3209,0.00292,0.00682,0.00107,0.02645,0.5999
48.0667,JELLY_B,0.3059,-0.8660,1.18,J_ACTIVE_CRUISE,10.42,0.0455,0.178,1.5109,3.1968,-3.6499,0.00148,0.00560,0.00164,0.04138,1.1389
48.0667,JELLY_C,0.5417,-0.0520,0.05,J_PAUSE_OPEN,27.41,0.0298,0.000,0.5698,3.8347,-3.7702,0.00264,0.00341,0.00373,0.02927,0.0222
48.1000,JELLY_A,0.5026,-0.9416,1.00,J_PULSE_CRUISE,18.12,0.0026,0.131,1.1378,2.3519,-3.3209,0.00294,0.00684,0.00107,0.02644,0.5674
48.1000,JELLY_B,0.3185,-0.9509,1.18,J_ACTIVE_CRUISE,10.50,0.0438,0.178,1.5109,3.1970,-3.6499,0.00148,0.00552,0.00162,0.04138,1.1383
48.1000,JELLY_C,0.5548,-0.0490,0.05,J_PAUSE_OPEN,27.36,0.0300,0.000,0.5699,3.8348,-3.7700,0.00264,0.00332,0.00371,0.02927,0.0202
48.1333,JELLY_A,0.5132,-0.9182,1.00,J_PULSE_CRUISE,18.12,0.0028,0.131,1.1379,2.3521,-3.3208,0.00296,0.00688,0.00107,0.02650,0.5348
48.1333,JELLY_B,0.3311,-1.0298,1.18,J_ACTIVE_CRUISE,10.57,0.0421,0.178,1.5110,3.1972,-3.6498,0.00148,0.00545,0.00161,0.04138,1.1310
48.1333,JELLY_C,0.5680,-0.0457,0.05,J_PAUSE_OPEN,27.30,0.0302,0.000,0.5700,3.8349,-3.7699,0.00263,0.00323,0.00369,0.02927,0.0183
48.1667,JELLY_A,0.5237,-0.8907,1.00,J_PULSE_CRUISE,18.12,0.0030,0.131,1.1380,2.3524,-3.3208,0.00299,0.00693,0.00107,0.02660,0.5020
48.1667,JELLY_B,0.3437,-1.1022,1.18,J_ACTIVE_CRUISE,10.64,0.0405,0.178,1.5110,3.1974,-3.6498,0.00148,0.00537,0.00160,0.04136,1.1178
48.1667,JELLY_C,0.5812,-0.0421,0.05,J_PAUSE_OPEN,27.24,0.0303,0.000,0.5701,3.8350,-3.7698,0.00263,0.00314,0.00368,0.02927,0.0163
48.2000,JELLY_A,0.5343,-0.8592,1.00,J_PULSE_CRUISE,18.12,0.0034,0.131,1.1381,2.3526,-3.3208,0.00303,0.00699,0.00107,0.02674,0.4693
48.2000,JELLY_B,0.3564,-1.1678,1.18,J_ACTIVE_CRUISE,10.71,0.0389,0.178,1.5110,3.1975,-3.6497,0.00148,0.00530,0.00159,0.04123,1.0994
48.2000,JELLY_C,0.5943,-0.0382,0.05,J_PAUSE_OPEN,27.18,0.0305,0.000,0.5702,3.8351,-3.7697,0.00262,0.00306,0.00366,0.02927,0.0145
48.2333,JELLY_A,0.5448,-0.8240,1.00,J_PULSE_CRUISE,18.11,0.0039,0.131,1.1382,2.3528,-3.3207,0.00306,0.00707,0.00107,0.02692,0.4369
48.2333,JELLY_B,0.3690,-1.2260,1.18,J_ACTIVE_CRUISE,10.77,0.0374,0.178,1.5111,3.1977,-3.6497,0.00148,0.00522,0.00158,0.04094,1.0763
48.2333,JELLY_C,0.6075,-0.0340,0.05,J_PAUSE_OPEN,27.13,0.0306,0.000,0.5703,3.8352,-3.7695,0.00262,0.00297,0.00365,0.02928,0.0127
48.2667,JELLY_A,0.5554,-0.7851,1.00,J_PULSE_CRUISE,18.10,0.0043,0.131,1.1383,2.3531,-3.3207,0.00310,0.00715,0.00108,0.02712,0.4047
48.2667,JELLY_B,0.3816,-1.2766,1.18,J_ACTIVE_CRUISE,10.83,0.0359,0.178,1.5111,3.1979,-3.6496,0.00148,0.00515,0.00157,0.04047,1.0492
48.2667,JELLY_C,0.6206,-0.0297,0.05,J_PAUSE_OPEN,27.07,0.0308,0.000,0.5703,3.8353,-3.7694,0.00262,0.00289,0.00363,0.02929,0.0110
48.3000,JELLY_A,0.5660,-0.7428,1.00,J_PULSE_CRUISE,18.10,0.0048,0.131,1.1384,2.3533,-3.3207,0.00315,0.00724,0.00108,0.02736,0.3730
48.3000,JELLY_B,0.3942,-1.3191,1.18,J_ACTIVE_CRUISE,10.89,0.0345,0.178,1.5112,3.1980,-3.6496,0.00148,0.00507,0.00156,0.03982,1.0186
48.3000,JELLY_C,0.6338,-0.0251,0.05,J_PAUSE_OPEN,27.01,0.0309,0.000,0.5704,3.8354,-3.7693,0.00261,0.00280,0.00362,0.02930,0.0094
48.3333,JELLY_A,0.5765,-0.6972,1.00,J_PULSE_CRUISE,18.09,0.0053,0.131,1.1385,2.3536,-3.3206,0.00319,0.00734,0.00108,0.02762,0.3419
48.3333,JELLY_B,0.4069,-1.3533,1.18,J_ACTIVE_CRUISE,10.95,0.0331,0.178,1.5112,3.1982,-3.6495,0.00148,0.00500,0.00155,0.03902,0.9849
48.3333,JELLY_C,0.6469,-0.0203,0.05,J_PAUSE_OPEN,26.95,0.0310,0.000,0.5705,3.8355,-3.7692,0.00261,0.00272,0.00360,0.02931,0.0079
48.3667,JELLY_A,0.5871,-0.6485,1.00,J_PULSE_CRUISE,18.08,0.0059,0.131,1.1386,2.3538,-3.3206,0.00324,0.00744,0.00109,0.02791,0.3116
48.3667,JELLY_B,0.4195,-1.3791,1.18,J_ACTIVE_CRUISE,11.00,0.0317,0.178,1.5113,3.1984,-3.6495,0.00149,0.00494,0.00154,0.03809,0.9486
48.3667,JELLY_C,0.6601,-0.0154,0.05,J_PAUSE_OPEN,26.89,0.0312,0.000,0.5706,3.8356,-3.7691,0.00260,0.00264,0.00359,0.02932,0.0065
48.4000,JELLY_A,0.5977,-0.5970,1.00,J_PULSE_CRUISE,18.07,0.0064,0.131,1.1387,2.3541,-3.3205,0.00329,0.00755,0.00109,0.02822,0.2821
48.4000,JELLY_B,0.4321,-1.3961,1.18,J_ACTIVE_CRUISE,11.05,0.0304,0.178,1.5113,3.1985,-3.6494,0.00149,0.00490,0.00154,0.03707,0.9100
48.4000,JELLY_C,0.6733,-0.0104,0.05,J_PAUSE_OPEN,26.83,0.0313,0.000,0.5707,3.8356,-3.7689,0.00260,0.00255,0.00358,0.02933,0.0053
48.4333,JELLY_A,0.6082,-0.5429,1.00,J_PULSE_CRUISE,18.06,0.0068,0.131,1.1388,2.3543,-3.3205,0.00333,0.00765,0.00110,0.02856,0.2535
48.4333,JELLY_B,0.4448,-1.4044,1.18,J_ACTIVE_CRUISE,11.10,0.0291,0.178,1.5114,3.1987,-3.6494,0.00150,0.00487,0.00153,0.03599,0.8694
48.4333,JELLY_C,0.6864,-0.0053,0.05,J_PAUSE_OPEN,26.77,0.0314,0.000,0.5708,3.8357,-3.7688,0.00260,0.00247,0.00356,0.02934,0.0041
48.4667,JELLY_A,0.6188,-0.4863,1.00,J_PULSE_CRUISE,18.04,0.0073,0.131,1.1389,2.3546,-3.3205,0.00338,0.00776,0.00110,0.02892,0.2261
48.4667,JELLY_B,0.4574,-1.4038,1.18,J_ACTIVE_CRUISE,11.15,0.0279,0.178,1.5114,3.1989,-3.6493,0.00151,0.00487,0.00154,0.03490,0.8271
48.4667,JELLY_C,0.6996,-0.0002,0.05,J_PAUSE_OPEN,26.71,0.0315,0.000,0.5709,3.8358,-3.7687,0.00259,0.00239,0.00355,0.02936,0.0032
48.5000,JELLY_A,0.6294,-0.4276,1.00,J_PULSE_CRUISE,18.03,0.0078,0.131,1.1390,2.3548,-3.3204,0.00342,0.00786,0.00111,0.02929,0.1999
48.5000,JELLY_B,0.4700,-1.3944,1.18,J_ACTIVE_CRUISE,11.19,0.0267,0.178,1.5115,3.1990,-3.6493,0.00152,0.00489,0.00154,0.03383,0.7836
48.5000,JELLY_C,0.7127,0.0000,0.05,J_PAUSE_OPEN,26.65,0.0316,0.000,0.5710,3.8359,-3.7686,0.00259,0.00231,0.00354,0.02937,0.0023
48.5333,JELLY_A,0.6399,-0.3670,1.00,J_PULSE_CRUISE,18.01,0.0083,0.131,1.1392,2.3551,-3.3204,0.00347,0.00796,0.00111,0.02968,0.1750
48.5333,JELLY_B,0.4827,-1.3761,1.18,J_ACTIVE_CRUISE,11.23,0.0255,0.178,1.5115,3.1992,-3.6492,0.00154,0.00494,0.00155,0.03283,0.7389
48.5333,JELLY_C,0.7259,0.0000,0.05,J_PAUSE_OPEN,26.59,0.0317,0.000,0.5710,3.8360,-3.7685,0.00259,0.00223,0.00352,0.02939,0.0017
48.5667,JELLY_A,0.6505,-0.3048,1.00,J_PULSE_CRUISE,18.00,0.0087,0.131,1.1393,2.3554,-3.3204,0.00352,0.00806,0.00112,0.03009,0.1516
48.5667,JELLY_B,0.4953,-1.3492,1.18,J_ACTIVE_CRUISE,11.27,0.0244,0.178,1.5116,3.1994,-3.6492,0.00156,0.00502,0.00156,0.03193,0.6935
48.5667,JELLY_C,0.7391,0.0000,0.05,J_PAUSE_OPEN,26.53,0.0318,0.000,0.5711,3.8360,-3.7684,0.00259,0.00214,0.00351,0.02940,0.0011
48.6000,JELLY_A,0.6611,-0.2412,1.00,J_PULSE_CRUISE,17.98,0.0092,0.131,1.1394,2.3556,-3.3203,0.00356,0.00816,0.00112,0.03051,0.1296
48.6000,JELLY_B,0.5079,-1.3138,1.18,J_ACTIVE_CRUISE,11.31,0.0233,0.178,1.5117,3.1995,-3.6491,0.00158,0.00512,0.00157,0.03117,0.6476
48.6000,JELLY_C,0.7522,0.0000,0.05,J_PAUSE_OPEN,26.47,0.0319,0.000,0.5712,3.8361,-3.7682,0.00258,0.00206,0.00350,0.02942,0.0007
48.6333,JELLY_A,0.6716,-0.1766,1.00,J_PULSE_CRUISE,17.96,0.0096,0.131,1.1395,2.3559,-3.3203,0.00361,0.00826,0.00113,0.03095,0.1094
48.6333,JELLY_B,0.5206,-1.2701,1.18,J_ACTIVE_CRUISE,11.35,0.0222,0.178,1.5117,3.1997,-3.6491,0.00161,0.00526,0.00159,0.03058,0.6014
48.6333,JELLY_C,0.7654,0.0000,0.05,J_PAUSE_OPEN,26.41,0.0320,0.000,0.5713,3.8362,-3.7681,0.00258,0.00198,0.00349,0.02944,0.0004
48.6667,JELLY_A,0.6822,-0.1112,1.00,J_PULSE_CRUISE,17.95,0.0100,0.131,1.1396,2.3562,-3.3203,0.00365,0.00836,0.00113,0.03139,0.0908
48.6667,JELLY_B,0.5332,-1.2183,1.18,J_ACTIVE_CRUISE,11.38,0.0212,0.178,1.5118,3.1999,-3.6490,0.00164,0.00542,0.00162,0.03019,0.5553
48.6667,JELLY_C,0.7785,0.0000,0.05,J_PAUSE_OPEN,26.35,0.0320,0.000,0.5714,3.8362,-3.7680,0.00258,0.00190,0.00347,0.02945,0.0001
48.7000,JELLY_A,0.6928,-0.0453,1.00,J_PULSE_CRUISE,17.93,0.0104,0.131,1.1398,2.3565,-3.3202,0.00369,0.00846,0.00113,0.03184,0.0740
48.7000,JELLY_B,0.5459,-1.1588,1.18,J_ACTIVE_CRUISE,11.42,0.0202,0.178,1.5118,3.2001,-3.6489,0.00168,0.00560,0.00165,0.02999,0.5095
48.7000,JELLY_C,0.7917,0.0000,0.05,J_PAUSE_OPEN,26.28,0.0321,0.000,0.5715,3.8363,-3.7679,0.00257,0.00182,0.00346,0.02947,-0.0000
48.7333,JELLY_A,0.7033,0.0000,1.00,J_GLIDE,17.91,0.0108,0.131,1.1399,2.3567,-3.3202,0.00374,0.00855,0.00114,0.03230,0.0591
48.7333,JELLY_B,0.5585,-1.0920,1.18,J_ACTIVE_CRUISE,11.45,0.0192,0.178,1.5119,3.2003,-3.6489,0.00172,0.00581,0.00168,0.02991,0.4644
48.7333,JELLY_C,0.8049,0.0000,0.05,J_PAUSE_OPEN,26.22,0.0322,0.000,0.5716,3.8364,-3.7678,0.00257,0.00174,0.00345,0.02949,-0.0001
48.7667,JELLY_A,0.7139,0.0000,1.00,J_GLIDE,17.89,0.0112,0.131,1.1400,2.3570,-3.3201,0.00378,0.00864,0.00114,0.03276,0.0462
48.7667,JELLY_B,0.5712,-1.0183,1.18,J_ACTIVE_CRUISE,11.48,0.0182,0.178,1.5119,3.2005,-3.6488,0.00176,0.00603,0.00171,0.02992,0.4200
48.7667,JELLY_C,0.8180,0.0000,0.05,J_PAUSE_OPEN,26.16,0.0322,0.000,0.5716,3.8364,-3.7677,0.00257,0.00165,0.00344,0.02950,-0.0002
48.8000,JELLY_A,0.7245,0.0000,1.00,J_GLIDE,17.86,0.0116,0.131,1.1401,2.3573,-3.3201,0.00382,0.00873,0.00114,0.03322,0.0350
48.8000,JELLY_B,0.5838,-0.9381,1.18,J_ACTIVE_CRUISE,11.50,0.0173,0.178,1.5120,3.2007,-3.6488,0.00181,0.00626,0.00174,0.02999,0.3768
48.8000,JELLY_C,0.8312,0.0000,0.05,J_PAUSE_OPEN,26.10,0.0323,0.000,0.5717,3.8365,-3.7675,0.00257,0.00157,0.00342,0.02952,-0.0002
48.8333,JELLY_A,0.7350,0.0000,1.00,J_GLIDE,17.84,0.0119,0.131,1.1403,2.3576,-3.3201,0.00386,0.00881,0.00115,0.03369,0.0257
48.8333,JELLY_B,0.5965,-0.8520,1.18,J_ACTIVE_CRUISE,11.53,0.0164,0.178,1.5120,3.2009,-3.6487,0.00185,0.00649,0.00178,0.03010,0.3350
48.8333,JELLY_C,0.8443,0.0000,0.05,J_PAUSE_OPEN,26.04,0.0323,0.000,0.5718,3.8365,-3.7674,0.00256,0.00149,0.00341,0.02954,-0.0002
48.8667,JELLY_A,0.7456,0.0000,1.00,J_GLIDE,17.82,0.0123,0.131,1.1404,2.3579,-3.3200,0.00390,0.00889,0.00115,0.03415,0.0180
48.8667,JELLY_B,0.6091,-0.7605,1.18,J_ACTIVE_CRUISE,11.55,0.0156,0.178,1.5121,3.2011,-3.6487,0.00190,0.00673,0.00181,0.03026,0.2948
48.8667,JELLY_C,0.8575,0.0000,0.05,J_PAUSE_OPEN,25.98,0.0324,0.000,0.5719,3.8366,-3.7673,0.00256,0.00141,0.00340,0.02955,-0.0002
48.9000,JELLY_A,0.7562,0.0000,1.00,J_GLIDE,17.80,0.0126,0.131,1.1405,2.3582,-3.3200,0.00393,0.00896,0.00115,0.03461,0.0118
48.9000,JELLY_B,0.6218,-0.6641,1.18,J_ACTIVE_CRUISE,11.58,0.0148,0.178,1.5122,3.2013,-3.6486,0.00194,0.00696,0.00185,0.03045,0.2565
48.9000,JELLY_C,0.8707,0.0000,0.05,J_PAUSE_OPEN,25.91,0.0324,0.000,0.5720,3.8366,-3.7672,0.00256,0.00133,0.00339,0.02957,-0.0002
48.9333,JELLY_A,0.7667,0.0000,1.00,J_GLIDE,17.77,0.0129,0.131,1.1407,2.3585,-3.3199,0.00397,0.00902,0.00115,0.03507,0.0069
48.9333,JELLY_B,0.6344,-0.5635,1.18,J_ACTIVE_CRUISE,11.60,0.0140,0.178,1.5122,3.2016,-3.6485,0.00199,0.00720,0.00188,0.03068,0.2203
48.9333,JELLY_C,0.8838,0.0000,0.05,J_PAUSE_OPEN,25.85,0.0325,0.000,0.5721,3.8367,-3.7671,0.00256,0.00125,0.00337,0.02959,-0.0002
48.9667,JELLY_A,0.7773,0.0000,1.00,J_GLIDE,17.75,0.0133,0.131,1.1408,2.3588,-3.3199,0.00400,0.00909,0.00115,0.03552,0.0031
48.9667,JELLY_B,0.6471,-0.4593,1.18,J_ACTIVE_CRUISE,11.62,0.0132,0.178,1.5123,3.2018,-3.6485,0.00203,0.00743,0.00191,0.03094,0.1865
48.9667,JELLY_C,0.8970,0.0000,0.05,J_PAUSE_OPEN,25.79,0.0325,0.000,0.5722,3.8367,-3.7670,0.00255,0.00116,0.00336,0.02960,-0.0001
49.0000,JELLY_A,0.7879,0.0000,1.00,J_GLIDE,17.72,0.0136,0.131,1.1409,2.3591,-3.3199,0.00403,0.00914,0.00115,0.03596,0.0003
49.0000,JELLY_B,0.6597,-0.3522,1.18,J_ACTIVE_CRUISE,11.63,0.0125,0.178,1.5124,3.2021,-3.6484,0.00208,0.00765,0.00195,0.03123,0.1552
49.0000,JELLY_C,0.9101,0.0000,0.05,J_PAUSE_OPEN,25.73,0.0326,0.000,0.5722,3.8367,-3.7669,0.00255,0.00108,0.00335,0.02961,-0.0001
49.0333,JELLY_A,0.7984,0.0000,1.00,J_GLIDE,17.70,0.0139,0.131,1.1411,2.3594,-3.3198,0.00406,0.00920,0.00115,0.03639,-0.0017
49.0333,JELLY_B,0.6724,-0.2429,1.18,J_ACTIVE_CRUISE,11.65,0.0118,0.178,1.5124,3.2023,-3.6483,0.00213,0.00788,0.00198,0.03155,0.1266
49.0333,JELLY_C,0.9233,0.0000,0.05,J_PAUSE_OPEN,25.67,0.0326,0.000,0.5723,3.8368,-3.7668,0.00255,0.00100,0.00334,0.02963,-0.0001
49.0667,JELLY_A,0.8090,0.0000,1.00,J_GLIDE,17.67,0.0141,0.131,1.1412,2.3597,-3.3198,0.00409,0.00925,0.00115,0.03681,-0.0031
49.0667,JELLY_B,0.6851,-0.1319,1.18,J_ACTIVE_CRUISE,11.67,0.0111,0.178,1.5125,3.2026,-3.6483,0.00217,0.00810,0.00201,0.03190,0.1010
49.0667,JELLY_C,0.9365,0.0000,0.05,J_PAUSE_OPEN,25.60,0.0326,0.000,0.5724,3.8368,-3.7666,0.00255,0.00092,0.00332,0.02964,-0.0001
49.1000,JELLY_A,0.8196,0.0000,1.00,J_GLIDE,17.64,0.0144,0.131,1.1413,2.3600,-3.3198,0.00412,0.00929,0.00115,0.03721,-0.0040
49.1000,JELLY_B,0.6977,-0.0202,1.18,J_ACTIVE_CRUISE,11.68,0.0105,0.178,1.5126,3.2029,-3.6482,0.00222,0.00832,0.00204,0.03226,0.0785
49.1000,JELLY_C,0.9496,0.0000,0.05,J_PAUSE_OPEN,25.54,0.0327,0.000,0.5725,3.8368,-3.7665,0.00254,0.00084,0.00331,0.02965,-0.0001
49.1333,JELLY_A,0.8301,0.0000,1.00,J_GLIDE,17.61,0.0147,0.131,1.1415,2.3604,-3.3197,0.00415,0.00934,0.00115,0.03760,-0.0044
49.1333,JELLY_B,0.7104,0.0000,1.18,J_GLIDE,11.69,0.0099,0.178,1.5127,3.2031,-3.6481,0.00226,0.00854,0.00207,0.03265,0.0591
49.1333,JELLY_C,0.9628,0.0000,0.05,J_PAUSE_OPEN,25.48,0.0327,0.000,0.5726,3.8369,-3.7664,0.00254,0.00076,0.00330,0.02966,-0.0000
49.1667,JELLY_A,0.8407,0.0000,1.00,J_GLIDE,17.59,0.0150,0.131,1.1416,2.3607,-3.3197,0.00417,0.00937,0.00115,0.03797,-0.0046
49.1667,JELLY_B,0.7230,0.0000,1.18,J_GLIDE,11.70,0.0093,0.178,1.5127,3.2034,-3.6481,0.00231,0.00874,0.00210,0.03306,0.0430
49.1667,JELLY_C,0.9759,0.0000,0.05,J_PAUSE_OPEN,25.42,0.0327,0.000,0.5727,3.8369,-3.7663,0.00254,0.00068,0.00329,0.02967,-0.0000
49.2000,JELLY_A,0.8513,0.0000,1.00,J_GLIDE,17.56,0.0152,0.131,1.1417,2.3610,-3.3196,0.00420,0.00941,0.00115,0.03832,-0.0045
49.2000,JELLY_B,0.7357,0.0000,1.18,J_GLIDE,11.72,0.0087,0.178,1.5128,3.2037,-3.6480,0.00235,0.00893,0.00213,0.03349,0.0298
49.2000,JELLY_C,0.9891,0.0000,0.05,J_PAUSE_OPEN,25.35,0.0327,0.000,0.5727,3.8369,-3.7662,0.00254,0.00059,0.00328,0.02968,-0.0000
49.2333,JELLY_A,0.8618,0.0000,1.00,J_GLIDE,17.53,0.0154,0.131,1.1419,2.3613,-3.3196,0.00422,0.00944,0.00115,0.03866,-0.0043
49.2333,JELLY_B,0.7484,0.0000,1.18,J_GLIDE,11.72,0.0082,0.178,1.5129,3.2040,-3.6479,0.00239,0.00911,0.00216,0.03393,0.0194
49.2333,JELLY_C,0.0023,0.1100,1.00,J_SOFT_TURN,25.29,0.0327,0.151,0.5728,3.8369,-3.7661,0.00253,0.00051,0.00326,0.02969,0.0000
49.2667,JELLY_A,0.8724,0.0000,1.00,J_GLIDE,17.50,0.0157,0.131,1.1420,2.3616,-3.3196,0.00424,0.00947,0.00115,0.03897,-0.0039
49.2667,JELLY_B,0.7610,0.0000,1.18,J_GLIDE,11.73,0.0077,0.178,1.5130,3.2043,-3.6478,0.00243,0.00928,0.00218,0.03438,0.0114
49.2667,JELLY_C,0.0154,0.7435,1.00,J_SOFT_TURN,25.23,0.0326,0.151,0.5729,3.8369,-3.7660,0.00253,0.00043,0.00325,0.02973,0.0004
49.3000,JELLY_A,0.8830,0.0000,1.00,J_GLIDE,17.47,0.0159,0.131,1.1422,2.3619,-3.3195,0.00426,0.00949,0.00115,0.03926,-0.0035
49.3000,JELLY_B,0.7737,0.0000,1.18,J_GLIDE,11.74,0.0073,0.178,1.5131,3.2047,-3.6478,0.00247,0.00944,0.00220,0.03484,0.0054
49.3000,JELLY_C,0.0286,1.3454,1.00,J_SOFT_TURN,25.17,0.0323,0.151,0.5730,3.8369,-3.7659,0.00254,0.00038,0.00326,0.02976,0.0023
49.3333,JELLY_A,0.8935,0.0000,1.00,J_GLIDE,17.44,0.0161,0.131,1.1423,2.3622,-3.3195,0.00428,0.00951,0.00114,0.03953,-0.0031
49.3333,JELLY_B,0.7864,0.0000,1.18,J_GLIDE,11.74,0.0069,0.178,1.5131,3.2050,-3.6477,0.00250,0.00959,0.00222,0.03530,0.0011
49.3333,JELLY_C,0.0417,1.8900,1.00,J_SOFT_TURN,25.11,0.0323,0.151,0.5731,3.8370,-3.7658,0.00255,0.00039,0.00328,0.02978,0.0075
49.3667,JELLY_A,0.9041,0.0000,1.00,J_GLIDE,17.41,0.0163,0.131,1.1425,2.3626,-3.3194,0.00430,0.00953,0.00114,0.03977,-0.0027
49.3667,JELLY_B,0.7990,0.0000,1.18,J_GLIDE,11.75,0.0065,0.178,1.5132,3.2053,-3.6476,0.00254,0.00973,0.00224,0.03577,-0.0018
49.3667,JELLY_C,0.0549,2.3540,1.00,J_SOFT_TURN,25.05,0.0328,0.151,0.5732,3.8370,-3.7657,0.00258,0.00045,0.00333,0.02977,0.0180
49.4000,JELLY_A,0.9147,0.0000,1.00,J_GLIDE,17.38,0.0165,0.131,1.1426,2.3629,-3.3194,0.00432,0.00955,0.00114,0.03999,-0.0023
49.4000,JELLY_B,0.8117,0.0000,1.18,J_GLIDE,11.75,0.0062,0.178,1.5133,3.2056,-3.6476,0.00257,0.00986,0.00226,0.03623,-0.0036
49.4000,JELLY_C,0.0680,2.7179,1.00,J_SOFT_TURN,24.99,0.0340,0.151,0.5733,3.8370,-3.7655,0.00263,0.00058,0.00340,0.02975,0.0358
49.4333,JELLY_A,0.9252,0.0000,1.00,J_GLIDE,17.34,0.0167,0.131,1.1427,2.3632,-3.3194,0.00433,0.00956,0.00114,0.04019,-0.0019
49.4333,JELLY_B,0.8244,0.0000,1.18,J_GLIDE,11.76,0.0059,0.178,1.5134,3.2059,-3.6475,0.00260,0.00999,0.00228,0.03669,-0.0046
49.4333,JELLY_C,0.0812,2.9660,1.00,J_SOFT_TURN,24.93,0.0361,0.151,0.5733,3.8370,-3.7654,0.00268,0.00076,0.00349,0.02972,0.0626
49.4667,JELLY_A,0.9358,0.0000,1.00,J_GLIDE,17.31,0.0169,0.131,1.1429,2.3635,-3.3193,0.00435,0.00957,0.00113,0.04036,-0.0015
49.4667,JELLY_B,0.8370,0.0000,1.18,J_GLIDE,11.76,0.0056,0.178,1.5135,3.2063,-3.6474,0.00264,0.01010,0.00229,0.03715,-0.0051
49.4667,JELLY_C,0.0944,3.0879,1.00,J_SOFT_TURN,24.88,0.0390,0.151,0.5734,3.8370,-3.7653,0.00275,0.00096,0.00360,0.02970,0.0994
49.5000,JELLY_A,0.9464,0.0000,1.00,J_GLIDE,17.28,0.0171,0.131,1.1430,2.3638,-3.3193,0.00436,0.00957,0.00113,0.04050,-0.0012
49.5000,JELLY_B,0.8497,0.0000,1.18,J_GLIDE,11.76,0.0054,0.178,1.5136,3.2066,-3.6473,0.00267,0.01020,0.00231,0.03759,-0.0051
49.5000,JELLY_C,0.1075,3.0784,1.00,J_SOFT_TURN,24.83,0.0425,0.151,0.5735,3.8371,-3.7652,0.00281,0.00118,0.00370,0.02967,0.1466
49.5333,JELLY_A,0.9569,0.0000,1.00,J_GLIDE,17.25,0.0173,0.131,1.1432,2.3641,-3.3193,0.00438,0.00958,0.00112,0.04061,-0.0010
49.5333,JELLY_B,0.8624,0.0000,1.18,J_GLIDE,11.76,0.0053,0.178,1.5137,3.2070,-3.6472,0.00270,0.01030,0.00232,0.03803,-0.0048
49.5333,JELLY_C,0.1207,2.9378,1.00,J_SOFT_TURN,24.77,0.0461,0.151,0.5736,3.8371,-3.7651,0.00287,0.00138,0.00380,0.02965,0.2039
49.5667,JELLY_A,0.9675,0.0000,1.00,J_GLIDE,17.21,0.0175,0.131,1.1433,2.3645,-3.3192,0.00439,0.00958,0.00112,0.04070,-0.0007
49.5667,JELLY_B,0.8750,0.0000,1.18,J_GLIDE,11.76,0.0052,0.178,1.5138,3.2073,-3.6472,0.00273,0.01039,0.00233,0.03845,-0.0043
49.5667,JELLY_C,0.1338,2.6723,1.00,J_SOFT_TURN,24.73,0.0495,0.151,0.5737,3.8372,-3.7649,0.00292,0.00153,0.00388,0.02964,0.2702
49.6000,JELLY_A,0.9781,0.0000,1.00,J_GLIDE,17.18,0.0176,0.131,1.1435,2.3648,-3.3192,0.00440,0.00958,0.00112,0.04075,-0.0005
49.6000,JELLY_B,0.8877,0.0000,1.18,J_GLIDE,11.76,0.0051,0.178,1.5139,3.2077,-3.6471,0.00275,0.01047,0.00234,0.03885,-0.0038
49.6000,JELLY_C,0.1470,2.2930,1.00,J_SOFT_TURN,24.68,0.0525,0.151,0.5738,3.8372,-3.7648,0.00296,0.00163,0.00394,0.02963,0.3438
49.6333,JELLY_A,0.9886,0.0000,1.00,J_GLIDE,17.15,0.0178,0.131,1.1436,2.3651,-3.3191,0.00441,0.00958,0.00111,0.04079,-0.0004
49.6333,JELLY_B,0.9004,0.0000,1.18,J_GLIDE,11.75,0.0051,0.178,1.5139,3.2080,-3.6470,0.00278,0.01055,0.00235,0.03923,-0.0032
49.6333,JELLY_C,0.1601,1.8162,1.00,J_SOFT_TURN,24.64,0.0547,0.151,0.5739,3.8373,-3.7647,0.00298,0.00167,0.00397,0.02962,0.4226
49.6667,JELLY_A,0.9992,0.0000,1.00,J_GLIDE,17.11,0.0179,0.131,1.1438,2.3654,-3.3191,0.00442,0.00957,0.00111,0.04080,-0.0002
49.6667,JELLY_B,0.9131,0.0000,1.18,J_GLIDE,11.75,0.0051,0.178,1.5140,3.2084,-3.6469,0.00280,0.01062,0.00236,0.03960,-0.0026
49.6667,JELLY_C,0.1733,1.2621,1.00,J_SOFT_TURN,24.59,0.0559,0.151,0.5740,3.8373,-3.7645,0.00299,0.00165,0.00398,0.02960,0.5037
49.7000,JELLY_A,0.0098,0.0190,0.05,J_PAUSE_OPEN,17.08,0.0181,0.000,1.1439,2.3657,-3.3191,0.00441,0.00947,0.00110,0.04081,-0.0001
49.7000,JELLY_B,0.9257,0.0000,1.18,J_GLIDE,11.74,0.0052,0.178,1.5141,3.2087,-3.6469,0.00283,0.01068,0.00237,0.03993,-0.0021
49.7000,JELLY_C,0.1865,0.6544,1.00,J_SOFT_TURN,24.55,0.0562,0.151,0.5741,3.8374,-3.7644,0.00299,0.00158,0.00397,0.02959,0.5843
49.7333,JELLY_A,0.0203,0.0390,0.05,J_PAUSE_OPEN,17.04,0.0182,0.000,1.1441,2.3661,-3.3190,0.00439,0.00937,0.00108,0.04082,-0.0000
49.7333,JELLY_B,0.9384,0.0000,1.18,J_GLIDE,11.74,0.0053,0.178,1.5142,3.2091,-3.6468,0.00285,0.01074,0.00237,0.04025,-0.0017
49.7333,JELLY_C,0.1996,0.0190,1.00,J_SOFT_TURN,24.51,0.0553,0.151,0.5742,3.8374,-3.7643,0.00299,0.00149,0.00395,0.02958,0.6612
49.7667,JELLY_A,0.0309,0.0580,0.05,J_PAUSE_OPEN,17.01,0.0183,0.000,1.1442,2.3664,-3.3190,0.00437,0.00927,0.00107,0.04082,0.0001
49.7667,JELLY_B,0.9511,0.0000,1.18,J_GLIDE,11.73,0.0054,0.178,1.5143,3.2094,-3.6467,0.00287,0.01078,0.00238,0.04053,-0.0013
49.7667,JELLY_C,0.2128,-0.0993,1.00,J_SOFT_TURN,24.46,0.0541,0.151,0.5743,3.8375,-3.7641,0.00298,0.00140,0.00393,0.02956,0.7317
49.8000,JELLY_A,0.0414,0.0754,0.05,J_PAUSE_OPEN,16.97,0.0185,0.000,1.1443,2.3667,-3.3190,0.00435,0.00917,0.00106,0.04083,0.0004
49.8000,JELLY_B,0.9637,0.0000,1.18,J_GLIDE,11.73,0.0055,0.178,1.5144,3.2098,-3.6466,0.00289,0.01083,0.00238,0.04079,-0.0009
49.8000,JELLY_C,0.2259,-0.2010,1.00,J_SOFT_TURN,24.42,0.0529,0.151,0.5744,3.8375,-3.7640,0.00298,0.00131,0.00392,0.02955,0.7937
49.8333,JELLY_A,0.0520,0.0907,0.05,J_PAUSE_OPEN,16.94,0.0186,0.000,1.1445,2.3670,-3.3189,0.00434,0.00907,0.00105,0.04083,0.0008
49.8333,JELLY_B,0.9764,0.0000,1.18,J_GLIDE,11.72,0.0057,0.178,1.5145,3.2102,-3.6465,0.00291,0.01086,0.00239,0.04101,-0.0006
49.8333,JELLY_C,0.2391,-0.3013,1.00,J_SOFT_TURN,24.38,0.0517,0.151,0.5745,3.8376,-3.7639,0.00297,0.00122,0.00390,0.02954,0.8460
49.8667,JELLY_A,0.0626,0.1036,0.05,J_PAUSE_OPEN,16.90,0.0187,0.000,1.1446,2.3673,-3.3189,0.00432,0.00898,0.00104,0.04083,0.0014
49.8667,JELLY_B,0.9891,0.0000,1.18,J_GLIDE,11.71,0.0059,0.178,1.5146,3.2105,-3.6465,0.00293,0.01090,0.00239,0.04120,-0.0004
49.8667,JELLY_C,0.2522,-0.3995,1.00,J_SOFT_TURN,24.33,0.0506,0.151,0.5746,3.8376,-3.7638,0.00297,0.00113,0.00388,0.02953,0.8883
49.9000,JELLY_A,0.0731,0.1135,0.05,J_PAUSE_OPEN,16.87,0.0188,0.000,1.1448,2.3676,-3.3189,0.00430,0.00888,0.00103,0.04083,0.0022
49.9000,JELLY_B,0.0018,0.0827,1.00,J_PULSE_CRUISE,11.70,0.0060,0.104,1.5147,3.2109,-3.6464,0.00295,0.01088,0.00239,0.04136,-0.0002
49.9000,JELLY_C,0.2654,-0.4950,1.00,J_SOFT_TURN,24.29,0.0495,0.151,0.5747,3.8376,-3.7636,0.00296,0.00103,0.00386,0.02952,0.9208
49.9333,JELLY_A,0.0837,0.1204,0.05,J_PAUSE_OPEN,16.83,0.0189,0.000,1.1449,2.3679,-3.3188,0.00429,0.00879,0.00101,0.04083,0.0034
49.9333,JELLY_B,0.0144,0.6714,1.00,J_PULSE_CRUISE,11.69,0.0059,0.104,1.5148,3.2112,-3.6463,0.00294,0.01075,0.00237,0.04148,0.0002
49.9333,JELLY_C,0.2785,-0.5871,1.00,J_SOFT_TURN,24.25,0.0485,0.151,0.5748,3.8377,-3.7635,0.00296,0.00094,0.00384,0.02951,0.9440
49.9667,JELLY_A,0.0943,0.1239,0.05,J_PAUSE_OPEN,16.79,0.0191,0.000,1.1451,2.3682,-3.3188,0.00427,0.00870,0.00100,0.04083,0.0048
49.9667,JELLY_B,0.0271,1.2337,1.00,J_PULSE_CRUISE,11.69,0.0057,0.104,1.5149,3.2116,-3.6462,0.00294,0.01065,0.00235,0.04156,0.0017
49.9667,JELLY_C,0.2917,-0.6751,1.00,J_SOFT_TURN,24.20,0.0475,0.151,0.5749,3.8377,-3.7634,0.00295,0.00085,0.00383,0.02951,0.9586
50.0000,JELLY_A,0.1048,0.1241,0.05,J_PAUSE_OPEN,16.76,0.0192,0.000,1.1452,2.3684,-3.3188,0.00425,0.00860,0.00099,0.04083,0.0067
50.0000,JELLY_B,0.0398,1.7473,1.00,J_PULSE_CRUISE,11.68,0.0057,0.104,1.5150,3.2120,-3.6461,0.00295,0.01060,0.00234,0.04160,0.0060
50.0000,JELLY_C,0.3048,-0.7586,1.00,J_SOFT_TURN,24.16,0.0466,0.151,0.5750,3.8377,-3.7632,0.00295,0.00076,0.00381,0.02951,0.9653
50.0333,JELLY_A,0.1154,0.1208,0.05,J_PAUSE_OPEN,16.72,0.0192,0.000,1.1454,2.3687,-3.3187,0.00424,0.00851,0.00098,0.04083,0.0088
50.0333,JELLY_B,0.0525,2.1919,1.00,J_PULSE_CRUISE,11.68,0.0066,0.104,1.5151,3.2123,-3.6461,0.00296,0.01061,0.00234,0.04162,0.0149
50.0333,JELLY_C,0.3180,-0.8369,1.00,J_SOFT_TURN,24.11,0.0457,0.151,0.5751,3.8378,-3.7631,0.00294,0.00067,0.00379,0.02951,0.9651
50.0667,JELLY_A,0.1259,0.1142,0.05,J_PAUSE_OPEN,16.68,0.0193,0.000,1.1455,2.3690,-3.3187,0.00422,0.00842,0.00097,0.04083,0.0113
50.0667,JELLY_B,0.0651,2.5498,1.00,J_PULSE_CRUISE,11.68,0.0087,0.104,1.5152,3.2127,-3.6460,0.00299,0.01067,0.00235,0.04163,0.0303
50.0667,JELLY_C,0.3311,-0.9094,1.00,J_SOFT_TURN,24.07,0.0448,0.151,0.5752,3.8378,-3.7630,0.00294,0.00059,0.00377,0.02950,0.9587
50.1000,JELLY_A,0.1365,0.1045,0.05,J_PAUSE_OPEN,16.65,0.0194,0.000,1.1456,2.3693,-3.3187,0.00421,0.00833,0.00096,0.04083,0.0140
50.1000,JELLY_B,0.0778,2.8070,1.00,J_PULSE_CRUISE,11.69,0.0115,0.104,1.5153,3.2130,-3.6459,0.00302,0.01079,0.00236,0.04163,0.0536
50.1000,JELLY_C,0.3443,-0.9757,1.00,J_SOFT_TURN,24.02,0.0440,0.151,0.5753,3.8378,-3.7629,0.00293,0.00050,0.00376,0.02949,0.9468
50.1333,JELLY_A,0.1471,0.0919,0.05,J_PAUSE_OPEN,16.61,0.0195,0.000,1.1458,2.3696,-3.3186,0.00419,0.00825,0.00095,0.04084,0.0170
50.1333,JELLY_B,0.0905,2.9533,1.00,J_PULSE_CRUISE,11.71,0.0148,0.104,1.5154,3.2134,-3.6458,0.00305,0.01094,0.00238,0.04162,0.0861
50.1333,JELLY_C,0.3574,-1.0354,1.00,J_SOFT_TURN,23.98,0.0432,0.151,0.5754,3.8378,-3.7627,0.00293,0.00041,0.00374,0.02947,0.9301
50.1667,JELLY_A,0.1576,0.0768,0.05,J_PAUSE_OPEN,16.57,0.0196,0.000,1.1459,2.3698,-3.3186,0.00418,0.00816,0.00094,0.04084,0.0201
50.1667,JELLY_B,0.1032,2.9830,1.00,J_PULSE_CRUISE,11.73,0.0181,0.104,1.5155,3.2137,-3.6457,0.00309,0.01111,0.00240,0.04162,0.1283
50.1667,JELLY_C,0.3706,-1.0880,1.00,J_SOFT_TURN,23.93,0.0424,0.151,0.5755,3.8378,-3.7626,0.00292,0.00032,0.00372,0.02939,0.9093
50.2000,JELLY_A,0.1682,0.0596,0.05,J_PAUSE_OPEN,16.54,0.0197,0.000,1.1460,2.3701,-3.3186,0.00416,0.00807,0.00093,0.04084,0.0234
50.2000,JELLY_B,0.1158,2.8947,1.00,J_PULSE_CRUISE,11.76,0.0214,0.104,1.5156,3.2141,-3.6457,0.00313,0.01126,0.00242,0.04162,0.1800
50.2000,JELLY_C,0.3837,-1.1332,1.00,J_SOFT_TURN,23.89,0.0417,0.151,0.5756,3.8378,-3.7625,0.00292,0.00023,0.00371,0.02920,0.8848
50.2333,JELLY_A,0.1788,0.0408,0.05,J_PAUSE_OPEN,16.50,0.0197,0.000,1.1462,2.3704,-3.3185,0.00415,0.00798,0.00092,0.04084,0.0266
50.2333,JELLY_B,0.1285,2.6920,1.00,J_PULSE_CRUISE,11.79,0.0244,0.104,1.5157,3.2145,-3.6456,0.00316,0.01138,0.00244,0.04162,0.2407
50.2333,JELLY_C,0.3969,-1.1706,1.00,J_SOFT_TURN,23.84,0.0410,0.151,0.5757,3.8378,-3.7624,0.00291,0.00014,0.00369,0.02889,0.8573
50.2667,JELLY_A,0.1893,0.0208,0.05,J_PAUSE_OPEN,16.46,0.0198,0.000,1.1463,2.3706,-3.3185,0.00413,0.00790,0.00091,0.04084,0.0299
50.2667,JELLY_B,0.1412,2.3830,1.00,J_PULSE_CRUISE,11.83,0.0270,0.104,1.5158,3.2149,-3.6455,0.00319,0.01145,0.00245,0.04162,0.3089
50.2667,JELLY_C,0.4100,-1.2001,1.00,J_SOFT_TURN,23.80,0.0404,0.151,0.5758,3.8378,-3.7622,0.00291,0.00006,0.00368,0.02847,0.8270
50.3000,JELLY_A,0.1999,0.0002,0.05,J_PAUSE_OPEN,16.42,0.0199,0.000,1.1465,2.3709,-3.3185,0.00412,0.00781,0.00090,0.04084,0.0329
50.3000,JELLY_B,0.1539,1.9798,1.00,J_PULSE_CRUISE,11.87,0.0289,0.104,1.5159,3.2153,-3.6454,0.00320,0.01145,0.00245,0.04161,0.3829
50.3000,JELLY_C,0.4232,-1.2213,1.00,J_SOFT_TURN,23.75,0.0397,0.151,0.5759,3.8378,-3.7621,0.00291,-0.00001,0.00367,0.02794,0.7943
50.3333,JELLY_A,0.2104,-0.0033,0.05,J_PAUSE_OPEN,16.38,0.0199,0.000,1.1466,2.3712,-3.3184,0.00410,0.00773,0.00089,0.04084,0.0358
50.3333,JELLY_B,0.1665,1.4984,1.00,J_PULSE_CRUISE,11.91,0.0301,0.104,1.5160,3.2156,-3.6453,0.00321,0.01140,0.00244,0.04161,0.4605
50.3333,JELLY_C,0.4363,-1.2342,1.00,J_SOFT_TURN,23.70,0.0391,0.151,0.5760,3.8378,-3.7620,0.00291,-0.00007,0.00366,0.02733,0.7597
50.3667,JELLY_A,0.2210,-0.0065,0.05,J_PAUSE_OPEN,16.35,0.0200,0.000,1.1467,2.3714,-3.3184,0.00409,0.00764,0.00088,0.04084,0.0385
50.3667,JELLY_B,0.1792,0.9577,1.00,J_PULSE_CRUISE,11.96,0.0305,0.104,1.5161,3.2160,-3.6453,0.00321,0.01130,0.00242,0.04161,0.5390
50.3667,JELLY_C,0.4494,-1.2388,1.00,J_SOFT_TURN,23.65,0.0386,0.151,0.5761,3.8378,-3.7619,0.00292,-0.00012,0.00366,0.02666,0.7233
50.4000,JELLY_A,0.2316,-0.0098,0.05,J_PAUSE_OPEN,16.31,0.0200,0.000,1.1469,2.3717,-3.3184,0.00408,0.00756,0.00087,0.04084,0.0408
50.4000,JELLY_B,0.1919,0.3793,1.00,J_PULSE_CRUISE,12.01,0.0301,0.104,1.5162,3.2164,-3.6452,0.00320,0.01117,0.00240,0.04160,0.6159
50.4000,JELLY_C,0.4626,-1.2348,1.00,J_SOFT_TURN,23.61,0.0380,0.151,0.5762,3.8378,-3.7618,0.00293,-0.00014,0.00367,0.02595,0.6856
50.4333,JELLY_A,0.2421,-0.0130,0.05,J_PAUSE_OPEN,16.27,0.0201,0.000,1.1470,2.3719,-3.3184,0.00406,0.00748,0.00086,0.04084,0.0428
50.4333,JELLY_B,0.2046,-0.0343,1.00,J_PULSE_CRUISE,12.05,0.0289,0.104,1.5164,3.2168,-3.6451,0.00319,0.01102,0.00238,0.04160,0.6882
50.4333,JELLY_C,0.4757,-1.2225,1.00,J_SOFT_TURN,23.56,0.0375,0.151,0.5763,3.8378,-3.7616,0.00295,-0.00013,0.00368,0.02525,0.6467
50.4667,JELLY_A,0.2527,-0.0162,0.05,J_PAUSE_OPEN,16.23,0.0201,0.000,1.1471,2.3722,-3.3183,0.00405,0.00740,0.00085,0.04084,0.0445
50.4667,JELLY_B,0.2172,-0.1292,1.00,J_PULSE_CRUISE,12.10,0.0277,0.104,1.5165,3.2171,-3.6450,0.00318,0.01088,0.00236,0.04160,0.7536
50.4667,JELLY_C,0.4889,-1.2018,1.00,J_SOFT_TURN,23.51,0.0370,0.151,0.5764,3.8378,-3.7615,0.00297,-0.00010,0.00371,0.02458,0.6070
50.5000,JELLY_A,0.2632,-0.0192,0.05,J_PAUSE_OPEN,16.19,0.0202,0.000,1.1473,2.3724,-3.3183,0.00403,0.00732,0.00084,0.04083,0.0458
50.5000,JELLY_B,0.2299,-0.2233,1.00,J_PULSE_CRUISE,12.14,0.0265,0.104,1.5166,3.2175,-3.6449,0.00318,0.01074,0.00233,0.04159,0.8107
50.5000,JELLY_C,0.5020,-1.1729,1.00,J_SOFT_TURN,23.46,0.0365,0.151,0.5765,3.8378,-3.7614,0.00300,-0.00005,0.00374,0.02396,0.5667
50.5333,JELLY_A,0.2738,-0.0222,0.05,J_PAUSE_OPEN,16.15,0.0202,0.000,1.1474,2.3727,-3.3183,0.00402,0.00724,0.00083,0.04083,0.0469
50.5333,JELLY_B,0.2426,-0.3159,1.00,J_PULSE_CRUISE,12.18,0.0253,0.104,1.5167,3.2178,-3.6449,0.00317,0.01060,0.00231,0.04159,0.8585
50.5333,JELLY_C,0.5152,-1.1361,1.00,J_SOFT_TURN,23.42,0.0361,0.151,0.5766,3.8378,-3.7613,0.00304,0.00003,0.00379,0.02344,0.5261
50.5667,JELLY_A,0.2843,-0.0251,0.05,J_PAUSE_OPEN,16.12,0.0203,0.000,1.1475,2.3729,-3.3182,0.00401,0.00716,0.00083,0.04083,0.0476
50.5667,JELLY_B,0.2553,-0.4065,1.00,J_PULSE_CRUISE,12.22,0.0242,0.104,1.5168,3.2182,-3.6448,0.00316,0.01047,0.00229,0.04159,0.8971
50.5667,JELLY_C,0.5283,-1.0915,1.00,J_SOFT_TURN,23.37,0.0357,0.151,0.5767,3.8378,-3.7611,0.00308,0.00014,0.00384,0.02302,0.4855
50.6000,JELLY_A,0.2949,-0.0279,0.05,J_PAUSE_OPEN,16.08,0.0203,0.000,1.1477,2.3731,-3.3182,0.00399,0.00708,0.00082,0.04083,0.0481
50.6000,JELLY_B,0.2679,-0.4946,1.00,J_PULSE_CRUISE,12.25,0.0231,0.104,1.5169,3.2185,-3.6447,0.00315,0.01033,0.00227,0.04159,0.9266
50.6000,JELLY_C,0.5414,-1.0395,1.00,J_SOFT_TURN,23.32,0.0353,0.151,0.5768,3.8378,-3.7610,0.00313,0.00026,0.00390,0.02274,0.4450
50.6333,JELLY_A,0.3054,-0.0306,0.05,J_PAUSE_OPEN,16.04,0.0204,0.000,1.1478,2.3734,-3.3182,0.00398,0.00700,0.00081,0.04082,0.0484
50.6333,JELLY_B,0.2806,-0.5795,1.00,J_PULSE_CRUISE,12.29,0.0220,0.104,1.5170,3.2189,-3.6446,0.00314,0.01020,0.00225,0.04159,0.9475
50.6333,JELLY_C,0.5546,-0.9804,1.00,J_SOFT_TURN,23.27,0.0349,0.151,0.5769,3.8378,-3.7609,0.00319,0.00041,0.00396,0.02259,0.4050
50.6667,JELLY_A,0.3160,-0.0331,0.05,J_PAUSE_OPEN,16.00,0.0204,0.000,1.1479,2.3736,-3.3182,0.00397,0.00692,0.00080,0.04080,0.0484
50.6667,JELLY_B,0.2933,-0.6608,1.00,J_PULSE_CRUISE,12.32,0.0210,0.104,1.5171,3.2192,-3.6446,0.00314,0.01007,0.00223,0.04159,0.9605
50.6667,JELLY_C,0.5677,-0.9147,1.00,J_SOFT_TURN,23.22,0.0345,0.151,0.5770,3.8379,-3.7607,0.00324,0.00058,0.00403,0.02254,0.3658
50.7000,JELLY_A,0.3266,-0.0355,0.05,J_PAUSE_OPEN,15.96,0.0204,0.000,1.1481,2.3738,-3.3181,0.00395,0.00684,0.00079,0.04078,0.0482
50.7000,JELLY_B,0.3060,-0.7378,1.00,J_PULSE_CRUISE,12.35,0.0200,0.104,1.5172,3.2196,-3.6445,0.00313,0.00994,0.00221,0.04159,0.9663
50.7000,JELLY_C,0.5809,-0.8427,1.00,J_SOFT_TURN,23.17,0.0342,0.151,0.5771,3.8379,-3.7606,0.00330,0.00075,0.00411,0.02255,0.3275
50.7333,JELLY_A,0.3371,-0.0377,0.05,J_PAUSE_OPEN,15.92,0.0204,0.000,1.1482,2.3741,-3.3181,0.00394,0.00677,0.00078,0.04075,0.0478
50.7333,JELLY_B,0.3186,-0.8102,1.00,J_PULSE_CRUISE,12.38,0.0190,0.104,1.5173,3.2199,-3.6444,0.00312,0.00981,0.00219,0.04159,0.9657
50.7333,JELLY_C,0.5940,-0.7650,1.00,J_SOFT_TURN,23.12,0.0339,0.151,0.5772,3.8379,-3.7605,0.00337,0.00094,0.00418,0.02261,0.2904
50.7667,JELLY_A,0.3477,-0.0398,0.05,J_PAUSE_OPEN,15.88,0.0205,0.000,1.1483,2.3743,-3.3181,0.00393,0.00669,0.00077,0.04071,0.0473
50.7667,JELLY_B,0.3313,-0.8774,1.00,J_PULSE_CRUISE,12.40,0.0181,0.104,1.5174,3.2202,-3.6443,0.00312,0.00969,0.00217,0.04159,0.9593
50.7667,JELLY_C,0.6071,-0.6821,1.00,J_SOFT_TURN,23.07,0.0336,0.151,0.5773,3.8379,-3.7603,0.00343,0.00112,0.00426,0.02270,0.2548
50.8000,JELLY_A,0.3582,-0.0417,0.05,J_PAUSE_OPEN,15.84,0.0205,0.000,1.1485,2.3745,-3.3181,0.00392,0.00662,0.00076,0.04067,0.0466
50.8000,JELLY_B,0.3440,-0.9390,1.00,J_PULSE_CRUISE,12.43,0.0172,0.104,1.5175,3.2205,-3.6443,0.00311,0.00957,0.00216,0.04158,0.9479
50.8000,JELLY_C,0.6203,-0.5946,1.00,J_SOFT_TURN,23.02,0.0333,0.151,0.5774,3.8380,-3.7602,0.00349,0.00131,0.00434,0.02282,0.2208
50.8333,JELLY_A,0.3688,-0.0434,0.05,J_PAUSE_OPEN,15.80,0.0205,0.000,1.1486,2.3747,-3.3180,0.00390,0.00654,0.00076,0.04063,0.0458
50.8333,JELLY_B,0.3567,-0.9947,1.00,J_PULSE_CRUISE,12.45,0.0163,0.104,1.5176,3.2208,-3.6442,0.00310,0.00944,0.00214,0.04149,0.9320
50.8333,JELLY_C,0.6334,-0.5030,1.00,J_SOFT_TURN,22.97,0.0330,0.151,0.5776,3.8380,-3.7600,0.00355,0.00149,0.00441,0.02296,0.1888
50.8667,JELLY_A,0.3793,-0.0449,0.05,J_PAUSE_OPEN,15.76,0.0205,0.000,1.1487,2.3749,-3.3180,0.00389,0.00647,0.00075,0.04058,0.0448
50.8667,JELLY_B,0.3693,-1.0441,1.00,J_PULSE_CRUISE,12.47,0.0155,0.104,1.5177,3.2212,-3.6441,0.00309,0.00932,0.00212,0.04126,0.9122
50.8667,JELLY_C,0.6465,-0.4081,1.00,J_SOFT_TURN,22.92,0.0327,0.151,0.5777,3.8381,-3.7599,0.00361,0.00167,0.00448,0.02313,0.1589
50.9000,JELLY_A,0.3899,-0.0462,0.05,J_PAUSE_OPEN,15.73,0.0205,0.000,1.1489,2.3752,-3.3180,0.00388,0.00639,0.00074,0.04053,0.0438
50.9000,JELLY_B,0.3820,-1.0869,1.00,J_PULSE_CRUISE,12.49,0.0147,0.104,1.5178,3.2215,-3.6441,0.00309,0.00921,0.00210,0.04088,0.8891
50.9000,JELLY_C,0.6597,-0.3104,1.00,J_SOFT_TURN,22.87,0.0325,0.151,0.5778,3.8381,-3.7597,0.00367,0.00185,0.00455,0.02331,0.1313
50.9333,JELLY_A,0.4004,-0.0473,0.05,J_PAUSE_OPEN,15.69,0.0206,0.000,1.1490,2.3754,-3.3180,0.00387,0.00632,0.00073,0.04048,0.0426
50.9333,JELLY_B,0.3947,-1.1227,1.00,J_PULSE_CRUISE,12.51,0.0139,0.104,1.5179,3.2218,-3.6440,0.00308,0.00909,0.00208,0.04035,0.8629
50.9333,JELLY_C,0.6728,-0.2106,1.00,J_SOFT_TURN,22.82,0.0323,0.151,0.5779,3.8382,-3.7596,0.00373,0.00204,0.00462,0.02352,0.1063
50.9667,JELLY_A,0.4110,-0.0482,0.05,J_PAUSE_OPEN,15.65,0.0206,0.000,1.1491,2.3756,-3.3179,0.00385,0.00625,0.00072,0.04043,0.0414
50.9667,JELLY_B,0.4073,-1.1515,1.00,J_PULSE_CRUISE,12.53,0.0132,0.104,1.5180,3.2221,-3.6439,0.00307,0.00898,0.00207,0.03968,0.8341
50.9667,JELLY_C,0.6859,-0.1094,1.00,J_SOFT_TURN,22.77,0.0321,0.151,0.5781,3.8383,-3.7594,0.00379,0.00222,0.00469,0.02374,0.0839
51.0000,JELLY_A,0.4215,-0.0489,0.05,J_PAUSE_OPEN,15.61,0.0206,0.000,1.1492,2.3758,-3.3179,0.00384,0.00617,0.00072,0.04039,0.0401
51.0000,JELLY_B,0.4200,-1.1729,1.00,J_PULSE_CRUISE,12.54,0.0125,0.104,1.5181,3.2224,-3.6439,0.00307,0.00887,0.00205,0.03889,0.8031
51.0000,JELLY_C,0.6990,-0.0074,1.00,J_SOFT_TURN,22.72,0.0318,0.151,0.5782,3.8384,-3.7593,0.00385,0.00239,0.00476,0.02397,0.0644
51.0333,JELLY_A,0.4321,-0.0494,0.05,J_PAUSE_OPEN,15.57,0.0206,0.000,1.1494,2.3760,-3.3179,0.00383,0.00610,0.00071,0.04035,0.0387
51.0333,JELLY_B,0.4327,-1.1870,1.00,J_PULSE_CRUISE,12.56,0.0118,0.104,1.5182,3.2227,-3.6438,0.00307,0.00878,0.00204,0.03802,0.7702
51.0333,JELLY_C,0.7122,0.0000,1.00,J_GLIDE,22.67,0.0317,0.151,0.5783,3.8384,-3.7591,0.00391,0.00257,0.00483,0.02422,0.0477
51.0667,JELLY_A,0.4426,-0.0497,0.05,J_PAUSE_OPEN,15.53,0.0206,0.000,1.1495,2.3762,-3.3179,0.00382,0.00603,0.00070,0.04031,0.0373
51.0667,JELLY_B,0.4453,-1.1935,1.00,J_PULSE_CRUISE,12.57,0.0112,0.104,1.5183,3.2230,-3.6437,0.00307,0.00871,0.00203,0.03710,0.7356
51.0667,JELLY_C,0.7253,0.0000,1.00,J_GLIDE,22.62,0.0315,0.151,0.5784,3.8385,-3.7589,0.00397,0.00273,0.00489,0.02448,0.0340
51.1000,JELLY_A,0.4532,-0.0497,0.05,J_PAUSE_OPEN,15.49,0.0206,0.000,1.1496,2.3764,-3.3178,0.00381,0.00596,0.00069,0.04028,0.0358
51.1000,JELLY_B,0.4580,-1.1924,1.00,J_PULSE_CRUISE,12.58,0.0106,0.104,1.5184,3.2232,-3.6437,0.00307,0.00866,0.00202,0.03617,0.6996
51.1000,JELLY_C,0.7384,0.0000,1.00,J_GLIDE,22.56,0.0313,0.151,0.5786,3.8386,-3.7588,0.00402,0.00289,0.00495,0.02476,0.0230
51.1333,JELLY_A,0.4637,-0.0495,0.05,J_PAUSE_OPEN,15.45,0.0206,0.000,1.1498,2.3766,-3.3178,0.00380,0.00589,0.00068,0.04026,0.0343
51.1333,JELLY_B,0.4707,-1.1838,1.00,J_PULSE_CRUISE,12.59,0.0100,0.104,1.5185,3.2235,-3.6436,0.00308,0.00863,0.00201,0.03525,0.6625
51.1333,JELLY_C,0.7516,0.0000,1.00,J_GLIDE,22.51,0.0311,0.151,0.5787,3.8387,-3.7586,0.00407,0.00304,0.00500,0.02504,0.0144
51.1667,JELLY_A,0.4743,-0.0491,0.05,J_PAUSE_OPEN,15.41,0.0206,0.000,1.1499,2.3768,-3.3178,0.00378,0.00583,0.00068,0.04024,0.0327
51.1667,JELLY_B,0.4834,-1.1677,1.00,J_PULSE_CRUISE,12.60,0.0094,0.104,1.5186,3.2238,-3.6435,0.00309,0.00862,0.00201,0.03438,0.6245
51.1667,JELLY_C,0.7647,0.0000,1.00,J_GLIDE,22.46,0.0310,0.151,0.5788,3.8388,-3.7585,0.00412,0.00318,0.00505,0.02534,0.0079
51.2000,JELLY_A,0.4848,-0.0485,0.05,J_PAUSE_OPEN,15.37,0.0206,0.000,1.1500,2.3770,-3.3178,0.00377,0.00576,0.00067,0.04024,0.0311
51.2000,JELLY_B,0.4960,-1.1442,1.00,J_PULSE_CRUISE,12.61,0.0090,0.104,1.5187,3.2241,-3.6434,0.00310,0.00864,0.00201,0.03360,0.5859
51.2000,JELLY_C,0.7778,0.0000,1.00,J_GLIDE,22.41,0.0308,0.151,0.5790,3.8389,-3.7583,0.00416,0.00331,0.00510,0.02563,0.0032
51.2333,JELLY_A,0.4954,-0.0477,0.05,J_PAUSE_OPEN,15.33,0.0206,0.000,1.1501,2.3772,-3.3178,0.00376,0.00569,0.00066,0.04024,0.0295
51.2333,JELLY_B,0.5087,-1.1134,1.00,J_PULSE_CRUISE,12.61,0.0085,0.104,1.5188,3.2244,-3.6434,0.00312,0.00868,0.00202,0.03295,0.5468
51.2333,JELLY_C,0.7909,0.0000,1.00,J_GLIDE,22.36,0.0307,0.151,0.5791,3.8391,-3.7581,0.00421,0.00343,0.00515,0.02594,-0.0001
51.2667,JELLY_A,0.5059,-0.0467,0.05,J_PAUSE_OPEN,15.29,0.0206,0.000,1.1503,2.3773,-3.3177,0.00375,0.00563,0.00066,0.04024,0.0279
51.2667,JELLY_B,0.5213,-1.0757,1.00,J_PULSE_CRUISE,12.62,0.0081,0.104,1.5189,3.2247,-3.6433,0.00315,0.00875,0.00203,0.03244,0.5076
51.2667,JELLY_C,0.8041,0.0000,1.00,J_GLIDE,22.31,0.0306,0.151,0.5793,3.8392,-3.7579,0.00425,0.00355,0.00519,0.02624,-0.0022
51.3000,JELLY_A,0.5165,-0.0454,0.05,J_PAUSE_OPEN,15.25,0.0206,0.000,1.1504,2.3775,-3.3177,0.00374,0.00557,0.00065,0.04025,0.0262
51.3000,JELLY_B,0.5340,-1.0311,1.00,J_PULSE_CRUISE,12.62,0.0077,0.104,1.5191,3.2250,-3.6432,0.00318,0.00884,0.00204,0.03210,0.4684
51.3000,JELLY_C,0.8172,0.0000,1.00,J_GLIDE,22.25,0.0304,0.151,0.5794,3.8393,-3.7578,0.00429,0.00365,0.00523,0.02654,-0.0035
51.3333,JELLY_A,0.5270,-0.0440,0.05,J_PAUSE_OPEN,15.21,0.0206,0.000,1.1505,2.3777,-3.3177,0.00373,0.00551,0.00064,0.04026,0.0246
51.3333,JELLY_B,0.5467,-0.9800,1.00,J_PULSE_CRUISE,12.63,0.0074,0.104,1.5192,3.2253,-3.6432,0.00321,0.00895,0.00205,0.03192,0.4296
51.3333,JELLY_C,0.8303,0.0000,1.00,J_GLIDE,22.20,0.0303,0.151,0.5795,3.8394,-3.7576,0.00433,0.00375,0.00526,0.02684,-0.0041
51.3667,JELLY_A,0.5376,-0.0424,0.05,J_PAUSE_OPEN,15.18,0.0206,0.000,1.1506,2.3779,-3.3177,0.00372,0.00544,0.00063,0.04027,0.0230
51.3667,JELLY_B,0.5593,-0.9227,1.00,J_PULSE_CRUISE,12.63,0.0071,0.104,1.5193,3.2256,-3.6431,0.00324,0.00907,0.00207,0.03186,0.3912
51.3667,JELLY_C,0.8434,0.0000,1.00,J_GLIDE,22.15,0.0302,0.151,0.5797,3.8395,-3.7574,0.00436,0.00385,0.00530,0.02714,-0.0043
51.4000,JELLY_A,0.5481,-0.0405,0.05,J_PAUSE_OPEN,15.14,0.0206,0.000,1.1508,2.3781,-3.3176,0.00371,0.00538,0.00063,0.04028,0.0214
51.4000,JELLY_B,0.5720,-0.8596,1.00,J_PULSE_CRUISE,12.63,0.0068,0.104,1.5194,3.2259,-3.6430,0.00327,0.00921,0.00209,0.03186,0.3536
51.4000,JELLY_C,0.8565,0.0000,1.00,J_GLIDE,22.10,0.0301,0.151,0.5798,3.8397,-3.7572,0.00439,0.00394,0.00533,0.02743,-0.0042
51.4333,JELLY_A,0.5587,-0.0386,0.05,J_PAUSE_OPEN,15.10,0.0206,0.000,1.1509,2.3783,-3.3176,0.00371,0.00533,0.00062,0.04029,0.0198
51.4333,JELLY_B,0.5847,-0.7910,1.00,J_PULSE_CRUISE,12.63,0.0066,0.104,1.5195,3.2262,-3.6430,0.00331,0.00935,0.00211,0.03192,0.3170
51.4333,JELLY_C,0.8697,0.0000,1.00,J_GLIDE,22.04,0.0300,0.151,0.5800,3.8398,-3.7571,0.00443,0.00402,0.00536,0.02771,-0.0038
51.4667,JELLY_A,0.5692,-0.0364,0.05,J_PAUSE_OPEN,15.06,0.0206,0.000,1.1510,2.3784,-3.3176,0.00370,0.00527,0.00061,0.04031,0.0182
51.4667,JELLY_B,0.5973,-0.7175,1.00,J_PULSE_CRUISE,12.63,0.0064,0.104,1.5196,3.2265,-3.6429,0.00335,0.00950,0.00213,0.03202,0.2816
51.4667,JELLY_C,0.8828,0.0000,1.00,J_GLIDE,21.99,0.0299,0.151,0.5801,3.8399,-3.7569,0.00446,0.00409,0.00538,0.02799,-0.0034
51.5000,JELLY_A,0.5797,-0.0341,0.05,J_PAUSE_OPEN,15.02,0.0206,0.000,1.1511,2.3786,-3.3176,0.00369,0.00521,0.00061,0.04032,0.0166
51.5000,JELLY_B,0.6100,-0.6394,1.00,J_PULSE_CRUISE,12.63,0.0063,0.104,1.5197,3.2268,-3.6428,0.00339,0.00965,0.00215,0.03215,0.2475
51.5000,JELLY_C,0.8959,0.0000,1.00,J_GLIDE,21.94,0.0298,0.151,0.5803,3.8401,-3.7567,0.00449,0.00416,0.00540,0.02825,-0.0029
51.5333,JELLY_A,0.5903,-0.0316,0.05,J_PAUSE_OPEN,14.98,0.0205,0.000,1.1512,2.3788,-3.3176,0.00368,0.00515,0.00060,0.04034,0.0151
51.5333,JELLY_B,0.6226,-0.5573,1.00,J_PULSE_CRUISE,12.63,0.0063,0.104,1.5198,3.2271,-3.6428,0.00342,0.00980,0.00217,0.03232,0.2151
51.5333,JELLY_C,0.9090,0.0000,1.00,J_GLIDE,21.89,0.0297,0.151,0.5804,3.8402,-3.7565,0.00451,0.00422,0.00543,0.02850,-0.0024
51.5667,JELLY_A,0.6008,-0.0290,0.05,J_PAUSE_OPEN,14.94,0.0205,0.000,1.1514,2.3790,-3.3175,0.00367,0.00510,0.00060,0.04036,0.0137
51.5667,JELLY_B,0.6353,-0.4717,1.00,J_PULSE_CRUISE,12.62,0.0062,0.104,1.5199,3.2275,-3.6427,0.00346,0.00994,0.00219,0.03251,0.1845
51.5667,JELLY_C,0.9221,0.0000,1.00,J_GLIDE,21.83,0.0296,0.151,0.5806,3.8404,-3.7563,0.00454,0.00428,0.00544,0.02873,-0.0019
51.6000,JELLY_A,0.6114,-0.0263,0.05,J_PAUSE_OPEN,14.90,0.0205,0.000,1.1515,2.3791,-3.3175,0.00366,0.00504,0.00059,0.04038,0.0123
51.6000,JELLY_B,0.6480,-0.3832,1.00,J_PULSE_CRUISE,12.62,0.0062,0.104,1.5201,3.2278,-3.6426,0.00350,0.01008,0.00221,0.03273,0.1560
51.6000,JELLY_C,0.9352,0.0000,1.00,J_GLIDE,21.78,0.0296,0.151,0.5807,3.8405,-3.7562,0.00456,0.00433,0.00546,0.02895,-0.0015
51.6333,JELLY_A,0.6219,-0.0234,0.05,J_PAUSE_OPEN,14.86,0.0205,0.000,1.1516,2.3793,-3.3175,0.00365,0.00498,0.00058,0.04040,0.0109
51.6333,JELLY_B,0.6606,-0.2922,1.00,J_PULSE_CRUISE,12.61,0.0063,0.104,1.5202,3.2282,-3.6425,0.00353,0.01022,0.00222,0.03298,0.1295
51.6333,JELLY_C,0.9483,0.0000,1.00,J_GLIDE,21.73,0.0295,0.151,0.5809,3.8407,-3.7560,0.00458,0.00438,0.00548,0.02915,-0.0011
51.6667,JELLY_A,0.6324,-0.0205,0.05,J_PAUSE_OPEN,14.82,0.0205,0.000,1.1517,2.3795,-3.3175,0.00364,0.00493,0.00058,0.04042,0.0096
51.6667,JELLY_B,0.6733,-0.1994,1.00,J_PULSE_CRUISE,12.61,0.0063,0.104,1.5203,3.2285,-3.6425,0.00357,0.01036,0.00224,0.03326,0.1055
51.6667,JELLY_C,0.9615,0.0000,1.00,J_GLIDE,21.68,0.0294,0.151,0.5810,3.8408,-3.7558,0.00460,0.00442,0.00549,0.02934,-0.0008
51.7000,JELLY_A,0.6430,-0.0174,0.05,J_PAUSE_OPEN,14.78,0.0205,0.000,1.1519,2.3796,-3.3175,0.00364,0.00487,0.00057,0.04044,0.0084
51.7000,JELLY_B,0.6859,-0.1054,1.00,J_PULSE_CRUISE,12.60,0.0064,0.104,1.5204,3.2288,-3.6424,0.00360,0.01050,0.00226,0.03355,0.0839
51.7000,JELLY_C,0.9746,0.0000,1.00,J_GLIDE,21.62,0.0293,0.151,0.5812,3.8409,-3.7556,0.00462,0.00446,0.00550,0.02950,-0.0006
51.7333,JELLY_A,0.6535,-0.0143,0.05,J_PAUSE_OPEN,14.74,0.0204,0.000,1.1520,2.3798,-3.3174,0.00363,0.00482,0.00056,0.04047,0.0072
51.7333,JELLY_B,0.6986,-0.0107,1.00,J_PULSE_CRUISE,12.59,0.0065,0.104,1.5205,3.2292,-3.6423,0.00364,0.01063,0.00228,0.03386,0.0650
51.7333,JELLY_C,0.9877,0.0000,1.00,J_GLIDE,21.57,0.0293,0.151,0.5814,3.8411,-3.7554,0.00464,0.00449,0.00551,0.02965,-0.0004
51.7667,JELLY_A,0.6641,-0.0111,0.05,J_PAUSE_OPEN,14.70,0.0204,0.000,1.1521,2.3799,-3.3174,0.00362,0.00476,0.00056,0.04049,0.0062
51.7667,JELLY_B,0.7112,0.0000,1.00,J_GLIDE,12.58,0.0067,0.104,1.5207,3.2296,-3.6422,0.00367,0.01076,0.00229,0.03420,0.0487
51.7667,JELLY_C,0.0008,0.0379,1.00,J_PULSE_CRUISE,21.52,0.0292,0.166,0.5815,3.8412,-3.7552,0.00465,0.00448,0.00551,0.02977,-0.0002
51.8000,JELLY_A,0.6746,-0.0079,0.05,J_PAUSE_OPEN,14.67,0.0204,0.000,1.1522,2.3801,-3.3174,0.00361,0.00471,0.00055,0.04051,0.0052
51.8000,JELLY_B,0.7239,0.0000,1.00,J_GLIDE,12.58,0.0068,0.104,1.5208,3.2299,-3.6422,0.00370,0.01088,0.00231,0.03454,0.0352
51.8000,JELLY_C,0.0139,0.6684,1.00,J_PULSE_CRUISE,21.46,0.0298,0.166,0.5817,3.8414,-3.7551,0.00463,0.00437,0.00547,0.02987,0.0003
51.8333,JELLY_A,0.6851,-0.0046,0.05,J_PAUSE_OPEN,14.63,0.0204,0.000,1.1523,2.3803,-3.3174,0.00360,0.00465,0.00055,0.04054,0.0043
51.8333,JELLY_B,0.7365,0.0000,1.00,J_GLIDE,12.57,0.0070,0.104,1.5209,3.2303,-3.6421,0.00373,0.01099,0.00232,0.03491,0.0243
51.8333,JELLY_C,0.0270,1.2706,1.00,J_PULSE_CRUISE,21.41,0.0312,0.166,0.5818,3.8415,-3.7549,0.00463,0.00429,0.00545,0.02994,0.0020
51.8667,JELLY_A,0.6957,-0.0013,0.05,J_PAUSE_OPEN,14.59,0.0204,0.000,1.1525,2.3804,-3.3174,0.00359,0.00460,0.00054,0.04056,0.0035
51.8667,JELLY_B,0.7492,0.0000,1.00,J_GLIDE,12.56,0.0072,0.104,1.5210,3.2306,-3.6420,0.00376,0.01109,0.00233,0.03528,0.0156
51.8667,JELLY_C,0.0401,1.8189,1.00,J_PULSE_CRUISE,21.35,0.0336,0.166,0.5820,3.8417,-3.7547,0.00463,0.00426,0.00544,0.02998,0.0068
51.9000,JELLY_A,0.7062,0.0000,0.05,J_PAUSE_OPEN,14.55,0.0203,0.000,1.1526,2.3806,-3.3174,0.00359,0.00454,0.00053,0.04059,0.0028
51.9000,JELLY_B,0.7618,0.0000,1.00,J_GLIDE,12.54,0.0074,0.104,1.5212,3.2310,-3.6419,0.00379,0.01118,0.00234,0.03566,0.0090
51.9000,JELLY_C,0.0532,2.2904,1.00,J_PULSE_CRUISE,21.30,0.0369,0.166,0.5821,3.8418,-3.7545,0.00465,0.00430,0.00545,0.02999,0.0166
51.9333,JELLY_A,0.7168,0.0000,0.05,J_PAUSE_OPEN,14.51,0.0203,0.000,1.1527,2.3807,-3.3173,0.00358,0.00449,0.00053,0.04061,0.0021
51.9333,JELLY_B,0.7745,0.0000,1.00,J_GLIDE,12.53,0.0075,0.104,1.5213,3.2314,-3.6418,0.00381,0.01126,0.00235,0.03605,0.0041
51.9333,JELLY_C,0.0663,2.6651,1.00,J_PULSE_CRUISE,21.23,0.0411,0.166,0.5823,3.8420,-3.7543,0.00468,0.00439,0.00547,0.02998,0.0334
51.9667,JELLY_A,0.7273,0.0000,0.05,J_PAUSE_OPEN,14.47,0.0203,0.000,1.1528,2.3809,-3.3173,0.00357,0.00443,0.00052,0.04064,0.0016
51.9667,JELLY_B,0.7871,0.0000,1.00,J_GLIDE,12.52,0.0077,0.104,1.5214,3.2318,-3.6418,0.00384,0.01133,0.00236,0.03645,0.0006
51.9667,JELLY_C,0.0794,2.9271,1.00,J_PULSE_CRUISE,21.17,0.0460,0.166,0.5824,3.8421,-3.7541,0.00473,0.00454,0.00552,0.02996,0.0588
52.0000,JELLY_A,0.7378,0.0000,0.05,J_PAUSE_OPEN,14.43,0.0203,0.000,1.1529,2.3810,-3.3173,0.00356,0.00438,0.00052,0.04066,0.0012
52.0000,JELLY_B,0.7998,0.0000,1.00,J_GLIDE,12.51,0.0079,0.104,1.5215,3.2321,-3.6417,0.00386,0.01140,0.00237,0.03685,-0.0018
52.0000,JELLY_C,0.0925,3.0656,1.00,J_PULSE_CRUISE,21.10,0.0513,0.166,0.5826,3.8423,-3.7540,0.00478,0.00472,0.00557,0.02995,0.0941
52.0333,JELLY_A,0.7484,0.0000,0.05,J_PAUSE_OPEN,14.39,0.0202,0.000,1.1531,2.3811,-3.3173,0.00355,0.00433,0.00051,0.04069,0.0008
52.0333,JELLY_B,0.8124,0.0000,1.00,J_GLIDE,12.49,0.0081,0.104,1.5217,3.2325,-3.6416,0.00388,0.01146,0.00237,0.03724,-0.0033
52.0333,JELLY_C,0.1056,3.0747,1.00,J_PULSE_CRUISE,21.03,0.0567,0.166,0.5828,3.8424,-3.7538,0.00484,0.00491,0.00563,0.02993,0.1396
52.0667,JELLY_A,0.7589,0.0000,0.05,J_PAUSE_OPEN,14.36,0.0202,0.000,1.1532,2.3813,-3.3173,0.00354,0.00427,0.00050,0.04072,0.0005
52.0667,JELLY_B,0.8251,0.0000,1.00,J_GLIDE,12.48,0.0083,0.104,1.5218,3.2329,-3.6415,0.00390,0.01152,0.00238,0.03763,-0.0041
52.0667,JELLY_C,0.1187,2.9541,1.00,J_PULSE_CRUISE,20.96,0.0619,0.166,0.5829,3.8426,-3.7536,0.00489,0.00509,0.00568,0.02992,0.1952
52.1000,JELLY_A,0.7694,0.0000,0.05,J_PAUSE_OPEN,14.32,0.0202,0.000,1.1533,2.3814,-3.3173,0.00353,0.00422,0.00050,0.04074,0.0003
52.1000,JELLY_B,0.8377,0.0000,1.00,J_GLIDE,12.47,0.0085,0.104,1.5219,3.2333,-3.6415,0.00392,0.01156,0.00238,0.03802,-0.0044
52.1000,JELLY_C,0.1318,2.7089,1.00,J_PULSE_CRUISE,20.88,0.0666,0.166,0.5831,3.8428,-3.7534,0.00493,0.00522,0.00571,0.02991,0.2599
52.1333,JELLY_A,0.7800,0.0000,0.05,J_PAUSE_OPEN,14.28,0.0201,0.000,1.1534,2.3816,-3.3172,0.00353,0.00416,0.00049,0.04077,0.0001
52.1333,JELLY_B,0.8503,0.0000,1.00,J_GLIDE,12.45,0.0087,0.104,1.5221,3.2337,-3.6414,0.00393,0.01160,0.00238,0.03840,-0.0043
52.1333,JELLY_C,0.1449,2.3494,1.00,J_PULSE_CRUISE,20.80,0.0705,0.166,0.5832,3.8429,-3.7532,0.00496,0.00530,0.00573,0.02991,0.3321
52.1667,JELLY_A,0.7905,0.0000,0.05,J_PAUSE_OPEN,14.24,0.0201,0.000,1.1535,2.3817,-3.3172,0.00352,0.00411,0.00049,0.04079,-0.0000
52.1667,JELLY_B,0.8630,0.0000,1.00,J_GLIDE,12.44,0.0089,0.104,1.5222,3.2341,-3.6413,0.00395,0.01164,0.00239,0.03877,-0.0041
52.1667,JELLY_C,0.1580,1.8910,1.00,J_PULSE_CRUISE,20.72,0.0734,0.166,0.5834,3.8431,-3.7530,0.00497,0.00532,0.00573,0.02990,0.4098
52.2000,JELLY_A,0.8010,0.0000,0.05,J_PAUSE_OPEN,14.20,0.0201,0.000,1.1536,2.3818,-3.3172,0.00351,0.00406,0.00048,0.04081,-0.0001
52.2000,JELLY_B,0.8756,0.0000,1.00,J_GLIDE,12.42,0.0091,0.104,1.5223,3.2345,-3.6412,0.00396,0.01166,0.00239,0.03912,-0.0037
52.2000,JELLY_C,0.1711,1.3529,1.00,J_PULSE_CRUISE,20.63,0.0751,0.166,0.5836,3.8433,-3.7528,0.00497,0.00527,0.00571,0.02989,0.4902
52.2333,JELLY_A,0.8116,0.0000,0.05,J_PAUSE_OPEN,14.16,0.0201,0.000,1.1538,2.3820,-3.3172,0.00350,0.00400,0.00047,0.04084,-0.0002
52.2333,JELLY_B,0.8882,0.0000,1.00,J_GLIDE,12.40,0.0093,0.104,1.5225,3.2349,-3.6411,0.00397,0.01169,0.00239,0.03946,-0.0032
52.2333,JELLY_C,0.1842,0.7579,1.00,J_PULSE_CRUISE,20.55,0.0755,0.166,0.5837,3.8435,-3.7526,0.00495,0.00518,0.00568,0.02988,0.5706
52.2667,JELLY_A,0.8221,0.0000,0.05,J_PAUSE_OPEN,14.12,0.0200,0.000,1.1539,2.3821,-3.3172,0.00349,0.00395,0.00047,0.04086,-0.0002
52.2667,JELLY_B,0.9009,0.0000,1.00,J_GLIDE,12.39,0.0095,0.104,1.5226,3.2352,-3.6411,0.00399,0.01170,0.00239,0.03979,-0.0027
52.2667,JELLY_C,0.1973,0.1311,1.00,J_PULSE_CRUISE,20.47,0.0745,0.166,0.5839,3.8436,-3.7524,0.00493,0.00506,0.00564,0.02987,0.6480
52.3000,JELLY_A,0.8326,0.0000,0.05,J_PAUSE_OPEN,14.09,0.0200,0.000,1.1540,2.3822,-3.3172,0.00348,0.00389,0.00046,0.04088,-0.0002
52.3000,JELLY_B,0.9135,0.0000,1.00,J_GLIDE,12.37,0.0097,0.104,1.5227,3.2356,-3.6410,0.00400,0.01171,0.00239,0.04010,-0.0022
52.3000,JELLY_C,0.2104,-0.0805,1.00,J_PULSE_CRUISE,20.39,0.0727,0.166,0.5841,3.8438,-3.7523,0.00491,0.00493,0.00560,0.02986,0.7194
52.3333,JELLY_A,0.8432,0.0000,0.05,J_PAUSE_OPEN,14.05,0.0200,0.000,1.1541,2.3824,-3.3171,0.00348,0.00384,0.00046,0.04090,-0.0002
52.3333,JELLY_B,0.9262,0.0000,1.00,J_GLIDE,12.35,0.0099,0.104,1.5228,3.2360,-3.6409,0.00401,0.01172,0.00238,0.04038,-0.0018
52.3333,JELLY_C,0.2235,-0.1814,1.00,J_PULSE_CRUISE,20.31,0.0710,0.166,0.5842,3.8440,-3.7521,0.00489,0.00481,0.00556,0.02984,0.7827
52.3667,JELLY_A,0.8537,0.0000,0.05,J_PAUSE_OPEN,14.01,0.0199,0.000,1.1542,2.3825,-3.3171,0.00347,0.00379,0.00045,0.04092,-0.0002
52.3667,JELLY_B,0.9388,0.0000,1.00,J_GLIDE,12.33,0.0101,0.104,1.5230,3.2364,-3.6408,0.00401,0.01172,0.00238,0.04065,-0.0014
52.3667,JELLY_C,0.2366,-0.2810,1.00,J_PULSE_CRUISE,20.23,0.0694,0.166,0.5844,3.8441,-3.7519,0.00487,0.00469,0.00552,0.02983,0.8366
52.4000,JELLY_A,0.8642,0.0000,0.05,J_PAUSE_OPEN,13.97,0.0199,0.000,1.1543,2.3826,-3.3171,0.00346,0.00373,0.00044,0.04094,-0.0002
52.4000,JELLY_B,0.9514,0.0000,1.00,J_GLIDE,12.32,0.0102,0.104,1.5231,3.2368,-3.6407,0.00402,0.01172,0.00238,0.04089,-0.0011
52.4000,JELLY_C,0.2497,-0.3787,1.00,J_PULSE_CRUISE,20.16,0.0678,0.166,0.5846,3.8443,-3.7517,0.00485,0.00457,0.00548,0.02983,0.8806
52.4333,JELLY_A,0.8748,0.0000,0.05,J_PAUSE_OPEN,13.93,0.0199,0.000,1.1545,2.3827,-3.3171,0.00345,0.00368,0.00044,0.04096,-0.0002
52.4333,JELLY_B,0.9640,0.0000,1.00,J_GLIDE,12.30,0.0104,0.104,1.5233,3.2372,-3.6407,0.00403,0.01171,0.00238,0.04110,-0.0008
52.4333,JELLY_C,0.2628,-0.4739,1.00,J_PULSE_CRUISE,20.08,0.0662,0.166,0.5847,3.8444,-3.7515,0.00483,0.00445,0.00545,0.02982,0.9149
52.4667,JELLY_A,0.8853,0.0000,0.05,J_PAUSE_OPEN,13.90,0.0198,0.000,1.1546,2.3829,-3.3171,0.00344,0.00362,0.00043,0.04097,-0.0002
52.4667,JELLY_B,0.9767,0.0000,1.00,J_GLIDE,12.28,0.0106,0.104,1.5234,3.2376,-3.6406,0.00403,0.01170,0.00237,0.04129,-0.0005
52.4667,JELLY_C,0.2758,-0.5658,1.00,J_PULSE_CRUISE,20.01,0.0648,0.166,0.5849,3.8446,-3.7513,0.00481,0.00433,0.00541,0.02982,0.9398
52.5000,JELLY_A,0.8958,0.0000,0.05,J_PAUSE_OPEN,13.86,0.0198,0.000,1.1547,2.3830,-3.3171,0.00343,0.00357,0.00043,0.04099,-0.0002
52.5000,JELLY_B,0.9893,0.0000,1.00,J_GLIDE,12.26,0.0107,0.104,1.5235,3.2380,-3.6405,0.00404,0.01168,0.00237,0.04145,-0.0004
52.5000,JELLY_C,0.2889,-0.6539,1.00,J_PULSE_CRUISE,19.93,0.0633,0.166,0.5850,3.8447,-3.7512,0.00479,0.00422,0.00537,0.02981,0.9560
52.5333,JELLY_A,0.9064,0.0000,0.05,J_PAUSE_OPEN,13.82,0.0198,0.000,1.1548,2.3831,-3.3171,0.00342,0.00352,0.00042,0.04100,-0.0001
52.5333,JELLY_B,0.0019,0.0900,1.00,J_SOFT_TURN,12.24,0.0109,0.127,1.5237,3.2384,-3.6404,0.00404,0.01163,0.00236,0.04159,-0.0002
52.5333,JELLY_C,0.3020,-0.7375,1.00,J_PULSE_CRUISE,19.86,0.0619,0.166,0.5852,3.8449,-3.7510,0.00477,0.00410,0.00534,0.02981,0.9643
52.5667,JELLY_A,0.9169,0.0000,0.05,J_PAUSE_OPEN,13.78,0.0197,0.000,1.1549,2.3832,-3.3170,0.00341,0.00346,0.00041,0.04102,-0.0001
52.5667,JELLY_B,0.0146,0.6739,1.00,J_SOFT_TURN,12.22,0.0104,0.127,1.5238,3.2387,-3.6403,0.00402,0.01148,0.00233,0.04169,0.0002
52.5667,JELLY_C,0.3151,-0.8162,1.00,J_PULSE_CRUISE,19.79,0.0605,0.166,0.5854,3.8450,-3.7508,0.00475,0.00399,0.00530,0.02981,0.9655
52.6000,JELLY_A,0.9274,0.0000,0.05,J_PAUSE_OPEN,13.75,0.0197,0.000,1.1550,2.3833,-3.3170,0.00341,0.00341,0.00041,0.04103,-0.0001
52.6000,JELLY_B,0.0272,1.2313,1.00,J_SOFT_TURN,12.20,0.0094,0.127,1.5239,3.2391,-3.6403,0.00400,0.01136,0.00231,0.04176,0.0018
52.6000,JELLY_C,0.3282,-0.8893,1.00,J_PULSE_CRUISE,19.72,0.0592,0.166,0.5855,3.8451,-3.7506,0.00474,0.00387,0.00527,0.02981,0.9604
52.6333,JELLY_A,0.9379,0.0000,0.05,J_PAUSE_OPEN,13.71,0.0196,0.000,1.1551,2.3834,-3.3170,0.00340,0.00336,0.00040,0.04104,-0.0001
52.6333,JELLY_B,0.0398,1.7402,1.00,J_SOFT_TURN,12.18,0.0083,0.127,1.5241,3.2395,-3.6402,0.00400,0.01129,0.00230,0.04180,0.0061
52.6333,JELLY_C,0.3413,-0.9564,1.00,J_PULSE_CRUISE,19.65,0.0579,0.166,0.5857,3.8453,-3.7505,0.00472,0.00376,0.00524,0.02980,0.9498
52.6667,JELLY_A,0.9485,0.0000,0.05,J_PAUSE_OPEN,13.67,0.0196,0.000,1.1553,2.3836,-3.3170,0.00339,0.00330,0.00040,0.04105,-0.0001
52.6667,JELLY_B,0.0524,2.1809,1.00,J_SOFT_TURN,12.17,0.0079,0.127,1.5242,3.2399,-3.6401,0.00400,0.01128,0.00230,0.04181,0.0151
52.6667,JELLY_C,0.3544,-1.0170,1.00,J_PULSE_CRUISE,19.59,0.0567,0.166,0.5858,3.8454,-3.7503,0.00470,0.00365,0.00520,0.02979,0.9343
52.7000,JELLY_A,0.9590,0.0000,0.05,J_PAUSE_OPEN,13.63,0.0196,0.000,1.1554,2.3837,-3.3170,0.00338,0.00325,0.00039,0.04106,-0.0000
52.7000,JELLY_B,0.0650,2.5359,1.00,J_SOFT_TURN,12.17,0.0091,0.127,1.5243,3.2403,-3.6400,0.00402,0.01133,0.00230,0.04182,0.0304
52.7000,JELLY_C,0.3674,-1.0707,1.00,J_PULSE_CRUISE,19.52,0.0555,0.166,0.5860,3.8455,-3.7501,0.00468,0.00354,0.00517,0.02971,0.9145
52.7333,JELLY_A,0.9695,0.0000,0.05,J_PAUSE_OPEN,13.60,0.0195,0.000,1.1555,2.3838,-3.3170,0.00337,0.00320,0.00039,0.04106,-0.0000
52.7333,JELLY_B,0.0777,2.7916,1.00,J_SOFT_TURN,12.17,0.0120,0.127,1.5245,3.2406,-3.6400,0.00404,0.01142,0.00231,0.04182,0.0536
52.7333,JELLY_C,0.3805,-1.1172,1.00,J_PULSE_CRUISE,19.45,0.0543,0.166,0.5861,3.8456,-3.7499,0.00467,0.00343,0.00514,0.02954,0.8910
52.7667,JELLY_A,0.9800,0.0000,0.05,J_PAUSE_OPEN,13.56,0.0195,0.000,1.1556,2.3839,-3.3170,0.00336,0.00314,0.00038,0.04107,-0.0000
52.7667,JELLY_B,0.0903,2.9379,1.00,J_SOFT_TURN,12.18,0.0158,0.127,1.5246,3.2410,-3.6399,0.00407,0.01156,0.00232,0.04181,0.0858
52.7667,JELLY_C,0.3936,-1.1562,1.00,J_PULSE_CRUISE,19.39,0.0532,0.166,0.5863,3.8457,-3.7498,0.00465,0.00332,0.00511,0.02925,0.8643
52.8000,JELLY_A,0.9906,0.0000,0.05,J_PAUSE_OPEN,13.52,0.0195,0.000,1.1557,2.3840,-3.3170,0.00335,0.00309,0.00037,0.04107,-0.0000
52.8000,JELLY_B,0.1029,2.9692,1.00,J_SOFT_TURN,12.20,0.0199,0.127,1.5247,3.2414,-3.6398,0.00410,0.01170,0.00234,0.04181,0.1276
52.8000,JELLY_C,0.4067,-1.1873,1.00,J_PULSE_CRUISE,19.32,0.0521,0.166,0.5865,3.8458,-3.7496,0.00464,0.00322,0.00508,0.02884,0.8348
52.8333,JELLY_A,0.0011,0.0427,1.00,J_SOFT_TURN,13.48,0.0194,0.375,1.1558,2.3841,-3.3169,0.00335,0.00304,0.00037,0.04107,0.0000
52.8333,JELLY_B,0.1155,2.8842,1.00,J_SOFT_TURN,12.22,0.0240,0.127,1.5249,3.2418,-3.6397,0.00413,0.01183,0.00235,0.04181,0.1789
52.8333,JELLY_C,0.4198,-1.2104,1.00,J_PULSE_CRUISE,19.26,0.0511,0.166,0.5866,3.8459,-3.7494,0.00462,0.00312,0.00505,0.02832,0.8029
52.8667,JELLY_A,0.0116,0.4502,1.00,J_SOFT_TURN,13.45,0.0175,0.375,1.1559,2.3842,-3.3169,0.00334,0.00298,0.00036,0.04107,0.0006
52.8667,JELLY_B,0.1281,2.6865,1.00,J_SOFT_TURN,12.25,0.0278,0.127,1.5250,3.2422,-3.6396,0.00415,0.01193,0.00236,0.04180,0.2390
52.8667,JELLY_C,0.4328,-1.2254,1.00,J_PULSE_CRUISE,19.20,0.0500,0.166,0.5868,3.8460,-3.7493,0.00461,0.00304,0.00503,0.02772,0.7689
52.9000,JELLY_A,0.0221,0.8454,1.00,J_SOFT_TURN,13.42,0.0133,0.375,1.1560,2.3843,-3.3169,0.00333,0.00294,0.00036,0.04106,0.0024
52.9000,JELLY_B,0.1407,2.3838,1.00,J_SOFT_TURN,12.29,0.0310,0.127,1.5251,3.2426,-3.6396,0.00417,0.01199,0.00237,0.04180,0.3066
52.9000,JELLY_C,0.4459,-1.2320,1.00,J_PULSE_CRUISE,19.13,0.0490,0.166,0.5869,3.8461,-3.7491,0.00461,0.00298,0.00501,0.02706,0.7332
52.9333,JELLY_A,0.0327,1.2175,1.00,J_SOFT_TURN,13.40,0.0076,0.375,1.1561,2.3844,-3.3169,0.00333,0.00292,0.00035,0.04104,0.0060
52.9333,JELLY_B,0.1533,1.9880,1.00,J_SOFT_TURN,12.34,0.0335,0.127,1.5253,3.2430,-3.6395,0.00417,0.01198,0.00236,0.04180,0.3800
52.9333,JELLY_C,0.4590,-1.2304,1.00,J_PULSE_CRUISE,19.07,0.0481,0.166,0.5871,3.8462,-3.7489,0.00461,0.00294,0.00499,0.02636,0.6960
52.9667,JELLY_A,0.0432,1.5563,1.00,J_SOFT_TURN,13.39,0.0067,0.375,1.1563,2.3845,-3.3169,0.00334,0.00294,0.00035,0.04101,0.0122
52.9667,JELLY_B,0.1659,1.5145,1.00,J_SOFT_TURN,12.38,0.0352,0.127,1.5254,3.2434,-3.6394,0.00416,0.01191,0.00235,0.04180,0.4569
52.9667,JELLY_C,0.4721,-1.2205,1.00,J_PULSE_CRUISE,19.01,0.0472,0.166,0.5872,3.8463,-3.7488,0.00461,0.00292,0.00498,0.02566,0.6576
53.0000,JELLY_A,0.0537,1.8527,1.00,J_SOFT_TURN,13.40,0.0154,0.375,1.1564,2.3846,-3.3169,0.00335,0.00298,0.00035,0.04098,0.0219
53.0000,JELLY_B,0.1785,0.9821,1.00,J_SOFT_TURN,12.43,0.0359,0.127,1.5256,3.2438,-3.6393,0.00415,0.01180,0.00233,0.04179,0.5350
53.0000,JELLY_C,0.4851,-1.2023,1.00,J_PULSE_CRUISE,18.95,0.0463,0.166,0.5874,3.8464,-3.7486,0.00463,0.00292,0.00498,0.02498,0.6183
53.0333,JELLY_A,0.0642,2.0986,1.00,J_SOFT_TURN,13.43,0.0271,0.375,1.1565,2.3847,-3.3169,0.00337,0.00306,0.00036,0.04094,0.0360
53.0333,JELLY_B,0.1912,0.4114,1.00,J_SOFT_TURN,12.48,0.0356,0.127,1.5257,3.2442,-3.6393,0.00413,0.01165,0.00231,0.04179,0.6114
53.0333,JELLY_C,0.4982,-1.1760,1.00,J_PULSE_CRUISE,18.89,0.0454,0.166,0.5875,3.8465,-3.7484,0.00464,0.00296,0.00498,0.02436,0.5784
53.0667,JELLY_A,0.0748,2.2872,1.00,J_SOFT_TURN,13.49,0.0400,0.375,1.1566,2.3848,-3.3169,0.00340,0.00318,0.00036,0.04090,0.0553
53.0667,JELLY_B,0.2038,-0.0280,1.00,J_SOFT_TURN,12.53,0.0343,0.127,1.5258,3.2446,-3.6392,0.00411,0.01149,0.00229,0.04179,0.6836
53.0667,JELLY_C,0.5113,-1.1418,1.00,J_PULSE_CRUISE,18.83,0.0446,0.166,0.5877,3.8466,-3.7483,0.00467,0.00301,0.00499,0.02381,0.5381
53.1000,JELLY_A,0.0853,2.4135,1.00,J_SOFT_TURN,13.57,0.0535,0.375,1.1567,2.3849,-3.3168,0.00344,0.00331,0.00037,0.04087,0.0804
53.1000,JELLY_B,0.2164,-0.1219,1.00,J_SOFT_TURN,12.58,0.0330,0.127,1.5260,3.2449,-3.6391,0.00408,0.01133,0.00226,0.04178,0.7491
53.1000,JELLY_C,0.5244,-1.1000,1.00,J_PULSE_CRUISE,18.77,0.0438,0.166,0.5878,3.8467,-3.7481,0.00470,0.00310,0.00501,0.02338,0.4976
53.1333,JELLY_A,0.0958,2.4740,1.00,J_SOFT_TURN,13.67,0.0673,0.375,1.1568,2.3850,-3.3168,0.00347,0.00346,0.00037,0.04083,0.1117
53.1333,JELLY_B,0.2290,-0.2149,1.00,J_SOFT_TURN,12.62,0.0316,0.127,1.5261,3.2453,-3.6390,0.00406,0.01118,0.00224,0.04178,0.8064
53.1333,JELLY_C,0.5374,-1.0507,1.00,J_PULSE_CRUISE,18.71,0.0430,0.166,0.5880,3.8468,-3.7479,0.00474,0.00320,0.00502,0.02307,0.4573
53.1667,JELLY_A,0.1063,2.4670,1.00,J_SOFT_TURN,13.80,0.0808,0.375,1.1569,2.3851,-3.3168,0.00351,0.00361,0.00038,0.04080,0.1493
53.1667,JELLY_B,0.2416,-0.3065,1.00,J_SOFT_TURN,12.67,0.0303,0.127,1.5262,3.2457,-3.6390,0.00404,0.01103,0.00222,0.04178,0.8547
53.1667,JELLY_C,0.5505,-0.9943,1.00,J_PULSE_CRUISE,18.66,0.0423,0.166,0.5882,3.8469,-3.7478,0.00478,0.00333,0.00505,0.02289,0.4174
53.2000,JELLY_A,0.1169,2.3928,1.00,J_SOFT_TURN,13.95,0.0935,0.375,1.1571,2.3852,-3.3168,0.00355,0.00375,0.00039,0.04078,0.1930
53.2000,JELLY_B,0.2542,-0.3962,1.00,J_SOFT_TURN,12.71,0.0291,0.127,1.5264,3.2461,-3.6389,0.00402,0.01088,0.00219,0.04178,0.8938
53.2000,JELLY_C,0.5636,-0.9313,1.00,J_PULSE_CRUISE,18.60,0.0415,0.166,0.5883,3.8471,-3.7476,0.00482,0.00347,0.00507,0.02283,0.3781
53.2333,JELLY_A,0.1274,2.2534,1.00,J_SOFT_TURN,14.13,0.1052,0.375,1.1572,2.3854,-3.3168,0.00358,0.00387,0.00039,0.04075,0.2424
53.2333,JELLY_B,0.2668,-0.4834,1.00,J_SOFT_TURN,12.74,0.0278,0.127,1.5265,3.2464,-3.6388,0.00400,0.01073,0.00217,0.04177,0.9239
53.2333,JELLY_C,0.5766,-0.8619,1.00,J_PULSE_CRUISE,18.54,0.0408,0.166,0.5885,3.8472,-3.7474,0.00487,0.00363,0.00510,0.02283,0.3396
53.2667,JELLY_A,0.1379,2.0526,1.00,J_SOFT_TURN,14.33,0.1153,0.375,1.1573,2.3855,-3.3168,0.00361,0.00396,0.00040,0.04072,0.2967
53.2667,JELLY_B,0.2793,-0.5676,1.00,J_SOFT_TURN,12.78,0.0267,0.127,1.5266,3.2468,-3.6387,0.00398,0.01058,0.00215,0.04177,0.9455
53.2667,JELLY_C,0.5897,-0.7868,1.00,J_PULSE_CRUISE,18.49,0.0401,0.166,0.5886,3.8473,-3.7473,0.00492,0.00380,0.00513,0.02288,0.3023
53.3000,JELLY_A,0.1484,1.7959,1.00,J_SOFT_TURN,14.55,0.1236,0.375,1.1574,2.3856,-3.3168,0.00363,0.00402,0.00040,0.04070,0.3551
53.3000,JELLY_B,0.2919,-0.6481,1.00,J_SOFT_TURN,12.81,0.0255,0.127,1.5268,3.2471,-3.6387,0.00396,0.01044,0.00213,0.04177,0.9593
53.3000,JELLY_C,0.6028,-0.7064,1.00,J_PULSE_CRUISE,18.43,0.0395,0.166,0.5888,3.8474,-3.7471,0.00497,0.00397,0.00516,0.02296,0.2664
53.3333,JELLY_A,0.1589,1.4902,1.00,J_SOFT_TURN,14.78,0.1298,0.375,1.1575,2.3858,-3.3168,0.00364,0.00405,0.00040,0.04067,0.4163
53.3333,JELLY_B,0.3045,-0.7246,1.00,J_SOFT_TURN,12.85,0.0244,0.127,1.5269,3.2475,-3.6386,0.00394,0.01030,0.00211,0.04178,0.9658
53.3333,JELLY_C,0.6158,-0.6213,1.00,J_PULSE_CRUISE,18.37,0.0389,0.166,0.5890,3.8476,-3.7469,0.00502,0.00413,0.00519,0.02307,0.2321
53.3667,JELLY_A,0.1695,1.1440,1.00,J_SOFT_TURN,15.02,0.1336,0.375,1.1577,2.3859,-3.3167,0.00364,0.00404,0.00040,0.04063,0.4792
53.3667,JELLY_B,0.3171,-0.7965,1.00,J_SOFT_TURN,12.88,0.0234,0.127,1.5270,3.2478,-3.6385,0.00391,0.01016,0.00209,0.04178,0.9659
53.3667,JELLY_C,0.6289,-0.5320,1.00,J_PULSE_CRUISE,18.32,0.0383,0.166,0.5891,3.8477,-3.7467,0.00507,0.00430,0.00522,0.02321,0.1995
53.4000,JELLY_A,0.1800,0.7666,1.00,J_SOFT_TURN,15.26,0.1350,0.375,1.1578,2.3860,-3.3167,0.00363,0.00401,0.00039,0.04060,0.5422
53.4000,JELLY_B,0.3297,-0.8634,1.00,J_SOFT_TURN,12.91,0.0223,0.127,1.5272,3.2481,-3.6385,0.00390,0.01002,0.00207,0.04178,0.9603
53.4000,JELLY_C,0.6420,-0.4391,1.00,J_PULSE_CRUISE,18.26,0.0377,0.166,0.5893,3.8479,-3.7466,0.00512,0.00446,0.00524,0.02337,0.1691
53.4333,JELLY_A,0.1905,0.3683,1.00,J_SOFT_TURN,15.51,0.1337,0.375,1.1579,2.3862,-3.3167,0.00362,0.00396,0.00039,0.04057,0.6039
53.4333,JELLY_B,0.3423,-0.9249,1.00,J_SOFT_TURN,12.93,0.0213,0.127,1.5273,3.2485,-3.6384,0.00388,0.00989,0.00205,0.04177,0.9496
53.4333,JELLY_C,0.6550,-0.3433,1.00,J_PULSE_CRUISE,18.21,0.0371,0.166,0.5895,3.8480,-3.7464,0.00516,0.00463,0.00527,0.02355,0.1408
53.4667,JELLY_A,0.2010,-0.0064,1.00,J_SOFT_TURN,15.75,0.1299,0.375,1.1580,2.3863,-3.3167,0.00361,0.00389,0.00038,0.04055,0.6629
53.4667,JELLY_B,0.3549,-0.9806,1.00,J_SOFT_TURN,12.96,0.0204,0.127,1.5274,3.2488,-3.6383,0.00386,0.00976,0.00203,0.04167,0.9344
53.4667,JELLY_C,0.6681,-0.2451,1.00,J_PULSE_CRUISE,18.16,0.0366,0.166,0.5897,3.8482,-3.7462,0.00521,0.00479,0.00529,0.02375,0.1150
53.5000,JELLY_A,0.2115,-0.0719,1.00,J_SOFT_TURN,15.99,0.1255,0.375,1.1581,2.3864,-3.3167,0.00360,0.00383,0.00038,0.04052,0.7180
53.5000,JELLY_B,0.3675,-1.0301,1.00,J_SOFT_TURN,12.98,0.0194,0.127,1.5276,3.2491,-3.6383,0.00384,0.00963,0.00201,0.04145,0.9153
53.5000,JELLY_C,0.6812,-0.1454,1.00,J_PULSE_CRUISE,18.10,0.0360,0.166,0.5898,3.8483,-3.7460,0.00525,0.00494,0.00532,0.02396,0.0918
53.5333,JELLY_A,0.2221,-0.1370,1.00,J_SOFT_TURN,16.22,0.1211,0.375,1.1583,2.3866,-3.3167,0.00359,0.00377,0.00037,0.04050,0.7683
53.5333,JELLY_B,0.3801,-1.0732,1.00,J_SOFT_TURN,13.00,0.0186,0.127,1.5277,3.2494,-3.6382,0.00382,0.00950,0.00199,0.04107,0.8927
53.5333,JELLY_C,0.6942,-0.0447,1.00,J_PULSE_CRUISE,18.05,0.0355,0.166,0.5900,3.8485,-3.7459,0.00530,0.00510,0.00534,0.02419,0.0713
53.5667,JELLY_A,0.2326,-0.2016,1.00,J_SOFT_TURN,16.44,0.1169,0.375,1.1584,2.3867,-3.3167,0.00357,0.00371,0.00036,0.04048,0.8130
53.5667,JELLY_B,0.3926,-1.1095,1.00,J_SOFT_TURN,13.03,0.0177,0.127,1.5278,3.2497,-3.6381,0.00380,0.00937,0.00197,0.04053,0.8672
53.5667,JELLY_C,0.7073,0.0000,1.00,J_GLIDE,18.00,0.0350,0.166,0.5902,3.8487,-3.7457,0.00534,0.00525,0.00536,0.02444,0.0537
53.6000,JELLY_A,0.2431,-0.2653,1.00,J_SOFT_TURN,16.65,0.1128,0.375,1.1585,2.3868,-3.3167,0.00356,0.00365,0.00036,0.04046,0.8517
53.6000,JELLY_B,0.4052,-1.1389,1.00,J_SOFT_TURN,13.04,0.0169,0.127,1.5279,3.2501,-3.6381,0.00378,0.00925,0.00195,0.03987,0.8390
53.6000,JELLY_C,0.7203,0.0000,1.00,J_GLIDE,17.94,0.0346,0.166,0.5904,3.8489,-3.7455,0.00538,0.00540,0.00537,0.02470,0.0389
53.6333,JELLY_A,0.2536,-0.3278,1.00,J_SOFT_TURN,16.85,0.1088,0.375,1.1586,2.3869,-3.3166,0.00355,0.00359,0.00035,0.04045,0.8843
53.6333,JELLY_B,0.4178,-1.1612,1.00,J_SOFT_TURN,13.06,0.0161,0.127,1.5281,3.2504,-3.6380,0.00377,0.00913,0.00193,0.03909,0.8086
53.6333,JELLY_C,0.7334,0.0000,1.00,J_GLIDE,17.89,0.0341,0.166,0.5905,3.8490,-3.7453,0.00542,0.00553,0.00539,0.02497,0.0270
53.6667,JELLY_A,0.2641,-0.3889,1.00,J_SOFT_TURN,17.05,0.1049,0.375,1.1587,2.3870,-3.3166,0.00354,0.00352,0.00035,0.04043,0.9107
53.6667,JELLY_B,0.4304,-1.1763,1.00,J_SOFT_TURN,13.08,0.0153,0.127,1.5282,3.2507,-3.6379,0.00375,0.00903,0.00192,0.03822,0.7762
53.6667,JELLY_C,0.7465,0.0000,1.00,J_GLIDE,17.84,0.0337,0.166,0.5907,3.8492,-3.7451,0.00545,0.00566,0.00540,0.02525,0.0175
53.7000,JELLY_A,0.2747,-0.4482,1.00,J_SOFT_TURN,17.24,0.1012,0.375,1.1589,2.3872,-3.3166,0.00353,0.00346,0.00034,0.04042,0.9313
53.7000,JELLY_B,0.4429,-1.1840,1.00,J_SOFT_TURN,13.09,0.0146,0.127,1.5283,3.2510,-3.6379,0.00374,0.00894,0.00191,0.03731,0.7422
53.7000,JELLY_C,0.7595,0.0000,1.00,J_GLIDE,17.79,0.0332,0.166,0.5909,3.8494,-3.7450,0.00549,0.00577,0.00541,0.02554,0.0103
53.7333,JELLY_A,0.2852,-0.5057,1.00,J_SOFT_TURN,17.43,0.0975,0.375,1.1590,2.3873,-3.3166,0.00351,0.00340,0.00034,0.04039,0.9462
53.7333,JELLY_B,0.4555,-1.1843,1.00,J_SOFT_TURN,13.11,0.0139,0.127,1.5284,3.2513,-3.6378,0.00373,0.00888,0.00189,0.03637,0.7067
53.7333,JELLY_C,0.7726,0.0000,1.00,J_GLIDE,17.73,0.0328,0.166,0.5911,3.8496,-3.7448,0.00551,0.00588,0.00542,0.02583,0.0049
53.7667,JELLY_A,0.2957,-0.5609,1.00,J_SOFT_TURN,17.60,0.0939,0.375,1.1591,2.3874,-3.3166,0.00350,0.00334,0.00033,0.04029,0.9559
53.7667,JELLY_B,0.4681,-1.1772,1.00,J_SOFT_TURN,13.12,0.0133,0.127,1.5286,3.2516,-3.6377,0.00373,0.00883,0.00189,0.03546,0.6701
53.7667,JELLY_C,0.7856,0.0000,1.00,J_GLIDE,17.68,0.0324,0.166,0.5913,3.8498,-3.7446,0.00554,0.00598,0.00543,0.02613,0.0011
53.8000,JELLY_A,0.3062,-0.6136,1.00,J_SOFT_TURN,17.77,0.0905,0.375,1.1592,2.3875,-3.3166,0.00349,0.00328,0.00032,0.04007,0.9608
53.8000,JELLY_B,0.4807,-1.1628,1.00,J_SOFT_TURN,13.13,0.0127,0.127,1.5287,3.2519,-3.6377,0.00373,0.00881,0.00188,0.03459,0.6325
53.8000,JELLY_C,0.7987,0.0000,1.00,J_GLIDE,17.63,0.0320,0.166,0.5915,3.8500,-3.7444,0.00557,0.00607,0.00543,0.02644,-0.0015
53.8333,JELLY_A,0.3167,-0.6637,1.00,J_SOFT_TURN,17.94,0.0871,0.375,1.1593,2.3876,-3.3166,0.00348,0.00322,0.00032,0.03970,0.9611
53.8333,JELLY_B,0.4932,-1.1411,1.00,J_SOFT_TURN,13.14,0.0121,0.127,1.5288,3.2521,-3.6376,0.00374,0.00881,0.00188,0.03381,0.5943
53.8333,JELLY_C,0.8118,0.0000,1.00,J_GLIDE,17.58,0.0317,0.166,0.5916,3.8502,-3.7442,0.00559,0.00615,0.00543,0.02674,-0.0031
53.8667,JELLY_A,0.3273,-0.7109,1.00,J_SOFT_TURN,18.10,0.0838,0.375,1.1594,2.3877,-3.3166,0.00347,0.00316,0.00031,0.03917,0.9575
53.8667,JELLY_B,0.5058,-1.1124,1.00,J_SOFT_TURN,13.14,0.0116,0.127,1.5289,3.2524,-3.6375,0.00375,0.00884,0.00188,0.03316,0.5557
53.8667,JELLY_C,0.8248,0.0000,1.00,J_GLIDE,17.53,0.0313,0.166,0.5918,3.8504,-3.7441,0.00561,0.00623,0.00543,0.02704,-0.0039
53.9000,JELLY_A,0.3378,-0.7550,1.00,J_SOFT_TURN,18.25,0.0807,0.375,1.1596,2.3878,-3.3166,0.00345,0.00310,0.00031,0.03851,0.9501
53.9000,JELLY_B,0.5184,-1.0767,1.00,J_SOFT_TURN,13.15,0.0111,0.127,1.5291,3.2527,-3.6375,0.00376,0.00889,0.00188,0.03264,0.5168
53.9000,JELLY_C,0.8379,0.0000,1.00,J_GLIDE,17.48,0.0310,0.166,0.5920,3.8506,-3.7439,0.00563,0.00629,0.00543,0.02733,-0.0043
53.9333,JELLY_A,0.3483,-0.7958,1.00,J_SOFT_TURN,18.40,0.0776,0.375,1.1597,2.3879,-3.3165,0.00344,0.00304,0.00030,0.03771,0.9394
53.9333,JELLY_B,0.5309,-1.0343,1.00,J_SOFT_TURN,13.16,0.0106,0.127,1.5292,3.2530,-3.6374,0.00378,0.00896,0.00189,0.03229,0.4779
53.9333,JELLY_C,0.8509,0.0000,1.00,J_GLIDE,17.43,0.0307,0.166,0.5922,3.8508,-3.7437,0.00564,0.00636,0.00543,0.02763,-0.0042
53.9667,JELLY_A,0.3588,-0.8331,1.00,J_SOFT_TURN,18.54,0.0746,0.375,1.1598,2.3880,-3.3165,0.00343,0.00298,0.00030,0.03680,0.9257
53.9667,JELLY_B,0.5435,-0.9855,1.00,J_SOFT_TURN,13.16,0.0102,0.127,1.5293,3.2533,-3.6374,0.00380,0.00905,0.00190,0.03211,0.4393
53.9667,JELLY_C,0.8640,0.0000,1.00,J_GLIDE,17.38,0.0303,0.166,0.5924,3.8510,-3.7435,0.00566,0.00641,0.00542,0.02791,-0.0040
54.0000,JELLY_A,0.3693,-0.8667,1.00,J_SOFT_TURN,18.67,0.0716,0.375,1.1599,2.3881,-3.3165,0.00342,0.00293,0.00029,0.03581,0.9094
54.0000,JELLY_B,0.5561,-0.9306,1.00,J_SOFT_TURN,13.17,0.0098,0.127,1.5294,3.2536,-3.6373,0.00383,0.00916,0.00191,0.03205,0.4011
54.0000,JELLY_C,0.8770,0.0000,1.00,J_GLIDE,17.33,0.0300,0.166,0.5926,3.8513,-3.7433,0.00567,0.00646,0.00541,0.02818,-0.0036
54.0333,JELLY_A,0.3799,-0.8966,1.00,J_SOFT_TURN,18.80,0.0688,0.375,1.1600,2.3882,-3.3165,0.00341,0.00287,0.00028,0.03476,0.8907
54.0333,JELLY_B,0.5686,-0.8699,1.00,J_SOFT_TURN,13.17,0.0094,0.127,1.5296,3.2539,-3.6372,0.00386,0.00928,0.00192,0.03205,0.3636
54.0333,JELLY_C,0.8901,0.0000,1.00,J_GLIDE,17.28,0.0297,0.166,0.5928,3.8515,-3.7431,0.00568,0.00650,0.00541,0.02845,-0.0031
54.0667,JELLY_A,0.3904,-0.9226,1.00,J_SOFT_TURN,18.93,0.0660,0.375,1.1601,2.3883,-3.3165,0.00340,0.00281,0.00028,0.03367,0.8698
54.0667,JELLY_B,0.5812,-0.8038,1.00,J_SOFT_TURN,13.17,0.0091,0.127,1.5297,3.2543,-3.6372,0.00389,0.00941,0.00193,0.03210,0.3270
54.0667,JELLY_C,0.9032,0.0000,1.00,J_GLIDE,17.23,0.0295,0.166,0.5930,3.8517,-3.7430,0.00569,0.00654,0.00540,0.02870,-0.0026
54.1000,JELLY_A,0.4009,-0.9446,1.00,J_SOFT_TURN,19.05,0.0633,0.375,1.1602,2.3884,-3.3165,0.00338,0.00275,0.00027,0.03258,0.8470
54.1000,JELLY_B,0.5937,-0.7327,1.00,J_SOFT_TURN,13.17,0.0088,0.127,1.5298,3.2546,-3.6371,0.00392,0.00954,0.00195,0.03220,0.2915
54.1000,JELLY_C,0.9162,0.0000,1.00,J_GLIDE,17.18,0.0292,0.166,0.5932,3.8519,-3.7428,0.00570,0.00657,0.00539,0.02894,-0.0021
54.1333,JELLY_A,0.4114,-0.9624,1.00,J_SOFT_TURN,19.16,0.0607,0.375,1.1603,2.3885,-3.3165,0.00337,0.00270,0.00027,0.03153,0.8225
54.1333,JELLY_B,0.6063,-0.6571,1.00,J_SOFT_TURN,13.17,0.0086,0.127,1.5300,3.2549,-3.6370,0.00395,0.00968,0.00196,0.03233,0.2573
54.1333,JELLY_C,0.9293,0.0000,1.00,J_GLIDE,17.13,0.0289,0.166,0.5933,3.8521,-3.7426,0.00570,0.00659,0.00537,0.02916,-0.0017
54.1667,JELLY_A,0.4219,-0.9760,1.00,J_SOFT_TURN,19.27,0.0582,0.375,1.1605,2.3886,-3.3165,0.00337,0.00265,0.00026,0.03052,0.7965
54.1667,JELLY_B,0.6188,-0.5775,1.00,J_SOFT_TURN,13.17,0.0084,0.127,1.5301,3.2552,-3.6370,0.00398,0.00981,0.00197,0.03249,0.2247
54.1667,JELLY_C,0.9423,0.0000,1.00,J_GLIDE,17.08,0.0287,0.166,0.5935,3.8524,-3.7424,0.00571,0.00661,0.00536,0.02937,-0.0013
54.2000,JELLY_A,0.4324,-0.9854,1.00,J_SOFT_TURN,19.38,0.0557,0.375,1.1606,2.3887,-3.3165,0.00336,0.00260,0.00026,0.02961,0.7692
54.2000,JELLY_B,0.6314,-0.4943,1.00,J_SOFT_TURN,13.16,0.0083,0.127,1.5302,3.2555,-3.6369,0.00401,0.00994,0.00199,0.03268,0.1938
54.2000,JELLY_C,0.9554,0.0000,1.00,J_GLIDE,17.03,0.0284,0.166,0.5937,3.8526,-3.7423,0.00571,0.00662,0.00535,0.02956,-0.0010
54.2333,JELLY_A,0.4430,-0.9904,1.00,J_SOFT_TURN,19.48,0.0533,0.375,1.1607,2.3888,-3.3165,0.00336,0.00257,0.00025,0.02881,0.7408
54.2333,JELLY_B,0.6439,-0.4080,1.00,J_SOFT_TURN,13.16,0.0081,0.127,1.5304,3.2559,-3.6368,0.00404,0.01007,0.00200,0.03290,0.1648
54.2333,JELLY_C,0.9684,0.0000,1.00,J_GLIDE,16.99,0.0282,0.166,0.5939,3.8528,-3.7421,0.00571,0.00663,0.00533,0.02973,-0.0007
54.2667,JELLY_A,0.4535,-0.9912,1.00,J_SOFT_TURN,19.58,0.0510,0.375,1.1608,2.3888,-3.3164,0.00336,0.00255,0.00025,0.02815,0.7113
54.2667,JELLY_B,0.6565,-0.3193,1.00,J_SOFT_TURN,13.16,0.0080,0.127,1.5305,3.2562,-3.6368,0.00407,0.01020,0.00201,0.03315,0.1379
54.2667,JELLY_C,0.9815,0.0000,1.00,J_GLIDE,16.94,0.0279,0.166,0.5941,3.8530,-3.7419,0.00571,0.00664,0.00532,0.02988,-0.0005
54.3000,JELLY_A,0.4640,-0.9876,1.00,J_SOFT_TURN,19.67,0.0488,0.375,1.1609,2.3889,-3.3164,0.00336,0.00254,0.00025,0.02764,0.6811
54.3000,JELLY_B,0.6690,-0.2286,1.00,J_SOFT_TURN,13.15,0.0080,0.127,1.5306,3.2566,-3.6367,0.00409,0.01033,0.00202,0.03341,0.1133
54.3000,JELLY_C,0.9945,0.0000,1.00,J_GLIDE,16.89,0.0277,0.166,0.5943,3.8532,-3.7417,0.00571,0.00664,0.00530,0.03002,-0.0003
54.3333,JELLY_A,0.4745,-0.9797,1.00,J_SOFT_TURN,19.76,0.0466,0.375,1.1610,2.3890,-3.3164,0.00337,0.00254,0.00025,0.02731,0.6501
54.3333,JELLY_B,0.6816,-0.1365,1.00,J_SOFT_TURN,13.14,0.0080,0.127,1.5308,3.2569,-3.6366,0.00412,0.01045,0.00203,0.03370,0.0911
54.3333,JELLY_C,0.0076,0.0183,0.05,J_DRIFT_IDLE,16.84,0.0275,0.000,0.5945,3.8535,-3.7415,0.00568,0.00653,0.00526,0.03011,-0.0001
54.3667,JELLY_A,0.4850,-0.9675,1.00,J_SOFT_TURN,19.84,0.0444,0.375,1.1611,2.3891,-3.3164,0.00339,0.00255,0.00024,0.02714,0.6185
54.3667,JELLY_B,0.6941,-0.0436,1.00,J_SOFT_TURN,13.14,0.0080,0.127,1.5309,3.2573,-3.6366,0.00415,0.01057,0.00205,0.03401,0.0714
54.3667,JELLY_C,0.0206,0.0490,0.05,J_DRIFT_IDLE,16.79,0.0273,0.000,0.5947,3.8537,-3.7414,0.00565,0.00638,0.00522,0.03016,0.0000
54.4000,JELLY_A,0.4956,-0.9511,1.00,J_SOFT_TURN,19.92,0.0424,0.375,1.1612,2.3892,-3.3164,0.00340,0.00258,0.00024,0.02710,0.5866
54.4000,JELLY_B,0.7067,0.0000,1.00,J_GLIDE,13.13,0.0080,0.127,1.5310,3.2576,-3.6365,0.00417,0.01069,0.00206,0.03434,0.0543
54.4000,JELLY_C,0.0337,0.0776,0.05,J_DRIFT_IDLE,16.75,0.0271,0.000,0.5949,3.8539,-3.7412,0.00561,0.00624,0.00518,0.03018,0.0002
54.4333,JELLY_A,0.5061,-0.9306,1.00,J_SOFT_TURN,20.00,0.0404,0.375,1.1614,2.3893,-3.3164,0.00343,0.00262,0.00024,0.02713,0.5543
54.4333,JELLY_B,0.7192,0.0000,1.00,J_GLIDE,13.12,0.0081,0.127,1.5312,3.2580,-3.6364,0.00420,0.01079,0.00206,0.03469,0.0400
54.4333,JELLY_C,0.0467,0.1030,0.05,J_DRIFT_IDLE,16.70,0.0269,0.000,0.5951,3.8541,-3.7410,0.00558,0.00609,0.00514,0.03020,0.0006
54.4667,JELLY_A,0.5166,-0.9059,1.00,J_SOFT_TURN,20.07,0.0384,0.375,1.1615,2.3894,-3.3164,0.00346,0.00268,0.00024,0.02721,0.5219
54.4667,JELLY_B,0.7318,0.0000,1.00,J_GLIDE,13.11,0.0081,0.127,1.5313,3.2583,-3.6364,0.00422,0.01089,0.00207,0.03505,0.0282
54.4667,JELLY_C,0.0598,0.1241,0.05,J_DRIFT_IDLE,16.65,0.0267,0.000,0.5952,3.8543,-3.7409,0.00554,0.00595,0.00510,0.03021,0.0012
54.5000,JELLY_A,0.5271,-0.8774,1.00,J_SOFT_TURN,20.14,0.0365,0.375,1.1616,2.3894,-3.3164,0.00349,0.00275,0.00025,0.02734,0.4895
54.5000,JELLY_B,0.7443,0.0000,1.00,J_GLIDE,13.10,0.0082,0.127,1.5315,3.2587,-3.6363,0.00424,0.01098,0.00208,0.03542,0.0188
54.5000,JELLY_C,0.0728,0.1400,0.05,J_DRIFT_IDLE,16.60,0.0265,0.000,0.5954,3.8545,-3.7407,0.00551,0.00582,0.00506,0.03021,0.0023
54.5333,JELLY_A,0.5376,-0.8450,1.00,J_SOFT_TURN,20.20,0.0347,0.375,1.1617,2.3895,-3.3164,0.00353,0.00282,0.00025,0.02750,0.4572
54.5333,JELLY_B,0.7568,0.0000,1.00,J_GLIDE,13.09,0.0083,0.127,1.5316,3.2591,-3.6362,0.00425,0.01107,0.00208,0.03580,0.0114
54.5333,JELLY_C,0.0859,0.1500,0.05,J_DRIFT_IDLE,16.56,0.0264,0.000,0.5956,3.8547,-3.7405,0.00548,0.00568,0.00502,0.03021,0.0037
54.5667,JELLY_A,0.5482,-0.8089,1.00,J_SOFT_TURN,20.26,0.0329,0.375,1.1618,2.3896,-3.3164,0.00357,0.00291,0.00025,0.02770,0.4251
54.5667,JELLY_B,0.7694,0.0000,1.00,J_GLIDE,13.08,0.0085,0.127,1.5317,3.2594,-3.6362,0.00427,0.01114,0.00209,0.03618,0.0059
54.5667,JELLY_C,0.0989,0.1537,0.05,J_DRIFT_IDLE,16.51,0.0262,0.000,0.5958,3.8549,-3.7404,0.00544,0.00554,0.00498,0.03021,0.0057
54.6000,JELLY_A,0.5587,-0.7692,1.00,J_SOFT_TURN,20.32,0.0311,0.375,1.1619,2.3897,-3.3164,0.00361,0.00301,0.00025,0.02792,0.3934
54.6000,JELLY_B,0.7819,0.0000,1.00,J_GLIDE,13.07,0.0086,0.127,1.5319,3.2598,-3.6361,0.00428,0.01121,0.00209,0.03657,0.0019
54.6000,JELLY_C,0.1120,0.1510,0.05,J_DRIFT_IDLE,16.46,0.0260,0.000,0.5960,3.8550,-3.7402,0.00541,0.00541,0.00494,0.03022,0.0082
54.6333,JELLY_A,0.5692,-0.7262,1.00,J_SOFT_TURN,20.38,0.0295,0.375,1.1621,2.3898,-3.3164,0.00366,0.00312,0.00026,0.02817,0.3623
54.6333,JELLY_B,0.7944,0.0000,1.00,J_GLIDE,13.06,0.0087,0.127,1.5320,3.2602,-3.6360,0.00429,0.01127,0.00210,0.03697,-0.0009
54.6333,JELLY_C,0.1250,0.1420,0.05,J_DRIFT_IDLE,16.42,0.0259,0.000,0.5961,3.8552,-3.7400,0.00538,0.00528,0.00490,0.03022,0.0112
54.6667,JELLY_A,0.5797,-0.6801,1.00,J_SOFT_TURN,20.43,0.0278,0.375,1.1622,2.3899,-3.3164,0.00371,0.00323,0.00026,0.02845,0.3317
54.6667,JELLY_B,0.8070,0.0000,1.00,J_GLIDE,13.04,0.0089,0.127,1.5322,3.2606,-3.6359,0.00430,0.01132,0.00210,0.03736,-0.0027
54.6667,JELLY_C,0.1381,0.1270,0.05,J_DRIFT_IDLE,16.37,0.0257,0.000,0.5963,3.8554,-3.7399,0.00535,0.00515,0.00487,0.03022,0.0146
54.7000,JELLY_A,0.5903,-0.6309,1.00,J_SOFT_TURN,20.48,0.0262,0.375,1.1623,2.3901,-3.3163,0.00376,0.00335,0.00027,0.02875,0.3020
54.7000,JELLY_B,0.8195,0.0000,1.00,J_GLIDE,13.03,0.0091,0.127,1.5323,3.2609,-3.6359,0.00431,0.01136,0.00210,0.03775,-0.0038
54.7000,JELLY_C,0.1511,0.1067,0.05,J_DRIFT_IDLE,16.33,0.0256,0.000,0.5965,3.8556,-3.7397,0.00532,0.00502,0.00483,0.03022,0.0184
54.7333,JELLY_A,0.6008,-0.5790,1.00,J_SOFT_TURN,20.52,0.0247,0.375,1.1624,2.3902,-3.3163,0.00381,0.00347,0.00027,0.02908,0.2731
54.7333,JELLY_B,0.8320,0.0000,1.00,J_GLIDE,13.01,0.0092,0.127,1.5325,3.2613,-3.6358,0.00432,0.01140,0.00210,0.03814,-0.0043
54.7333,JELLY_C,0.1642,0.0820,0.05,J_DRIFT_IDLE,16.28,0.0254,0.000,0.5967,3.8557,-3.7395,0.00529,0.00490,0.00479,0.03022,0.0224
54.7667,JELLY_A,0.6113,-0.5246,1.00,J_SOFT_TURN,20.57,0.0232,0.375,1.1626,2.3903,-3.3163,0.00387,0.00359,0.00028,0.02942,0.2452
54.7667,JELLY_B,0.8446,0.0000,1.00,J_GLIDE,13.00,0.0094,0.127,1.5326,3.2617,-3.6357,0.00432,0.01143,0.00210,0.03852,-0.0044
54.7667,JELLY_C,0.1773,0.0538,0.05,J_DRIFT_IDLE,16.23,0.0253,0.000,0.5969,3.8559,-3.7394,0.00526,0.00477,0.00476,0.03022,0.0264
54.8000,JELLY_A,0.6218,-0.4678,1.00,J_SOFT_TURN,20.61,0.0218,0.375,1.1627,2.3904,-3.3163,0.00392,0.00370,0.00028,0.02979,0.2185
54.8000,JELLY_B,0.8571,0.0000,1.00,J_GLIDE,12.98,0.0095,0.127,1.5327,3.2621,-3.6357,0.00433,0.01146,0.00210,0.03888,-0.0042
54.8000,JELLY_C,0.1903,0.0233,0.05,J_DRIFT_IDLE,16.19,0.0251,0.000,0.5970,3.8560,-3.7392,0.00524,0.00465,0.00473,0.03022,0.0304
54.8333,JELLY_A,0.6323,-0.4090,1.00,J_SOFT_TURN,20.64,0.0204,0.375,1.1628,2.3905,-3.3163,0.00397,0.00382,0.00029,0.03017,0.1929
54.8333,JELLY_B,0.8696,0.0000,1.00,J_GLIDE,12.97,0.0097,0.127,1.5329,3.2625,-3.6356,0.00433,0.01148,0.00209,0.03924,-0.0039
54.8333,JELLY_C,0.2034,-0.0013,0.05,J_DRIFT_IDLE,16.14,0.0250,0.000,0.5972,3.8562,-3.7391,0.00521,0.00452,0.00469,0.03022,0.0341
54.8667,JELLY_A,0.6429,-0.3484,1.00,J_SOFT_TURN,20.68,0.0190,0.375,1.1630,2.3907,-3.3163,0.00402,0.00394,0.00029,0.03057,0.1688
54.8667,JELLY_B,0.8821,0.0000,1.00,J_GLIDE,12.95,0.0099,0.127,1.5330,3.2629,-3.6355,0.00433,0.01149,0.00209,0.03958,-0.0034
54.8667,JELLY_C,0.2164,-0.0063,0.05,J_DRIFT_IDLE,16.10,0.0249,0.000,0.5974,3.8563,-3.7389,0.00518,0.00440,0.00466,0.03023,0.0375
54.9000,JELLY_A,0.6534,-0.2863,1.00,J_SOFT_TURN,20.71,0.0177,0.375,1.1631,2.3908,-3.3163,0.00407,0.00405,0.00030,0.03098,0.1461
54.9000,JELLY_B,0.8946,0.0000,1.00,J_GLIDE,12.93,0.0101,0.127,1.5332,3.2632,-3.6355,0.00433,0.01150,0.00209,0.03991,-0.0029
54.9000,JELLY_C,0.2295,-0.0113,0.05,J_DRIFT_IDLE,16.05,0.0247,0.000,0.5975,3.8565,-3.7388,0.00515,0.00428,0.00463,0.03023,0.0405
54.9333,JELLY_A,0.6639,-0.2230,1.00,J_SOFT_TURN,20.74,0.0165,0.375,1.1632,2.3909,-3.3163,0.00412,0.00417,0.00030,0.03141,0.1249
54.9333,JELLY_B,0.9072,0.0000,1.00,J_GLIDE,12.92,0.0102,0.127,1.5333,3.2636,-3.6354,0.00433,0.01151,0.00208,0.04022,-0.0025
54.9333,JELLY_C,0.2425,-0.0162,0.05,J_DRIFT_IDLE,16.01,0.0246,0.000,0.5977,3.8566,-3.7386,0.00513,0.00416,0.00460,0.03023,0.0430
54.9667,JELLY_A,0.6744,-0.1586,1.00,J_SOFT_TURN,20.77,0.0152,0.375,1.1634,2.3911,-3.3163,0.00417,0.00428,0.00030,0.03184,0.1054
54.9667,JELLY_B,0.9197,0.0000,1.00,J_GLIDE,12.90,0.0104,0.127,1.5335,3.2640,-3.6353,0.00433,0.01151,0.00208,0.04051,-0.0020
54.9667,JELLY_C,0.2556,-0.0210,0.05,J_DRIFT_IDLE,15.96,0.0245,0.000,0.5979,3.8568,-3.7384,0.00510,0.00404,0.00456,0.03023,0.0449
55.0000,JELLY_A,0.6850,-0.0936,1.00,J_SOFT_TURN,20.79,0.0141,0.375,1.1635,2.3912,-3.3163,0.00422,0.00439,0.00031,0.03229,0.0876
55.0000,JELLY_B,0.9322,0.0000,1.00,J_GLIDE,12.88,0.0106,0.127,1.5336,3.2644,-3.6352,0.00432,0.01150,0.00207,0.04078,-0.0016
55.0000,JELLY_C,0.2686,-0.0257,0.05,J_DRIFT_IDLE,15.92,0.0244,0.000,0.5981,3.8569,-3.7383,0.00507,0.00392,0.00453,0.03023,0.0464
55.0333,JELLY_A,0.6955,-0.0281,1.00,J_SOFT_TURN,20.82,0.0129,0.375,1.1637,2.3914,-3.3162,0.00426,0.00451,0.00031,0.03274,0.0716
55.0333,JELLY_B,0.9447,0.0000,1.00,J_GLIDE,12.86,0.0107,0.127,1.5338,3.2648,-3.6352,0.00432,0.01149,0.00207,0.04102,-0.0012
55.0333,JELLY_C,0.2817,-0.0302,0.05,J_DRIFT_IDLE,15.87,0.0243,0.000,0.5982,3.8570,-3.7381,0.00505,0.00381,0.00450,0.03023,0.0475
55.0667,JELLY_A,0.7060,0.0000,1.00,J_GLIDE,20.84,0.0119,0.375,1.1638,2.3915,-3.3162,0.00431,0.00462,0.00032,0.03320,0.0573
55.0667,JELLY_B,0.9572,0.0000,1.00,J_GLIDE,12.84,0.0109,0.127,1.5339,3.2651,-3.6351,0.00431,0.01148,0.00206,0.04124,-0.0009
55.0667,JELLY_C,0.2947,-0.0345,0.05,J_DRIFT_IDLE,15.83,0.0242,0.000,0.5984,3.8572,-3.7380,0.00502,0.00369,0.00447,0.03023,0.0481
55.1000,JELLY_A,0.7165,0.0000,1.00,J_GLIDE,20.86,0.0108,0.375,1.1639,2.3917,-3.3162,0.00436,0.00472,0.00032,0.03366,0.0449
55.1000,JELLY_B,0.9697,0.0000,1.00,J_GLIDE,12.82,0.0110,0.127,1.5340,3.2655,-3.6350,0.00431,0.01146,0.00205,0.04144,-0.0007
55.1000,JELLY_C,0.3078,-0.0385,0.05,J_DRIFT_IDLE,15.78,0.0240,0.000,0.5986,3.8573,-3.7378,0.00500,0.00358,0.00444,0.03023,0.0483
55.1333,JELLY_A,0.7271,0.0000,1.00,J_GLIDE,20.87,0.0098,0.375,1.1641,2.3918,-3.3162,0.00440,0.00482,0.00033,0.03412,0.0343
55.1333,JELLY_B,0.9822,0.0000,1.00,J_GLIDE,12.80,0.0112,0.127,1.5342,3.2659,-3.6350,0.00430,0.01144,0.00205,0.04161,-0.0004
55.1333,JELLY_C,0.3208,-0.0423,0.05,J_DRIFT_IDLE,15.74,0.0239,0.000,0.5987,3.8574,-3.7377,0.00498,0.00347,0.00441,0.03023,0.0483
55.1667,JELLY_A,0.7376,0.0000,1.00,J_GLIDE,20.89,0.0089,0.375,1.1642,2.3920,-3.3162,0.00444,0.00492,0.00033,0.03458,0.0253
55.1667,JELLY_B,0.9948,0.0000,1.00,J_GLIDE,12.78,0.0114,0.127,1.5343,3.2663,-3.6349,0.00429,0.01141,0.00204,0.04175,-0.0003
55.1667,JELLY_C,0.3339,-0.0459,0.05,J_DRIFT_IDLE,15.69,0.0238,0.000,0.5989,3.8575,-3.7376,0.00495,0.00335,0.00439,0.03024,0.0479
55.2000,JELLY_A,0.7481,0.0000,1.00,J_GLIDE,20.90,0.0080,0.375,1.1644,2.3922,-3.3162,0.00448,0.00501,0.00033,0.03505,0.0179
55.2000,JELLY_B,0.0073,0.0168,0.05,J_PAUSE_OPEN,12.76,0.0115,0.000,1.5345,3.2667,-3.6348,0.00426,0.01128,0.00202,0.04185,-0.0001
55.2000,JELLY_C,0.3469,-0.0491,0.05,J_DRIFT_IDLE,15.65,0.0237,0.000,0.5991,3.8576,-3.7374,0.00493,0.00324,0.00436,0.03024,0.0472
55.2333,JELLY_A,0.7587,0.0000,1.00,J_GLIDE,20.91,0.0072,0.375,1.1645,2.3923,-3.3162,0.00452,0.00510,0.00034,0.03551,0.0119
55.2333,JELLY_B,0.0198,0.0450,0.05,J_PAUSE_OPEN,12.74,0.0116,0.000,1.5346,3.2670,-3.6348,0.00423,0.01112,0.00199,0.04190,-0.0000
55.2333,JELLY_C,0.3600,-0.0519,0.05,J_DRIFT_IDLE,15.61,0.0236,0.000,0.5992,3.8577,-3.7373,0.00490,0.00313,0.00433,0.03024,0.0464
55.2667,JELLY_A,0.7692,0.0000,1.00,J_GLIDE,20.92,0.0065,0.375,1.1647,2.3925,-3.3162,0.00456,0.00518,0.00034,0.03596,0.0072
55.2667,JELLY_B,0.0323,0.0715,0.05,J_PAUSE_OPEN,12.72,0.0118,0.000,1.5348,3.2674,-3.6347,0.00419,0.01096,0.00197,0.04192,0.0002
55.2667,JELLY_C,0.3730,-0.0545,0.05,J_DRIFT_IDLE,15.56,0.0235,0.000,0.5994,3.8578,-3.7371,0.00488,0.00302,0.00430,0.03023,0.0453
55.3000,JELLY_A,0.7797,0.0000,1.00,J_GLIDE,20.92,0.0059,0.375,1.1648,2.3927,-3.3162,0.00459,0.00526,0.00034,0.03641,0.0035
55.3000,JELLY_B,0.0448,0.0953,0.05,J_PAUSE_OPEN,12.70,0.0119,0.000,1.5349,3.2678,-3.6346,0.00416,0.01081,0.00195,0.04193,0.0005
55.3000,JELLY_C,0.3861,-0.0566,0.05,J_DRIFT_IDLE,15.52,0.0234,0.000,0.5995,3.8579,-3.7370,0.00486,0.00292,0.00427,0.03022,0.0440
55.3333,JELLY_A,0.7902,0.0000,1.00,J_GLIDE,20.93,0.0054,0.375,1.1650,2.3929,-3.3161,0.00462,0.00533,0.00035,0.03684,0.0007
55.3333,JELLY_B,0.0573,0.1153,0.05,J_PAUSE_OPEN,12.67,0.0121,0.000,1.5350,3.2681,-3.6346,0.00413,0.01065,0.00193,0.04194,0.0010
55.3333,JELLY_C,0.3992,-0.0584,0.05,J_DRIFT_IDLE,15.47,0.0233,0.000,0.5997,3.8580,-3.7368,0.00484,0.00281,0.00425,0.03021,0.0426
55.3667,JELLY_A,0.8008,0.0000,1.00,J_GLIDE,20.93,0.0050,0.375,1.1652,2.3930,-3.3161,0.00465,0.00540,0.00035,0.03727,-0.0013
55.3667,JELLY_B,0.0698,0.1310,0.05,J_PAUSE_OPEN,12.65,0.0122,0.000,1.5352,3.2685,-3.6345,0.00409,0.01050,0.00191,0.04194,0.0019
55.3667,JELLY_C,0.4122,-0.0598,0.05,J_DRIFT_IDLE,15.43,0.0233,0.000,0.5999,3.8581,-3.7367,0.00481,0.00270,0.00422,0.03019,0.0411
55.4000,JELLY_A,0.8113,0.0000,1.00,J_GLIDE,20.93,0.0047,0.375,1.1653,2.3932,-3.3161,0.00468,0.00547,0.00035,0.03768,-0.0027
55.4000,JELLY_B,0.0823,0.1416,0.05,J_PAUSE_OPEN,12.63,0.0123,0.000,1.5353,3.2688,-3.6344,0.00406,0.01035,0.00188,0.04195,0.0032
55.4000,JELLY_C,0.4253,-0.0608,0.05,J_DRIFT_IDLE,15.39,0.0232,0.000,0.6000,3.8582,-3.7366,0.00479,0.00260,0.00420,0.03016,0.0395
55.4333,JELLY_A,0.8218,0.0000,1.00,J_GLIDE,20.93,0.0046,0.375,1.1655,2.3934,-3.3161,0.00471,0.00553,0.00036,0.03808,-0.0036
55.4333,JELLY_B,0.0948,0.1467,0.05,J_PAUSE_OPEN,12.61,0.0125,0.000,1.5354,3.2692,-3.6344,0.00403,0.01021,0.00186,0.04195,0.0050
55.4333,JELLY_C,0.4383,-0.0614,0.05,J_DRIFT_IDLE,15.34,0.0231,0.000,0.6002,3.8583,-3.7364,0.00477,0.00249,0.00417,0.03013,0.0377
55.4667,JELLY_A,0.8324,0.0000,1.00,J_GLIDE,20.93,0.0047,0.375,1.1656,2.3936,-3.3161,0.00474,0.00559,0.00036,0.03846,-0.0041
55.4667,JELLY_B,0.1073,0.1463,0.05,J_PAUSE_OPEN,12.58,0.0126,0.000,1.5356,3.2695,-3.6343,0.00400,0.01006,0.00184,0.04195,0.0072
55.4667,JELLY_C,0.4514,-0.0615,0.05,J_DRIFT_IDLE,15.30,0.0230,0.000,0.6003,3.8584,-3.7363,0.00475,0.00239,0.00414,0.03010,0.0359
55.5000,JELLY_A,0.8429,0.0000,1.00,J_GLIDE,20.93,0.0048,0.375,1.1658,2.3938,-3.3161,0.00476,0.00565,0.00036,0.03883,-0.0043
55.5000,JELLY_B,0.1198,0.1402,0.05,J_PAUSE_OPEN,12.56,0.0127,0.000,1.5357,3.2698,-3.6343,0.00397,0.00992,0.00182,0.04195,0.0099
55.5000,JELLY_C,0.4644,-0.0613,0.05,J_DRIFT_IDLE,15.26,0.0229,0.000,0.6005,3.8584,-3.7361,0.00473,0.00229,0.00412,0.03007,0.0340
55.5333,JELLY_A,0.8534,0.0000,1.00,J_GLIDE,20.92,0.0051,0.375,1.1659,2.3940,-3.3161,0.00478,0.00570,0.00036,0.03917,-0.0042
55.5333,JELLY_B,0.1323,0.1287,0.05,J_PAUSE_OPEN,12.54,0.0128,0.000,1.5358,3.2702,-3.6342,0.00394,0.00978,0.00180,0.04195,0.0130
55.5333,JELLY_C,0.4775,-0.0606,0.05,J_DRIFT_IDLE,15.21,0.0228,0.000,0.6007,3.8585,-3.7360,0.00471,0.00219,0.00410,0.03004,0.0321
55.5667,JELLY_A,0.8640,0.0000,1.00,J_GLIDE,20.92,0.0055,0.375,1.1661,2.3942,-3.3161,0.00481,0.00574,0.00036,0.03950,-0.0040
55.5667,JELLY_B,0.1448,0.1123,0.05,J_PAUSE_OPEN,12.51,0.0129,0.000,1.5360,3.2705,-3.6341,0.00391,0.00964,0.00178,0.04195,0.0165
55.5667,JELLY_C,0.4906,-0.0596,0.05,J_DRIFT_IDLE,15.17,0.0227,0.000,0.6008,3.8586,-3.7359,0.00469,0.00209,0.00407,0.03001,0.0301
55.6000,JELLY_A,0.8745,0.0000,1.00,J_GLIDE,20.91,0.0059,0.375,1.1663,2.3943,-3.3160,0.00483,0.00579,0.00036,0.03980,-0.0037
55.6000,JELLY_B,0.1573,0.0916,0.05,J_PAUSE_OPEN,12.49,0.0130,0.000,1.5361,3.2708,-3.6341,0.00388,0.00951,0.00176,0.04195,0.0202
55.6000,JELLY_C,0.5036,-0.0581,0.05,J_DRIFT_IDLE,15.13,0.0227,0.000,0.6010,3.8586,-3.7357,0.00467,0.00200,0.00405,0.02999,0.0281
55.6333,JELLY_A,0.8851,0.0000,1.00,J_GLIDE,20.90,0.0064,0.375,1.1664,2.3945,-3.3160,0.00484,0.00583,0.00037,0.04009,-0.0034
55.6333,JELLY_B,0.1697,0.0673,0.05,J_PAUSE_OPEN,12.46,0.0131,0.000,1.5362,3.2711,-3.6340,0.00385,0.00937,0.00174,0.04195,0.0240
55.6333,JELLY_C,0.5167,-0.0562,0.05,J_DRIFT_IDLE,15.09,0.0226,0.000,0.6011,3.8587,-3.7356,0.00465,0.00191,0.00403,0.02996,0.0261
55.6667,JELLY_A,0.8956,0.0000,1.00,J_GLIDE,20.89,0.0069,0.375,1.1666,2.3947,-3.3160,0.00486,0.00587,0.00037,0.04035,-0.0030
55.6667,JELLY_B,0.1822,0.0405,0.05,J_PAUSE_OPEN,12.44,0.0132,0.000,1.5364,3.2714,-3.6340,0.00382,0.00924,0.00172,0.04195,0.0279
55.6667,JELLY_C,0.5298,-0.0540,0.05,J_DRIFT_IDLE,15.04,0.0225,0.000,0.6013,3.8588,-3.7355,0.00463,0.00182,0.00400,0.02995,0.0241
55.7000,JELLY_A,0.9061,0.0000,1.00,J_GLIDE,20.88,0.0074,0.375,1.1667,2.3949,-3.3160,0.00488,0.00590,0.00037,0.04059,-0.0026
55.7000,JELLY_B,0.1947,0.0122,0.05,J_PAUSE_OPEN,12.41,0.0133,0.000,1.5365,3.2717,-3.6339,0.00379,0.00911,0.00171,0.04195,0.0316
55.7000,JELLY_C,0.5428,-0.0514,0.05,J_DRIFT_IDLE,15.00,0.0224,0.000,0.6014,3.8588,-3.7353,0.00462,0.00173,0.00398,0.02994,0.0221
55.7333,JELLY_A,0.9167,0.0000,1.00,J_GLIDE,20.86,0.0079,0.375,1.1669,2.3951,-3.3160,0.00489,0.00594,0.00037,0.04080,-0.0022
55.7333,JELLY_B,0.2072,-0.0027,0.05,J_PAUSE_OPEN,12.39,0.0134,0.000,1.5366,3.2720,-3.6339,0.00376,0.00898,0.00169,0.04195,0.0351
55.7333,JELLY_C,0.5559,-0.0484,0.05,J_DRIFT_IDLE,14.96,0.0223,0.000,0.6016,3.8589,-3.7352,0.00460,0.00164,0.00396,0.02993,0.0201
55.7667,JELLY_A,0.9272,0.0000,1.00,J_GLIDE,20.85,0.0084,0.375,1.1671,2.3953,-3.3160,0.00490,0.00597,0.00037,0.04098,-0.0018
55.7667,JELLY_B,0.2197,-0.0073,0.05,J_PAUSE_OPEN,12.36,0.0135,0.000,1.5367,3.2723,-3.6338,0.00373,0.00885,0.00167,0.04195,0.0383
55.7667,JELLY_C,0.5689,-0.0452,0.05,J_DRIFT_IDLE,14.92,0.0223,0.000,0.6017,3.8589,-3.7351,0.00458,0.00155,0.00394,0.02994,0.0181
55.8000,JELLY_A,0.9377,0.0000,1.00,J_GLIDE,20.84,0.0089,0.375,1.1672,2.3955,-3.3160,0.00492,0.00599,0.00037,0.04114,-0.0015
55.8000,JELLY_B,0.2322,-0.0118,0.05,J_PAUSE_OPEN,12.34,0.0136,0.000,1.5369,3.2726,-3.6337,0.00370,0.00873,0.00165,0.04195,0.0410
55.8000,JELLY_C,0.5820,-0.0416,0.05,J_DRIFT_IDLE,14.88,0.0222,0.000,0.6019,3.8590,-3.7349,0.00457,0.00147,0.00392,0.02994,0.0162
55.8333,JELLY_A,0.9483,0.0000,1.00,J_GLIDE,20.82,0.0094,0.375,1.1674,2.3957,-3.3160,0.00493,0.00602,0.00037,0.04128,-0.0012
55.8333,JELLY_B,0.2447,-0.0163,0.05,J_PAUSE_OPEN,12.31,0.0137,0.000,1.5370,3.2729,-3.6337,0.00368,0.00860,0.00163,0.04195,0.0433
55.8333,JELLY_C,0.5951,-0.0377,0.05,J_DRIFT_IDLE,14.83,0.0221,0.000,0.6021,3.8590,-3.7348,0.00455,0.00138,0.00390,0.02994,0.0144
55.8667,JELLY_A,0.9588,0.0000,1.00,J_GLIDE,20.80,0.0099,0.375,1.1676,2.3959,-3.3160,0.00494,0.00604,0.00037,0.04138,-0.0009
55.8667,JELLY_B,0.2571,-0.0207,0.05,J_PAUSE_OPEN,12.29,0.0138,0.000,1.5371,3.2732,-3.6336,0.00365,0.00848,0.00161,0.04195,0.0451
55.8667,JELLY_C,0.6081,-0.0336,0.05,J_DRIFT_IDLE,14.79,0.0220,0.000,0.6022,3.8591,-3.7347,0.00453,0.00130,0.00388,0.02995,0.0126
55.9000,JELLY_A,0.9694,0.0000,1.00,J_GLIDE,20.78,0.0104,0.375,1.1677,2.3961,-3.3159,0.00494,0.00606,0.00037,0.04146,-0.0007
55.9000,JELLY_B,0.2696,-0.0249,0.05,J_PAUSE_OPEN,12.26,0.0138,0.000,1.5372,3.2735,-3.6336,0.00362,0.00836,0.00160,0.04195,0.0465
55.9000,JELLY_C,0.6212,-0.0293,0.05,J_DRIFT_IDLE,14.75,0.0220,0.000,0.6024,3.8591,-3.7345,0.00452,0.00122,0.00386,0.02996,0.0109
55.9333,JELLY_A,0.9799,0.0000,1.00,J_GLIDE,20.76,0.0109,0.375,1.1679,2.3963,-3.3159,0.00495,0.00607,0.00037,0.04151,-0.0005
55.9333,JELLY_B,0.2821,-0.0290,0.05,J_PAUSE_OPEN,12.23,0.0139,0.000,1.5373,3.2738,-3.6335,0.00360,0.00824,0.00158,0.04195,0.0475
55.9333,JELLY_C,0.6343,-0.0247,0.05,J_DRIFT_IDLE,14.71,0.0219,0.000,0.6025,3.8592,-3.7344,0.00450,0.00113,0.00384,0.02997,0.0093
55.9667,JELLY_A,0.9905,0.0000,1.00,J_GLIDE,20.74,0.0113,0.375,1.1681,2.3965,-3.3159,0.00496,0.00608,0.00037,0.04154,-0.0003
55.9667,JELLY_B,0.2946,-0.0329,0.05,J_PAUSE_OPEN,12.21,0.0140,0.000,1.5375,3.2740,-3.6335,0.00357,0.00812,0.00156,0.04195,0.0481
55.9667,JELLY_C,0.6474,-0.0200,0.05,J_DRIFT_IDLE,14.67,0.0218,0.000,0.6027,3.8592,-3.7343,0.00449,0.00105,0.00382,0.02998,0.0079
56.0000,JELLY_A,0.0010,0.0394,1.00,J_PULSE_CRUISE,20.72,0.0117,0.487,1.1682,2.3967,-3.3159,0.00495,0.00607,0.00037,0.04155,0.0001
56.0000,JELLY_B,0.3071,-0.0366,0.05,J_PAUSE_OPEN,12.18,0.0141,0.000,1.5376,3.2743,-3.6334,0.00354,0.00800,0.00155,0.04195,0.0484
56.0000,JELLY_C,0.6604,-0.0152,0.05,J_DRIFT_IDLE,14.63,0.0218,0.000,0.6028,3.8592,-3.7342,0.00447,0.00097,0.00380,0.02999,0.0065
56.0333,JELLY_A,0.0116,0.4486,1.00,J_PULSE_CRUISE,20.70,0.0100,0.487,1.1684,2.3969,-3.3159,0.00492,0.00599,0.00037,0.04156,0.0013
56.0333,JELLY_B,0.3195,-0.0401,0.05,J_PAUSE_OPEN,12.15,0.0141,0.000,1.5377,3.2746,-3.6334,0.00352,0.00789,0.00153,0.04196,0.0483
56.0333,JELLY_C,0.6735,-0.0102,0.05,J_DRIFT_IDLE,14.59,0.0217,0.000,0.6030,3.8593,-3.7340,0.00445,0.00089,0.00378,0.03000,0.0052
56.0667,JELLY_A,0.0221,0.8457,1.00,J_PULSE_CRUISE,20.69,0.0065,0.487,1.1686,2.3971,-3.3159,0.00490,0.00593,0.00036,0.04155,0.0040
56.0667,JELLY_B,0.3320,-0.0434,0.05,J_PAUSE_OPEN,12.13,0.0142,0.000,1.5378,3.2748,-3.6333,0.00349,0.00777,0.00151,0.04196,0.0480
56.0667,JELLY_C,0.6866,-0.0052,0.05,J_DRIFT_IDLE,14.54,0.0216,0.000,0.6031,3.8593,-3.7339,0.00444,0.00081,0.00376,0.03001,0.0041
56.1000,JELLY_A,0.0327,1.2198,1.00,J_PULSE_CRUISE,20.68,0.0081,0.487,1.1687,2.3973,-3.3159,0.00488,0.00589,0.00036,0.04154,0.0087
56.1000,JELLY_B,0.3445,-0.0463,0.05,J_PAUSE_OPEN,12.10,0.0142,0.000,1.5379,3.2751,-3.6333,0.00347,0.00766,0.00150,0.04195,0.0474
56.1000,JELLY_C,0.6996,-0.0001,0.05,J_DRIFT_IDLE,14.50,0.0216,0.000,0.6032,3.8593,-3.7338,0.00442,0.00073,0.00374,0.03003,0.0032
56.1333,JELLY_A,0.0432,1.5605,1.00,J_PULSE_CRUISE,20.70,0.0176,0.487,1.1689,2.3975,-3.3159,0.00488,0.00587,0.00036,0.04152,0.0161
56.1333,JELLY_B,0.3569,-0.0490,0.05,J_PAUSE_OPEN,12.07,0.0143,0.000,1.5380,3.2753,-3.6332,0.00344,0.00755,0.00148,0.04195,0.0466
56.1333,JELLY_C,0.7127,0.0000,0.05,J_DRIFT_IDLE,14.46,0.0215,0.000,0.6034,3.8593,-3.7337,0.00441,0.00065,0.00372,0.03004,0.0023
56.1667,JELLY_A,0.0538,1.8585,1.00,J_PULSE_CRUISE,20.74,0.0306,0.487,1.1690,2.3977,-3.3158,0.00489,0.00589,0.00036,0.04149,0.0271
56.1667,JELLY_B,0.3694,-0.0514,0.05,J_PAUSE_OPEN,12.05,0.0144,0.000,1.5382,3.2756,-3.6332,0.00342,0.00744,0.00147,0.04193,0.0456
56.1667,JELLY_C,0.7258,0.0000,0.05,J_DRIFT_IDLE,14.42,0.0214,0.000,0.6035,3.8594,-3.7335,0.00439,0.00057,0.00370,0.03005,0.0017
56.2000,JELLY_A,0.0643,2.1057,1.00,J_PULSE_CRUISE,20.80,0.0457,0.487,1.1692,2.3979,-3.3158,0.00491,0.00595,0.00036,0.04146,0.0425
56.2000,JELLY_B,0.3819,-0.0535,0.05,J_PAUSE_OPEN,12.02,0.0144,0.000,1.5383,3.2758,-3.6331,0.00340,0.00733,0.00145,0.04191,0.0445
56.2000,JELLY_C,0.7389,0.0000,0.05,J_DRIFT_IDLE,14.38,0.0214,0.000,0.6037,3.8594,-3.7334,0.00438,0.00048,0.00368,0.03007,0.0011
56.2333,JELLY_A,0.0749,2.2953,1.00,J_PULSE_CRUISE,20.89,0.0621,0.487,1.1694,2.3981,-3.3158,0.00494,0.00603,0.00036,0.04144,0.0629
56.2333,JELLY_B,0.3944,-0.0552,0.05,J_PAUSE_OPEN,11.99,0.0145,0.000,1.5384,3.2761,-3.6331,0.00337,0.00722,0.00144,0.04188,0.0432
56.2333,JELLY_C,0.7520,0.0000,0.05,J_DRIFT_IDLE,14.34,0.0213,0.000,0.6038,3.8594,-3.7333,0.00436,0.00040,0.00366,0.03009,0.0007
56.2667,JELLY_A,0.0854,2.4220,1.00,J_PULSE_CRUISE,21.01,0.0794,0.487,1.1695,2.3983,-3.3158,0.00498,0.00613,0.00037,0.04141,0.0890
56.2667,JELLY_B,0.4068,-0.0566,0.05,J_PAUSE_OPEN,11.96,0.0145,0.000,1.5385,3.2763,-3.6330,0.00335,0.00712,0.00142,0.04185,0.0418
56.2667,JELLY_C,0.7650,0.0000,0.05,J_DRIFT_IDLE,14.30,0.0212,0.000,0.6040,3.8594,-3.7332,0.00434,0.00032,0.00365,0.03010,0.0004
56.3000,JELLY_A,0.0960,2.4822,1.00,J_PULSE_CRUISE,21.17,0.0969,0.487,1.1697,2.3985,-3.3158,0.00503,0.00625,0.00037,0.04139,0.1209
56.3000,JELLY_B,0.4193,-0.0577,0.05,J_PAUSE_OPEN,11.94,0.0145,0.000,1.5386,3.2765,-3.6330,0.00333,0.00701,0.00141,0.04181,0.0403
56.3000,JELLY_C,0.7781,0.0000,0.05,J_DRIFT_IDLE,14.26,0.0212,0.000,0.6041,3.8594,-3.7330,0.00433,0.00024,0.00363,0.03012,0.0001
56.3333,JELLY_A,0.1065,2.4744,1.00,J_PULSE_CRUISE,21.35,0.1140,0.487,1.1699,2.3987,-3.3158,0.00507,0.00636,0.00038,0.04137,0.1589
56.3333,JELLY_B,0.4318,-0.0584,0.05,J_PAUSE_OPEN,11.91,0.0146,0.000,1.5387,3.2768,-3.6329,0.00330,0.00691,0.00139,0.04177,0.0387
56.3333,JELLY_C,0.7912,0.0000,0.05,J_DRIFT_IDLE,14.22,0.0211,0.000,0.6043,3.8594,-3.7329,0.00431,0.00016,0.00361,0.03014,-0.0000
56.3667,JELLY_A,0.1171,2.3987,1.00,J_PULSE_CRUISE,21.57,0.1302,0.487,1.1700,2.3990,-3.3158,0.00511,0.00647,0.00038,0.04135,0.2027
56.3667,JELLY_B,0.4442,-0.0587,0.05,J_PAUSE_OPEN,11.88,0.0146,0.000,1.5388,3.2770,-3.6329,0.00328,0.00680,0.00138,0.04172,0.0370
56.3667,JELLY_C,0.8043,0.0000,0.05,J_DRIFT_IDLE,14.18,0.0210,0.000,0.6044,3.8594,-3.7328,0.00430,0.00008,0.00359,0.03015,-0.0001
56.4000,JELLY_A,0.1276,2.2571,1.00,J_PULSE_CRUISE,21.82,0.1449,0.487,1.1702,2.3992,-3.3158,0.00515,0.00656,0.00038,0.04133,0.2519
56.4000,JELLY_B,0.4567,-0.0587,0.05,J_PAUSE_OPEN,11.85,0.0147,0.000,1.5389,3.2772,-3.6328,0.00326,0.00670,0.00136,0.04168,0.0352
56.4000,JELLY_C,0.8174,0.0000,0.05,J_DRIFT_IDLE,14.14,0.0210,0.000,0.6046,3.8594,-3.7327,0.00428,-0.00000,0.00357,0.03017,-0.0002
56.4333,JELLY_A,0.1382,2.0536,1.00,J_PULSE_CRUISE,22.10,0.1577,0.487,1.1704,2.3994,-3.3157,0.00517,0.00662,0.00039,0.04131,0.3057
56.4333,JELLY_B,0.4691,-0.0583,0.05,J_PAUSE_OPEN,11.82,0.0147,0.000,1.5390,3.2775,-3.6328,0.00324,0.00661,0.00135,0.04163,0.0334
56.4333,JELLY_C,0.8305,0.0000,0.05,J_DRIFT_IDLE,14.10,0.0209,0.000,0.6047,3.8594,-3.7326,0.00427,-0.00008,0.00355,0.03019,-0.0002
56.4667,JELLY_A,0.1488,1.7935,1.00,J_PULSE_CRUISE,22.39,0.1680,0.487,1.1706,2.3996,-3.3157,0.00519,0.00665,0.00039,0.04129,0.3634
56.4667,JELLY_B,0.4816,-0.0576,0.05,J_PAUSE_OPEN,11.80,0.0147,0.000,1.5392,3.2777,-3.6328,0.00322,0.00651,0.00133,0.04159,0.0315
56.4667,JELLY_C,0.8435,0.0000,0.05,J_DRIFT_IDLE,14.06,0.0208,0.000,0.6048,3.8594,-3.7325,0.00425,-0.00016,0.00353,0.03020,-0.0002
56.5000,JELLY_A,0.1593,1.4841,1.00,J_PULSE_CRUISE,22.71,0.1756,0.487,1.1707,2.3998,-3.3157,0.00519,0.00665,0.00039,0.04127,0.4236
56.5000,JELLY_B,0.4941,-0.0565,0.05,J_PAUSE_OPEN,11.77,0.0148,0.000,1.5393,3.2779,-3.6327,0.00320,0.00642,0.00132,0.04155,0.0296
56.5000,JELLY_C,0.8566,0.0000,0.05,J_DRIFT_IDLE,14.02,0.0208,0.000,0.6050,3.8594,-3.7323,0.00423,-0.00024,0.00352,0.03022,-0.0002
56.5333,JELLY_A,0.1699,1.1339,1.00,J_PULSE_CRUISE,23.03,0.1801,0.487,1.1709,2.4001,-3.3157,0.00517,0.00661,0.00038,0.04124,0.4852
56.5333,JELLY_B,0.5065,-0.0550,0.05,J_PAUSE_OPEN,11.74,0.0148,0.000,1.5394,3.2781,-3.6327,0.00318,0.00632,0.00131,0.04153,0.0277
56.5333,JELLY_C,0.8697,0.0000,0.05,J_DRIFT_IDLE,13.98,0.0207,0.000,0.6051,3.8594,-3.7322,0.00422,-0.00032,0.00350,0.03023,-0.0002
56.5667,JELLY_A,0.1805,0.7523,1.00,J_PULSE_CRUISE,23.36,0.1814,0.487,1.1711,2.4003,-3.3157,0.00515,0.00655,0.00038,0.04122,0.5468
56.5667,JELLY_B,0.5190,-0.0533,0.05,J_PAUSE_OPEN,11.71,0.0148,0.000,1.5395,3.2783,-3.6326,0.00316,0.00624,0.00129,0.04150,0.0258
56.5667,JELLY_C,0.8828,0.0000,0.05,J_DRIFT_IDLE,13.94,0.0207,0.000,0.6053,3.8594,-3.7321,0.00420,-0.00040,0.00348,0.03025,-0.0002
56.6000,JELLY_A,0.1910,0.3500,1.00,J_PULSE_CRUISE,23.70,0.1793,0.487,1.1712,2.4005,-3.3157,0.00512,0.00647,0.00038,0.04119,0.6070
56.6000,JELLY_B,0.5314,-0.0512,0.05,J_PAUSE_OPEN,11.68,0.0149,0.000,1.5396,3.2785,-3.6326,0.00314,0.00615,0.00128,0.04149,0.0238
56.6000,JELLY_C,0.8959,0.0000,0.05,J_DRIFT_IDLE,13.90,0.0206,0.000,0.6054,3.8594,-3.7320,0.00419,-0.00049,0.00346,0.03026,-0.0001
56.6333,JELLY_A,0.2016,-0.0099,1.00,J_PULSE_CRUISE,24.03,0.1740,0.487,1.1714,2.4007,-3.3157,0.00508,0.00638,0.00037,0.04117,0.6645
56.6333,JELLY_B,0.5439,-0.0488,0.05,J_PAUSE_OPEN,11.66,0.0149,0.000,1.5397,3.2787,-3.6325,0.00312,0.00606,0.00127,0.04148,0.0219
56.6333,JELLY_C,0.9090,0.0000,0.05,J_DRIFT_IDLE,13.86,0.0205,0.000,0.6055,3.8594,-3.7319,0.00417,-0.00057,0.00344,0.03028,-0.0001
56.6667,JELLY_A,0.2122,-0.0760,1.00,J_PULSE_CRUISE,24.34,0.1679,0.487,1.1716,2.4009,-3.3157,0.00505,0.00629,0.00037,0.04115,0.7183
56.6667,JELLY_B,0.5564,-0.0461,0.05,J_PAUSE_OPEN,11.63,0.0149,0.000,1.5398,3.2789,-3.6325,0.00310,0.00598,0.00126,0.04148,0.0200
56.6667,JELLY_C,0.9221,0.0000,0.05,J_DRIFT_IDLE,13.83,0.0205,0.000,0.6057,3.8593,-3.7318,0.00415,-0.00065,0.00342,0.03029,-0.0001
56.7000,JELLY_A,0.2227,-0.1418,1.00,J_PULSE_CRUISE,24.65,0.1620,0.487,1.1717,2.4011,-3.3156,0.00502,0.00621,0.00036,0.04114,0.7675
56.7000,JELLY_B,0.5688,-0.0431,0.05,J_PAUSE_OPEN,11.60,0.0149,0.000,1.5399,3.2791,-3.6325,0.00308,0.00589,0.00124,0.04148,0.0182
56.7000,JELLY_C,0.9352,0.0000,0.05,J_DRIFT_IDLE,13.79,0.0204,0.000,0.6058,3.8593,-3.7316,0.00414,-0.00073,0.00340,0.03030,-0.0001
56.7333,JELLY_A,0.2333,-0.2070,1.00,J_PULSE_CRUISE,24.94,0.1563,0.487,1.1719,2.4013,-3.3156,0.00498,0.00612,0.00036,0.04112,0.8113
56.7333,JELLY_B,0.5813,-0.0398,0.05,J_PAUSE_OPEN,11.57,0.0149,0.000,1.5400,3.2793,-3.6324,0.00306,0.00581,0.00123,0.04149,0.0163
56.7333,JELLY_C,0.9483,0.0000,0.05,J_DRIFT_IDLE,13.75,0.0204,0.000,0.6060,3.8593,-3.7315,0.00412,-0.00081,0.00339,0.03031,-0.0001
56.7667,JELLY_A,0.2439,-0.2712,1.00,J_PULSE_CRUISE,25.23,0.1507,0.487,1.1721,2.4015,-3.3156,0.00495,0.00604,0.00035,0.04111,0.8493
56.7667,JELLY_B,0.5937,-0.0363,0.05,J_PAUSE_OPEN,11.54,0.0150,0.000,1.5401,3.2795,-3.6324,0.00304,0.00573,0.00122,0.04149,0.0146
56.7667,JELLY_C,0.9614,0.0000,0.05,J_DRIFT_IDLE,13.71,0.0203,0.000,0.6061,3.8593,-3.7314,0.00410,-0.00089,0.00337,0.03032,-0.0000
56.8000,JELLY_A,0.2544,-0.3343,1.00,J_PULSE_CRUISE,25.50,0.1453,0.487,1.1722,2.4017,-3.3156,0.00492,0.00595,0.00035,0.04110,0.8813
56.8000,JELLY_B,0.6062,-0.0326,0.05,J_PAUSE_OPEN,11.51,0.0150,0.000,1.5402,3.2797,-3.6323,0.00302,0.00565,0.00121,0.04150,0.0129
56.8000,JELLY_C,0.9745,0.0000,0.05,J_DRIFT_IDLE,13.67,0.0203,0.000,0.6062,3.8592,-3.7313,0.00409,-0.00097,0.00335,0.03033,-0.0000
56.8333,JELLY_A,0.2650,-0.3960,1.00,J_PULSE_CRUISE,25.77,0.1400,0.487,1.1724,2.4019,-3.3156,0.00488,0.00587,0.00034,0.04108,0.9074
56.8333,JELLY_B,0.6186,-0.0287,0.05,J_PAUSE_OPEN,11.48,0.0150,0.000,1.5403,3.2799,-3.6323,0.00301,0.00557,0.00120,0.04151,0.0113
56.8333,JELLY_C,0.9876,0.0000,0.05,J_DRIFT_IDLE,13.63,0.0202,0.000,0.6064,3.8592,-3.7312,0.00407,-0.00105,0.00333,0.03034,-0.0000
56.8667,JELLY_A,0.2756,-0.4559,1.00,J_PULSE_CRUISE,26.02,0.1349,0.487,1.1726,2.4021,-3.3156,0.00485,0.00579,0.00034,0.04107,0.9276
56.8667,JELLY_B,0.6311,-0.0246,0.05,J_PAUSE_OPEN,11.46,0.0150,0.000,1.5404,3.2801,-3.6323,0.00299,0.00549,0.00119,0.04152,0.0097
56.8667,JELLY_C,0.0007,0.0355,1.00,J_SOFT_TURN,13.59,0.0202,0.661,0.6065,3.8592,-3.7311,0.00405,-0.00112,0.00331,0.03035,0.0001
56.9000,JELLY_A,0.2862,-0.5139,1.00,J_PULSE_CRUISE,26.27,0.1299,0.487,1.1727,2.4023,-3.3156,0.00482,0.00571,0.00033,0.04105,0.9422
56.9000,JELLY_B,0.6435,-0.0204,0.05,J_PAUSE_OPEN,11.43,0.0150,0.000,1.5405,3.2802,-3.6322,0.00297,0.00542,0.00117,0.04153,0.0083
56.9000,JELLY_C,0.0138,0.6664,1.00,J_SOFT_TURN,13.55,0.0223,0.661,0.6066,3.8591,-3.7310,0.00404,-0.00115,0.00329,0.03039,0.0026
56.9333,JELLY_A,0.2968,-0.5696,1.00,J_PULSE_CRUISE,26.50,0.1250,0.487,1.1729,2.4025,-3.3156,0.00479,0.00563,0.00033,0.04095,0.9517
56.9333,JELLY_B,0.6560,-0.0160,0.05,J_PAUSE_OPEN,11.40,0.0150,0.000,1.5406,3.2804,-3.6322,0.00295,0.00534,0.00116,0.04154,0.0070
56.9333,JELLY_C,0.0270,1.2693,1.00,J_SOFT_TURN,13.51,0.0289,0.661,0.6068,3.8591,-3.7309,0.00403,-0.00115,0.00328,0.03042,0.0087
56.9667,JELLY_A,0.3073,-0.6228,1.00,J_PULSE_CRUISE,26.73,0.1203,0.487,1.1731,2.4027,-3.3155,0.00476,0.00554,0.00032,0.04072,0.9563
56.9667,JELLY_B,0.6684,-0.0116,0.05,J_PAUSE_OPEN,11.37,0.0150,0.000,1.5407,3.2806,-3.6321,0.00294,0.00526,0.00115,0.04156,0.0057
56.9667,JELLY_C,0.0401,1.8189,1.00,J_SOFT_TURN,13.46,0.0412,0.661,0.6069,3.8590,-3.7308,0.00403,-0.00110,0.00327,0.03044,0.0193
57.0000,JELLY_A,0.3179,-0.6733,1.00,J_PULSE_CRUISE,26.95,0.1158,0.487,1.1732,2.4029,-3.3155,0.00473,0.00546,0.00032,0.04035,0.9564
57.0000,JELLY_B,0.6809,-0.0070,0.05,J_PAUSE_OPEN,11.34,0.0150,0.000,1.5408,3.2808,-3.6321,0.00292,0.00519,0.00114,0.04157,0.0046
57.0000,JELLY_C,0.0532,2.2917,1.00,J_SOFT_TURN,13.39,0.0586,0.661,0.6070,3.8590,-3.7306,0.00404,-0.00099,0.00328,0.03044,0.0355
57.0333,JELLY_A,0.3285,-0.7208,1.00,J_PULSE_CRUISE,27.16,0.1113,0.487,1.1734,2.4031,-3.3155,0.00469,0.00538,0.00032,0.03983,0.9525
57.0333,JELLY_B,0.6933,-0.0025,0.05,J_PAUSE_OPEN,11.31,0.0151,0.000,1.5409,3.2809,-3.6321,0.00290,0.00511,0.00113,0.04159,0.0036
57.0333,JELLY_C,0.0663,2.6679,1.00,J_SOFT_TURN,13.31,0.0796,0.661,0.6072,3.8590,-3.7305,0.00406,-0.00081,0.00329,0.03043,0.0584
57.0667,JELLY_A,0.3391,-0.7651,1.00,J_PULSE_CRUISE,27.36,0.1070,0.487,1.1735,2.4032,-3.3155,0.00466,0.00531,0.00031,0.03916,0.9448
57.0667,JELLY_B,0.7057,0.0000,0.05,J_PAUSE_OPEN,11.28,0.0151,0.000,1.5410,3.2811,-3.6320,0.00288,0.00503,0.00112,0.04160,0.0028
57.0667,JELLY_C,0.0794,2.9312,1.00,J_SOFT_TURN,13.22,0.1031,0.661,0.6073,3.8590,-3.7304,0.00410,-0.00057,0.00330,0.03040,0.0889
57.1000,JELLY_A,0.3497,-0.8061,1.00,J_PULSE_CRUISE,27.56,0.1028,0.487,1.1737,2.4034,-3.3155,0.00463,0.00523,0.00031,0.03836,0.9339
57.1000,JELLY_B,0.7182,0.0000,0.05,J_PAUSE_OPEN,11.26,0.0151,0.000,1.5411,3.2813,-3.6320,0.00287,0.00496,0.00111,0.04162,0.0020
57.1000,JELLY_C,0.0925,3.0706,1.00,J_SOFT_TURN,13.11,0.1277,0.661,0.6074,3.8589,-3.7303,0.00414,-0.00030,0.00333,0.03038,0.1276
57.1333,JELLY_A,0.3603,-0.8436,1.00,J_PULSE_CRUISE,27.75,0.0987,0.487,1.1738,2.4036,-3.3155,0.00460,0.00515,0.00030,0.03745,0.9199
57.1333,JELLY_B,0.7306,0.0000,0.05,J_PAUSE_OPEN,11.23,0.0151,0.000,1.5412,3.2814,-3.6319,0.00285,0.00488,0.00110,0.04164,0.0014
57.1333,JELLY_C,0.1057,3.0801,1.00,J_SOFT_TURN,12.98,0.1522,0.661,0.6076,3.8589,-3.7302,0.00418,-0.00002,0.00335,0.03036,0.1746
57.1667,JELLY_A,0.3709,-0.8773,1.00,J_PULSE_CRUISE,27.93,0.0947,0.487,1.1740,2.4037,-3.3155,0.00457,0.00507,0.00030,0.03646,0.9033
57.1667,JELLY_B,0.7431,0.0000,0.05,J_PAUSE_OPEN,11.20,0.0151,0.000,1.5413,3.2816,-3.6319,0.00283,0.00481,0.00109,0.04166,0.0010
57.1667,JELLY_C,0.1188,2.9591,1.00,J_SOFT_TURN,12.85,0.1754,0.661,0.6077,3.8589,-3.7301,0.00422,0.00025,0.00336,0.03034,0.2297
57.2000,JELLY_A,0.3814,-0.9072,1.00,J_PULSE_CRUISE,28.10,0.0909,0.487,1.1741,2.4039,-3.3155,0.00454,0.00499,0.00029,0.03540,0.8843
57.2000,JELLY_B,0.7555,0.0000,0.05,J_PAUSE_OPEN,11.17,0.0151,0.000,1.5414,3.2818,-3.6319,0.00282,0.00474,0.00107,0.04168,0.0006
57.2000,JELLY_C,0.1319,2.7126,1.00,J_SOFT_TURN,12.70,0.1961,0.661,0.6079,3.8590,-3.7300,0.00426,0.00048,0.00337,0.03033,0.2918
57.2333,JELLY_A,0.3920,-0.9330,1.00,J_PULSE_CRUISE,28.26,0.0871,0.487,1.1743,2.4041,-3.3155,0.00451,0.00492,0.00029,0.03431,0.8631
57.2333,JELLY_B,0.7680,0.0000,0.05,J_PAUSE_OPEN,11.14,0.0151,0.000,1.5415,3.2819,-3.6318,0.00280,0.00466,0.00106,0.04170,0.0003
57.2333,JELLY_C,0.1450,2.3511,1.00,J_SOFT_TURN,12.56,0.2132,0.661,0.6080,3.8590,-3.7299,0.00428,0.00065,0.00338,0.03032,0.3595
57.2667,JELLY_A,0.4026,-0.9548,1.00,J_PULSE_CRUISE,28.42,0.0835,0.487,1.1744,2.4042,-3.3155,0.00449,0.00484,0.00028,0.03322,0.8400
57.2667,JELLY_B,0.7804,0.0000,0.05,J_PAUSE_OPEN,11.11,0.0151,0.000,1.5415,3.2821,-3.6318,0.00278,0.00459,0.00105,0.04172,0.0001
57.2667,JELLY_C,0.1582,1.8897,1.00,J_SOFT_TURN,12.41,0.2259,0.661,0.6081,3.8590,-3.7298,0.00428,0.00074,0.00337,0.03031,0.4310
57.3000,JELLY_A,0.4132,-0.9723,1.00,J_PULSE_CRUISE,28.57,0.0799,0.487,1.1746,2.4044,-3.3154,0.00446,0.00477,0.00028,0.03216,0.8152
57.3000,JELLY_B,0.7928,0.0000,0.05,J_PAUSE_OPEN,11.08,0.0151,0.000,1.5416,3.2822,-3.6318,0.00277,0.00451,0.00104,0.04174,-0.0000
57.3000,JELLY_C,0.1713,1.3480,1.00,J_SOFT_TURN,12.28,0.2336,0.661,0.6083,3.8590,-3.7296,0.00428,0.00078,0.00336,0.03029,0.5040
57.3333,JELLY_A,0.4238,-0.9855,1.00,J_PULSE_CRUISE,28.72,0.0765,0.487,1.1747,2.4046,-3.3154,0.00444,0.00471,0.00027,0.03115,0.7889
57.3333,JELLY_B,0.8053,0.0000,0.05,J_PAUSE_OPEN,11.05,0.0151,0.000,1.5417,3.2824,-3.6317,0.00275,0.00444,0.00103,0.04176,-0.0001
57.3333,JELLY_C,0.1844,0.7488,1.00,J_SOFT_TURN,12.15,0.2357,0.661,0.6084,3.8590,-3.7295,0.00426,0.00077,0.00334,0.03028,0.5761
57.3667,JELLY_A,0.4344,-0.9943,1.00,J_PULSE_CRUISE,28.86,0.0732,0.487,1.1749,2.4047,-3.3154,0.00442,0.00465,0.00027,0.03024,0.7613
57.3667,JELLY_B,0.8177,0.0000,0.05,J_PAUSE_OPEN,11.03,0.0150,0.000,1.5418,3.2825,-3.6317,0.00274,0.00437,0.00102,0.04178,-0.0002
57.3667,JELLY_C,0.1976,0.1175,1.00,J_SOFT_TURN,12.04,0.2321,0.661,0.6086,3.8591,-3.7294,0.00424,0.00072,0.00332,0.03027,0.6454
57.4000,JELLY_A,0.4450,-0.9988,1.00,J_PULSE_CRUISE,28.99,0.0699,0.487,1.1750,2.4049,-3.3154,0.00440,0.00460,0.00026,0.02944,0.7325
57.4000,JELLY_B,0.8301,0.0000,0.05,J_PAUSE_OPEN,11.00,0.0150,0.000,1.5419,3.2827,-3.6317,0.00272,0.00429,0.00101,0.04180,-0.0002
57.4000,JELLY_C,0.2107,-0.0834,1.00,J_SOFT_TURN,11.95,0.2253,0.661,0.6087,3.8591,-3.7293,0.00422,0.00067,0.00330,0.03026,0.7099
57.4333,JELLY_A,0.4556,-0.9988,1.00,J_PULSE_CRUISE,29.11,0.0668,0.487,1.1752,2.4050,-3.3154,0.00439,0.00456,0.00026,0.02877,0.7028
57.4333,JELLY_B,0.8426,0.0000,0.05,J_PAUSE_OPEN,10.97,0.0150,0.000,1.5420,3.2828,-3.6316,0.00270,0.00422,0.00100,0.04182,-0.0002
57.4333,JELLY_C,0.2239,-0.1851,1.00,J_SOFT_TURN,11.88,0.2187,0.661,0.6089,3.8591,-3.7292,0.00419,0.00063,0.00328,0.03025,0.7680
57.4667,JELLY_A,0.4662,-0.9944,1.00,J_PULSE_CRUISE,29.23,0.0637,0.487,1.1753,2.4052,-3.3154,0.00439,0.00453,0.00026,0.02827,0.6722
57.4667,JELLY_B,0.8550,0.0000,0.05,J_PAUSE_OPEN,10.94,0.0150,0.000,1.5421,3.2829,-3.6316,0.00269,0.00415,0.00099,0.04183,-0.0002
57.4667,JELLY_C,0.2370,-0.2855,1.00,J_SOFT_TURN,11.82,0.2122,0.661,0.6090,3.8591,-3.7291,0.00417,0.00058,0.00326,0.03023,0.8186
57.5000,JELLY_A,0.4769,-0.9856,1.00,J_PULSE_CRUISE,29.35,0.0607,0.487,1.1755,2.4053,-3.3154,0.00440,0.00452,0.00025,0.02793,0.6410
57.5000,JELLY_B,0.8675,0.0000,0.05,J_PAUSE_OPEN,10.91,0.0150,0.000,1.5422,3.2831,-3.6316,0.00267,0.00407,0.00098,0.04185,-0.0002
57.5000,JELLY_C,0.2502,-0.3841,1.00,J_SOFT_TURN,11.77,0.2060,0.661,0.6091,3.8592,-3.7290,0.00415,0.00053,0.00323,0.03022,0.8608
57.5333,JELLY_A,0.4875,-0.9723,1.00,J_PULSE_CRUISE,29.46,0.0578,0.487,1.1756,2.4055,-3.3154,0.00441,0.00452,0.00025,0.02776,0.6092
57.5333,JELLY_B,0.8799,0.0000,0.05,J_PAUSE_OPEN,10.88,0.0150,0.000,1.5423,3.2832,-3.6315,0.00265,0.00400,0.00097,0.04187,-0.0002
57.5333,JELLY_C,0.2633,-0.4801,1.00,J_SOFT_TURN,11.74,0.1999,0.661,0.6093,3.8592,-3.7289,0.00413,0.00048,0.00321,0.03022,0.8943
57.5667,JELLY_A,0.4981,-0.9548,1.00,J_PULSE_CRUISE,29.56,0.0550,0.487,1.1758,2.4056,-3.3154,0.00443,0.00453,0.00024,0.02771,0.5770
57.5667,JELLY_B,0.8923,0.0000,0.05,J_PAUSE_OPEN,10.85,0.0150,0.000,1.5424,3.2833,-3.6315,0.00264,0.00393,0.00096,0.04189,-0.0002
57.5667,JELLY_C,0.2765,-0.5729,1.00,J_SOFT_TURN,11.72,0.1940,0.661,0.6094,3.8592,-3.7288,0.00410,0.00043,0.00319,0.03021,0.9192
57.6000,JELLY_A,0.5087,-0.9330,1.00,J_PULSE_CRUISE,29.66,0.0523,0.487,1.1759,2.4058,-3.3154,0.00445,0.00455,0.00024,0.02773,0.5445
57.6000,JELLY_B,0.9048,0.0000,0.05,J_PAUSE_OPEN,10.82,0.0150,0.000,1.5424,3.2835,-3.6315,0.00262,0.00386,0.00095,0.04190,-0.0001
57.6000,JELLY_C,0.2896,-0.6618,1.00,J_SOFT_TURN,11.71,0.1883,0.661,0.6095,3.8592,-3.7287,0.00408,0.00039,0.00317,0.03021,0.9358
57.6333,JELLY_A,0.5193,-0.9071,1.00,J_PULSE_CRUISE,29.75,0.0497,0.487,1.1761,2.4059,-3.3154,0.00449,0.00459,0.00024,0.02781,0.5120
57.6333,JELLY_B,0.9172,0.0000,0.05,J_PAUSE_OPEN,10.80,0.0150,0.000,1.5425,3.2836,-3.6314,0.00261,0.00379,0.00094,0.04192,-0.0001
57.6333,JELLY_C,0.3028,-0.7462,1.00,J_SOFT_TURN,11.71,0.1827,0.661,0.6097,3.8592,-3.7286,0.00406,0.00034,0.00315,0.03021,0.9447
57.6667,JELLY_A,0.5299,-0.8771,1.00,J_PULSE_CRUISE,29.84,0.0471,0.487,1.1762,2.4061,-3.3154,0.00453,0.00463,0.00023,0.02793,0.4794
57.6667,JELLY_B,0.9296,0.0000,0.05,J_PAUSE_OPEN,10.77,0.0150,0.000,1.5426,3.2837,-3.6314,0.00259,0.00371,0.00093,0.04193,-0.0001
57.6667,JELLY_C,0.3159,-0.8256,1.00,J_SOFT_TURN,11.72,0.1773,0.661,0.6098,3.8592,-3.7285,0.00404,0.00029,0.00313,0.03021,0.9466
57.7000,JELLY_A,0.5405,-0.8432,1.00,J_PULSE_CRUISE,29.93,0.0446,0.487,1.1764,2.4062,-3.3153,0.00457,0.00469,0.00023,0.02809,0.4470
57.7000,JELLY_B,0.9420,0.0000,0.05,J_PAUSE_OPEN,10.74,0.0149,0.000,1.5427,3.2838,-3.6314,0.00258,0.00364,0.00092,0.04194,-0.0001
57.7000,JELLY_C,0.3291,-0.8994,1.00,J_SOFT_TURN,11.73,0.1720,0.661,0.6099,3.8592,-3.7284,0.00402,0.00025,0.00311,0.03020,0.9422
57.7333,JELLY_A,0.5511,-0.8055,1.00,J_PULSE_CRUISE,30.01,0.0422,0.487,1.1765,2.4064,-3.3153,0.00463,0.00476,0.00023,0.02828,0.4149
57.7333,JELLY_B,0.9545,0.0000,0.05,J_PAUSE_OPEN,10.71,0.0149,0.000,1.5428,3.2840,-3.6313,0.00256,0.00357,0.00091,0.04195,-0.0000
57.7333,JELLY_C,0.3423,-0.9671,1.00,J_SOFT_TURN,11.76,0.1668,0.661,0.6101,3.8592,-3.7282,0.00399,0.00020,0.00309,0.03020,0.9322
57.7667,JELLY_A,0.5618,-0.7642,1.00,J_PULSE_CRUISE,30.08,0.0399,0.487,1.1767,2.4066,-3.3153,0.00468,0.00483,0.00022,0.02850,0.3833
57.7667,JELLY_B,0.9669,0.0000,0.05,J_PAUSE_OPEN,10.68,0.0149,0.000,1.5429,3.2841,-3.6313,0.00254,0.00350,0.00090,0.04196,-0.0000
57.7667,JELLY_C,0.3554,-1.0283,1.00,J_SOFT_TURN,11.79,0.1618,0.661,0.6102,3.8592,-3.7281,0.00397,0.00015,0.00307,0.03018,0.9172
57.8000,JELLY_A,0.5724,-0.7195,1.00,J_PULSE_CRUISE,30.15,0.0376,0.487,1.1768,2.4067,-3.3153,0.00474,0.00492,0.00022,0.02875,0.3521
57.8000,JELLY_B,0.9793,0.0000,0.05,J_PAUSE_OPEN,10.65,0.0149,0.000,1.5430,3.2842,-3.6313,0.00253,0.00343,0.00089,0.04197,-0.0000
57.8000,JELLY_C,0.3686,-1.0824,1.00,J_SOFT_TURN,11.83,0.1570,0.661,0.6103,3.8592,-3.7280,0.00395,0.00011,0.00305,0.03011,0.8979
57.8333,JELLY_A,0.5830,-0.6716,1.00,J_PULSE_CRUISE,30.22,0.0354,0.487,1.1770,2.4069,-3.3153,0.00481,0.00500,0.00022,0.02903,0.3217
57.8333,JELLY_B,0.9918,0.0000,0.05,J_PAUSE_OPEN,10.62,0.0149,0.000,1.5430,3.2843,-3.6313,0.00251,0.00336,0.00088,0.04198,-0.0000
57.8333,JELLY_C,0.3818,-1.1291,1.00,J_SOFT_TURN,11.87,0.1522,0.661,0.6105,3.8593,-3.7279,0.00393,0.00006,0.00304,0.02994,0.8748
57.8667,JELLY_A,0.5936,-0.6206,1.00,J_PULSE_CRUISE,30.28,0.0332,0.487,1.1771,2.4071,-3.3153,0.00487,0.00509,0.00021,0.02934,0.2921
57.8667,JELLY_B,0.0042,0.1928,1.00,J_PULSE_CRUISE,10.60,0.0147,0.295,1.5431,3.2844,-3.6312,0.00250,0.00328,0.00087,0.04199,0.0001
57.8667,JELLY_C,0.3949,-1.1682,1.00,J_SOFT_TURN,11.92,0.1476,0.661,0.6106,3.8593,-3.7278,0.00391,0.00002,0.00302,0.02965,0.8483
57.9000,JELLY_A,0.6043,-0.5669,1.00,J_PULSE_CRUISE,30.34,0.0311,0.487,1.1773,2.4072,-3.3153,0.00494,0.00518,0.00021,0.02966,0.2634
57.9000,JELLY_B,0.0166,0.7559,1.00,J_PULSE_CRUISE,10.57,0.0129,0.295,1.5432,3.2845,-3.6312,0.00248,0.00322,0.00086,0.04203,0.0010
57.9000,JELLY_C,0.4081,-1.1992,1.00,J_SOFT_TURN,11.98,0.1432,0.661,0.6107,3.8593,-3.7277,0.00389,-0.00002,0.00300,0.02924,0.8190
57.9333,JELLY_A,0.6149,-0.5106,1.00,J_PULSE_CRUISE,30.39,0.0291,0.487,1.1775,2.4074,-3.3153,0.00500,0.00527,0.00021,0.03001,0.2358
57.9333,JELLY_B,0.0291,1.2902,1.00,J_PULSE_CRUISE,10.55,0.0101,0.295,1.5433,3.2846,-3.6312,0.00247,0.00318,0.00085,0.04205,0.0037
57.9333,JELLY_C,0.4213,-1.2221,1.00,J_SOFT_TURN,12.03,0.1388,0.661,0.6109,3.8593,-3.7276,0.00387,-0.00006,0.00298,0.02873,0.7872
57.9667,JELLY_A,0.6255,-0.4520,1.00,J_PULSE_CRUISE,30.44,0.0271,0.487,1.1776,2.4076,-3.3153,0.00506,0.00536,0.00020,0.03038,0.2094
57.9667,JELLY_B,0.0415,1.7755,1.00,J_PULSE_CRUISE,10.53,0.0092,0.295,1.5434,3.2847,-3.6311,0.00247,0.00320,0.00085,0.04206,0.0095
57.9667,JELLY_C,0.4345,-1.2366,1.00,J_SOFT_TURN,12.09,0.1346,0.661,0.6110,3.8592,-3.7275,0.00385,-0.00007,0.00296,0.02814,0.7533
58.0000,JELLY_A,0.6362,-0.3913,1.00,J_PULSE_CRUISE,30.48,0.0252,0.487,1.1778,2.4078,-3.3153,0.00513,0.00545,0.00020,0.03077,0.1843
58.0000,JELLY_B,0.0539,2.1933,1.00,J_PULSE_CRUISE,10.53,0.0138,0.295,1.5435,3.2849,-3.6311,0.00248,0.00327,0.00085,0.04206,0.0201
58.0000,JELLY_C,0.4477,-1.2426,1.00,J_SOFT_TURN,12.15,0.1305,0.661,0.6111,3.8592,-3.7274,0.00384,-0.00007,0.00294,0.02748,0.7177
58.0333,JELLY_A,0.6468,-0.3289,1.00,J_PULSE_CRUISE,30.53,0.0233,0.487,1.1780,2.4079,-3.3153,0.00519,0.00554,0.00020,0.03117,0.1606
58.0333,JELLY_B,0.0663,2.5277,1.00,J_PULSE_CRUISE,10.54,0.0222,0.295,1.5435,3.2850,-3.6311,0.00250,0.00339,0.00086,0.04206,0.0369
58.0333,JELLY_C,0.4608,-1.2401,1.00,J_SOFT_TURN,12.21,0.1265,0.661,0.6113,3.8592,-3.7273,0.00383,-0.00005,0.00291,0.02678,0.6806
58.0667,JELLY_A,0.6574,-0.2649,1.00,J_PULSE_CRUISE,30.57,0.0215,0.487,1.1782,2.4081,-3.3153,0.00525,0.00562,0.00019,0.03159,0.1384
58.0667,JELLY_B,0.0788,2.7661,1.00,J_PULSE_CRUISE,10.57,0.0322,0.295,1.5436,3.2851,-3.6311,0.00252,0.00356,0.00087,0.04205,0.0614
58.0667,JELLY_C,0.4740,-1.2291,1.00,J_SOFT_TURN,12.28,0.1226,0.661,0.6114,3.8592,-3.7273,0.00383,0.00000,0.00289,0.02608,0.6424
58.1000,JELLY_A,0.6681,-0.1998,1.00,J_PULSE_CRUISE,30.60,0.0198,0.487,1.1783,2.4083,-3.3153,0.00531,0.00571,0.00019,0.03202,0.1178
58.1000,JELLY_B,0.0912,2.8995,1.00,J_PULSE_CRUISE,10.62,0.0429,0.295,1.5437,3.2852,-3.6310,0.00255,0.00376,0.00088,0.04205,0.0944
58.1000,JELLY_C,0.4872,-1.2097,1.00,J_SOFT_TURN,12.34,0.1188,0.661,0.6115,3.8592,-3.7272,0.00384,0.00008,0.00286,0.02540,0.6033
58.1333,JELLY_A,0.6787,-0.1337,1.00,J_PULSE_CRUISE,30.63,0.0181,0.487,1.1785,2.4085,-3.3153,0.00537,0.00579,0.00019,0.03246,0.0989
58.1333,JELLY_B,0.1036,2.9227,1.00,J_PULSE_CRUISE,10.68,0.0537,0.295,1.5438,3.2853,-3.6310,0.00258,0.00398,0.00090,0.04204,0.1364
58.1333,JELLY_C,0.5004,-1.1819,1.00,J_SOFT_TURN,12.41,0.1152,0.661,0.6116,3.8593,-3.7271,0.00384,0.00018,0.00284,0.02478,0.5636
58.1667,JELLY_A,0.6894,-0.0670,1.00,J_PULSE_CRUISE,30.66,0.0164,0.487,1.1787,2.4087,-3.3153,0.00543,0.00587,0.00018,0.03291,0.0818
58.1667,JELLY_B,0.1160,2.8350,1.00,J_PULSE_CRUISE,10.76,0.0641,0.295,1.5439,3.2855,-3.6310,0.00261,0.00418,0.00091,0.04204,0.1873
58.1667,JELLY_C,0.5136,-1.1460,1.00,J_SOFT_TURN,12.48,0.1116,0.661,0.6118,3.8593,-3.7270,0.00386,0.00031,0.00281,0.02424,0.5236
58.2000,JELLY_A,0.7000,0.0000,1.00,J_GLIDE,30.69,0.0149,0.487,1.1789,2.4089,-3.3152,0.00549,0.00596,0.00018,0.03336,0.0665
58.2000,JELLY_B,0.1285,2.6397,1.00,J_PULSE_CRUISE,10.86,0.0735,0.295,1.5440,3.2856,-3.6309,0.00263,0.00436,0.00092,0.04203,0.2463
58.2000,JELLY_C,0.5268,-1.1022,1.00,J_SOFT_TURN,12.54,0.1081,0.661,0.6119,3.8593,-3.7269,0.00388,0.00047,0.00278,0.02381,0.4835
58.2333,JELLY_A,0.7107,0.0000,1.00,J_GLIDE,30.71,0.0134,0.487,1.1791,2.4091,-3.3152,0.00555,0.00604,0.00018,0.03382,0.0530
58.2333,JELLY_B,0.1409,2.3442,1.00,J_PULSE_CRUISE,10.97,0.0815,0.295,1.5441,3.2858,-3.6309,0.00265,0.00448,0.00093,0.04203,0.3123
58.2333,JELLY_C,0.5400,-1.0507,1.00,J_SOFT_TURN,12.61,0.1047,0.661,0.6120,3.8593,-3.7268,0.00391,0.00065,0.00274,0.02350,0.4436
58.2667,JELLY_A,0.7213,0.0000,1.00,J_GLIDE,30.73,0.0120,0.487,1.1792,2.4093,-3.3152,0.00560,0.00611,0.00017,0.03429,0.0413
58.2667,JELLY_B,0.1533,1.9598,1.00,J_PULSE_CRUISE,11.09,0.0878,0.295,1.5441,3.2859,-3.6309,0.00265,0.00455,0.00093,0.04203,0.3836
58.2667,JELLY_C,0.5532,-0.9920,1.00,J_SOFT_TURN,12.68,0.1015,0.661,0.6122,3.8593,-3.7267,0.00394,0.00085,0.00270,0.02333,0.4042
58.3000,JELLY_A,0.7320,0.0000,1.00,J_GLIDE,30.74,0.0107,0.487,1.1794,2.4095,-3.3152,0.00565,0.00618,0.00017,0.03476,0.0313
58.3000,JELLY_B,0.1657,1.5010,1.00,J_PULSE_CRUISE,11.23,0.0921,0.295,1.5442,3.2861,-3.6308,0.00265,0.00456,0.00093,0.04202,0.4581
58.3000,JELLY_C,0.5664,-0.9265,1.00,J_SOFT_TURN,12.74,0.0983,0.661,0.6123,3.8594,-3.7266,0.00397,0.00107,0.00267,0.02326,0.3656
58.3333,JELLY_A,0.7426,0.0000,1.00,J_GLIDE,30.75,0.0096,0.487,1.1796,2.4097,-3.3152,0.00570,0.00624,0.00016,0.03523,0.0229
58.3333,JELLY_B,0.1781,0.9853,1.00,J_PULSE_CRUISE,11.37,0.0941,0.295,1.5443,3.2862,-3.6308,0.00264,0.00452,0.00092,0.04202,0.5336
58.3333,JELLY_C,0.5797,-0.8545,1.00,J_SOFT_TURN,12.81,0.0952,0.661,0.6124,3.8594,-3.7265,0.00400,0.00130,0.00262,0.02326,0.3279
58.3667,JELLY_A,0.7533,0.0000,1.00,J_GLIDE,30.76,0.0086,0.487,1.1798,2.4099,-3.3152,0.00575,0.00630,0.00016,0.03569,0.0160
58.3667,JELLY_B,0.1906,0.4322,1.00,J_PULSE_CRUISE,11.51,0.0936,0.295,1.5444,3.2864,-3.6308,0.00262,0.00445,0.00091,0.04202,0.6076
58.3667,JELLY_C,0.5929,-0.7766,1.00,J_SOFT_TURN,12.88,0.0922,0.661,0.6126,3.8594,-3.7264,0.00404,0.00154,0.00258,0.02331,0.2914
58.4000,JELLY_A,0.7639,0.0000,1.00,J_GLIDE,30.77,0.0078,0.487,1.1800,2.4101,-3.3152,0.00579,0.00636,0.00016,0.03616,0.0104
58.4000,JELLY_B,0.2030,-0.0220,1.00,J_PULSE_CRUISE,11.66,0.0910,0.295,1.5445,3.2865,-3.6308,0.00260,0.00437,0.00090,0.04201,0.6776
58.4000,JELLY_C,0.6061,-0.6933,1.00,J_SOFT_TURN,12.94,0.0892,0.661,0.6127,3.8595,-3.7263,0.00408,0.00179,0.00254,0.02339,0.2564
58.4333,JELLY_A,0.7746,0.0000,1.00,J_GLIDE,30.77,0.0072,0.487,1.1802,2.4104,-3.3152,0.00583,0.00641,0.00015,0.03661,0.0060
58.4333,JELLY_B,0.2154,-0.1131,1.00,J_PULSE_CRUISE,11.79,0.0879,0.295,1.5446,3.2867,-3.6307,0.00258,0.00428,0.00089,0.04201,0.7416
58.4333,JELLY_C,0.6193,-0.6051,1.00,J_SOFT_TURN,13.00,0.0864,0.661,0.6128,3.8596,-3.7263,0.00411,0.00203,0.00249,0.02351,0.2230
58.4667,JELLY_A,0.7853,0.0000,1.00,J_GLIDE,30.78,0.0069,0.487,1.1804,2.4106,-3.3152,0.00586,0.00646,0.00015,0.03706,0.0027
58.4667,JELLY_B,0.2278,-0.2036,1.00,J_PULSE_CRUISE,11.93,0.0849,0.295,1.5447,3.2868,-3.6307,0.00255,0.00420,0.00088,0.04201,0.7981
58.4667,JELLY_C,0.6325,-0.5127,1.00,J_SOFT_TURN,13.07,0.0836,0.661,0.6130,3.8596,-3.7262,0.00414,0.00227,0.00245,0.02364,0.1917
58.5000,JELLY_A,0.7959,0.0000,1.00,J_GLIDE,30.77,0.0069,0.487,1.1806,2.4108,-3.3152,0.00590,0.00651,0.00014,0.03750,0.0002
58.5000,JELLY_B,0.2402,-0.2929,1.00,J_PULSE_CRUISE,12.06,0.0820,0.295,1.5448,3.2869,-3.6307,0.00253,0.00411,0.00086,0.04200,0.8463
58.5000,JELLY_C,0.6458,-0.4167,1.00,J_SOFT_TURN,13.13,0.0810,0.661,0.6131,3.8597,-3.7261,0.00418,0.00250,0.00240,0.02380,0.1624
58.5333,JELLY_A,0.8066,0.0000,1.00,J_GLIDE,30.77,0.0071,0.487,1.1808,2.4110,-3.3152,0.00593,0.00655,0.00014,0.03792,-0.0016
58.5333,JELLY_B,0.2527,-0.3803,1.00,J_PULSE_CRUISE,12.19,0.0792,0.295,1.5448,3.2871,-3.6306,0.00251,0.00403,0.00085,0.04200,0.8857
58.5333,JELLY_C,0.6590,-0.3178,1.00,J_SOFT_TURN,13.19,0.0783,0.661,0.6132,3.8598,-3.7260,0.00421,0.00274,0.00235,0.02398,0.1355
58.5667,JELLY_A,0.8173,0.0000,1.00,J_GLIDE,30.76,0.0075,0.487,1.1810,2.4112,-3.3152,0.00596,0.00659,0.00014,0.03834,-0.0028
58.5667,JELLY_B,0.2651,-0.4655,1.00,J_PULSE_CRUISE,12.31,0.0764,0.295,1.5449,3.2872,-3.6306,0.00249,0.00395,0.00084,0.04200,0.9165
58.5667,JELLY_C,0.6722,-0.2166,1.00,J_SOFT_TURN,13.25,0.0758,0.661,0.6134,3.8599,-3.7259,0.00424,0.00297,0.00230,0.02417,0.1110
58.6000,JELLY_A,0.8279,0.0000,1.00,J_GLIDE,30.76,0.0081,0.487,1.1812,2.4114,-3.3152,0.00599,0.00662,0.00013,0.03874,-0.0036
58.6000,JELLY_B,0.2775,-0.5477,1.00,J_PULSE_CRUISE,12.43,0.0737,0.295,1.5450,3.2873,-3.6306,0.00247,0.00387,0.00083,0.04200,0.9390
58.6000,JELLY_C,0.6855,-0.1138,1.00,J_SOFT_TURN,13.30,0.0734,0.661,0.6135,3.8600,-3.7259,0.00427,0.00320,0.00226,0.02439,0.0892
58.6333,JELLY_A,0.8386,0.0000,1.00,J_GLIDE,30.74,0.0087,0.487,1.1814,2.4117,-3.3152,0.00601,0.00665,0.00013,0.03912,-0.0039
58.6333,JELLY_B,0.2899,-0.6267,1.00,J_PULSE_CRUISE,12.54,0.0711,0.295,1.5451,3.2875,-3.6306,0.00245,0.00378,0.00082,0.04200,0.9539
58.6333,JELLY_C,0.6987,-0.0102,1.00,J_SOFT_TURN,13.36,0.0710,0.661,0.6137,3.8601,-3.7258,0.00430,0.00343,0.00221,0.02462,0.0701
58.6667,JELLY_A,0.8493,0.0000,1.00,J_GLIDE,30.73,0.0095,0.487,1.1816,2.4119,-3.3152,0.00604,0.00668,0.00012,0.03948,-0.0041
58.6667,JELLY_B,0.3023,-0.7018,1.00,J_PULSE_CRUISE,12.65,0.0686,0.295,1.5452,3.2876,-3.6305,0.00243,0.00370,0.00081,0.04200,0.9617
58.6667,JELLY_C,0.7119,0.0000,1.00,J_GLIDE,13.41,0.0686,0.661,0.6138,3.8602,-3.7257,0.00433,0.00361,0.00216,0.02486,0.0537
58.7000,JELLY_A,0.8600,0.0000,1.00,J_GLIDE,30.72,0.0103,0.487,1.1818,2.4121,-3.3152,0.00606,0.00670,0.00012,0.03983,-0.0040
58.7000,JELLY_B,0.3148,-0.7727,1.00,J_PULSE_CRUISE,12.76,0.0662,0.295,1.5452,3.2877,-3.6305,0.00242,0.00362,0.00080,0.04201,0.9631
58.7000,JELLY_C,0.7252,0.0000,1.00,J_GLIDE,13.46,0.0664,0.661,0.6140,3.8604,-3.7256,0.00435,0.00377,0.00211,0.02512,0.0398
58.7333,JELLY_A,0.8706,0.0000,1.00,J_GLIDE,30.70,0.0111,0.487,1.1820,2.4123,-3.3152,0.00608,0.00672,0.00012,0.04015,-0.0038
58.7333,JELLY_B,0.3272,-0.8389,1.00,J_PULSE_CRUISE,12.86,0.0638,0.295,1.5453,3.2878,-3.6305,0.00240,0.00354,0.00078,0.04201,0.9588
58.7333,JELLY_C,0.7384,0.0000,1.00,J_GLIDE,13.51,0.0642,0.661,0.6141,3.8605,-3.7256,0.00437,0.00393,0.00206,0.02539,0.0283
58.7667,JELLY_A,0.8813,0.0000,1.00,J_GLIDE,30.68,0.0119,0.487,1.1822,2.4126,-3.3152,0.00609,0.00674,0.00011,0.04045,-0.0034
58.7667,JELLY_B,0.3396,-0.8999,1.00,J_PULSE_CRUISE,12.96,0.0615,0.295,1.5454,3.2879,-3.6304,0.00238,0.00346,0.00077,0.04199,0.9494
58.7667,JELLY_C,0.7517,0.0000,1.00,J_GLIDE,13.56,0.0621,0.661,0.6142,3.8606,-3.7255,0.00439,0.00408,0.00201,0.02567,0.0192
58.8000,JELLY_A,0.8920,0.0000,1.00,J_GLIDE,30.66,0.0128,0.487,1.1824,2.4128,-3.3152,0.00611,0.00675,0.00011,0.04073,-0.0031
58.8000,JELLY_B,0.3520,-0.9555,1.00,J_PULSE_CRUISE,13.05,0.0592,0.295,1.5455,3.2881,-3.6304,0.00236,0.00338,0.00076,0.04188,0.9356
58.8000,JELLY_C,0.7649,0.0000,1.00,J_GLIDE,13.61,0.0600,0.661,0.6144,3.8608,-3.7254,0.00441,0.00421,0.00196,0.02596,0.0120
58.8333,JELLY_A,0.9027,0.0000,1.00,J_GLIDE,30.64,0.0136,0.487,1.1826,2.4130,-3.3152,0.00612,0.00677,0.00010,0.04099,-0.0027
58.8333,JELLY_B,0.3644,-1.0052,1.00,J_PULSE_CRUISE,13.15,0.0570,0.295,1.5456,3.2882,-3.6304,0.00234,0.00330,0.00075,0.04163,0.9178
58.8333,JELLY_C,0.7782,0.0000,1.00,J_GLIDE,13.66,0.0580,0.661,0.6145,3.8609,-3.7254,0.00442,0.00434,0.00191,0.02626,0.0066
58.8667,JELLY_A,0.9134,0.0000,1.00,J_GLIDE,30.61,0.0144,0.487,1.1828,2.4132,-3.3152,0.00613,0.00677,0.00010,0.04122,-0.0023
58.8667,JELLY_B,0.3769,-1.0488,1.00,J_PULSE_CRUISE,13.23,0.0549,0.295,1.5456,3.2883,-3.6304,0.00232,0.00323,0.00074,0.04123,0.8965
58.8667,JELLY_C,0.7915,0.0000,1.00,J_GLIDE,13.70,0.0561,0.661,0.6147,3.8610,-3.7253,0.00443,0.00446,0.00186,0.02656,0.0027
58.9000,JELLY_A,0.9241,0.0000,1.00,J_GLIDE,30.58,0.0151,0.487,1.1830,2.4135,-3.3151,0.00614,0.00678,0.00010,0.04143,-0.0020
58.9000,JELLY_B,0.3893,-1.0861,1.00,J_PULSE_CRUISE,13.32,0.0528,0.295,1.5457,3.2884,-3.6303,0.00230,0.00315,0.00073,0.04069,0.8721
58.9000,JELLY_C,0.8047,0.0000,1.00,J_GLIDE,13.74,0.0542,0.661,0.6148,3.8612,-3.7253,0.00444,0.00457,0.00182,0.02686,-0.0000
58.9333,JELLY_A,0.9348,0.0000,1.00,J_GLIDE,30.56,0.0159,0.487,1.1832,2.4137,-3.3151,0.00615,0.00679,0.00009,0.04161,-0.0016
58.9333,JELLY_B,0.4017,-1.1167,1.00,J_PULSE_CRUISE,13.40,0.0508,0.295,1.5458,3.2885,-3.6303,0.00229,0.00307,0.00072,0.04002,0.8451
58.9333,JELLY_C,0.8180,0.0000,1.00,J_GLIDE,13.78,0.0524,0.661,0.6150,3.8614,-3.7252,0.00445,0.00468,0.00177,0.02717,-0.0018
58.9667,JELLY_A,0.9455,0.0000,1.00,J_GLIDE,30.53,0.0166,0.487,1.1834,2.4139,-3.3151,0.00616,0.00679,0.00009,0.04176,-0.0013
58.9667,JELLY_B,0.4141,-1.1406,1.00,J_PULSE_CRUISE,13.48,0.0489,0.295,1.5459,3.2886,-3.6303,0.00227,0.00300,0.00071,0.03924,0.8158
58.9667,JELLY_C,0.8313,0.0000,1.00,J_GLIDE,13.82,0.0506,0.661,0.6151,3.8615,-3.7251,0.00445,0.00477,0.00173,0.02747,-0.0028
59.0000,JELLY_A,0.9562,0.0000,1.00,J_GLIDE,30.50,0.0173,0.487,1.1836,2.4141,-3.3151,0.00616,0.00679,0.00008,0.04188,-0.0010
59.0000,JELLY_B,0.4265,-1.1575,1.00,J_PULSE_CRUISE,13.56,0.0470,0.295,1.5459,3.2887,-3.6303,0.00225,0.00294,0.00070,0.03838,0.7845
59.0000,JELLY_C,0.8446,0.0000,1.00,J_GLIDE,13.86,0.0489,0.661,0.6153,3.8617,-3.7251,0.00446,0.00486,0.00168,0.02777,-0.0033
59.0333,JELLY_A,0.9669,0.0000,1.00,J_GLIDE,30.46,0.0180,0.487,1.1838,2.4144,-3.3151,0.00617,0.00678,0.00008,0.04198,-0.0008
59.0333,JELLY_B,0.4389,-1.1674,1.00,J_PULSE_CRUISE,13.63,0.0451,0.295,1.5460,3.2888,-3.6303,0.00224,0.00289,0.00069,0.03748,0.7515
59.0333,JELLY_C,0.8578,0.0000,1.00,J_GLIDE,13.90,0.0472,0.661,0.6154,3.8618,-3.7250,0.00446,0.00494,0.00164,0.02806,-0.0035
59.0667,JELLY_A,0.9776,0.0000,1.00,J_GLIDE,30.43,0.0187,0.487,1.1840,2.4146,-3.3151,0.00617,0.00678,0.00007,0.04205,-0.0006
59.0667,JELLY_B,0.4514,-1.1701,1.00,J_PULSE_CRUISE,13.70,0.0434,0.295,1.5461,3.2889,-3.6302,0.00224,0.00286,0.00069,0.03656,0.7170
59.0667,JELLY_C,0.8711,0.0000,1.00,J_GLIDE,13.93,0.0456,0.661,0.6156,3.8620,-3.7250,0.00446,0.00501,0.00160,0.02834,-0.0033
59.1000,JELLY_A,0.9883,0.0000,1.00,J_GLIDE,30.39,0.0193,0.487,1.1842,2.4148,-3.3151,0.00617,0.00677,0.00007,0.04209,-0.0003
59.1000,JELLY_B,0.4638,-1.1658,1.00,J_PULSE_CRUISE,13.76,0.0416,0.295,1.5462,3.2890,-3.6302,0.00223,0.00285,0.00068,0.03565,0.6813
59.1000,JELLY_C,0.8844,0.0000,1.00,J_GLIDE,13.96,0.0440,0.661,0.6157,3.8622,-3.7249,0.00446,0.00508,0.00155,0.02862,-0.0031
59.1333,JELLY_A,0.9990,0.0000,1.00,J_GLIDE,30.36,0.0199,0.487,1.1845,2.4150,-3.3151,0.00617,0.00676,0.00006,0.04211,0.0003
59.1333,JELLY_B,0.4762,-1.1543,1.00,J_PULSE_CRUISE,13.83,0.0399,0.295,1.5462,3.2891,-3.6302,0.00224,0.00286,0.00068,0.03480,0.6446
59.1333,JELLY_C,0.8977,0.0000,1.00,J_GLIDE,13.99,0.0425,0.661,0.6159,3.8623,-3.7249,0.00445,0.00514,0.00151,0.02888,-0.0027
59.1667,JELLY_A,0.0097,0.0191,0.05,J_DRIFT_IDLE,30.32,0.0205,0.000,1.1847,2.4153,-3.3151,0.00611,0.00666,0.00006,0.04212,0.0009
59.1667,JELLY_B,0.4886,-1.1359,1.00,J_PULSE_CRUISE,13.89,0.0383,0.295,1.5463,3.2892,-3.6302,0.00225,0.00290,0.00067,0.03404,0.6072
59.1667,JELLY_C,0.9110,0.0000,1.00,J_GLIDE,14.02,0.0411,0.661,0.6160,3.8625,-3.7248,0.00445,0.00519,0.00147,0.02913,-0.0023
59.2000,JELLY_A,0.0204,0.0398,0.05,J_DRIFT_IDLE,30.28,0.0211,0.000,1.1849,2.4155,-3.3151,0.00606,0.00656,0.00006,0.04213,0.0013
59.2000,JELLY_B,0.5010,-1.1105,1.00,J_PULSE_CRUISE,13.95,0.0367,0.295,1.5464,3.2893,-3.6301,0.00226,0.00295,0.00067,0.03339,0.5692
59.2000,JELLY_C,0.9243,0.0000,1.00,J_GLIDE,14.05,0.0396,0.661,0.6162,3.8627,-3.7248,0.00444,0.00524,0.00143,0.02937,-0.0019
59.2333,JELLY_A,0.0311,0.0593,0.05,J_DRIFT_IDLE,30.24,0.0216,0.000,1.1851,2.4157,-3.3151,0.00601,0.00647,0.00005,0.04213,0.0017
59.2333,JELLY_B,0.5134,-1.0784,1.00,J_PULSE_CRUISE,14.00,0.0352,0.295,1.5465,3.2894,-3.6301,0.00228,0.00303,0.00067,0.03288,0.5310
59.2333,JELLY_C,0.9376,0.0000,1.00,J_GLIDE,14.08,0.0383,0.661,0.6163,3.8629,-3.7247,0.00443,0.00528,0.00139,0.02959,-0.0015
59.2667,JELLY_A,0.0418,0.0771,0.05,J_DRIFT_IDLE,30.20,0.0221,0.000,1.1853,2.4159,-3.3151,0.00596,0.00637,0.00005,0.04214,0.0020
59.2667,JELLY_B,0.5258,-1.0397,1.00,J_PULSE_CRUISE,14.06,0.0337,0.295,1.5465,3.2895,-3.6301,0.00230,0.00313,0.00067,0.03253,0.4927
59.2667,JELLY_C,0.9509,0.0000,1.00,J_GLIDE,14.10,0.0369,0.661,0.6165,3.8630,-3.7247,0.00442,0.00532,0.00135,0.02980,-0.0012
59.3000,JELLY_A,0.0526,0.0928,0.05,J_DRIFT_IDLE,30.16,0.0226,0.000,1.1855,2.4161,-3.3151,0.00591,0.00628,0.00004,0.04214,0.0024
59.3000,JELLY_B,0.5383,-0.9947,1.00,J_PULSE_CRUISE,14.11,0.0323,0.295,1.5466,3.2896,-3.6301,0.00233,0.00325,0.00068,0.03235,0.4545
59.3000,JELLY_C,0.9642,0.0000,1.00,J_GLIDE,14.13,0.0357,0.661,0.6166,3.8632,-3.7246,0.00441,0.00535,0.00131,0.02999,-0.0009
59.3333,JELLY_A,0.0633,0.1059,0.05,J_DRIFT_IDLE,30.11,0.0231,0.000,1.1857,2.4163,-3.3151,0.00586,0.00619,0.00004,0.04214,0.0029
59.3333,JELLY_B,0.5507,-0.9437,1.00,J_PULSE_CRUISE,14.15,0.0309,0.295,1.5467,3.2897,-3.6301,0.00236,0.00339,0.00068,0.03228,0.4167
59.3333,JELLY_C,0.9775,0.0000,1.00,J_GLIDE,14.15,0.0344,0.661,0.6168,3.8634,-3.7246,0.00440,0.00537,0.00127,0.03015,-0.0005
59.3667,JELLY_A,0.0740,0.1160,0.05,J_DRIFT_IDLE,30.07,0.0236,0.000,1.1858,2.4165,-3.3151,0.00581,0.00609,0.00003,0.04214,0.0037
59.3667,JELLY_B,0.5631,-0.8869,1.00,J_PULSE_CRUISE,14.20,0.0295,0.295,1.5468,3.2898,-3.6300,0.00240,0.00354,0.00069,0.03228,0.3794
59.3667,JELLY_C,0.9908,0.0000,1.00,J_GLIDE,14.17,0.0332,0.661,0.6169,3.8636,-3.7245,0.00438,0.00539,0.00124,0.03030,0.0004
59.4000,JELLY_A,0.0847,0.1228,0.05,J_DRIFT_IDLE,30.03,0.0240,0.000,1.1860,2.4167,-3.3151,0.00576,0.00600,0.00003,0.04214,0.0047
59.4000,JELLY_B,0.5755,-0.8247,1.00,J_PULSE_CRUISE,14.24,0.0282,0.295,1.5469,3.2899,-3.6300,0.00244,0.00371,0.00069,0.03233,0.3429
59.4000,JELLY_C,0.0041,0.2028,1.00,J_PULSE_CRUISE,14.19,0.0323,0.252,0.6171,3.8638,-3.7245,0.00435,0.00533,0.00121,0.03043,0.0022
59.4333,JELLY_A,0.0955,0.1261,0.05,J_DRIFT_IDLE,29.98,0.0244,0.000,1.1862,2.4169,-3.3151,0.00571,0.00591,0.00003,0.04214,0.0061
59.4333,JELLY_B,0.5879,-0.7575,1.00,J_PULSE_CRUISE,14.28,0.0269,0.295,1.5469,3.2900,-3.6300,0.00248,0.00388,0.00070,0.03242,0.3075
59.4333,JELLY_C,0.0174,0.8490,1.00,J_PULSE_CRUISE,14.20,0.0333,0.252,0.6172,3.8639,-3.7245,0.00431,0.00521,0.00120,0.03053,0.0041
59.4667,JELLY_A,0.1062,0.1258,0.05,J_DRIFT_IDLE,29.93,0.0249,0.000,1.1864,2.4171,-3.3151,0.00567,0.00582,0.00002,0.04214,0.0079
59.4667,JELLY_B,0.6003,-0.6857,1.00,J_PULSE_CRUISE,14.32,0.0257,0.295,1.5470,3.2902,-3.6300,0.00252,0.00406,0.00071,0.03254,0.2732
59.4667,JELLY_C,0.0308,1.4586,1.00,J_PULSE_CRUISE,14.22,0.0364,0.252,0.6173,3.8641,-3.7244,0.00427,0.00512,0.00117,0.03060,0.0075
59.5000,JELLY_A,0.1169,0.1220,0.05,J_DRIFT_IDLE,29.89,0.0253,0.000,1.1866,2.4173,-3.3151,0.00562,0.00573,0.00002,0.04215,0.0099
59.5000,JELLY_B,0.6127,-0.6098,1.00,J_PULSE_CRUISE,14.36,0.0245,0.295,1.5471,3.2903,-3.6299,0.00256,0.00423,0.00071,0.03270,0.2404
59.5000,JELLY_C,0.0441,2.0050,1.00,J_PULSE_CRUISE,14.24,0.0414,0.252,0.6175,3.8643,-3.7244,0.00425,0.00510,0.00114,0.03063,0.0143
59.5333,JELLY_A,0.1277,0.1147,0.05,J_DRIFT_IDLE,29.84,0.0257,0.000,1.1868,2.4175,-3.3151,0.00557,0.00564,0.00001,0.04215,0.0123
59.5333,JELLY_B,0.6252,-0.5301,1.00,J_PULSE_CRUISE,14.39,0.0233,0.295,1.5472,3.2905,-3.6299,0.00260,0.00440,0.00072,0.03289,0.2091
59.5333,JELLY_C,0.0574,2.4643,1.00,J_PULSE_CRUISE,14.26,0.0479,0.252,0.6176,3.8644,-3.7244,0.00424,0.00515,0.00110,0.03065,0.0268
59.5667,JELLY_A,0.1384,0.1042,0.05,J_DRIFT_IDLE,29.79,0.0260,0.000,1.1870,2.4177,-3.3151,0.00553,0.00556,0.00001,0.04215,0.0150
59.5667,JELLY_B,0.6376,-0.4472,1.00,J_PULSE_CRUISE,14.42,0.0222,0.295,1.5473,3.2906,-3.6299,0.00264,0.00457,0.00072,0.03310,0.1796
59.5667,JELLY_C,0.0707,2.8162,1.00,J_PULSE_CRUISE,14.29,0.0556,0.252,0.6178,3.8646,-3.7243,0.00425,0.00526,0.00105,0.03064,0.0468
59.6000,JELLY_A,0.1491,0.0907,0.05,J_DRIFT_IDLE,29.74,0.0264,0.000,1.1872,2.4179,-3.3151,0.00548,0.00547,0.00000,0.04215,0.0180
59.6000,JELLY_B,0.6500,-0.3616,1.00,J_PULSE_CRUISE,14.45,0.0211,0.295,1.5474,3.2908,-3.6299,0.00268,0.00474,0.00073,0.03333,0.1521
59.6000,JELLY_C,0.0841,3.0453,1.00,J_PULSE_CRUISE,14.32,0.0640,0.252,0.6179,3.8648,-3.7243,0.00427,0.00542,0.00100,0.03063,0.0762
59.6333,JELLY_A,0.1599,0.0746,0.05,J_DRIFT_IDLE,29.69,0.0268,0.000,1.1873,2.4181,-3.3151,0.00544,0.00538,-0.00000,0.04215,0.0211
59.6333,JELLY_B,0.6624,-0.2738,1.00,J_PULSE_CRUISE,14.48,0.0201,0.295,1.5475,3.2909,-3.6298,0.00272,0.00491,0.00073,0.03359,0.1267
59.6333,JELLY_C,0.0974,3.1412,1.00,J_PULSE_CRUISE,14.35,0.0727,0.252,0.6181,3.8650,-3.7243,0.00429,0.00562,0.00093,0.03062,0.1157
59.6667,JELLY_A,0.1706,0.0564,0.05,J_DRIFT_IDLE,29.64,0.0271,0.000,1.1875,2.4182,-3.3151,0.00540,0.00530,-0.00001,0.04215,0.0244
59.6667,JELLY_B,0.6748,-0.1844,1.00,J_PULSE_CRUISE,14.51,0.0191,0.295,1.5476,3.2911,-3.6298,0.00275,0.00508,0.00074,0.03388,0.1035
59.6667,JELLY_C,0.1108,3.0997,1.00,J_PULSE_CRUISE,14.39,0.0811,0.252,0.6182,3.8652,-3.7242,0.00431,0.00581,0.00087,0.03061,0.1658
59.7000,JELLY_A,0.1814,0.0365,0.05,J_DRIFT_IDLE,29.58,0.0274,0.000,1.1877,2.4184,-3.3151,0.00535,0.00521,-0.00001,0.04215,0.0276
59.7000,JELLY_B,0.6872,-0.0938,1.00,J_PULSE_CRUISE,14.53,0.0181,0.295,1.5476,3.2913,-3.6298,0.00279,0.00525,0.00074,0.03418,0.0828
59.7000,JELLY_C,0.1241,2.9224,1.00,J_PULSE_CRUISE,14.44,0.0888,0.252,0.6183,3.8654,-3.7242,0.00432,0.00597,0.00081,0.03060,0.2258
59.7333,JELLY_A,0.1921,0.0156,0.05,J_DRIFT_IDLE,29.53,0.0278,0.000,1.1879,2.4186,-3.3151,0.00531,0.00513,-0.00002,0.04215,0.0308
59.7333,JELLY_B,0.6996,-0.0026,1.00,J_PULSE_CRUISE,14.56,0.0172,0.295,1.5477,3.2915,-3.6298,0.00283,0.00541,0.00075,0.03450,0.0646
59.7333,JELLY_C,0.1375,2.6168,1.00,J_PULSE_CRUISE,14.49,0.0954,0.252,0.6185,3.8656,-3.7242,0.00432,0.00608,0.00076,0.03059,0.2945
59.7667,JELLY_A,0.2029,-0.0009,0.05,J_DRIFT_IDLE,29.48,0.0281,0.000,1.1881,2.4188,-3.3151,0.00527,0.00505,-0.00002,0.04215,0.0339
59.7667,JELLY_B,0.7121,0.0000,1.00,J_GLIDE,14.58,0.0163,0.295,1.5478,3.2916,-3.6297,0.00286,0.00557,0.00075,0.03483,0.0489
59.7667,JELLY_C,0.1508,2.1963,1.00,J_PULSE_CRUISE,14.54,0.1005,0.252,0.6186,3.8658,-3.7241,0.00431,0.00612,0.00071,0.03059,0.3701
59.8000,JELLY_A,0.2136,-0.0043,0.05,J_DRIFT_IDLE,29.43,0.0284,0.000,1.1882,2.4189,-3.3151,0.00523,0.00496,-0.00002,0.04215,0.0367
59.8000,JELLY_B,0.7245,0.0000,1.00,J_GLIDE,14.60,0.0155,0.295,1.5479,3.2918,-3.6297,0.00289,0.00572,0.00076,0.03518,0.0358
59.8000,JELLY_C,0.1642,1.6790,1.00,J_PULSE_CRUISE,14.60,0.1038,0.252,0.6188,3.8660,-3.7241,0.00428,0.00609,0.00068,0.03058,0.4501
59.8333,JELLY_A,0.2244,-0.0077,0.05,J_DRIFT_IDLE,29.37,0.0286,0.000,1.1884,2.4191,-3.3151,0.00518,0.00488,-0.00003,0.04215,0.0393
59.8333,JELLY_B,0.7369,0.0000,1.00,J_GLIDE,14.61,0.0147,0.295,1.5480,3.2920,-3.6297,0.00292,0.00586,0.00076,0.03555,0.0251
59.8333,JELLY_C,0.1775,1.0876,1.00,J_PULSE_CRUISE,14.67,0.1051,0.252,0.6189,3.8662,-3.7241,0.00424,0.00601,0.00066,0.03057,0.5315
59.8667,JELLY_A,0.2351,-0.0111,0.05,J_DRIFT_IDLE,29.32,0.0289,0.000,1.1886,2.4192,-3.3151,0.00514,0.00480,-0.00003,0.04215,0.0415
59.8667,JELLY_B,0.7493,0.0000,1.00,J_GLIDE,14.63,0.0139,0.295,1.5481,3.2922,-3.6297,0.00295,0.00599,0.00076,0.03592,0.0165
59.8667,JELLY_C,0.1909,0.4480,1.00,J_PULSE_CRUISE,14.73,0.1041,0.252,0.6191,3.8664,-3.7241,0.00419,0.00588,0.00065,0.03056,0.6114
59.9000,JELLY_A,0.2459,-0.0144,0.05,J_DRIFT_IDLE,29.26,0.0292,0.000,1.1887,2.4194,-3.3151,0.00510,0.00472,-0.00004,0.04215,0.0434
59.9000,JELLY_B,0.7617,0.0000,1.00,J_GLIDE,14.64,0.0132,0.295,1.5482,3.2924,-3.6296,0.00298,0.00612,0.00076,0.03630,0.0099
59.9000,JELLY_C,0.2043,-0.0339,1.00,J_PULSE_CRUISE,14.80,0.1012,0.252,0.6192,3.8666,-3.7241,0.00414,0.00573,0.00064,0.03055,0.6865
59.9333,JELLY_A,0.2567,-0.0177,0.05,J_DRIFT_IDLE,29.21,0.0295,0.000,1.1889,2.4196,-3.3151,0.00506,0.00464,-0.00004,0.04215,0.0450
59.9333,JELLY_B,0.7741,0.0000,1.00,J_GLIDE,14.66,0.0125,0.295,1.5483,3.2926,-3.6296,0.00300,0.00623,0.00076,0.03668,0.0049
59.9333,JELLY_C,0.2177,-0.1396,1.00,J_PULSE_CRUISE,14.86,0.0980,0.252,0.6193,3.8668,-3.7240,0.00410,0.00559,0.00063,0.03054,0.7544
59.9667,JELLY_A,0.2674,-0.0209,0.05,J_DRIFT_IDLE,29.15,0.0297,0.000,1.1891,2.4197,-3.3151,0.00502,0.00456,-0.00005,0.04215,0.0462
59.9667,JELLY_B,0.7865,0.0000,1.00,J_GLIDE,14.67,0.0118,0.295,1.5484,3.2928,-3.6296,0.00302,0.00634,0.00076,0.03707,0.0013
59.9667,JELLY_C,0.2310,-0.2443,1.00,J_PULSE_CRUISE,14.93,0.0949,0.252,0.6195,3.8669,-3.7240,0.00405,0.00545,0.00062,0.03053,0.8133
60.0000,JELLY_A,0.2782,-0.0240,0.05,J_DRIFT_IDLE,29.09,0.0299,0.000,1.1893,2.4199,-3.3151,0.00499,0.00448,-0.00005,0.04215,0.0472
60.0000,JELLY_B,0.7990,0.0000,1.00,J_GLIDE,14.68,0.0112,0.295,1.5485,3.2930,-3.6296,0.00304,0.00645,0.00076,0.03746,-0.0012
60.0000,JELLY_C,0.2444,-0.3474,1.00,J_PULSE_CRUISE,14.99,0.0918,0.252,0.6196,3.8671,-3.7240,0.00400,0.00531,0.00061,0.03052,0.8622
